ISO-10303-21;
HEADER;
/* Generated by software containing ST-Developer
 * from STEP Tools, Inc. (www.steptools.com) 
 */
/* OPTION: using custom renumber hook */

FILE_DESCRIPTION(
/* description */ ('STEP AP242 Edition 2',
'CAx-IF Rec.Pracs.---Representation and Presentation of Product Manufa
cturing Information (PMI)---4.0---2014-10-13',
'CAx-IF Rec.Pracs.---3D Tessellated Geometry---0.4---2014-09-14','2;1',
'CAx-IF Rec.Pracs.---User Defined Attributes---1.5---2016-08-15'),
/* implementation_level */ '2;1');

FILE_NAME(
/* name */ '6a37534e5227bd451e49e824',
/* time_stamp */ '2026-06-21T02:58:23Z',
/* author */ (''),
/* organization */ (''),
/* preprocessor_version */ 'ST-DEVELOPER v20',
/* originating_system */ 'ONSHAPE BY PTC INC, 1.216',
/* authorisation */ '  ');

FILE_SCHEMA (('AP242_MANAGED_MODEL_BASED_3D_ENGINEERING_MIM_LF { 1 0 10303 442 3 1 4 }'));
ENDSEC;

DATA;
#10=CONTEXT_DEPENDENT_SHAPE_REPRESENTATION(#12,#11651);
#11=NEXT_ASSEMBLY_USAGE_OCCURRENCE('NAUO1',
'OLED-TH_L27.8-W27.2-P2.54_C9900033791',
'OLED-TH_L27.8-W27.2-P2.54_C9900033791',#11652,#11653,'');
#12=(
REPRESENTATION_RELATIONSHIP(' ',' ',#7369,#7368)
REPRESENTATION_RELATIONSHIP_WITH_TRANSFORMATION(#13)
SHAPE_REPRESENTATION_RELATIONSHIP()
);
#13=ITEM_DEFINED_TRANSFORMATION(' ',' ',#7370,#7648);
#14=SHAPE_REPRESENTATION_RELATIONSHIP('','',#7369,#15);
#15=ADVANCED_BREP_SHAPE_REPRESENTATION('',(#7365),#11643);
#16=SPHERICAL_SURFACE('',#7461,4.47686969966223E-5);
#17=CIRCLE('',#7374,9.01663423716082E-5);
#18=CIRCLE('',#7375,9.01663423716082E-5);
#19=CIRCLE('',#7378,0.000225764809048101);
#20=CIRCLE('',#7379,0.000225764809048101);
#21=CIRCLE('',#7386,0.00046502792245403);
#22=CIRCLE('',#7387,0.00046502792245403);
#23=CIRCLE('',#7389,0.00051549476982578);
#24=CIRCLE('',#7390,0.00051549476982578);
#25=CIRCLE('',#7428,7.34512772851199E-5);
#26=CIRCLE('',#7432,7.34512772851199E-5);
#27=CIRCLE('',#7443,0.000136998749530129);
#28=CIRCLE('',#7444,3.43662191700939E-5);
#29=CIRCLE('',#7446,3.43662191700939E-5);
#30=CIRCLE('',#7449,0.000136998749530129);
#31=CIRCLE('',#7452,4.47645449894893E-5);
#32=CIRCLE('',#7453,4.39623170047891E-5);
#33=CIRCLE('',#7454,7.30019701872118E-5);
#34=CIRCLE('',#7458,7.30019701872118E-5);
#35=CIRCLE('',#7460,4.39623170047891E-5);
#36=CIRCLE('',#7462,4.47669956795293E-5);
#37=CIRCLE('',#7468,9.61650404998424E-5);
#38=CIRCLE('',#7469,9.61650404998424E-5);
#39=CIRCLE('',#7548,0.0005);
#40=CIRCLE('',#7549,0.0009);
#41=CIRCLE('',#7551,0.0009);
#42=CIRCLE('',#7552,0.0005);
#43=CIRCLE('',#7554,0.0005);
#44=CIRCLE('',#7555,0.0009);
#45=CIRCLE('',#7557,0.0009);
#46=CIRCLE('',#7558,0.0005);
#47=CIRCLE('',#7560,0.0005);
#48=CIRCLE('',#7561,0.0009);
#49=CIRCLE('',#7563,0.0009);
#50=CIRCLE('',#7564,0.0005);
#51=CIRCLE('',#7566,0.0005);
#52=CIRCLE('',#7567,0.0009);
#53=CIRCLE('',#7569,0.0009);
#54=CIRCLE('',#7570,0.0005);
#55=CIRCLE('',#7572,0.00135);
#56=CIRCLE('',#7573,0.00185);
#57=CIRCLE('',#7575,0.00185);
#58=CIRCLE('',#7576,0.00135);
#59=CIRCLE('',#7578,0.00135);
#60=CIRCLE('',#7579,0.00185);
#61=CIRCLE('',#7581,0.00185);
#62=CIRCLE('',#7582,0.00135);
#63=CIRCLE('',#7584,0.00135);
#64=CIRCLE('',#7585,0.00185);
#65=CIRCLE('',#7587,0.00185);
#66=CIRCLE('',#7588,0.00135);
#67=CIRCLE('',#7590,0.00135);
#68=CIRCLE('',#7591,0.00185);
#69=CIRCLE('',#7593,0.00185);
#70=CIRCLE('',#7594,0.00135);
#71=CIRCLE('',#7604,0.0009);
#72=CIRCLE('',#7605,0.0009);
#73=CIRCLE('',#7606,0.00185);
#74=CIRCLE('',#7607,0.00185);
#75=CIRCLE('',#7608,0.00185);
#76=CIRCLE('',#7609,0.00185);
#77=CIRCLE('',#7610,0.0009);
#78=CIRCLE('',#7611,0.0009);
#79=CIRCLE('',#7616,0.0009);
#80=CIRCLE('',#7617,0.0009);
#81=CIRCLE('',#7618,0.00185);
#82=CIRCLE('',#7619,0.00185);
#83=CIRCLE('',#7620,0.00185);
#84=CIRCLE('',#7621,0.00185);
#85=CIRCLE('',#7622,0.0009);
#86=CIRCLE('',#7623,0.0009);
#87=CYLINDRICAL_SURFACE('',#7373,9.01663423716082E-5);
#88=CYLINDRICAL_SURFACE('',#7377,0.000225764809048101);
#89=CYLINDRICAL_SURFACE('',#7385,0.00046502792245403);
#90=CYLINDRICAL_SURFACE('',#7388,0.00051549476982578);
#91=CYLINDRICAL_SURFACE('',#7431,7.34512772851199E-5);
#92=CYLINDRICAL_SURFACE('',#7445,3.43662191700939E-5);
#93=CYLINDRICAL_SURFACE('',#7448,0.000136998749530129);
#94=CYLINDRICAL_SURFACE('',#7457,7.30019701872118E-5);
#95=CYLINDRICAL_SURFACE('',#7459,4.39623170047891E-5);
#96=CYLINDRICAL_SURFACE('',#7467,9.61650404998424E-5);
#97=CYLINDRICAL_SURFACE('',#7624,0.00185);
#98=CYLINDRICAL_SURFACE('',#7625,0.00135);
#99=CYLINDRICAL_SURFACE('',#7626,0.00185);
#100=CYLINDRICAL_SURFACE('',#7627,0.00185);
#101=CYLINDRICAL_SURFACE('',#7628,0.00135);
#102=CYLINDRICAL_SURFACE('',#7629,0.00185);
#103=CYLINDRICAL_SURFACE('',#7630,0.00185);
#104=CYLINDRICAL_SURFACE('',#7631,0.00135);
#105=CYLINDRICAL_SURFACE('',#7632,0.00185);
#106=CYLINDRICAL_SURFACE('',#7633,0.00185);
#107=CYLINDRICAL_SURFACE('',#7634,0.00135);
#108=CYLINDRICAL_SURFACE('',#7635,0.00185);
#109=CYLINDRICAL_SURFACE('',#7636,0.0009);
#110=CYLINDRICAL_SURFACE('',#7637,0.0005);
#111=CYLINDRICAL_SURFACE('',#7638,0.0009);
#112=CYLINDRICAL_SURFACE('',#7639,0.0009);
#113=CYLINDRICAL_SURFACE('',#7640,0.0005);
#114=CYLINDRICAL_SURFACE('',#7641,0.0009);
#115=CYLINDRICAL_SURFACE('',#7642,0.0009);
#116=CYLINDRICAL_SURFACE('',#7643,0.0005);
#117=CYLINDRICAL_SURFACE('',#7644,0.0009);
#118=CYLINDRICAL_SURFACE('',#7645,0.0009);
#119=CYLINDRICAL_SURFACE('',#7646,0.0005);
#120=CYLINDRICAL_SURFACE('',#7647,0.0009);
#121=LINE('',#8717,#602);
#122=LINE('',#8726,#603);
#123=LINE('',#8762,#604);
#124=LINE('',#8769,#605);
#125=LINE('',#8788,#606);
#126=LINE('',#8790,#607);
#127=LINE('',#8792,#608);
#128=LINE('',#8794,#609);
#129=LINE('',#8813,#610);
#130=LINE('',#8841,#611);
#131=LINE('',#8843,#612);
#132=LINE('',#8845,#613);
#133=LINE('',#8847,#614);
#134=LINE('',#8880,#615);
#135=LINE('',#8882,#616);
#136=LINE('',#8884,#617);
#137=LINE('',#8903,#618);
#138=LINE('',#8922,#619);
#139=LINE('',#8941,#620);
#140=LINE('',#8960,#621);
#141=LINE('',#8979,#622);
#142=LINE('',#8998,#623);
#143=LINE('',#9017,#624);
#144=LINE('',#9019,#625);
#145=LINE('',#9021,#626);
#146=LINE('',#9023,#627);
#147=LINE('',#9025,#628);
#148=LINE('',#9027,#629);
#149=LINE('',#9029,#630);
#150=LINE('',#9031,#631);
#151=LINE('',#9033,#632);
#152=LINE('',#9035,#633);
#153=LINE('',#9037,#634);
#154=LINE('',#9039,#635);
#155=LINE('',#9041,#636);
#156=LINE('',#9060,#637);
#157=LINE('',#9110,#638);
#158=LINE('',#9129,#639);
#159=LINE('',#9179,#640);
#160=LINE('',#9198,#641);
#161=LINE('',#9217,#642);
#162=LINE('',#9236,#643);
#163=LINE('',#9255,#644);
#164=LINE('',#9258,#645);
#165=LINE('',#9260,#646);
#166=LINE('',#9267,#647);
#167=LINE('',#9274,#648);
#168=LINE('',#9276,#649);
#169=LINE('',#9278,#650);
#170=LINE('',#9287,#651);
#171=LINE('',#9294,#652);
#172=LINE('',#9296,#653);
#173=LINE('',#9305,#654);
#174=LINE('',#9312,#655);
#175=LINE('',#9314,#656);
#176=LINE('',#9316,#657);
#177=LINE('',#9318,#658);
#178=LINE('',#9321,#659);
#179=LINE('',#9323,#660);
#180=LINE('',#9325,#661);
#181=LINE('',#9327,#662);
#182=LINE('',#9329,#663);
#183=LINE('',#9331,#664);
#184=LINE('',#9333,#665);
#185=LINE('',#9335,#666);
#186=LINE('',#9337,#667);
#187=LINE('',#9339,#668);
#188=LINE('',#9341,#669);
#189=LINE('',#9343,#670);
#190=LINE('',#9345,#671);
#191=LINE('',#9347,#672);
#192=LINE('',#9349,#673);
#193=LINE('',#9351,#674);
#194=LINE('',#9353,#675);
#195=LINE('',#9355,#676);
#196=LINE('',#9357,#677);
#197=LINE('',#9359,#678);
#198=LINE('',#9361,#679);
#199=LINE('',#9363,#680);
#200=LINE('',#9364,#681);
#201=LINE('',#9373,#682);
#202=LINE('',#9375,#683);
#203=LINE('',#9377,#684);
#204=LINE('',#9401,#685);
#205=LINE('',#9408,#686);
#206=LINE('',#9417,#687);
#207=LINE('',#9431,#688);
#208=LINE('',#9445,#689);
#209=LINE('',#9452,#690);
#210=LINE('',#9454,#691);
#211=LINE('',#9456,#692);
#212=LINE('',#9458,#693);
#213=LINE('',#9460,#694);
#214=LINE('',#9462,#695);
#215=LINE('',#9465,#696);
#216=LINE('',#9467,#697);
#217=LINE('',#9469,#698);
#218=LINE('',#9471,#699);
#219=LINE('',#9473,#700);
#220=LINE('',#9475,#701);
#221=LINE('',#9494,#702);
#222=LINE('',#9513,#703);
#223=LINE('',#9532,#704);
#224=LINE('',#9551,#705);
#225=LINE('',#9553,#706);
#226=LINE('',#9554,#707);
#227=LINE('',#9557,#708);
#228=LINE('',#9560,#709);
#229=LINE('',#9562,#710);
#230=LINE('',#9564,#711);
#231=LINE('',#9566,#712);
#232=LINE('',#9568,#713);
#233=LINE('',#9570,#714);
#234=LINE('',#9572,#715);
#235=LINE('',#9574,#716);
#236=LINE('',#9576,#717);
#237=LINE('',#9578,#718);
#238=LINE('',#9580,#719);
#239=LINE('',#9582,#720);
#240=LINE('',#9585,#721);
#241=LINE('',#9586,#722);
#242=LINE('',#9588,#723);
#243=LINE('',#9590,#724);
#244=LINE('',#9592,#725);
#245=LINE('',#9594,#726);
#246=LINE('',#9596,#727);
#247=LINE('',#9598,#728);
#248=LINE('',#9600,#729);
#249=LINE('',#9602,#730);
#250=LINE('',#9604,#731);
#251=LINE('',#9606,#732);
#252=LINE('',#9608,#733);
#253=LINE('',#9610,#734);
#254=LINE('',#9612,#735);
#255=LINE('',#9614,#736);
#256=LINE('',#9616,#737);
#257=LINE('',#9618,#738);
#258=LINE('',#9620,#739);
#259=LINE('',#9622,#740);
#260=LINE('',#9624,#741);
#261=LINE('',#9626,#742);
#262=LINE('',#9628,#743);
#263=LINE('',#9630,#744);
#264=LINE('',#9633,#745);
#265=LINE('',#9635,#746);
#266=LINE('',#9637,#747);
#267=LINE('',#9639,#748);
#268=LINE('',#9641,#749);
#269=LINE('',#9643,#750);
#270=LINE('',#9645,#751);
#271=LINE('',#9647,#752);
#272=LINE('',#9656,#753);
#273=LINE('',#9668,#754);
#274=LINE('',#9670,#755);
#275=LINE('',#9673,#756);
#276=LINE('',#9674,#757);
#277=LINE('',#9688,#758);
#278=LINE('',#9702,#759);
#279=LINE('',#9704,#760);
#280=LINE('',#9706,#761);
#281=LINE('',#9710,#762);
#282=LINE('',#9724,#763);
#283=LINE('',#9726,#764);
#284=LINE('',#9728,#765);
#285=LINE('',#9730,#766);
#286=LINE('',#9732,#767);
#287=LINE('',#9734,#768);
#288=LINE('',#9736,#769);
#289=LINE('',#9738,#770);
#290=LINE('',#9740,#771);
#291=LINE('',#9742,#772);
#292=LINE('',#9744,#773);
#293=LINE('',#9746,#774);
#294=LINE('',#9748,#775);
#295=LINE('',#9750,#776);
#296=LINE('',#9757,#777);
#297=LINE('',#9759,#778);
#298=LINE('',#9761,#779);
#299=LINE('',#9769,#780);
#300=LINE('',#9818,#781);
#301=LINE('',#9870,#782);
#302=LINE('',#9895,#783);
#303=LINE('',#9909,#784);
#304=LINE('',#9923,#785);
#305=LINE('',#9937,#786);
#306=LINE('',#9951,#787);
#307=LINE('',#9965,#788);
#308=LINE('',#9967,#789);
#309=LINE('',#9969,#790);
#310=LINE('',#9990,#791);
#311=LINE('',#10004,#792);
#312=LINE('',#10018,#793);
#313=LINE('',#10032,#794);
#314=LINE('',#10046,#795);
#315=LINE('',#10060,#796);
#316=LINE('',#10074,#797);
#317=LINE('',#10088,#798);
#318=LINE('',#10102,#799);
#319=LINE('',#10104,#800);
#320=LINE('',#10106,#801);
#321=LINE('',#10120,#802);
#322=LINE('',#10144,#803);
#323=LINE('',#10146,#804);
#324=LINE('',#10148,#805);
#325=LINE('',#10150,#806);
#326=LINE('',#10152,#807);
#327=LINE('',#10154,#808);
#328=LINE('',#10221,#809);
#329=LINE('',#10228,#810);
#330=LINE('',#10230,#811);
#331=LINE('',#10232,#812);
#332=LINE('',#10234,#813);
#333=LINE('',#10236,#814);
#334=LINE('',#10238,#815);
#335=LINE('',#10240,#816);
#336=LINE('',#10242,#817);
#337=LINE('',#10244,#818);
#338=LINE('',#10246,#819);
#339=LINE('',#10248,#820);
#340=LINE('',#10250,#821);
#341=LINE('',#10252,#822);
#342=LINE('',#10302,#823);
#343=LINE('',#10321,#824);
#344=LINE('',#10323,#825);
#345=LINE('',#10325,#826);
#346=LINE('',#10327,#827);
#347=LINE('',#10346,#828);
#348=LINE('',#10365,#829);
#349=LINE('',#10367,#830);
#350=LINE('',#10369,#831);
#351=LINE('',#10371,#832);
#352=LINE('',#10390,#833);
#353=LINE('',#10393,#834);
#354=LINE('',#10395,#835);
#355=LINE('',#10397,#836);
#356=LINE('',#10399,#837);
#357=LINE('',#10401,#838);
#358=LINE('',#10403,#839);
#359=LINE('',#10405,#840);
#360=LINE('',#10407,#841);
#361=LINE('',#10409,#842);
#362=LINE('',#10411,#843);
#363=LINE('',#10413,#844);
#364=LINE('',#10415,#845);
#365=LINE('',#10418,#846);
#366=LINE('',#10419,#847);
#367=LINE('',#10421,#848);
#368=LINE('',#10423,#849);
#369=LINE('',#10425,#850);
#370=LINE('',#10427,#851);
#371=LINE('',#10429,#852);
#372=LINE('',#10431,#853);
#373=LINE('',#10433,#854);
#374=LINE('',#10435,#855);
#375=LINE('',#10437,#856);
#376=LINE('',#10439,#857);
#377=LINE('',#10441,#858);
#378=LINE('',#10443,#859);
#379=LINE('',#10445,#860);
#380=LINE('',#10447,#861);
#381=LINE('',#10449,#862);
#382=LINE('',#10451,#863);
#383=LINE('',#10453,#864);
#384=LINE('',#10455,#865);
#385=LINE('',#10457,#866);
#386=LINE('',#10459,#867);
#387=LINE('',#10461,#868);
#388=LINE('',#10463,#869);
#389=LINE('',#10466,#870);
#390=LINE('',#10468,#871);
#391=LINE('',#10475,#872);
#392=LINE('',#10482,#873);
#393=LINE('',#10484,#874);
#394=LINE('',#10486,#875);
#395=LINE('',#10495,#876);
#396=LINE('',#10502,#877);
#397=LINE('',#10504,#878);
#398=LINE('',#10513,#879);
#399=LINE('',#10520,#880);
#400=LINE('',#10522,#881);
#401=LINE('',#10524,#882);
#402=LINE('',#10526,#883);
#403=LINE('',#10529,#884);
#404=LINE('',#10531,#885);
#405=LINE('',#10533,#886);
#406=LINE('',#10535,#887);
#407=LINE('',#10537,#888);
#408=LINE('',#10539,#889);
#409=LINE('',#10541,#890);
#410=LINE('',#10543,#891);
#411=LINE('',#10545,#892);
#412=LINE('',#10547,#893);
#413=LINE('',#10549,#894);
#414=LINE('',#10551,#895);
#415=LINE('',#10553,#896);
#416=LINE('',#10555,#897);
#417=LINE('',#10557,#898);
#418=LINE('',#10559,#899);
#419=LINE('',#10561,#900);
#420=LINE('',#10563,#901);
#421=LINE('',#10565,#902);
#422=LINE('',#10567,#903);
#423=LINE('',#10569,#904);
#424=LINE('',#10571,#905);
#425=LINE('',#10572,#906);
#426=LINE('',#10581,#907);
#427=LINE('',#10583,#908);
#428=LINE('',#10585,#909);
#429=LINE('',#10609,#910);
#430=LINE('',#10616,#911);
#431=LINE('',#10625,#912);
#432=LINE('',#10639,#913);
#433=LINE('',#10653,#914);
#434=LINE('',#10660,#915);
#435=LINE('',#10662,#916);
#436=LINE('',#10664,#917);
#437=LINE('',#10666,#918);
#438=LINE('',#10668,#919);
#439=LINE('',#10670,#920);
#440=LINE('',#10673,#921);
#441=LINE('',#10675,#922);
#442=LINE('',#10677,#923);
#443=LINE('',#10679,#924);
#444=LINE('',#10681,#925);
#445=LINE('',#10683,#926);
#446=LINE('',#10702,#927);
#447=LINE('',#10721,#928);
#448=LINE('',#10740,#929);
#449=LINE('',#10759,#930);
#450=LINE('',#10761,#931);
#451=LINE('',#10762,#932);
#452=LINE('',#10765,#933);
#453=LINE('',#10768,#934);
#454=LINE('',#10770,#935);
#455=LINE('',#10772,#936);
#456=LINE('',#10774,#937);
#457=LINE('',#10776,#938);
#458=LINE('',#10778,#939);
#459=LINE('',#10780,#940);
#460=LINE('',#10782,#941);
#461=LINE('',#10784,#942);
#462=LINE('',#10786,#943);
#463=LINE('',#10788,#944);
#464=LINE('',#10790,#945);
#465=LINE('',#10793,#946);
#466=LINE('',#10794,#947);
#467=LINE('',#10796,#948);
#468=LINE('',#10798,#949);
#469=LINE('',#10800,#950);
#470=LINE('',#10802,#951);
#471=LINE('',#10804,#952);
#472=LINE('',#10806,#953);
#473=LINE('',#10808,#954);
#474=LINE('',#10810,#955);
#475=LINE('',#10812,#956);
#476=LINE('',#10814,#957);
#477=LINE('',#10816,#958);
#478=LINE('',#10818,#959);
#479=LINE('',#10820,#960);
#480=LINE('',#10822,#961);
#481=LINE('',#10824,#962);
#482=LINE('',#10826,#963);
#483=LINE('',#10828,#964);
#484=LINE('',#10830,#965);
#485=LINE('',#10832,#966);
#486=LINE('',#10834,#967);
#487=LINE('',#10836,#968);
#488=LINE('',#10844,#969);
#489=LINE('',#10876,#970);
#490=LINE('',#10916,#971);
#491=LINE('',#10917,#972);
#492=LINE('',#10931,#973);
#493=LINE('',#10945,#974);
#494=LINE('',#10959,#975);
#495=LINE('',#10973,#976);
#496=LINE('',#10975,#977);
#497=LINE('',#10977,#978);
#498=LINE('',#10991,#979);
#499=LINE('',#11005,#980);
#500=LINE('',#11019,#981);
#501=LINE('',#11033,#982);
#502=LINE('',#11047,#983);
#503=LINE('',#11061,#984);
#504=LINE('',#11063,#985);
#505=LINE('',#11065,#986);
#506=LINE('',#11079,#987);
#507=LINE('',#11082,#988);
#508=LINE('',#11084,#989);
#509=LINE('',#11086,#990);
#510=LINE('',#11088,#991);
#511=LINE('',#11090,#992);
#512=LINE('',#11092,#993);
#513=LINE('',#11095,#994);
#514=LINE('',#11096,#995);
#515=LINE('',#11098,#996);
#516=LINE('',#11100,#997);
#517=LINE('',#11102,#998);
#518=LINE('',#11104,#999);
#519=LINE('',#11106,#1000);
#520=LINE('',#11108,#1001);
#521=LINE('',#11110,#1002);
#522=LINE('',#11112,#1003);
#523=LINE('',#11114,#1004);
#524=LINE('',#11116,#1005);
#525=LINE('',#11119,#1006);
#526=LINE('',#11121,#1007);
#527=LINE('',#11123,#1008);
#528=LINE('',#11125,#1009);
#529=LINE('',#11128,#1010);
#530=LINE('',#11129,#1011);
#531=LINE('',#11131,#1012);
#532=LINE('',#11134,#1013);
#533=LINE('',#11135,#1014);
#534=LINE('',#11137,#1015);
#535=LINE('',#11140,#1016);
#536=LINE('',#11141,#1017);
#537=LINE('',#11143,#1018);
#538=LINE('',#11146,#1019);
#539=LINE('',#11147,#1020);
#540=LINE('',#11224,#1021);
#541=LINE('',#11247,#1022);
#542=LINE('',#11344,#1023);
#543=LINE('',#11367,#1024);
#544=LINE('',#11389,#1025);
#545=LINE('',#11392,#1026);
#546=LINE('',#11393,#1027);
#547=LINE('',#11395,#1028);
#548=LINE('',#11398,#1029);
#549=LINE('',#11399,#1030);
#550=LINE('',#11401,#1031);
#551=LINE('',#11402,#1032);
#552=LINE('',#11404,#1033);
#553=LINE('',#11405,#1034);
#554=LINE('',#11407,#1035);
#555=LINE('',#11409,#1036);
#556=LINE('',#11410,#1037);
#557=LINE('',#11412,#1038);
#558=LINE('',#11415,#1039);
#559=LINE('',#11417,#1040);
#560=LINE('',#11419,#1041);
#561=LINE('',#11421,#1042);
#562=LINE('',#11423,#1043);
#563=LINE('',#11425,#1044);
#564=LINE('',#11427,#1045);
#565=LINE('',#11429,#1046);
#566=LINE('',#11431,#1047);
#567=LINE('',#11434,#1048);
#568=LINE('',#11436,#1049);
#569=LINE('',#11437,#1050);
#570=LINE('',#11439,#1051);
#571=LINE('',#11441,#1052);
#572=LINE('',#11443,#1053);
#573=LINE('',#11445,#1054);
#574=LINE('',#11447,#1055);
#575=LINE('',#11529,#1056);
#576=LINE('',#11532,#1057);
#577=LINE('',#11534,#1058);
#578=LINE('',#11536,#1059);
#579=LINE('',#11538,#1060);
#580=LINE('',#11540,#1061);
#581=LINE('',#11542,#1062);
#582=LINE('',#11544,#1063);
#583=LINE('',#11546,#1064);
#584=LINE('',#11548,#1065);
#585=LINE('',#11550,#1066);
#586=LINE('',#11552,#1067);
#587=LINE('',#11554,#1068);
#588=LINE('',#11556,#1069);
#589=LINE('',#11558,#1070);
#590=LINE('',#11560,#1071);
#591=LINE('',#11562,#1072);
#592=LINE('',#11564,#1073);
#593=LINE('',#11566,#1074);
#594=LINE('',#11568,#1075);
#595=LINE('',#11570,#1076);
#596=LINE('',#11572,#1077);
#597=LINE('',#11574,#1078);
#598=LINE('',#11575,#1079);
#599=LINE('',#11594,#1080);
#600=LINE('',#11596,#1081);
#601=LINE('',#11598,#1082);
#602=VECTOR('',#7653,1.);
#603=VECTOR('',#7654,1.);
#604=VECTOR('',#7655,1.);
#605=VECTOR('',#7656,1.);
#606=VECTOR('',#7657,1.);
#607=VECTOR('',#7660,1.);
#608=VECTOR('',#7661,1.);
#609=VECTOR('',#7662,1.);
#610=VECTOR('',#7663,1.);
#611=VECTOR('',#7670,1.);
#612=VECTOR('',#7673,1.);
#613=VECTOR('',#7674,1.);
#614=VECTOR('',#7675,1.);
#615=VECTOR('',#7684,1.);
#616=VECTOR('',#7685,1.);
#617=VECTOR('',#7686,1.);
#618=VECTOR('',#7687,1.);
#619=VECTOR('',#7688,1.);
#620=VECTOR('',#7689,1.);
#621=VECTOR('',#7690,1.);
#622=VECTOR('',#7691,1.);
#623=VECTOR('',#7692,1.);
#624=VECTOR('',#7693,1.);
#625=VECTOR('',#7696,1.);
#626=VECTOR('',#7697,1.);
#627=VECTOR('',#7698,1.);
#628=VECTOR('',#7701,1.);
#629=VECTOR('',#7702,1.);
#630=VECTOR('',#7703,1.);
#631=VECTOR('',#7706,1.);
#632=VECTOR('',#7707,1.);
#633=VECTOR('',#7708,1.);
#634=VECTOR('',#7711,1.);
#635=VECTOR('',#7712,1.);
#636=VECTOR('',#7713,1.);
#637=VECTOR('',#7714,1.);
#638=VECTOR('',#7721,1.);
#639=VECTOR('',#7722,1.);
#640=VECTOR('',#7729,1.);
#641=VECTOR('',#7730,1.);
#642=VECTOR('',#7731,1.);
#643=VECTOR('',#7732,1.);
#644=VECTOR('',#7737,1.);
#645=VECTOR('',#7738,1.);
#646=VECTOR('',#7739,1.);
#647=VECTOR('',#7740,1.);
#648=VECTOR('',#7743,1.);
#649=VECTOR('',#7744,1.);
#650=VECTOR('',#7745,1.);
#651=VECTOR('',#7746,1.);
#652=VECTOR('',#7749,1.);
#653=VECTOR('',#7750,1.);
#654=VECTOR('',#7751,1.);
#655=VECTOR('',#7754,1.);
#656=VECTOR('',#7755,1.);
#657=VECTOR('',#7758,1.);
#658=VECTOR('',#7761,1.);
#659=VECTOR('',#7762,1.);
#660=VECTOR('',#7763,1.);
#661=VECTOR('',#7764,1.);
#662=VECTOR('',#7767,1.);
#663=VECTOR('',#7768,1.);
#664=VECTOR('',#7769,1.);
#665=VECTOR('',#7772,1.);
#666=VECTOR('',#7773,1.);
#667=VECTOR('',#7774,1.);
#668=VECTOR('',#7777,1.);
#669=VECTOR('',#7778,1.);
#670=VECTOR('',#7779,1.);
#671=VECTOR('',#7782,1.);
#672=VECTOR('',#7783,1.);
#673=VECTOR('',#7784,1.);
#674=VECTOR('',#7787,1.);
#675=VECTOR('',#7788,1.);
#676=VECTOR('',#7789,1.);
#677=VECTOR('',#7792,1.);
#678=VECTOR('',#7793,1.);
#679=VECTOR('',#7794,1.);
#680=VECTOR('',#7797,1.);
#681=VECTOR('',#7798,1.);
#682=VECTOR('',#7803,1.);
#683=VECTOR('',#7804,1.);
#684=VECTOR('',#7805,1.);
#685=VECTOR('',#7806,1.);
#686=VECTOR('',#7807,1.);
#687=VECTOR('',#7808,1.);
#688=VECTOR('',#7809,1.);
#689=VECTOR('',#7810,1.);
#690=VECTOR('',#7813,1.);
#691=VECTOR('',#7814,1.);
#692=VECTOR('',#7817,1.);
#693=VECTOR('',#7818,1.);
#694=VECTOR('',#7821,1.);
#695=VECTOR('',#7824,1.);
#696=VECTOR('',#7825,1.);
#697=VECTOR('',#7826,1.);
#698=VECTOR('',#7827,1.);
#699=VECTOR('',#7830,1.);
#700=VECTOR('',#7831,1.);
#701=VECTOR('',#7832,1.);
#702=VECTOR('',#7833,1.);
#703=VECTOR('',#7834,1.);
#704=VECTOR('',#7835,1.);
#705=VECTOR('',#7836,1.);
#706=VECTOR('',#7839,1.);
#707=VECTOR('',#7840,1.);
#708=VECTOR('',#7845,1.);
#709=VECTOR('',#7846,1.);
#710=VECTOR('',#7847,1.);
#711=VECTOR('',#7848,1.);
#712=VECTOR('',#7849,1.);
#713=VECTOR('',#7850,1.);
#714=VECTOR('',#7851,1.);
#715=VECTOR('',#7852,1.);
#716=VECTOR('',#7853,1.);
#717=VECTOR('',#7854,1.);
#718=VECTOR('',#7855,1.);
#719=VECTOR('',#7856,1.);
#720=VECTOR('',#7859,1.);
#721=VECTOR('',#7860,1.);
#722=VECTOR('',#7861,1.);
#723=VECTOR('',#7864,1.);
#724=VECTOR('',#7865,1.);
#725=VECTOR('',#7868,1.);
#726=VECTOR('',#7869,1.);
#727=VECTOR('',#7872,1.);
#728=VECTOR('',#7873,1.);
#729=VECTOR('',#7876,1.);
#730=VECTOR('',#7877,1.);
#731=VECTOR('',#7880,1.);
#732=VECTOR('',#7881,1.);
#733=VECTOR('',#7884,1.);
#734=VECTOR('',#7885,1.);
#735=VECTOR('',#7888,1.);
#736=VECTOR('',#7889,1.);
#737=VECTOR('',#7892,1.);
#738=VECTOR('',#7893,1.);
#739=VECTOR('',#7896,1.);
#740=VECTOR('',#7897,1.);
#741=VECTOR('',#7900,1.);
#742=VECTOR('',#7901,1.);
#743=VECTOR('',#7904,1.);
#744=VECTOR('',#7907,1.);
#745=VECTOR('',#7908,1.);
#746=VECTOR('',#7909,1.);
#747=VECTOR('',#7910,1.);
#748=VECTOR('',#7911,1.);
#749=VECTOR('',#7912,1.);
#750=VECTOR('',#7913,1.);
#751=VECTOR('',#7914,1.);
#752=VECTOR('',#7915,1.);
#753=VECTOR('',#7918,1.);
#754=VECTOR('',#7919,1.);
#755=VECTOR('',#7922,1.);
#756=VECTOR('',#7923,1.);
#757=VECTOR('',#7924,1.);
#758=VECTOR('',#7925,1.);
#759=VECTOR('',#7926,1.);
#760=VECTOR('',#7929,1.);
#761=VECTOR('',#7930,1.);
#762=VECTOR('',#7935,1.);
#763=VECTOR('',#7936,1.);
#764=VECTOR('',#7939,1.);
#765=VECTOR('',#7940,1.);
#766=VECTOR('',#7943,1.);
#767=VECTOR('',#7944,1.);
#768=VECTOR('',#7947,1.);
#769=VECTOR('',#7948,1.);
#770=VECTOR('',#7951,1.);
#771=VECTOR('',#7952,1.);
#772=VECTOR('',#7955,1.);
#773=VECTOR('',#7956,1.);
#774=VECTOR('',#7959,1.);
#775=VECTOR('',#7960,1.);
#776=VECTOR('',#7963,1.);
#777=VECTOR('',#7966,1.);
#778=VECTOR('',#7967,1.);
#779=VECTOR('',#7970,1.);
#780=VECTOR('',#7973,1.);
#781=VECTOR('',#7976,1.);
#782=VECTOR('',#7979,1.);
#783=VECTOR('',#7984,1.);
#784=VECTOR('',#7985,1.);
#785=VECTOR('',#7986,1.);
#786=VECTOR('',#7987,1.);
#787=VECTOR('',#7988,1.);
#788=VECTOR('',#7989,1.);
#789=VECTOR('',#7992,1.);
#790=VECTOR('',#7993,1.);
#791=VECTOR('',#7998,1.);
#792=VECTOR('',#7999,1.);
#793=VECTOR('',#8000,1.);
#794=VECTOR('',#8001,1.);
#795=VECTOR('',#8002,1.);
#796=VECTOR('',#8003,1.);
#797=VECTOR('',#8004,1.);
#798=VECTOR('',#8005,1.);
#799=VECTOR('',#8006,1.);
#800=VECTOR('',#8009,1.);
#801=VECTOR('',#8010,1.);
#802=VECTOR('',#8013,1.);
#803=VECTOR('',#8020,1.);
#804=VECTOR('',#8023,1.);
#805=VECTOR('',#8024,1.);
#806=VECTOR('',#8025,1.);
#807=VECTOR('',#8028,1.);
#808=VECTOR('',#8029,1.);
#809=VECTOR('',#8042,1.);
#810=VECTOR('',#8043,1.);
#811=VECTOR('',#8046,1.);
#812=VECTOR('',#8047,1.);
#813=VECTOR('',#8048,1.);
#814=VECTOR('',#8051,1.);
#815=VECTOR('',#8052,1.);
#816=VECTOR('',#8053,1.);
#817=VECTOR('',#8056,1.);
#818=VECTOR('',#8057,1.);
#819=VECTOR('',#8058,1.);
#820=VECTOR('',#8061,1.);
#821=VECTOR('',#8062,1.);
#822=VECTOR('',#8063,1.);
#823=VECTOR('',#8070,1.);
#824=VECTOR('',#8071,1.);
#825=VECTOR('',#8074,1.);
#826=VECTOR('',#8075,1.);
#827=VECTOR('',#8076,1.);
#828=VECTOR('',#8077,1.);
#829=VECTOR('',#8078,1.);
#830=VECTOR('',#8081,1.);
#831=VECTOR('',#8082,1.);
#832=VECTOR('',#8083,1.);
#833=VECTOR('',#8088,1.);
#834=VECTOR('',#8089,1.);
#835=VECTOR('',#8090,1.);
#836=VECTOR('',#8091,1.);
#837=VECTOR('',#8092,1.);
#838=VECTOR('',#8093,1.);
#839=VECTOR('',#8094,1.);
#840=VECTOR('',#8095,1.);
#841=VECTOR('',#8096,1.);
#842=VECTOR('',#8097,1.);
#843=VECTOR('',#8098,1.);
#844=VECTOR('',#8099,1.);
#845=VECTOR('',#8102,1.);
#846=VECTOR('',#8103,1.);
#847=VECTOR('',#8104,1.);
#848=VECTOR('',#8107,1.);
#849=VECTOR('',#8108,1.);
#850=VECTOR('',#8111,1.);
#851=VECTOR('',#8112,1.);
#852=VECTOR('',#8115,1.);
#853=VECTOR('',#8116,1.);
#854=VECTOR('',#8119,1.);
#855=VECTOR('',#8120,1.);
#856=VECTOR('',#8123,1.);
#857=VECTOR('',#8124,1.);
#858=VECTOR('',#8127,1.);
#859=VECTOR('',#8128,1.);
#860=VECTOR('',#8131,1.);
#861=VECTOR('',#8132,1.);
#862=VECTOR('',#8135,1.);
#863=VECTOR('',#8136,1.);
#864=VECTOR('',#8139,1.);
#865=VECTOR('',#8140,1.);
#866=VECTOR('',#8143,1.);
#867=VECTOR('',#8144,1.);
#868=VECTOR('',#8147,1.);
#869=VECTOR('',#8150,1.);
#870=VECTOR('',#8151,1.);
#871=VECTOR('',#8152,1.);
#872=VECTOR('',#8153,1.);
#873=VECTOR('',#8156,1.);
#874=VECTOR('',#8157,1.);
#875=VECTOR('',#8158,1.);
#876=VECTOR('',#8159,1.);
#877=VECTOR('',#8162,1.);
#878=VECTOR('',#8163,1.);
#879=VECTOR('',#8164,1.);
#880=VECTOR('',#8167,1.);
#881=VECTOR('',#8168,1.);
#882=VECTOR('',#8171,1.);
#883=VECTOR('',#8174,1.);
#884=VECTOR('',#8175,1.);
#885=VECTOR('',#8176,1.);
#886=VECTOR('',#8177,1.);
#887=VECTOR('',#8180,1.);
#888=VECTOR('',#8181,1.);
#889=VECTOR('',#8182,1.);
#890=VECTOR('',#8185,1.);
#891=VECTOR('',#8186,1.);
#892=VECTOR('',#8187,1.);
#893=VECTOR('',#8190,1.);
#894=VECTOR('',#8191,1.);
#895=VECTOR('',#8192,1.);
#896=VECTOR('',#8195,1.);
#897=VECTOR('',#8196,1.);
#898=VECTOR('',#8197,1.);
#899=VECTOR('',#8200,1.);
#900=VECTOR('',#8201,1.);
#901=VECTOR('',#8202,1.);
#902=VECTOR('',#8205,1.);
#903=VECTOR('',#8206,1.);
#904=VECTOR('',#8207,1.);
#905=VECTOR('',#8210,1.);
#906=VECTOR('',#8211,1.);
#907=VECTOR('',#8216,1.);
#908=VECTOR('',#8217,1.);
#909=VECTOR('',#8218,1.);
#910=VECTOR('',#8219,1.);
#911=VECTOR('',#8220,1.);
#912=VECTOR('',#8221,1.);
#913=VECTOR('',#8222,1.);
#914=VECTOR('',#8223,1.);
#915=VECTOR('',#8226,1.);
#916=VECTOR('',#8227,1.);
#917=VECTOR('',#8230,1.);
#918=VECTOR('',#8231,1.);
#919=VECTOR('',#8234,1.);
#920=VECTOR('',#8237,1.);
#921=VECTOR('',#8238,1.);
#922=VECTOR('',#8239,1.);
#923=VECTOR('',#8240,1.);
#924=VECTOR('',#8243,1.);
#925=VECTOR('',#8244,1.);
#926=VECTOR('',#8245,1.);
#927=VECTOR('',#8246,1.);
#928=VECTOR('',#8247,1.);
#929=VECTOR('',#8248,1.);
#930=VECTOR('',#8249,1.);
#931=VECTOR('',#8252,1.);
#932=VECTOR('',#8253,1.);
#933=VECTOR('',#8258,1.);
#934=VECTOR('',#8259,1.);
#935=VECTOR('',#8260,1.);
#936=VECTOR('',#8261,1.);
#937=VECTOR('',#8262,1.);
#938=VECTOR('',#8263,1.);
#939=VECTOR('',#8264,1.);
#940=VECTOR('',#8265,1.);
#941=VECTOR('',#8266,1.);
#942=VECTOR('',#8267,1.);
#943=VECTOR('',#8268,1.);
#944=VECTOR('',#8269,1.);
#945=VECTOR('',#8272,1.);
#946=VECTOR('',#8273,1.);
#947=VECTOR('',#8274,1.);
#948=VECTOR('',#8277,1.);
#949=VECTOR('',#8278,1.);
#950=VECTOR('',#8281,1.);
#951=VECTOR('',#8282,1.);
#952=VECTOR('',#8285,1.);
#953=VECTOR('',#8286,1.);
#954=VECTOR('',#8289,1.);
#955=VECTOR('',#8290,1.);
#956=VECTOR('',#8293,1.);
#957=VECTOR('',#8294,1.);
#958=VECTOR('',#8297,1.);
#959=VECTOR('',#8298,1.);
#960=VECTOR('',#8301,1.);
#961=VECTOR('',#8302,1.);
#962=VECTOR('',#8305,1.);
#963=VECTOR('',#8306,1.);
#964=VECTOR('',#8309,1.);
#965=VECTOR('',#8310,1.);
#966=VECTOR('',#8313,1.);
#967=VECTOR('',#8314,1.);
#968=VECTOR('',#8317,1.);
#969=VECTOR('',#8320,1.);
#970=VECTOR('',#8321,1.);
#971=VECTOR('',#8322,1.);
#972=VECTOR('',#8323,1.);
#973=VECTOR('',#8324,1.);
#974=VECTOR('',#8325,1.);
#975=VECTOR('',#8326,1.);
#976=VECTOR('',#8327,1.);
#977=VECTOR('',#8330,1.);
#978=VECTOR('',#8331,1.);
#979=VECTOR('',#8332,1.);
#980=VECTOR('',#8333,1.);
#981=VECTOR('',#8334,1.);
#982=VECTOR('',#8335,1.);
#983=VECTOR('',#8336,1.);
#984=VECTOR('',#8337,1.);
#985=VECTOR('',#8340,1.);
#986=VECTOR('',#8341,1.);
#987=VECTOR('',#8344,1.);
#988=VECTOR('',#8345,1.);
#989=VECTOR('',#8346,1.);
#990=VECTOR('',#8347,1.);
#991=VECTOR('',#8348,1.);
#992=VECTOR('',#8349,1.);
#993=VECTOR('',#8352,1.);
#994=VECTOR('',#8353,1.);
#995=VECTOR('',#8354,1.);
#996=VECTOR('',#8357,1.);
#997=VECTOR('',#8358,1.);
#998=VECTOR('',#8361,1.);
#999=VECTOR('',#8362,1.);
#1000=VECTOR('',#8365,1.);
#1001=VECTOR('',#8366,1.);
#1002=VECTOR('',#8369,1.);
#1003=VECTOR('',#8370,1.);
#1004=VECTOR('',#8373,1.);
#1005=VECTOR('',#8376,1.);
#1006=VECTOR('',#8377,1.);
#1007=VECTOR('',#8378,1.);
#1008=VECTOR('',#8379,1.);
#1009=VECTOR('',#8382,1.);
#1010=VECTOR('',#8383,1.);
#1011=VECTOR('',#8384,1.);
#1012=VECTOR('',#8387,1.);
#1013=VECTOR('',#8388,1.);
#1014=VECTOR('',#8389,1.);
#1015=VECTOR('',#8392,1.);
#1016=VECTOR('',#8393,1.);
#1017=VECTOR('',#8394,1.);
#1018=VECTOR('',#8397,1.);
#1019=VECTOR('',#8398,1.);
#1020=VECTOR('',#8399,1.);
#1021=VECTOR('',#8400,1.);
#1022=VECTOR('',#8401,1.);
#1023=VECTOR('',#8402,1.);
#1024=VECTOR('',#8403,1.);
#1025=VECTOR('',#8406,1.);
#1026=VECTOR('',#8407,1.);
#1027=VECTOR('',#8408,1.);
#1028=VECTOR('',#8411,1.);
#1029=VECTOR('',#8412,1.);
#1030=VECTOR('',#8413,1.);
#1031=VECTOR('',#8416,1.);
#1032=VECTOR('',#8417,1.);
#1033=VECTOR('',#8418,1.);
#1034=VECTOR('',#8419,1.);
#1035=VECTOR('',#8422,1.);
#1036=VECTOR('',#8425,1.);
#1037=VECTOR('',#8426,1.);
#1038=VECTOR('',#8427,1.);
#1039=VECTOR('',#8432,1.);
#1040=VECTOR('',#8433,1.);
#1041=VECTOR('',#8434,1.);
#1042=VECTOR('',#8435,1.);
#1043=VECTOR('',#8436,1.);
#1044=VECTOR('',#8439,1.);
#1045=VECTOR('',#8440,1.);
#1046=VECTOR('',#8441,1.);
#1047=VECTOR('',#8444,1.);
#1048=VECTOR('',#8445,1.);
#1049=VECTOR('',#8446,1.);
#1050=VECTOR('',#8447,1.);
#1051=VECTOR('',#8450,1.);
#1052=VECTOR('',#8451,1.);
#1053=VECTOR('',#8454,1.);
#1054=VECTOR('',#8455,1.);
#1055=VECTOR('',#8456,1.);
#1056=VECTOR('',#8555,1.);
#1057=VECTOR('',#8556,1.);
#1058=VECTOR('',#8557,1.);
#1059=VECTOR('',#8558,1.);
#1060=VECTOR('',#8561,1.);
#1061=VECTOR('',#8562,1.);
#1062=VECTOR('',#8563,1.);
#1063=VECTOR('',#8566,1.);
#1064=VECTOR('',#8567,1.);
#1065=VECTOR('',#8568,1.);
#1066=VECTOR('',#8571,1.);
#1067=VECTOR('',#8572,1.);
#1068=VECTOR('',#8573,1.);
#1069=VECTOR('',#8576,1.);
#1070=VECTOR('',#8577,1.);
#1071=VECTOR('',#8578,1.);
#1072=VECTOR('',#8581,1.);
#1073=VECTOR('',#8582,1.);
#1074=VECTOR('',#8583,1.);
#1075=VECTOR('',#8586,1.);
#1076=VECTOR('',#8587,1.);
#1077=VECTOR('',#8588,1.);
#1078=VECTOR('',#8591,1.);
#1079=VECTOR('',#8592,1.);
#1080=VECTOR('',#8613,1.);
#1081=VECTOR('',#8616,1.);
#1082=VECTOR('',#8619,1.);
#1083=B_SPLINE_SURFACE_WITH_KNOTS('',3,1,((#8705,#8706),(#8707,#8708),(#8709,
#8710),(#8711,#8712),(#8713,#8714),(#8715,#8716)),
 .SURF_OF_LINEAR_EXTRUSION.,.F.,.F.,.F.,(4,2,4),(2,2),(2.,3.,4.),(0.,1.),
 .UNSPECIFIED.);
#1084=B_SPLINE_SURFACE_WITH_KNOTS('',3,1,((#8727,#8728),(#8729,#8730),(#8731,
#8732),(#8733,#8734),(#8735,#8736),(#8737,#8738),(#8739,#8740)),
 .SURF_OF_LINEAR_EXTRUSION.,.F.,.F.,.F.,(4,3,4),(2,2),(0.,1.,2.),(0.,1.),
 .UNSPECIFIED.);
#1085=B_SPLINE_SURFACE_WITH_KNOTS('',3,1,((#8748,#8749),(#8750,#8751),(#8752,
#8753),(#8754,#8755)),.SURF_OF_LINEAR_EXTRUSION.,.F.,.F.,.F.,(4,4),(2,2),
(34.,35.),(0.,1.),.UNSPECIFIED.);
#1086=B_SPLINE_SURFACE_WITH_KNOTS('',3,1,((#8770,#8771),(#8772,#8773),(#8774,
#8775),(#8776,#8777)),.SURF_OF_LINEAR_EXTRUSION.,.F.,.F.,.F.,(4,4),(2,2),
(33.,34.),(0.,1.),.UNSPECIFIED.);
#1087=B_SPLINE_SURFACE_WITH_KNOTS('',3,1,((#8795,#8796),(#8797,#8798),(#8799,
#8800),(#8801,#8802)),.SURF_OF_LINEAR_EXTRUSION.,.F.,.F.,.F.,(4,4),(2,2),
(28.,29.),(0.,1.),.UNSPECIFIED.);
#1088=B_SPLINE_SURFACE_WITH_KNOTS('',3,1,((#8823,#8824),(#8825,#8826),(#8827,
#8828),(#8829,#8830)),.SURF_OF_LINEAR_EXTRUSION.,.F.,.F.,.F.,(4,4),(2,2),
(26.,27.),(0.,1.),.UNSPECIFIED.);
#1089=B_SPLINE_SURFACE_WITH_KNOTS('',3,1,((#8848,#8849),(#8850,#8851),(#8852,
#8853),(#8854,#8855)),.SURF_OF_LINEAR_EXTRUSION.,.F.,.F.,.F.,(4,4),(2,2),
(24.,25.),(0.,1.),.UNSPECIFIED.);
#1090=B_SPLINE_SURFACE_WITH_KNOTS('',3,1,((#8885,#8886),(#8887,#8888),(#8889,
#8890),(#8891,#8892)),.SURF_OF_LINEAR_EXTRUSION.,.F.,.F.,.F.,(4,4),(2,2),
(21.,22.),(0.,1.),.UNSPECIFIED.);
#1091=B_SPLINE_SURFACE_WITH_KNOTS('',3,1,((#8904,#8905),(#8906,#8907),(#8908,
#8909),(#8910,#8911)),.SURF_OF_LINEAR_EXTRUSION.,.F.,.F.,.F.,(4,4),(2,2),
(20.,21.),(0.,1.),.UNSPECIFIED.);
#1092=B_SPLINE_SURFACE_WITH_KNOTS('',3,1,((#8923,#8924),(#8925,#8926),(#8927,
#8928),(#8929,#8930)),.SURF_OF_LINEAR_EXTRUSION.,.F.,.F.,.F.,(4,4),(2,2),
(19.,20.),(0.,1.),.UNSPECIFIED.);
#1093=B_SPLINE_SURFACE_WITH_KNOTS('',3,1,((#8942,#8943),(#8944,#8945),(#8946,
#8947),(#8948,#8949)),.SURF_OF_LINEAR_EXTRUSION.,.F.,.F.,.F.,(4,4),(2,2),
(18.,19.),(0.,1.),.UNSPECIFIED.);
#1094=B_SPLINE_SURFACE_WITH_KNOTS('',3,1,((#8961,#8962),(#8963,#8964),(#8965,
#8966),(#8967,#8968)),.SURF_OF_LINEAR_EXTRUSION.,.F.,.F.,.F.,(4,4),(2,2),
(17.,18.),(0.,1.),.UNSPECIFIED.);
#1095=B_SPLINE_SURFACE_WITH_KNOTS('',3,1,((#8980,#8981),(#8982,#8983),(#8984,
#8985),(#8986,#8987)),.SURF_OF_LINEAR_EXTRUSION.,.F.,.F.,.F.,(4,4),(2,2),
(16.,17.),(0.,1.),.UNSPECIFIED.);
#1096=B_SPLINE_SURFACE_WITH_KNOTS('',3,1,((#8999,#9000),(#9001,#9002),(#9003,
#9004),(#9005,#9006)),.SURF_OF_LINEAR_EXTRUSION.,.F.,.F.,.F.,(4,4),(2,2),
(15.,16.),(0.,1.),.UNSPECIFIED.);
#1097=B_SPLINE_SURFACE_WITH_KNOTS('',3,1,((#9042,#9043),(#9044,#9045),(#9046,
#9047),(#9048,#9049)),.SURF_OF_LINEAR_EXTRUSION.,.F.,.F.,.F.,(4,4),(2,2),
(10.,11.),(0.,1.),.UNSPECIFIED.);
#1098=B_SPLINE_SURFACE_WITH_KNOTS('',3,1,((#9061,#9062),(#9063,#9064),(#9065,
#9066),(#9067,#9068)),.SURF_OF_LINEAR_EXTRUSION.,.F.,.F.,.F.,(4,4),(2,2),
(9.,10.),(0.,1.),.UNSPECIFIED.);
#1099=B_SPLINE_SURFACE_WITH_KNOTS('',3,1,((#9092,#9093),(#9094,#9095),(#9096,
#9097),(#9098,#9099)),.SURF_OF_LINEAR_EXTRUSION.,.F.,.F.,.F.,(4,4),(2,2),
(7.,8.),(0.,1.),.UNSPECIFIED.);
#1100=B_SPLINE_SURFACE_WITH_KNOTS('',3,1,((#9111,#9112),(#9113,#9114),(#9115,
#9116),(#9117,#9118)),.SURF_OF_LINEAR_EXTRUSION.,.F.,.F.,.F.,(4,4),(2,2),
(6.,7.),(0.,1.),.UNSPECIFIED.);
#1101=B_SPLINE_SURFACE_WITH_KNOTS('',3,1,((#9130,#9131),(#9132,#9133),(#9134,
#9135),(#9136,#9137)),.SURF_OF_LINEAR_EXTRUSION.,.F.,.F.,.F.,(4,4),(2,2),
(5.,6.),(0.,1.),.UNSPECIFIED.);
#1102=B_SPLINE_SURFACE_WITH_KNOTS('',3,1,((#9161,#9162),(#9163,#9164),(#9165,
#9166),(#9167,#9168)),.SURF_OF_LINEAR_EXTRUSION.,.F.,.F.,.F.,(4,4),(2,2),
(3.,4.),(0.,1.),.UNSPECIFIED.);
#1103=B_SPLINE_SURFACE_WITH_KNOTS('',3,1,((#9180,#9181),(#9182,#9183),(#9184,
#9185),(#9186,#9187)),.SURF_OF_LINEAR_EXTRUSION.,.F.,.F.,.F.,(4,4),(2,2),
(2.,3.),(0.,1.),.UNSPECIFIED.);
#1104=B_SPLINE_SURFACE_WITH_KNOTS('',3,1,((#9199,#9200),(#9201,#9202),(#9203,
#9204),(#9205,#9206)),.SURF_OF_LINEAR_EXTRUSION.,.F.,.F.,.F.,(4,4),(2,2),
(1.,2.),(0.,1.),.UNSPECIFIED.);
#1105=B_SPLINE_SURFACE_WITH_KNOTS('',3,1,((#9218,#9219),(#9220,#9221),(#9222,
#9223),(#9224,#9225)),.SURF_OF_LINEAR_EXTRUSION.,.F.,.F.,.F.,(4,4),(2,2),
(0.,1.),(0.,1.),.UNSPECIFIED.);
#1106=B_SPLINE_SURFACE_WITH_KNOTS('',3,1,((#9237,#9238),(#9239,#9240),(#9241,
#9242),(#9243,#9244)),.SURF_OF_LINEAR_EXTRUSION.,.F.,.F.,.F.,(4,4),(2,2),
(35.,36.),(0.,1.),.UNSPECIFIED.);
#1107=B_SPLINE_SURFACE_WITH_KNOTS('',3,1,((#9279,#9280),(#9281,#9282),(#9283,
#9284),(#9285,#9286)),.SURF_OF_LINEAR_EXTRUSION.,.F.,.F.,.F.,(4,4),(2,2),
(3.,4.),(0.,1.),.UNSPECIFIED.);
#1108=B_SPLINE_SURFACE_WITH_KNOTS('',3,1,((#9297,#9298),(#9299,#9300),(#9301,
#9302),(#9303,#9304)),.SURF_OF_LINEAR_EXTRUSION.,.F.,.F.,.F.,(4,4),(2,2),
(1.,2.),(0.,1.),.UNSPECIFIED.);
#1109=B_SPLINE_SURFACE_WITH_KNOTS('',3,1,((#9393,#9394),(#9395,#9396),(#9397,
#9398),(#9399,#9400)),.SURF_OF_LINEAR_EXTRUSION.,.F.,.F.,.F.,(4,4),(2,2),
(5.,6.),(0.,1.),.UNSPECIFIED.);
#1110=B_SPLINE_SURFACE_WITH_KNOTS('',3,1,((#9409,#9410),(#9411,#9412),(#9413,
#9414),(#9415,#9416)),.SURF_OF_LINEAR_EXTRUSION.,.F.,.F.,.F.,(4,4),(2,2),
(4.,5.),(0.,1.),.UNSPECIFIED.);
#1111=B_SPLINE_SURFACE_WITH_KNOTS('',3,1,((#9423,#9424),(#9425,#9426),(#9427,
#9428),(#9429,#9430)),.SURF_OF_LINEAR_EXTRUSION.,.F.,.F.,.F.,(4,4),(2,2),
(3.,4.),(0.,1.),.UNSPECIFIED.);
#1112=B_SPLINE_SURFACE_WITH_KNOTS('',3,1,((#9437,#9438),(#9439,#9440),(#9441,
#9442),(#9443,#9444)),.SURF_OF_LINEAR_EXTRUSION.,.F.,.F.,.F.,(4,4),(2,2),
(2.,3.),(0.,1.),.UNSPECIFIED.);
#1113=B_SPLINE_SURFACE_WITH_KNOTS('',3,1,((#9476,#9477),(#9478,#9479),(#9480,
#9481),(#9482,#9483)),.SURF_OF_LINEAR_EXTRUSION.,.F.,.F.,.F.,(4,4),(2,2),
(2.,3.),(0.,1.),.UNSPECIFIED.);
#1114=B_SPLINE_SURFACE_WITH_KNOTS('',3,1,((#9495,#9496),(#9497,#9498),(#9499,
#9500),(#9501,#9502)),.SURF_OF_LINEAR_EXTRUSION.,.F.,.F.,.F.,(4,4),(2,2),
(3.,4.),(0.,1.),.UNSPECIFIED.);
#1115=B_SPLINE_SURFACE_WITH_KNOTS('',3,1,((#9514,#9515),(#9516,#9517),(#9518,
#9519),(#9520,#9521)),.SURF_OF_LINEAR_EXTRUSION.,.F.,.F.,.F.,(4,4),(2,2),
(4.,5.),(0.,1.),.UNSPECIFIED.);
#1116=B_SPLINE_SURFACE_WITH_KNOTS('',3,1,((#9533,#9534),(#9535,#9536),(#9537,
#9538),(#9539,#9540)),.SURF_OF_LINEAR_EXTRUSION.,.F.,.F.,.F.,(4,4),(2,2),
(5.,6.),(0.,1.),.UNSPECIFIED.);
#1117=B_SPLINE_SURFACE_WITH_KNOTS('',3,1,((#9675,#9676),(#9677,#9678),(#9679,
#9680),(#9681,#9682)),.SURF_OF_LINEAR_EXTRUSION.,.F.,.F.,.F.,(4,4),(2,2),
(1.00000001072809,1.99999992780563),(0.,1.),.PIECEWISE_BEZIER_KNOTS.);
#1118=B_SPLINE_SURFACE_WITH_KNOTS('',3,1,((#9689,#9690),(#9691,#9692),(#9693,
#9694),(#9695,#9696)),.SURF_OF_LINEAR_EXTRUSION.,.F.,.F.,.F.,(4,4),(2,2),
(2.,3.),(0.,1.),.UNSPECIFIED.);
#1119=B_SPLINE_SURFACE_WITH_KNOTS('',3,1,((#9711,#9712),(#9713,#9714),(#9715,
#9716),(#9717,#9718)),.SURF_OF_LINEAR_EXTRUSION.,.F.,.F.,.F.,(4,4),(2,2),
(5.,6.),(0.,1.),.UNSPECIFIED.);
#1120=B_SPLINE_SURFACE_WITH_KNOTS('',3,1,((#9856,#9857),(#9858,#9859),(#9860,
#9861),(#9862,#9863)),.SURF_OF_LINEAR_EXTRUSION.,.F.,.F.,.F.,(4,4),(2,2),
(1.00000000000002,1.99999996695906),(0.,1.),.PIECEWISE_BEZIER_KNOTS.);
#1121=B_SPLINE_SURFACE_WITH_KNOTS('',3,1,((#9882,#9883),(#9884,#9885),(#9886,
#9887),(#9888,#9889)),.SURF_OF_LINEAR_EXTRUSION.,.F.,.F.,.F.,(4,4),(2,2),
(3.,4.),(0.,1.),.UNSPECIFIED.);
#1122=B_SPLINE_SURFACE_WITH_KNOTS('',3,1,((#9896,#9897),(#9898,#9899),(#9900,
#9901),(#9902,#9903)),.SURF_OF_LINEAR_EXTRUSION.,.F.,.F.,.F.,(4,4),(2,2),
(4.,5.),(0.,1.),.UNSPECIFIED.);
#1123=B_SPLINE_SURFACE_WITH_KNOTS('',3,1,((#9910,#9911),(#9912,#9913),(#9914,
#9915),(#9916,#9917)),.SURF_OF_LINEAR_EXTRUSION.,.F.,.F.,.F.,(4,4),(2,2),
(5.,6.),(0.,1.),.UNSPECIFIED.);
#1124=B_SPLINE_SURFACE_WITH_KNOTS('',3,1,((#9924,#9925),(#9926,#9927),(#9928,
#9929),(#9930,#9931)),.SURF_OF_LINEAR_EXTRUSION.,.F.,.F.,.F.,(4,4),(2,2),
(6.,7.),(0.,1.),.UNSPECIFIED.);
#1125=B_SPLINE_SURFACE_WITH_KNOTS('',3,1,((#9938,#9939),(#9940,#9941),(#9942,
#9943),(#9944,#9945)),.SURF_OF_LINEAR_EXTRUSION.,.F.,.F.,.F.,(4,4),(2,2),
(7.,8.),(0.,1.),.UNSPECIFIED.);
#1126=B_SPLINE_SURFACE_WITH_KNOTS('',3,1,((#9952,#9953),(#9954,#9955),(#9956,
#9957),(#9958,#9959)),.SURF_OF_LINEAR_EXTRUSION.,.F.,.F.,.F.,(4,4),(2,2),
(8.,9.),(0.,1.),.UNSPECIFIED.);
#1127=B_SPLINE_SURFACE_WITH_KNOTS('',3,1,((#9977,#9978),(#9979,#9980),(#9981,
#9982),(#9983,#9984)),.SURF_OF_LINEAR_EXTRUSION.,.F.,.F.,.F.,(4,4),(2,2),
(11.,12.),(0.,1.),.UNSPECIFIED.);
#1128=B_SPLINE_SURFACE_WITH_KNOTS('',3,1,((#9991,#9992),(#9993,#9994),(#9995,
#9996),(#9997,#9998)),.SURF_OF_LINEAR_EXTRUSION.,.F.,.F.,.F.,(4,4),(2,2),
(12.,13.),(0.,1.),.UNSPECIFIED.);
#1129=B_SPLINE_SURFACE_WITH_KNOTS('',3,1,((#10005,#10006),(#10007,#10008),
(#10009,#10010),(#10011,#10012)),.SURF_OF_LINEAR_EXTRUSION.,.F.,.F.,.F.,
(4,4),(2,2),(13.,14.),(0.,1.),.UNSPECIFIED.);
#1130=B_SPLINE_SURFACE_WITH_KNOTS('',3,1,((#10019,#10020),(#10021,#10022),
(#10023,#10024),(#10025,#10026)),.SURF_OF_LINEAR_EXTRUSION.,.F.,.F.,.F.,
(4,4),(2,2),(14.,15.),(0.,1.),.UNSPECIFIED.);
#1131=B_SPLINE_SURFACE_WITH_KNOTS('',3,1,((#10033,#10034),(#10035,#10036),
(#10037,#10038),(#10039,#10040)),.SURF_OF_LINEAR_EXTRUSION.,.F.,.F.,.F.,
(4,4),(2,2),(15.,16.),(0.,1.),.UNSPECIFIED.);
#1132=B_SPLINE_SURFACE_WITH_KNOTS('',3,1,((#10047,#10048),(#10049,#10050),
(#10051,#10052),(#10053,#10054)),.SURF_OF_LINEAR_EXTRUSION.,.F.,.F.,.F.,
(4,4),(2,2),(16.,17.),(0.,1.),.UNSPECIFIED.);
#1133=B_SPLINE_SURFACE_WITH_KNOTS('',3,1,((#10061,#10062),(#10063,#10064),
(#10065,#10066),(#10067,#10068)),.SURF_OF_LINEAR_EXTRUSION.,.F.,.F.,.F.,
(4,4),(2,2),(17.,18.),(0.,1.),.UNSPECIFIED.);
#1134=B_SPLINE_SURFACE_WITH_KNOTS('',3,1,((#10075,#10076),(#10077,#10078),
(#10079,#10080),(#10081,#10082)),.SURF_OF_LINEAR_EXTRUSION.,.F.,.F.,.F.,
(4,4),(2,2),(18.,19.),(0.,1.),.UNSPECIFIED.);
#1135=B_SPLINE_SURFACE_WITH_KNOTS('',3,1,((#10089,#10090),(#10091,#10092),
(#10093,#10094),(#10095,#10096)),.SURF_OF_LINEAR_EXTRUSION.,.F.,.F.,.F.,
(4,4),(2,2),(19.,20.),(0.,1.),.UNSPECIFIED.);
#1136=B_SPLINE_SURFACE_WITH_KNOTS('',3,1,((#10107,#10108),(#10109,#10110),
(#10111,#10112),(#10113,#10114)),.SURF_OF_LINEAR_EXTRUSION.,.F.,.F.,.F.,
(4,4),(2,2),(0.,1.),(0.,1.),.UNSPECIFIED.);
#1137=B_SPLINE_SURFACE_WITH_KNOTS('',3,1,((#10155,#10156),(#10157,#10158),
(#10159,#10160),(#10161,#10162)),.SURF_OF_LINEAR_EXTRUSION.,.F.,.F.,.F.,
(4,4),(2,2),(5.,6.),(0.,1.),.UNSPECIFIED.);
#1138=B_SPLINE_SURFACE_WITH_KNOTS('',3,1,((#10179,#10180),(#10181,#10182),
(#10183,#10184),(#10185,#10186)),.SURF_OF_LINEAR_EXTRUSION.,.F.,.F.,.F.,
(4,4),(2,2),(3.,4.),(0.,1.),.UNSPECIFIED.);
#1139=B_SPLINE_SURFACE_WITH_KNOTS('',3,1,((#10195,#10196),(#10197,#10198),
(#10199,#10200),(#10201,#10202)),.SURF_OF_LINEAR_EXTRUSION.,.F.,.F.,.F.,
(4,4),(2,2),(0.,1.),(0.,1.),.UNSPECIFIED.);
#1140=B_SPLINE_SURFACE_WITH_KNOTS('',3,1,((#10207,#10208),(#10209,#10210),
(#10211,#10212),(#10213,#10214)),.SURF_OF_LINEAR_EXTRUSION.,.F.,.F.,.F.,
(4,4),(2,2),(0.999999999728968,1.99999999956257),(0.,1.),
 .PIECEWISE_BEZIER_KNOTS.);
#1141=B_SPLINE_SURFACE_WITH_KNOTS('',3,1,((#10253,#10254),(#10255,#10256),
(#10257,#10258),(#10259,#10260)),.SURF_OF_LINEAR_EXTRUSION.,.F.,.F.,.F.,
(4,4),(2,2),(6.,7.),(0.,1.),.UNSPECIFIED.);
#1142=B_SPLINE_SURFACE_WITH_KNOTS('',3,1,((#10284,#10285),(#10286,#10287),
(#10288,#10289),(#10290,#10291)),.SURF_OF_LINEAR_EXTRUSION.,.F.,.F.,.F.,
(4,4),(2,2),(8.,9.),(0.,1.),.UNSPECIFIED.);
#1143=B_SPLINE_SURFACE_WITH_KNOTS('',3,1,((#10303,#10304),(#10305,#10306),
(#10307,#10308),(#10309,#10310)),.SURF_OF_LINEAR_EXTRUSION.,.F.,.F.,.F.,
(4,4),(2,2),(9.0000000931759,9.9999999965763),(0.,1.),
 .PIECEWISE_BEZIER_KNOTS.);
#1144=B_SPLINE_SURFACE_WITH_KNOTS('',3,1,((#10328,#10329),(#10330,#10331),
(#10332,#10333),(#10334,#10335)),.SURF_OF_LINEAR_EXTRUSION.,.F.,.F.,.F.,
(4,4),(2,2),(11.0000001205949,11.9999999932714),(0.,1.),
 .PIECEWISE_BEZIER_KNOTS.);
#1145=B_SPLINE_SURFACE_WITH_KNOTS('',3,1,((#10347,#10348),(#10349,#10350),
(#10351,#10352),(#10353,#10354)),.SURF_OF_LINEAR_EXTRUSION.,.F.,.F.,.F.,
(4,4),(2,2),(12.,13.),(0.,1.),.UNSPECIFIED.);
#1146=B_SPLINE_SURFACE_WITH_KNOTS('',3,1,((#10372,#10373),(#10374,#10375),
(#10376,#10377),(#10378,#10379)),.SURF_OF_LINEAR_EXTRUSION.,.F.,.F.,.F.,
(4,4),(2,2),(0.,1.),(0.,1.),.UNSPECIFIED.);
#1147=B_SPLINE_SURFACE_WITH_KNOTS('',3,1,((#10487,#10488),(#10489,#10490),
(#10491,#10492),(#10493,#10494)),.SURF_OF_LINEAR_EXTRUSION.,.F.,.F.,.F.,
(4,4),(2,2),(3.,4.),(0.,1.),.UNSPECIFIED.);
#1148=B_SPLINE_SURFACE_WITH_KNOTS('',3,1,((#10505,#10506),(#10507,#10508),
(#10509,#10510),(#10511,#10512)),.SURF_OF_LINEAR_EXTRUSION.,.F.,.F.,.F.,
(4,4),(2,2),(1.,2.),(0.,1.),.UNSPECIFIED.);
#1149=B_SPLINE_SURFACE_WITH_KNOTS('',3,1,((#10601,#10602),(#10603,#10604),
(#10605,#10606),(#10607,#10608)),.SURF_OF_LINEAR_EXTRUSION.,.F.,.F.,.F.,
(4,4),(2,2),(5.,6.),(0.,1.),.UNSPECIFIED.);
#1150=B_SPLINE_SURFACE_WITH_KNOTS('',3,1,((#10617,#10618),(#10619,#10620),
(#10621,#10622),(#10623,#10624)),.SURF_OF_LINEAR_EXTRUSION.,.F.,.F.,.F.,
(4,4),(2,2),(4.,5.),(0.,1.),.UNSPECIFIED.);
#1151=B_SPLINE_SURFACE_WITH_KNOTS('',3,1,((#10631,#10632),(#10633,#10634),
(#10635,#10636),(#10637,#10638)),.SURF_OF_LINEAR_EXTRUSION.,.F.,.F.,.F.,
(4,4),(2,2),(3.,4.),(0.,1.),.UNSPECIFIED.);
#1152=B_SPLINE_SURFACE_WITH_KNOTS('',3,1,((#10645,#10646),(#10647,#10648),
(#10649,#10650),(#10651,#10652)),.SURF_OF_LINEAR_EXTRUSION.,.F.,.F.,.F.,
(4,4),(2,2),(2.,3.),(0.,1.),.UNSPECIFIED.);
#1153=B_SPLINE_SURFACE_WITH_KNOTS('',3,1,((#10684,#10685),(#10686,#10687),
(#10688,#10689),(#10690,#10691)),.SURF_OF_LINEAR_EXTRUSION.,.F.,.F.,.F.,
(4,4),(2,2),(2.,3.),(0.,1.),.UNSPECIFIED.);
#1154=B_SPLINE_SURFACE_WITH_KNOTS('',3,1,((#10703,#10704),(#10705,#10706),
(#10707,#10708),(#10709,#10710)),.SURF_OF_LINEAR_EXTRUSION.,.F.,.F.,.F.,
(4,4),(2,2),(3.,4.),(0.,1.),.UNSPECIFIED.);
#1155=B_SPLINE_SURFACE_WITH_KNOTS('',3,1,((#10722,#10723),(#10724,#10725),
(#10726,#10727),(#10728,#10729)),.SURF_OF_LINEAR_EXTRUSION.,.F.,.F.,.F.,
(4,4),(2,2),(4.,5.),(0.,1.),.UNSPECIFIED.);
#1156=B_SPLINE_SURFACE_WITH_KNOTS('',3,1,((#10741,#10742),(#10743,#10744),
(#10745,#10746),(#10747,#10748)),.SURF_OF_LINEAR_EXTRUSION.,.F.,.F.,.F.,
(4,4),(2,2),(5.,6.),(0.,1.),.UNSPECIFIED.);
#1157=B_SPLINE_SURFACE_WITH_KNOTS('',3,1,((#10902,#10903),(#10904,#10905),
(#10906,#10907),(#10908,#10909)),.SURF_OF_LINEAR_EXTRUSION.,.F.,.F.,.F.,
(4,4),(2,2),(1.,2.),(0.,1.),.UNSPECIFIED.);
#1158=B_SPLINE_SURFACE_WITH_KNOTS('',3,1,((#10918,#10919),(#10920,#10921),
(#10922,#10923),(#10924,#10925)),.SURF_OF_LINEAR_EXTRUSION.,.F.,.F.,.F.,
(4,4),(2,2),(2.,3.),(0.,1.),.UNSPECIFIED.);
#1159=B_SPLINE_SURFACE_WITH_KNOTS('',3,1,((#10932,#10933),(#10934,#10935),
(#10936,#10937),(#10938,#10939)),.SURF_OF_LINEAR_EXTRUSION.,.F.,.F.,.F.,
(4,4),(2,2),(3.,4.),(0.,1.),.UNSPECIFIED.);
#1160=B_SPLINE_SURFACE_WITH_KNOTS('',3,1,((#10946,#10947),(#10948,#10949),
(#10950,#10951),(#10952,#10953)),.SURF_OF_LINEAR_EXTRUSION.,.F.,.F.,.F.,
(4,4),(2,2),(4.,5.),(0.,1.),.UNSPECIFIED.);
#1161=B_SPLINE_SURFACE_WITH_KNOTS('',3,1,((#10960,#10961),(#10962,#10963),
(#10964,#10965),(#10966,#10967)),.SURF_OF_LINEAR_EXTRUSION.,.F.,.F.,.F.,
(4,4),(2,2),(5.,6.),(0.,1.),.UNSPECIFIED.);
#1162=B_SPLINE_SURFACE_WITH_KNOTS('',3,1,((#10978,#10979),(#10980,#10981),
(#10982,#10983),(#10984,#10985)),.SURF_OF_LINEAR_EXTRUSION.,.F.,.F.,.F.,
(4,4),(2,2),(7.,8.),(0.,1.),.UNSPECIFIED.);
#1163=B_SPLINE_SURFACE_WITH_KNOTS('',3,1,((#10992,#10993),(#10994,#10995),
(#10996,#10997),(#10998,#10999)),.SURF_OF_LINEAR_EXTRUSION.,.F.,.F.,.F.,
(4,4),(2,2),(8.,9.),(0.,1.),.UNSPECIFIED.);
#1164=B_SPLINE_SURFACE_WITH_KNOTS('',3,1,((#11006,#11007),(#11008,#11009),
(#11010,#11011),(#11012,#11013)),.SURF_OF_LINEAR_EXTRUSION.,.F.,.F.,.F.,
(4,4),(2,2),(9.,10.),(0.,1.),.UNSPECIFIED.);
#1165=B_SPLINE_SURFACE_WITH_KNOTS('',3,1,((#11020,#11021),(#11022,#11023),
(#11024,#11025),(#11026,#11027)),.SURF_OF_LINEAR_EXTRUSION.,.F.,.F.,.F.,
(4,4),(2,2),(10.,11.),(0.,1.),.UNSPECIFIED.);
#1166=B_SPLINE_SURFACE_WITH_KNOTS('',3,1,((#11034,#11035),(#11036,#11037),
(#11038,#11039),(#11040,#11041)),.SURF_OF_LINEAR_EXTRUSION.,.F.,.F.,.F.,
(4,4),(2,2),(11.,12.),(0.,1.),.UNSPECIFIED.);
#1167=B_SPLINE_SURFACE_WITH_KNOTS('',3,1,((#11048,#11049),(#11050,#11051),
(#11052,#11053),(#11054,#11055)),.SURF_OF_LINEAR_EXTRUSION.,.F.,.F.,.F.,
(4,4),(2,2),(12.,13.),(0.,1.),.UNSPECIFIED.);
#1168=B_SPLINE_SURFACE_WITH_KNOTS('',3,1,((#11066,#11067),(#11068,#11069),
(#11070,#11071),(#11072,#11073)),.SURF_OF_LINEAR_EXTRUSION.,.F.,.F.,.F.,
(4,4),(2,2),(0.,1.),(0.,1.),.UNSPECIFIED.);
#1169=B_SPLINE_SURFACE_WITH_KNOTS('',3,3,((#11148,#11149,#11150,#11151,
#11152,#11153,#11154,#11155,#11156,#11157,#11158,#11159,#11160,#11161,#11162,
#11163,#11164,#11165,#11166),(#11167,#11168,#11169,#11170,#11171,#11172,
#11173,#11174,#11175,#11176,#11177,#11178,#11179,#11180,#11181,#11182,#11183,
#11184,#11185),(#11186,#11187,#11188,#11189,#11190,#11191,#11192,#11193,
#11194,#11195,#11196,#11197,#11198,#11199,#11200,#11201,#11202,#11203,#11204),
(#11205,#11206,#11207,#11208,#11209,#11210,#11211,#11212,#11213,#11214,
#11215,#11216,#11217,#11218,#11219,#11220,#11221,#11222,#11223)),
 .UNSPECIFIED.,.F.,.F.,.F.,(4,4),(4,1,1,1,1,1,1,1,1,1,1,1,1,1,1,1,4),(0.004132231404959,
0.5),(0.,0.07939458843807,0.151958790294,0.218848064049,0.28105064291,0.339424412066,
0.394771809652,0.447951040604,0.5,0.552048959396,0.605228190348,0.660575587934,
0.71894935709,0.781151935951,0.848041209706,0.920605411562,1.),
 .UNSPECIFIED.);
#1170=B_SPLINE_SURFACE_WITH_KNOTS('',3,3,((#11268,#11269,#11270,#11271,
#11272,#11273,#11274,#11275,#11276,#11277,#11278,#11279,#11280,#11281,#11282,
#11283,#11284,#11285,#11286),(#11287,#11288,#11289,#11290,#11291,#11292,
#11293,#11294,#11295,#11296,#11297,#11298,#11299,#11300,#11301,#11302,#11303,
#11304,#11305),(#11306,#11307,#11308,#11309,#11310,#11311,#11312,#11313,
#11314,#11315,#11316,#11317,#11318,#11319,#11320,#11321,#11322,#11323,#11324),
(#11325,#11326,#11327,#11328,#11329,#11330,#11331,#11332,#11333,#11334,
#11335,#11336,#11337,#11338,#11339,#11340,#11341,#11342,#11343)),
 .UNSPECIFIED.,.F.,.F.,.F.,(4,4),(4,1,1,1,1,1,1,1,1,1,1,1,1,1,1,1,4),(0.504132231405,
1.),(0.,0.07939458843807,0.151958790294,0.218848064049,0.28105064291,0.339424412066,
0.394771809652,0.447951040604,0.5,0.552048959396,0.605228190348,0.660575587934,
0.71894935709,0.781151935951,0.848041209706,0.920605411562,1.),
 .UNSPECIFIED.);
#1171=DRAUGHTING_PRE_DEFINED_COLOUR('white');
#1172=ORIENTED_EDGE('',*,*,#2656,.T.);
#1173=ORIENTED_EDGE('',*,*,#2657,.T.);
#1174=ORIENTED_EDGE('',*,*,#2656,.F.);
#1175=ORIENTED_EDGE('',*,*,#2658,.F.);
#1176=ORIENTED_EDGE('',*,*,#2659,.T.);
#1177=ORIENTED_EDGE('',*,*,#2660,.T.);
#1178=ORIENTED_EDGE('',*,*,#2657,.F.);
#1179=ORIENTED_EDGE('',*,*,#2660,.F.);
#1180=ORIENTED_EDGE('',*,*,#2661,.T.);
#1181=ORIENTED_EDGE('',*,*,#2658,.T.);
#1182=ORIENTED_EDGE('',*,*,#2662,.T.);
#1183=ORIENTED_EDGE('',*,*,#2663,.F.);
#1184=ORIENTED_EDGE('',*,*,#2664,.F.);
#1185=ORIENTED_EDGE('',*,*,#2665,.T.);
#1186=ORIENTED_EDGE('',*,*,#2666,.T.);
#1187=ORIENTED_EDGE('',*,*,#2665,.F.);
#1188=ORIENTED_EDGE('',*,*,#2667,.F.);
#1189=ORIENTED_EDGE('',*,*,#2668,.T.);
#1190=ORIENTED_EDGE('',*,*,#2669,.T.);
#1191=ORIENTED_EDGE('',*,*,#2668,.F.);
#1192=ORIENTED_EDGE('',*,*,#2670,.F.);
#1193=ORIENTED_EDGE('',*,*,#2671,.T.);
#1194=ORIENTED_EDGE('',*,*,#2672,.T.);
#1195=ORIENTED_EDGE('',*,*,#2671,.F.);
#1196=ORIENTED_EDGE('',*,*,#2673,.F.);
#1197=ORIENTED_EDGE('',*,*,#2674,.T.);
#1198=ORIENTED_EDGE('',*,*,#2675,.T.);
#1199=ORIENTED_EDGE('',*,*,#2674,.F.);
#1200=ORIENTED_EDGE('',*,*,#2676,.F.);
#1201=ORIENTED_EDGE('',*,*,#2677,.T.);
#1202=ORIENTED_EDGE('',*,*,#2678,.T.);
#1203=ORIENTED_EDGE('',*,*,#2677,.F.);
#1204=ORIENTED_EDGE('',*,*,#2679,.F.);
#1205=ORIENTED_EDGE('',*,*,#2680,.T.);
#1206=ORIENTED_EDGE('',*,*,#2681,.T.);
#1207=ORIENTED_EDGE('',*,*,#2680,.F.);
#1208=ORIENTED_EDGE('',*,*,#2682,.F.);
#1209=ORIENTED_EDGE('',*,*,#2683,.T.);
#1210=ORIENTED_EDGE('',*,*,#2684,.T.);
#1211=ORIENTED_EDGE('',*,*,#2683,.F.);
#1212=ORIENTED_EDGE('',*,*,#2685,.F.);
#1213=ORIENTED_EDGE('',*,*,#2686,.T.);
#1214=ORIENTED_EDGE('',*,*,#2687,.T.);
#1215=ORIENTED_EDGE('',*,*,#2686,.F.);
#1216=ORIENTED_EDGE('',*,*,#2688,.F.);
#1217=ORIENTED_EDGE('',*,*,#2689,.T.);
#1218=ORIENTED_EDGE('',*,*,#2690,.T.);
#1219=ORIENTED_EDGE('',*,*,#2689,.F.);
#1220=ORIENTED_EDGE('',*,*,#2691,.F.);
#1221=ORIENTED_EDGE('',*,*,#2692,.T.);
#1222=ORIENTED_EDGE('',*,*,#2693,.T.);
#1223=ORIENTED_EDGE('',*,*,#2692,.F.);
#1224=ORIENTED_EDGE('',*,*,#2694,.F.);
#1225=ORIENTED_EDGE('',*,*,#2695,.T.);
#1226=ORIENTED_EDGE('',*,*,#2696,.T.);
#1227=ORIENTED_EDGE('',*,*,#2695,.F.);
#1228=ORIENTED_EDGE('',*,*,#2697,.F.);
#1229=ORIENTED_EDGE('',*,*,#2698,.T.);
#1230=ORIENTED_EDGE('',*,*,#2699,.T.);
#1231=ORIENTED_EDGE('',*,*,#2698,.F.);
#1232=ORIENTED_EDGE('',*,*,#2700,.F.);
#1233=ORIENTED_EDGE('',*,*,#2701,.T.);
#1234=ORIENTED_EDGE('',*,*,#2702,.T.);
#1235=ORIENTED_EDGE('',*,*,#2701,.F.);
#1236=ORIENTED_EDGE('',*,*,#2703,.F.);
#1237=ORIENTED_EDGE('',*,*,#2704,.T.);
#1238=ORIENTED_EDGE('',*,*,#2705,.T.);
#1239=ORIENTED_EDGE('',*,*,#2704,.F.);
#1240=ORIENTED_EDGE('',*,*,#2706,.F.);
#1241=ORIENTED_EDGE('',*,*,#2707,.T.);
#1242=ORIENTED_EDGE('',*,*,#2708,.T.);
#1243=ORIENTED_EDGE('',*,*,#2707,.F.);
#1244=ORIENTED_EDGE('',*,*,#2709,.F.);
#1245=ORIENTED_EDGE('',*,*,#2710,.T.);
#1246=ORIENTED_EDGE('',*,*,#2711,.T.);
#1247=ORIENTED_EDGE('',*,*,#2710,.F.);
#1248=ORIENTED_EDGE('',*,*,#2712,.F.);
#1249=ORIENTED_EDGE('',*,*,#2713,.T.);
#1250=ORIENTED_EDGE('',*,*,#2714,.T.);
#1251=ORIENTED_EDGE('',*,*,#2713,.F.);
#1252=ORIENTED_EDGE('',*,*,#2715,.F.);
#1253=ORIENTED_EDGE('',*,*,#2716,.T.);
#1254=ORIENTED_EDGE('',*,*,#2717,.T.);
#1255=ORIENTED_EDGE('',*,*,#2716,.F.);
#1256=ORIENTED_EDGE('',*,*,#2718,.F.);
#1257=ORIENTED_EDGE('',*,*,#2719,.T.);
#1258=ORIENTED_EDGE('',*,*,#2720,.T.);
#1259=ORIENTED_EDGE('',*,*,#2719,.F.);
#1260=ORIENTED_EDGE('',*,*,#2721,.F.);
#1261=ORIENTED_EDGE('',*,*,#2722,.T.);
#1262=ORIENTED_EDGE('',*,*,#2723,.T.);
#1263=ORIENTED_EDGE('',*,*,#2722,.F.);
#1264=ORIENTED_EDGE('',*,*,#2724,.F.);
#1265=ORIENTED_EDGE('',*,*,#2725,.T.);
#1266=ORIENTED_EDGE('',*,*,#2726,.T.);
#1267=ORIENTED_EDGE('',*,*,#2725,.F.);
#1268=ORIENTED_EDGE('',*,*,#2727,.F.);
#1269=ORIENTED_EDGE('',*,*,#2728,.T.);
#1270=ORIENTED_EDGE('',*,*,#2729,.T.);
#1271=ORIENTED_EDGE('',*,*,#2728,.F.);
#1272=ORIENTED_EDGE('',*,*,#2730,.F.);
#1273=ORIENTED_EDGE('',*,*,#2731,.T.);
#1274=ORIENTED_EDGE('',*,*,#2732,.T.);
#1275=ORIENTED_EDGE('',*,*,#2731,.F.);
#1276=ORIENTED_EDGE('',*,*,#2733,.F.);
#1277=ORIENTED_EDGE('',*,*,#2734,.T.);
#1278=ORIENTED_EDGE('',*,*,#2735,.T.);
#1279=ORIENTED_EDGE('',*,*,#2734,.F.);
#1280=ORIENTED_EDGE('',*,*,#2736,.F.);
#1281=ORIENTED_EDGE('',*,*,#2737,.T.);
#1282=ORIENTED_EDGE('',*,*,#2738,.T.);
#1283=ORIENTED_EDGE('',*,*,#2737,.F.);
#1284=ORIENTED_EDGE('',*,*,#2739,.F.);
#1285=ORIENTED_EDGE('',*,*,#2740,.T.);
#1286=ORIENTED_EDGE('',*,*,#2741,.T.);
#1287=ORIENTED_EDGE('',*,*,#2740,.F.);
#1288=ORIENTED_EDGE('',*,*,#2742,.F.);
#1289=ORIENTED_EDGE('',*,*,#2743,.T.);
#1290=ORIENTED_EDGE('',*,*,#2744,.T.);
#1291=ORIENTED_EDGE('',*,*,#2743,.F.);
#1292=ORIENTED_EDGE('',*,*,#2745,.F.);
#1293=ORIENTED_EDGE('',*,*,#2746,.T.);
#1294=ORIENTED_EDGE('',*,*,#2747,.T.);
#1295=ORIENTED_EDGE('',*,*,#2746,.F.);
#1296=ORIENTED_EDGE('',*,*,#2748,.F.);
#1297=ORIENTED_EDGE('',*,*,#2749,.T.);
#1298=ORIENTED_EDGE('',*,*,#2750,.T.);
#1299=ORIENTED_EDGE('',*,*,#2749,.F.);
#1300=ORIENTED_EDGE('',*,*,#2751,.F.);
#1301=ORIENTED_EDGE('',*,*,#2752,.T.);
#1302=ORIENTED_EDGE('',*,*,#2753,.T.);
#1303=ORIENTED_EDGE('',*,*,#2752,.F.);
#1304=ORIENTED_EDGE('',*,*,#2754,.F.);
#1305=ORIENTED_EDGE('',*,*,#2755,.T.);
#1306=ORIENTED_EDGE('',*,*,#2756,.T.);
#1307=ORIENTED_EDGE('',*,*,#2755,.F.);
#1308=ORIENTED_EDGE('',*,*,#2757,.F.);
#1309=ORIENTED_EDGE('',*,*,#2758,.T.);
#1310=ORIENTED_EDGE('',*,*,#2759,.T.);
#1311=ORIENTED_EDGE('',*,*,#2758,.F.);
#1312=ORIENTED_EDGE('',*,*,#2760,.F.);
#1313=ORIENTED_EDGE('',*,*,#2663,.T.);
#1314=ORIENTED_EDGE('',*,*,#2661,.F.);
#1315=ORIENTED_EDGE('',*,*,#2659,.F.);
#1316=ORIENTED_EDGE('',*,*,#2760,.T.);
#1317=ORIENTED_EDGE('',*,*,#2757,.T.);
#1318=ORIENTED_EDGE('',*,*,#2754,.T.);
#1319=ORIENTED_EDGE('',*,*,#2751,.T.);
#1320=ORIENTED_EDGE('',*,*,#2748,.T.);
#1321=ORIENTED_EDGE('',*,*,#2745,.T.);
#1322=ORIENTED_EDGE('',*,*,#2742,.T.);
#1323=ORIENTED_EDGE('',*,*,#2739,.T.);
#1324=ORIENTED_EDGE('',*,*,#2736,.T.);
#1325=ORIENTED_EDGE('',*,*,#2733,.T.);
#1326=ORIENTED_EDGE('',*,*,#2730,.T.);
#1327=ORIENTED_EDGE('',*,*,#2727,.T.);
#1328=ORIENTED_EDGE('',*,*,#2724,.T.);
#1329=ORIENTED_EDGE('',*,*,#2721,.T.);
#1330=ORIENTED_EDGE('',*,*,#2718,.T.);
#1331=ORIENTED_EDGE('',*,*,#2715,.T.);
#1332=ORIENTED_EDGE('',*,*,#2712,.T.);
#1333=ORIENTED_EDGE('',*,*,#2709,.T.);
#1334=ORIENTED_EDGE('',*,*,#2706,.T.);
#1335=ORIENTED_EDGE('',*,*,#2703,.T.);
#1336=ORIENTED_EDGE('',*,*,#2700,.T.);
#1337=ORIENTED_EDGE('',*,*,#2697,.T.);
#1338=ORIENTED_EDGE('',*,*,#2694,.T.);
#1339=ORIENTED_EDGE('',*,*,#2691,.T.);
#1340=ORIENTED_EDGE('',*,*,#2688,.T.);
#1341=ORIENTED_EDGE('',*,*,#2685,.T.);
#1342=ORIENTED_EDGE('',*,*,#2682,.T.);
#1343=ORIENTED_EDGE('',*,*,#2679,.T.);
#1344=ORIENTED_EDGE('',*,*,#2676,.T.);
#1345=ORIENTED_EDGE('',*,*,#2673,.T.);
#1346=ORIENTED_EDGE('',*,*,#2670,.T.);
#1347=ORIENTED_EDGE('',*,*,#2667,.T.);
#1348=ORIENTED_EDGE('',*,*,#2664,.T.);
#1349=ORIENTED_EDGE('',*,*,#2761,.T.);
#1350=ORIENTED_EDGE('',*,*,#2762,.T.);
#1351=ORIENTED_EDGE('',*,*,#2763,.T.);
#1352=ORIENTED_EDGE('',*,*,#2764,.T.);
#1353=ORIENTED_EDGE('',*,*,#2765,.T.);
#1354=ORIENTED_EDGE('',*,*,#2766,.T.);
#1355=ORIENTED_EDGE('',*,*,#2761,.F.);
#1356=ORIENTED_EDGE('',*,*,#2767,.F.);
#1357=ORIENTED_EDGE('',*,*,#2768,.T.);
#1358=ORIENTED_EDGE('',*,*,#2769,.T.);
#1359=ORIENTED_EDGE('',*,*,#2766,.F.);
#1360=ORIENTED_EDGE('',*,*,#2770,.F.);
#1361=ORIENTED_EDGE('',*,*,#2771,.T.);
#1362=ORIENTED_EDGE('',*,*,#2767,.T.);
#1363=ORIENTED_EDGE('',*,*,#2765,.F.);
#1364=ORIENTED_EDGE('',*,*,#2772,.F.);
#1365=ORIENTED_EDGE('',*,*,#2773,.T.);
#1366=ORIENTED_EDGE('',*,*,#2770,.T.);
#1367=ORIENTED_EDGE('',*,*,#2764,.F.);
#1368=ORIENTED_EDGE('',*,*,#2774,.F.);
#1369=ORIENTED_EDGE('',*,*,#2775,.T.);
#1370=ORIENTED_EDGE('',*,*,#2772,.T.);
#1371=ORIENTED_EDGE('',*,*,#2763,.F.);
#1372=ORIENTED_EDGE('',*,*,#2776,.F.);
#1373=ORIENTED_EDGE('',*,*,#2777,.T.);
#1374=ORIENTED_EDGE('',*,*,#2774,.T.);
#1375=ORIENTED_EDGE('',*,*,#2762,.F.);
#1376=ORIENTED_EDGE('',*,*,#2769,.F.);
#1377=ORIENTED_EDGE('',*,*,#2778,.T.);
#1378=ORIENTED_EDGE('',*,*,#2776,.T.);
#1379=ORIENTED_EDGE('',*,*,#2779,.T.);
#1380=ORIENTED_EDGE('',*,*,#2780,.F.);
#1381=ORIENTED_EDGE('',*,*,#2781,.F.);
#1382=ORIENTED_EDGE('',*,*,#2782,.T.);
#1383=ORIENTED_EDGE('',*,*,#2783,.T.);
#1384=ORIENTED_EDGE('',*,*,#2782,.F.);
#1385=ORIENTED_EDGE('',*,*,#2784,.F.);
#1386=ORIENTED_EDGE('',*,*,#2785,.T.);
#1387=ORIENTED_EDGE('',*,*,#2786,.T.);
#1388=ORIENTED_EDGE('',*,*,#2785,.F.);
#1389=ORIENTED_EDGE('',*,*,#2787,.F.);
#1390=ORIENTED_EDGE('',*,*,#2788,.T.);
#1391=ORIENTED_EDGE('',*,*,#2789,.T.);
#1392=ORIENTED_EDGE('',*,*,#2788,.F.);
#1393=ORIENTED_EDGE('',*,*,#2790,.F.);
#1394=ORIENTED_EDGE('',*,*,#2791,.T.);
#1395=ORIENTED_EDGE('',*,*,#2792,.T.);
#1396=ORIENTED_EDGE('',*,*,#2791,.F.);
#1397=ORIENTED_EDGE('',*,*,#2793,.F.);
#1398=ORIENTED_EDGE('',*,*,#2794,.T.);
#1399=ORIENTED_EDGE('',*,*,#2795,.T.);
#1400=ORIENTED_EDGE('',*,*,#2794,.F.);
#1401=ORIENTED_EDGE('',*,*,#2796,.F.);
#1402=ORIENTED_EDGE('',*,*,#2797,.T.);
#1403=ORIENTED_EDGE('',*,*,#2798,.T.);
#1404=ORIENTED_EDGE('',*,*,#2797,.F.);
#1405=ORIENTED_EDGE('',*,*,#2799,.F.);
#1406=ORIENTED_EDGE('',*,*,#2800,.T.);
#1407=ORIENTED_EDGE('',*,*,#2801,.T.);
#1408=ORIENTED_EDGE('',*,*,#2800,.F.);
#1409=ORIENTED_EDGE('',*,*,#2802,.F.);
#1410=ORIENTED_EDGE('',*,*,#2780,.T.);
#1411=ORIENTED_EDGE('',*,*,#2778,.F.);
#1412=ORIENTED_EDGE('',*,*,#2768,.F.);
#1413=ORIENTED_EDGE('',*,*,#2771,.F.);
#1414=ORIENTED_EDGE('',*,*,#2773,.F.);
#1415=ORIENTED_EDGE('',*,*,#2775,.F.);
#1416=ORIENTED_EDGE('',*,*,#2777,.F.);
#1417=ORIENTED_EDGE('',*,*,#2802,.T.);
#1418=ORIENTED_EDGE('',*,*,#2799,.T.);
#1419=ORIENTED_EDGE('',*,*,#2796,.T.);
#1420=ORIENTED_EDGE('',*,*,#2793,.T.);
#1421=ORIENTED_EDGE('',*,*,#2790,.T.);
#1422=ORIENTED_EDGE('',*,*,#2787,.T.);
#1423=ORIENTED_EDGE('',*,*,#2784,.T.);
#1424=ORIENTED_EDGE('',*,*,#2781,.T.);
#1425=ORIENTED_EDGE('',*,*,#2803,.T.);
#1426=ORIENTED_EDGE('',*,*,#2804,.T.);
#1427=ORIENTED_EDGE('',*,*,#2805,.T.);
#1428=ORIENTED_EDGE('',*,*,#2806,.T.);
#1429=ORIENTED_EDGE('',*,*,#2807,.T.);
#1430=ORIENTED_EDGE('',*,*,#2808,.T.);
#1431=ORIENTED_EDGE('',*,*,#2809,.T.);
#1432=ORIENTED_EDGE('',*,*,#2803,.F.);
#1433=ORIENTED_EDGE('',*,*,#2810,.F.);
#1434=ORIENTED_EDGE('',*,*,#2811,.T.);
#1435=ORIENTED_EDGE('',*,*,#2812,.T.);
#1436=ORIENTED_EDGE('',*,*,#2809,.F.);
#1437=ORIENTED_EDGE('',*,*,#2813,.F.);
#1438=ORIENTED_EDGE('',*,*,#2814,.T.);
#1439=ORIENTED_EDGE('',*,*,#2810,.T.);
#1440=ORIENTED_EDGE('',*,*,#2808,.F.);
#1441=ORIENTED_EDGE('',*,*,#2815,.F.);
#1442=ORIENTED_EDGE('',*,*,#2816,.T.);
#1443=ORIENTED_EDGE('',*,*,#2813,.T.);
#1444=ORIENTED_EDGE('',*,*,#2807,.F.);
#1445=ORIENTED_EDGE('',*,*,#2817,.F.);
#1446=ORIENTED_EDGE('',*,*,#2818,.T.);
#1447=ORIENTED_EDGE('',*,*,#2815,.T.);
#1448=ORIENTED_EDGE('',*,*,#2806,.F.);
#1449=ORIENTED_EDGE('',*,*,#2819,.F.);
#1450=ORIENTED_EDGE('',*,*,#2820,.T.);
#1451=ORIENTED_EDGE('',*,*,#2817,.T.);
#1452=ORIENTED_EDGE('',*,*,#2805,.F.);
#1453=ORIENTED_EDGE('',*,*,#2821,.F.);
#1454=ORIENTED_EDGE('',*,*,#2822,.T.);
#1455=ORIENTED_EDGE('',*,*,#2819,.T.);
#1456=ORIENTED_EDGE('',*,*,#2804,.F.);
#1457=ORIENTED_EDGE('',*,*,#2812,.F.);
#1458=ORIENTED_EDGE('',*,*,#2823,.T.);
#1459=ORIENTED_EDGE('',*,*,#2821,.T.);
#1460=ORIENTED_EDGE('',*,*,#2824,.T.);
#1461=ORIENTED_EDGE('',*,*,#2825,.F.);
#1462=ORIENTED_EDGE('',*,*,#2826,.F.);
#1463=ORIENTED_EDGE('',*,*,#2827,.T.);
#1464=ORIENTED_EDGE('',*,*,#2828,.T.);
#1465=ORIENTED_EDGE('',*,*,#2827,.F.);
#1466=ORIENTED_EDGE('',*,*,#2829,.F.);
#1467=ORIENTED_EDGE('',*,*,#2830,.T.);
#1468=ORIENTED_EDGE('',*,*,#2831,.T.);
#1469=ORIENTED_EDGE('',*,*,#2830,.F.);
#1470=ORIENTED_EDGE('',*,*,#2832,.F.);
#1471=ORIENTED_EDGE('',*,*,#2833,.T.);
#1472=ORIENTED_EDGE('',*,*,#2834,.T.);
#1473=ORIENTED_EDGE('',*,*,#2833,.F.);
#1474=ORIENTED_EDGE('',*,*,#2835,.F.);
#1475=ORIENTED_EDGE('',*,*,#2836,.T.);
#1476=ORIENTED_EDGE('',*,*,#2837,.T.);
#1477=ORIENTED_EDGE('',*,*,#2836,.F.);
#1478=ORIENTED_EDGE('',*,*,#2838,.F.);
#1479=ORIENTED_EDGE('',*,*,#2839,.T.);
#1480=ORIENTED_EDGE('',*,*,#2840,.T.);
#1481=ORIENTED_EDGE('',*,*,#2839,.F.);
#1482=ORIENTED_EDGE('',*,*,#2841,.F.);
#1483=ORIENTED_EDGE('',*,*,#2842,.T.);
#1484=ORIENTED_EDGE('',*,*,#2843,.T.);
#1485=ORIENTED_EDGE('',*,*,#2842,.F.);
#1486=ORIENTED_EDGE('',*,*,#2844,.F.);
#1487=ORIENTED_EDGE('',*,*,#2825,.T.);
#1488=ORIENTED_EDGE('',*,*,#2822,.F.);
#1489=ORIENTED_EDGE('',*,*,#2823,.F.);
#1490=ORIENTED_EDGE('',*,*,#2811,.F.);
#1491=ORIENTED_EDGE('',*,*,#2814,.F.);
#1492=ORIENTED_EDGE('',*,*,#2816,.F.);
#1493=ORIENTED_EDGE('',*,*,#2818,.F.);
#1494=ORIENTED_EDGE('',*,*,#2820,.F.);
#1495=ORIENTED_EDGE('',*,*,#2844,.T.);
#1496=ORIENTED_EDGE('',*,*,#2841,.T.);
#1497=ORIENTED_EDGE('',*,*,#2838,.T.);
#1498=ORIENTED_EDGE('',*,*,#2835,.T.);
#1499=ORIENTED_EDGE('',*,*,#2832,.T.);
#1500=ORIENTED_EDGE('',*,*,#2829,.T.);
#1501=ORIENTED_EDGE('',*,*,#2826,.T.);
#1502=ORIENTED_EDGE('',*,*,#2845,.T.);
#1503=ORIENTED_EDGE('',*,*,#2846,.T.);
#1504=ORIENTED_EDGE('',*,*,#2847,.T.);
#1505=ORIENTED_EDGE('',*,*,#2848,.T.);
#1506=ORIENTED_EDGE('',*,*,#2849,.T.);
#1507=ORIENTED_EDGE('',*,*,#2850,.T.);
#1508=ORIENTED_EDGE('',*,*,#2851,.T.);
#1509=ORIENTED_EDGE('',*,*,#2852,.T.);
#1510=ORIENTED_EDGE('',*,*,#2853,.T.);
#1511=ORIENTED_EDGE('',*,*,#2854,.T.);
#1512=ORIENTED_EDGE('',*,*,#2855,.T.);
#1513=ORIENTED_EDGE('',*,*,#2856,.T.);
#1514=ORIENTED_EDGE('',*,*,#2857,.T.);
#1515=ORIENTED_EDGE('',*,*,#2858,.F.);
#1516=ORIENTED_EDGE('',*,*,#2856,.F.);
#1517=ORIENTED_EDGE('',*,*,#2859,.T.);
#1518=ORIENTED_EDGE('',*,*,#2860,.T.);
#1519=ORIENTED_EDGE('',*,*,#2859,.F.);
#1520=ORIENTED_EDGE('',*,*,#2855,.F.);
#1521=ORIENTED_EDGE('',*,*,#2861,.T.);
#1522=ORIENTED_EDGE('',*,*,#2862,.T.);
#1523=ORIENTED_EDGE('',*,*,#2861,.F.);
#1524=ORIENTED_EDGE('',*,*,#2854,.F.);
#1525=ORIENTED_EDGE('',*,*,#2863,.T.);
#1526=ORIENTED_EDGE('',*,*,#2864,.T.);
#1527=ORIENTED_EDGE('',*,*,#2863,.F.);
#1528=ORIENTED_EDGE('',*,*,#2853,.F.);
#1529=ORIENTED_EDGE('',*,*,#2865,.T.);
#1530=ORIENTED_EDGE('',*,*,#2866,.T.);
#1531=ORIENTED_EDGE('',*,*,#2865,.F.);
#1532=ORIENTED_EDGE('',*,*,#2852,.F.);
#1533=ORIENTED_EDGE('',*,*,#2867,.T.);
#1534=ORIENTED_EDGE('',*,*,#2868,.T.);
#1535=ORIENTED_EDGE('',*,*,#2867,.F.);
#1536=ORIENTED_EDGE('',*,*,#2851,.F.);
#1537=ORIENTED_EDGE('',*,*,#2869,.T.);
#1538=ORIENTED_EDGE('',*,*,#2870,.T.);
#1539=ORIENTED_EDGE('',*,*,#2869,.F.);
#1540=ORIENTED_EDGE('',*,*,#2850,.F.);
#1541=ORIENTED_EDGE('',*,*,#2871,.T.);
#1542=ORIENTED_EDGE('',*,*,#2872,.T.);
#1543=ORIENTED_EDGE('',*,*,#2871,.F.);
#1544=ORIENTED_EDGE('',*,*,#2849,.F.);
#1545=ORIENTED_EDGE('',*,*,#2873,.T.);
#1546=ORIENTED_EDGE('',*,*,#2874,.T.);
#1547=ORIENTED_EDGE('',*,*,#2873,.F.);
#1548=ORIENTED_EDGE('',*,*,#2848,.F.);
#1549=ORIENTED_EDGE('',*,*,#2875,.T.);
#1550=ORIENTED_EDGE('',*,*,#2876,.T.);
#1551=ORIENTED_EDGE('',*,*,#2875,.F.);
#1552=ORIENTED_EDGE('',*,*,#2847,.F.);
#1553=ORIENTED_EDGE('',*,*,#2877,.T.);
#1554=ORIENTED_EDGE('',*,*,#2878,.T.);
#1555=ORIENTED_EDGE('',*,*,#2877,.F.);
#1556=ORIENTED_EDGE('',*,*,#2846,.F.);
#1557=ORIENTED_EDGE('',*,*,#2879,.T.);
#1558=ORIENTED_EDGE('',*,*,#2880,.T.);
#1559=ORIENTED_EDGE('',*,*,#2879,.F.);
#1560=ORIENTED_EDGE('',*,*,#2845,.F.);
#1561=ORIENTED_EDGE('',*,*,#2858,.T.);
#1562=ORIENTED_EDGE('',*,*,#2881,.T.);
#1563=ORIENTED_EDGE('',*,*,#2882,.T.);
#1564=ORIENTED_EDGE('',*,*,#2883,.T.);
#1565=ORIENTED_EDGE('',*,*,#2884,.T.);
#1566=ORIENTED_EDGE('',*,*,#2885,.T.);
#1567=ORIENTED_EDGE('',*,*,#2886,.T.);
#1568=ORIENTED_EDGE('',*,*,#2887,.T.);
#1569=ORIENTED_EDGE('',*,*,#2888,.T.);
#1570=ORIENTED_EDGE('',*,*,#2889,.T.);
#1571=ORIENTED_EDGE('',*,*,#2890,.T.);
#1572=ORIENTED_EDGE('',*,*,#2891,.T.);
#1573=ORIENTED_EDGE('',*,*,#2892,.T.);
#1574=ORIENTED_EDGE('',*,*,#2893,.T.);
#1575=ORIENTED_EDGE('',*,*,#2894,.T.);
#1576=ORIENTED_EDGE('',*,*,#2895,.T.);
#1577=ORIENTED_EDGE('',*,*,#2896,.T.);
#1578=ORIENTED_EDGE('',*,*,#2897,.F.);
#1579=ORIENTED_EDGE('',*,*,#2895,.F.);
#1580=ORIENTED_EDGE('',*,*,#2898,.T.);
#1581=ORIENTED_EDGE('',*,*,#2899,.T.);
#1582=ORIENTED_EDGE('',*,*,#2898,.F.);
#1583=ORIENTED_EDGE('',*,*,#2894,.F.);
#1584=ORIENTED_EDGE('',*,*,#2900,.T.);
#1585=ORIENTED_EDGE('',*,*,#2901,.T.);
#1586=ORIENTED_EDGE('',*,*,#2900,.F.);
#1587=ORIENTED_EDGE('',*,*,#2893,.F.);
#1588=ORIENTED_EDGE('',*,*,#2902,.T.);
#1589=ORIENTED_EDGE('',*,*,#2903,.T.);
#1590=ORIENTED_EDGE('',*,*,#2902,.F.);
#1591=ORIENTED_EDGE('',*,*,#2892,.F.);
#1592=ORIENTED_EDGE('',*,*,#2904,.T.);
#1593=ORIENTED_EDGE('',*,*,#2905,.T.);
#1594=ORIENTED_EDGE('',*,*,#2904,.F.);
#1595=ORIENTED_EDGE('',*,*,#2891,.F.);
#1596=ORIENTED_EDGE('',*,*,#2906,.T.);
#1597=ORIENTED_EDGE('',*,*,#2907,.T.);
#1598=ORIENTED_EDGE('',*,*,#2906,.F.);
#1599=ORIENTED_EDGE('',*,*,#2890,.F.);
#1600=ORIENTED_EDGE('',*,*,#2908,.T.);
#1601=ORIENTED_EDGE('',*,*,#2909,.T.);
#1602=ORIENTED_EDGE('',*,*,#2908,.F.);
#1603=ORIENTED_EDGE('',*,*,#2889,.F.);
#1604=ORIENTED_EDGE('',*,*,#2910,.T.);
#1605=ORIENTED_EDGE('',*,*,#2911,.T.);
#1606=ORIENTED_EDGE('',*,*,#2910,.F.);
#1607=ORIENTED_EDGE('',*,*,#2888,.F.);
#1608=ORIENTED_EDGE('',*,*,#2912,.T.);
#1609=ORIENTED_EDGE('',*,*,#2913,.T.);
#1610=ORIENTED_EDGE('',*,*,#2912,.F.);
#1611=ORIENTED_EDGE('',*,*,#2887,.F.);
#1612=ORIENTED_EDGE('',*,*,#2914,.T.);
#1613=ORIENTED_EDGE('',*,*,#2915,.T.);
#1614=ORIENTED_EDGE('',*,*,#2914,.F.);
#1615=ORIENTED_EDGE('',*,*,#2886,.F.);
#1616=ORIENTED_EDGE('',*,*,#2916,.T.);
#1617=ORIENTED_EDGE('',*,*,#2917,.T.);
#1618=ORIENTED_EDGE('',*,*,#2916,.F.);
#1619=ORIENTED_EDGE('',*,*,#2885,.F.);
#1620=ORIENTED_EDGE('',*,*,#2918,.T.);
#1621=ORIENTED_EDGE('',*,*,#2919,.T.);
#1622=ORIENTED_EDGE('',*,*,#2918,.F.);
#1623=ORIENTED_EDGE('',*,*,#2884,.F.);
#1624=ORIENTED_EDGE('',*,*,#2920,.T.);
#1625=ORIENTED_EDGE('',*,*,#2921,.T.);
#1626=ORIENTED_EDGE('',*,*,#2920,.F.);
#1627=ORIENTED_EDGE('',*,*,#2883,.F.);
#1628=ORIENTED_EDGE('',*,*,#2922,.T.);
#1629=ORIENTED_EDGE('',*,*,#2923,.T.);
#1630=ORIENTED_EDGE('',*,*,#2922,.F.);
#1631=ORIENTED_EDGE('',*,*,#2882,.F.);
#1632=ORIENTED_EDGE('',*,*,#2924,.T.);
#1633=ORIENTED_EDGE('',*,*,#2925,.T.);
#1634=ORIENTED_EDGE('',*,*,#2924,.F.);
#1635=ORIENTED_EDGE('',*,*,#2881,.F.);
#1636=ORIENTED_EDGE('',*,*,#2897,.T.);
#1637=ORIENTED_EDGE('',*,*,#2926,.T.);
#1638=ORIENTED_EDGE('',*,*,#2927,.T.);
#1639=ORIENTED_EDGE('',*,*,#2928,.T.);
#1640=ORIENTED_EDGE('',*,*,#2929,.T.);
#1641=ORIENTED_EDGE('',*,*,#2930,.T.);
#1642=ORIENTED_EDGE('',*,*,#2931,.T.);
#1643=ORIENTED_EDGE('',*,*,#2932,.T.);
#1644=ORIENTED_EDGE('',*,*,#2933,.T.);
#1645=ORIENTED_EDGE('',*,*,#2934,.T.);
#1646=ORIENTED_EDGE('',*,*,#2935,.T.);
#1647=ORIENTED_EDGE('',*,*,#2936,.T.);
#1648=ORIENTED_EDGE('',*,*,#2937,.T.);
#1649=ORIENTED_EDGE('',*,*,#2938,.T.);
#1650=ORIENTED_EDGE('',*,*,#2939,.T.);
#1651=ORIENTED_EDGE('',*,*,#2940,.T.);
#1652=ORIENTED_EDGE('',*,*,#2941,.T.);
#1653=ORIENTED_EDGE('',*,*,#2942,.T.);
#1654=ORIENTED_EDGE('',*,*,#2943,.T.);
#1655=ORIENTED_EDGE('',*,*,#2944,.T.);
#1656=ORIENTED_EDGE('',*,*,#2945,.T.);
#1657=ORIENTED_EDGE('',*,*,#2946,.T.);
#1658=ORIENTED_EDGE('',*,*,#2947,.T.);
#1659=ORIENTED_EDGE('',*,*,#2948,.F.);
#1660=ORIENTED_EDGE('',*,*,#2946,.F.);
#1661=ORIENTED_EDGE('',*,*,#2949,.T.);
#1662=ORIENTED_EDGE('',*,*,#2950,.T.);
#1663=ORIENTED_EDGE('',*,*,#2949,.F.);
#1664=ORIENTED_EDGE('',*,*,#2945,.F.);
#1665=ORIENTED_EDGE('',*,*,#2951,.T.);
#1666=ORIENTED_EDGE('',*,*,#2952,.T.);
#1667=ORIENTED_EDGE('',*,*,#2951,.F.);
#1668=ORIENTED_EDGE('',*,*,#2944,.F.);
#1669=ORIENTED_EDGE('',*,*,#2953,.T.);
#1670=ORIENTED_EDGE('',*,*,#2954,.T.);
#1671=ORIENTED_EDGE('',*,*,#2953,.F.);
#1672=ORIENTED_EDGE('',*,*,#2943,.F.);
#1673=ORIENTED_EDGE('',*,*,#2955,.T.);
#1674=ORIENTED_EDGE('',*,*,#2956,.T.);
#1675=ORIENTED_EDGE('',*,*,#2955,.F.);
#1676=ORIENTED_EDGE('',*,*,#2942,.F.);
#1677=ORIENTED_EDGE('',*,*,#2957,.T.);
#1678=ORIENTED_EDGE('',*,*,#2958,.T.);
#1679=ORIENTED_EDGE('',*,*,#2957,.F.);
#1680=ORIENTED_EDGE('',*,*,#2941,.F.);
#1681=ORIENTED_EDGE('',*,*,#2959,.T.);
#1682=ORIENTED_EDGE('',*,*,#2960,.T.);
#1683=ORIENTED_EDGE('',*,*,#2959,.F.);
#1684=ORIENTED_EDGE('',*,*,#2940,.F.);
#1685=ORIENTED_EDGE('',*,*,#2961,.T.);
#1686=ORIENTED_EDGE('',*,*,#2962,.T.);
#1687=ORIENTED_EDGE('',*,*,#2961,.F.);
#1688=ORIENTED_EDGE('',*,*,#2939,.F.);
#1689=ORIENTED_EDGE('',*,*,#2963,.T.);
#1690=ORIENTED_EDGE('',*,*,#2964,.T.);
#1691=ORIENTED_EDGE('',*,*,#2963,.F.);
#1692=ORIENTED_EDGE('',*,*,#2938,.F.);
#1693=ORIENTED_EDGE('',*,*,#2965,.T.);
#1694=ORIENTED_EDGE('',*,*,#2966,.T.);
#1695=ORIENTED_EDGE('',*,*,#2965,.F.);
#1696=ORIENTED_EDGE('',*,*,#2937,.F.);
#1697=ORIENTED_EDGE('',*,*,#2967,.T.);
#1698=ORIENTED_EDGE('',*,*,#2968,.T.);
#1699=ORIENTED_EDGE('',*,*,#2967,.F.);
#1700=ORIENTED_EDGE('',*,*,#2936,.F.);
#1701=ORIENTED_EDGE('',*,*,#2969,.T.);
#1702=ORIENTED_EDGE('',*,*,#2970,.T.);
#1703=ORIENTED_EDGE('',*,*,#2969,.F.);
#1704=ORIENTED_EDGE('',*,*,#2935,.F.);
#1705=ORIENTED_EDGE('',*,*,#2971,.T.);
#1706=ORIENTED_EDGE('',*,*,#2972,.T.);
#1707=ORIENTED_EDGE('',*,*,#2971,.F.);
#1708=ORIENTED_EDGE('',*,*,#2934,.F.);
#1709=ORIENTED_EDGE('',*,*,#2973,.T.);
#1710=ORIENTED_EDGE('',*,*,#2974,.T.);
#1711=ORIENTED_EDGE('',*,*,#2973,.F.);
#1712=ORIENTED_EDGE('',*,*,#2933,.F.);
#1713=ORIENTED_EDGE('',*,*,#2975,.T.);
#1714=ORIENTED_EDGE('',*,*,#2976,.T.);
#1715=ORIENTED_EDGE('',*,*,#2975,.F.);
#1716=ORIENTED_EDGE('',*,*,#2932,.F.);
#1717=ORIENTED_EDGE('',*,*,#2977,.T.);
#1718=ORIENTED_EDGE('',*,*,#2978,.T.);
#1719=ORIENTED_EDGE('',*,*,#2977,.F.);
#1720=ORIENTED_EDGE('',*,*,#2931,.F.);
#1721=ORIENTED_EDGE('',*,*,#2979,.T.);
#1722=ORIENTED_EDGE('',*,*,#2980,.T.);
#1723=ORIENTED_EDGE('',*,*,#2979,.F.);
#1724=ORIENTED_EDGE('',*,*,#2930,.F.);
#1725=ORIENTED_EDGE('',*,*,#2981,.T.);
#1726=ORIENTED_EDGE('',*,*,#2982,.T.);
#1727=ORIENTED_EDGE('',*,*,#2981,.F.);
#1728=ORIENTED_EDGE('',*,*,#2929,.F.);
#1729=ORIENTED_EDGE('',*,*,#2983,.T.);
#1730=ORIENTED_EDGE('',*,*,#2984,.T.);
#1731=ORIENTED_EDGE('',*,*,#2983,.F.);
#1732=ORIENTED_EDGE('',*,*,#2928,.F.);
#1733=ORIENTED_EDGE('',*,*,#2985,.T.);
#1734=ORIENTED_EDGE('',*,*,#2986,.T.);
#1735=ORIENTED_EDGE('',*,*,#2985,.F.);
#1736=ORIENTED_EDGE('',*,*,#2927,.F.);
#1737=ORIENTED_EDGE('',*,*,#2987,.T.);
#1738=ORIENTED_EDGE('',*,*,#2988,.T.);
#1739=ORIENTED_EDGE('',*,*,#2987,.F.);
#1740=ORIENTED_EDGE('',*,*,#2926,.F.);
#1741=ORIENTED_EDGE('',*,*,#2948,.T.);
#1742=ORIENTED_EDGE('',*,*,#2989,.T.);
#1743=ORIENTED_EDGE('',*,*,#2990,.T.);
#1744=ORIENTED_EDGE('',*,*,#2991,.T.);
#1745=ORIENTED_EDGE('',*,*,#2992,.T.);
#1746=ORIENTED_EDGE('',*,*,#2993,.T.);
#1747=ORIENTED_EDGE('',*,*,#2994,.T.);
#1748=ORIENTED_EDGE('',*,*,#2995,.T.);
#1749=ORIENTED_EDGE('',*,*,#2996,.T.);
#1750=ORIENTED_EDGE('',*,*,#2989,.F.);
#1751=ORIENTED_EDGE('',*,*,#2997,.F.);
#1752=ORIENTED_EDGE('',*,*,#2998,.T.);
#1753=ORIENTED_EDGE('',*,*,#2999,.T.);
#1754=ORIENTED_EDGE('',*,*,#2996,.F.);
#1755=ORIENTED_EDGE('',*,*,#3000,.F.);
#1756=ORIENTED_EDGE('',*,*,#3001,.T.);
#1757=ORIENTED_EDGE('',*,*,#2997,.T.);
#1758=ORIENTED_EDGE('',*,*,#2995,.F.);
#1759=ORIENTED_EDGE('',*,*,#3002,.F.);
#1760=ORIENTED_EDGE('',*,*,#3003,.T.);
#1761=ORIENTED_EDGE('',*,*,#3000,.T.);
#1762=ORIENTED_EDGE('',*,*,#2994,.F.);
#1763=ORIENTED_EDGE('',*,*,#3004,.F.);
#1764=ORIENTED_EDGE('',*,*,#3005,.T.);
#1765=ORIENTED_EDGE('',*,*,#3002,.T.);
#1766=ORIENTED_EDGE('',*,*,#2993,.F.);
#1767=ORIENTED_EDGE('',*,*,#3006,.T.);
#1768=ORIENTED_EDGE('',*,*,#3004,.T.);
#1769=ORIENTED_EDGE('',*,*,#2992,.F.);
#1770=ORIENTED_EDGE('',*,*,#3007,.T.);
#1771=ORIENTED_EDGE('',*,*,#2991,.F.);
#1772=ORIENTED_EDGE('',*,*,#3008,.T.);
#1773=ORIENTED_EDGE('',*,*,#2990,.F.);
#1774=ORIENTED_EDGE('',*,*,#2999,.F.);
#1775=ORIENTED_EDGE('',*,*,#3009,.T.);
#1776=ORIENTED_EDGE('',*,*,#3010,.T.);
#1777=ORIENTED_EDGE('',*,*,#3011,.F.);
#1778=ORIENTED_EDGE('',*,*,#3012,.F.);
#1779=ORIENTED_EDGE('',*,*,#3013,.T.);
#1780=ORIENTED_EDGE('',*,*,#3014,.T.);
#1781=ORIENTED_EDGE('',*,*,#3013,.F.);
#1782=ORIENTED_EDGE('',*,*,#3015,.F.);
#1783=ORIENTED_EDGE('',*,*,#3016,.T.);
#1784=ORIENTED_EDGE('',*,*,#3017,.T.);
#1785=ORIENTED_EDGE('',*,*,#3016,.F.);
#1786=ORIENTED_EDGE('',*,*,#3018,.F.);
#1787=ORIENTED_EDGE('',*,*,#3019,.T.);
#1788=ORIENTED_EDGE('',*,*,#3020,.T.);
#1789=ORIENTED_EDGE('',*,*,#3019,.F.);
#1790=ORIENTED_EDGE('',*,*,#3021,.F.);
#1791=ORIENTED_EDGE('',*,*,#3022,.T.);
#1792=ORIENTED_EDGE('',*,*,#3023,.T.);
#1793=ORIENTED_EDGE('',*,*,#3022,.F.);
#1794=ORIENTED_EDGE('',*,*,#3024,.F.);
#1795=ORIENTED_EDGE('',*,*,#3025,.T.);
#1796=ORIENTED_EDGE('',*,*,#3026,.T.);
#1797=ORIENTED_EDGE('',*,*,#3025,.F.);
#1798=ORIENTED_EDGE('',*,*,#3027,.F.);
#1799=ORIENTED_EDGE('',*,*,#3028,.T.);
#1800=ORIENTED_EDGE('',*,*,#3029,.T.);
#1801=ORIENTED_EDGE('',*,*,#3028,.F.);
#1802=ORIENTED_EDGE('',*,*,#3030,.F.);
#1803=ORIENTED_EDGE('',*,*,#3031,.T.);
#1804=ORIENTED_EDGE('',*,*,#3032,.T.);
#1805=ORIENTED_EDGE('',*,*,#3031,.F.);
#1806=ORIENTED_EDGE('',*,*,#3033,.F.);
#1807=ORIENTED_EDGE('',*,*,#3034,.T.);
#1808=ORIENTED_EDGE('',*,*,#3035,.T.);
#1809=ORIENTED_EDGE('',*,*,#3034,.F.);
#1810=ORIENTED_EDGE('',*,*,#3036,.F.);
#1811=ORIENTED_EDGE('',*,*,#3037,.T.);
#1812=ORIENTED_EDGE('',*,*,#3038,.T.);
#1813=ORIENTED_EDGE('',*,*,#3037,.F.);
#1814=ORIENTED_EDGE('',*,*,#3039,.F.);
#1815=ORIENTED_EDGE('',*,*,#3040,.T.);
#1816=ORIENTED_EDGE('',*,*,#3041,.T.);
#1817=ORIENTED_EDGE('',*,*,#3040,.F.);
#1818=ORIENTED_EDGE('',*,*,#3042,.F.);
#1819=ORIENTED_EDGE('',*,*,#3043,.T.);
#1820=ORIENTED_EDGE('',*,*,#3044,.T.);
#1821=ORIENTED_EDGE('',*,*,#3043,.F.);
#1822=ORIENTED_EDGE('',*,*,#3045,.F.);
#1823=ORIENTED_EDGE('',*,*,#3046,.T.);
#1824=ORIENTED_EDGE('',*,*,#3047,.T.);
#1825=ORIENTED_EDGE('',*,*,#3046,.F.);
#1826=ORIENTED_EDGE('',*,*,#3048,.F.);
#1827=ORIENTED_EDGE('',*,*,#3049,.T.);
#1828=ORIENTED_EDGE('',*,*,#3050,.T.);
#1829=ORIENTED_EDGE('',*,*,#3049,.F.);
#1830=ORIENTED_EDGE('',*,*,#3051,.F.);
#1831=ORIENTED_EDGE('',*,*,#3011,.T.);
#1832=ORIENTED_EDGE('',*,*,#3008,.F.);
#1833=ORIENTED_EDGE('',*,*,#3009,.F.);
#1834=ORIENTED_EDGE('',*,*,#2998,.F.);
#1835=ORIENTED_EDGE('',*,*,#3001,.F.);
#1836=ORIENTED_EDGE('',*,*,#3003,.F.);
#1837=ORIENTED_EDGE('',*,*,#3005,.F.);
#1838=ORIENTED_EDGE('',*,*,#3006,.F.);
#1839=ORIENTED_EDGE('',*,*,#3007,.F.);
#1840=ORIENTED_EDGE('',*,*,#3051,.T.);
#1841=ORIENTED_EDGE('',*,*,#3048,.T.);
#1842=ORIENTED_EDGE('',*,*,#3045,.T.);
#1843=ORIENTED_EDGE('',*,*,#3042,.T.);
#1844=ORIENTED_EDGE('',*,*,#3039,.T.);
#1845=ORIENTED_EDGE('',*,*,#3036,.T.);
#1846=ORIENTED_EDGE('',*,*,#3033,.T.);
#1847=ORIENTED_EDGE('',*,*,#3030,.T.);
#1848=ORIENTED_EDGE('',*,*,#3027,.T.);
#1849=ORIENTED_EDGE('',*,*,#3024,.T.);
#1850=ORIENTED_EDGE('',*,*,#3021,.T.);
#1851=ORIENTED_EDGE('',*,*,#3018,.T.);
#1852=ORIENTED_EDGE('',*,*,#3015,.T.);
#1853=ORIENTED_EDGE('',*,*,#3012,.T.);
#1854=ORIENTED_EDGE('',*,*,#3052,.T.);
#1855=ORIENTED_EDGE('',*,*,#3053,.T.);
#1856=ORIENTED_EDGE('',*,*,#3054,.T.);
#1857=ORIENTED_EDGE('',*,*,#3055,.T.);
#1858=ORIENTED_EDGE('',*,*,#3056,.T.);
#1859=ORIENTED_EDGE('',*,*,#3057,.T.);
#1860=ORIENTED_EDGE('',*,*,#3058,.T.);
#1861=ORIENTED_EDGE('',*,*,#3059,.T.);
#1862=ORIENTED_EDGE('',*,*,#3060,.T.);
#1863=ORIENTED_EDGE('',*,*,#3061,.T.);
#1864=ORIENTED_EDGE('',*,*,#3062,.T.);
#1865=ORIENTED_EDGE('',*,*,#3063,.T.);
#1866=ORIENTED_EDGE('',*,*,#3064,.T.);
#1867=ORIENTED_EDGE('',*,*,#3065,.F.);
#1868=ORIENTED_EDGE('',*,*,#3063,.F.);
#1869=ORIENTED_EDGE('',*,*,#3066,.T.);
#1870=ORIENTED_EDGE('',*,*,#3067,.T.);
#1871=ORIENTED_EDGE('',*,*,#3066,.F.);
#1872=ORIENTED_EDGE('',*,*,#3062,.F.);
#1873=ORIENTED_EDGE('',*,*,#3068,.T.);
#1874=ORIENTED_EDGE('',*,*,#3069,.T.);
#1875=ORIENTED_EDGE('',*,*,#3068,.F.);
#1876=ORIENTED_EDGE('',*,*,#3061,.F.);
#1877=ORIENTED_EDGE('',*,*,#3070,.T.);
#1878=ORIENTED_EDGE('',*,*,#3071,.T.);
#1879=ORIENTED_EDGE('',*,*,#3070,.F.);
#1880=ORIENTED_EDGE('',*,*,#3060,.F.);
#1881=ORIENTED_EDGE('',*,*,#3072,.T.);
#1882=ORIENTED_EDGE('',*,*,#3073,.T.);
#1883=ORIENTED_EDGE('',*,*,#3072,.F.);
#1884=ORIENTED_EDGE('',*,*,#3059,.F.);
#1885=ORIENTED_EDGE('',*,*,#3074,.T.);
#1886=ORIENTED_EDGE('',*,*,#3075,.T.);
#1887=ORIENTED_EDGE('',*,*,#3074,.F.);
#1888=ORIENTED_EDGE('',*,*,#3058,.F.);
#1889=ORIENTED_EDGE('',*,*,#3076,.T.);
#1890=ORIENTED_EDGE('',*,*,#3077,.T.);
#1891=ORIENTED_EDGE('',*,*,#3076,.F.);
#1892=ORIENTED_EDGE('',*,*,#3057,.F.);
#1893=ORIENTED_EDGE('',*,*,#3078,.T.);
#1894=ORIENTED_EDGE('',*,*,#3079,.T.);
#1895=ORIENTED_EDGE('',*,*,#3078,.F.);
#1896=ORIENTED_EDGE('',*,*,#3056,.F.);
#1897=ORIENTED_EDGE('',*,*,#3080,.T.);
#1898=ORIENTED_EDGE('',*,*,#3081,.T.);
#1899=ORIENTED_EDGE('',*,*,#3080,.F.);
#1900=ORIENTED_EDGE('',*,*,#3055,.F.);
#1901=ORIENTED_EDGE('',*,*,#3082,.T.);
#1902=ORIENTED_EDGE('',*,*,#3083,.T.);
#1903=ORIENTED_EDGE('',*,*,#3082,.F.);
#1904=ORIENTED_EDGE('',*,*,#3054,.F.);
#1905=ORIENTED_EDGE('',*,*,#3084,.T.);
#1906=ORIENTED_EDGE('',*,*,#3085,.T.);
#1907=ORIENTED_EDGE('',*,*,#3084,.F.);
#1908=ORIENTED_EDGE('',*,*,#3053,.F.);
#1909=ORIENTED_EDGE('',*,*,#3086,.T.);
#1910=ORIENTED_EDGE('',*,*,#3087,.T.);
#1911=ORIENTED_EDGE('',*,*,#3086,.F.);
#1912=ORIENTED_EDGE('',*,*,#3052,.F.);
#1913=ORIENTED_EDGE('',*,*,#3065,.T.);
#1914=ORIENTED_EDGE('',*,*,#3088,.T.);
#1915=ORIENTED_EDGE('',*,*,#3089,.T.);
#1916=ORIENTED_EDGE('',*,*,#3090,.T.);
#1917=ORIENTED_EDGE('',*,*,#3091,.T.);
#1918=ORIENTED_EDGE('',*,*,#3092,.T.);
#1919=ORIENTED_EDGE('',*,*,#3093,.T.);
#1920=ORIENTED_EDGE('',*,*,#3088,.F.);
#1921=ORIENTED_EDGE('',*,*,#3094,.F.);
#1922=ORIENTED_EDGE('',*,*,#3095,.T.);
#1923=ORIENTED_EDGE('',*,*,#3096,.T.);
#1924=ORIENTED_EDGE('',*,*,#3093,.F.);
#1925=ORIENTED_EDGE('',*,*,#3097,.F.);
#1926=ORIENTED_EDGE('',*,*,#3098,.T.);
#1927=ORIENTED_EDGE('',*,*,#3094,.T.);
#1928=ORIENTED_EDGE('',*,*,#3092,.F.);
#1929=ORIENTED_EDGE('',*,*,#3099,.F.);
#1930=ORIENTED_EDGE('',*,*,#3100,.T.);
#1931=ORIENTED_EDGE('',*,*,#3097,.T.);
#1932=ORIENTED_EDGE('',*,*,#3091,.F.);
#1933=ORIENTED_EDGE('',*,*,#3101,.F.);
#1934=ORIENTED_EDGE('',*,*,#3102,.T.);
#1935=ORIENTED_EDGE('',*,*,#3099,.T.);
#1936=ORIENTED_EDGE('',*,*,#3090,.F.);
#1937=ORIENTED_EDGE('',*,*,#3103,.F.);
#1938=ORIENTED_EDGE('',*,*,#3104,.T.);
#1939=ORIENTED_EDGE('',*,*,#3101,.T.);
#1940=ORIENTED_EDGE('',*,*,#3089,.F.);
#1941=ORIENTED_EDGE('',*,*,#3096,.F.);
#1942=ORIENTED_EDGE('',*,*,#3105,.T.);
#1943=ORIENTED_EDGE('',*,*,#3103,.T.);
#1944=ORIENTED_EDGE('',*,*,#3106,.T.);
#1945=ORIENTED_EDGE('',*,*,#3107,.F.);
#1946=ORIENTED_EDGE('',*,*,#3108,.F.);
#1947=ORIENTED_EDGE('',*,*,#3109,.T.);
#1948=ORIENTED_EDGE('',*,*,#3110,.T.);
#1949=ORIENTED_EDGE('',*,*,#3109,.F.);
#1950=ORIENTED_EDGE('',*,*,#3111,.F.);
#1951=ORIENTED_EDGE('',*,*,#3112,.T.);
#1952=ORIENTED_EDGE('',*,*,#3113,.T.);
#1953=ORIENTED_EDGE('',*,*,#3112,.F.);
#1954=ORIENTED_EDGE('',*,*,#3114,.F.);
#1955=ORIENTED_EDGE('',*,*,#3115,.T.);
#1956=ORIENTED_EDGE('',*,*,#3116,.T.);
#1957=ORIENTED_EDGE('',*,*,#3115,.F.);
#1958=ORIENTED_EDGE('',*,*,#3117,.F.);
#1959=ORIENTED_EDGE('',*,*,#3118,.T.);
#1960=ORIENTED_EDGE('',*,*,#3119,.T.);
#1961=ORIENTED_EDGE('',*,*,#3118,.F.);
#1962=ORIENTED_EDGE('',*,*,#3120,.F.);
#1963=ORIENTED_EDGE('',*,*,#3121,.T.);
#1964=ORIENTED_EDGE('',*,*,#3122,.T.);
#1965=ORIENTED_EDGE('',*,*,#3121,.F.);
#1966=ORIENTED_EDGE('',*,*,#3123,.F.);
#1967=ORIENTED_EDGE('',*,*,#3124,.T.);
#1968=ORIENTED_EDGE('',*,*,#3125,.T.);
#1969=ORIENTED_EDGE('',*,*,#3124,.F.);
#1970=ORIENTED_EDGE('',*,*,#3126,.F.);
#1971=ORIENTED_EDGE('',*,*,#3127,.T.);
#1972=ORIENTED_EDGE('',*,*,#3128,.T.);
#1973=ORIENTED_EDGE('',*,*,#3127,.F.);
#1974=ORIENTED_EDGE('',*,*,#3129,.F.);
#1975=ORIENTED_EDGE('',*,*,#3107,.T.);
#1976=ORIENTED_EDGE('',*,*,#3105,.F.);
#1977=ORIENTED_EDGE('',*,*,#3095,.F.);
#1978=ORIENTED_EDGE('',*,*,#3098,.F.);
#1979=ORIENTED_EDGE('',*,*,#3100,.F.);
#1980=ORIENTED_EDGE('',*,*,#3102,.F.);
#1981=ORIENTED_EDGE('',*,*,#3104,.F.);
#1982=ORIENTED_EDGE('',*,*,#3129,.T.);
#1983=ORIENTED_EDGE('',*,*,#3126,.T.);
#1984=ORIENTED_EDGE('',*,*,#3123,.T.);
#1985=ORIENTED_EDGE('',*,*,#3120,.T.);
#1986=ORIENTED_EDGE('',*,*,#3117,.T.);
#1987=ORIENTED_EDGE('',*,*,#3114,.T.);
#1988=ORIENTED_EDGE('',*,*,#3111,.T.);
#1989=ORIENTED_EDGE('',*,*,#3108,.T.);
#1990=ORIENTED_EDGE('',*,*,#3130,.T.);
#1991=ORIENTED_EDGE('',*,*,#3131,.T.);
#1992=ORIENTED_EDGE('',*,*,#3132,.T.);
#1993=ORIENTED_EDGE('',*,*,#3133,.T.);
#1994=ORIENTED_EDGE('',*,*,#3134,.T.);
#1995=ORIENTED_EDGE('',*,*,#3135,.T.);
#1996=ORIENTED_EDGE('',*,*,#3136,.T.);
#1997=ORIENTED_EDGE('',*,*,#3130,.F.);
#1998=ORIENTED_EDGE('',*,*,#3137,.F.);
#1999=ORIENTED_EDGE('',*,*,#3138,.T.);
#2000=ORIENTED_EDGE('',*,*,#3139,.T.);
#2001=ORIENTED_EDGE('',*,*,#3136,.F.);
#2002=ORIENTED_EDGE('',*,*,#3140,.F.);
#2003=ORIENTED_EDGE('',*,*,#3141,.T.);
#2004=ORIENTED_EDGE('',*,*,#3137,.T.);
#2005=ORIENTED_EDGE('',*,*,#3135,.F.);
#2006=ORIENTED_EDGE('',*,*,#3142,.F.);
#2007=ORIENTED_EDGE('',*,*,#3143,.T.);
#2008=ORIENTED_EDGE('',*,*,#3140,.T.);
#2009=ORIENTED_EDGE('',*,*,#3134,.F.);
#2010=ORIENTED_EDGE('',*,*,#3144,.F.);
#2011=ORIENTED_EDGE('',*,*,#3145,.T.);
#2012=ORIENTED_EDGE('',*,*,#3142,.T.);
#2013=ORIENTED_EDGE('',*,*,#3133,.F.);
#2014=ORIENTED_EDGE('',*,*,#3146,.F.);
#2015=ORIENTED_EDGE('',*,*,#3147,.T.);
#2016=ORIENTED_EDGE('',*,*,#3144,.T.);
#2017=ORIENTED_EDGE('',*,*,#3132,.F.);
#2018=ORIENTED_EDGE('',*,*,#3148,.F.);
#2019=ORIENTED_EDGE('',*,*,#3149,.T.);
#2020=ORIENTED_EDGE('',*,*,#3146,.T.);
#2021=ORIENTED_EDGE('',*,*,#3131,.F.);
#2022=ORIENTED_EDGE('',*,*,#3139,.F.);
#2023=ORIENTED_EDGE('',*,*,#3150,.T.);
#2024=ORIENTED_EDGE('',*,*,#3148,.T.);
#2025=ORIENTED_EDGE('',*,*,#3151,.T.);
#2026=ORIENTED_EDGE('',*,*,#3152,.F.);
#2027=ORIENTED_EDGE('',*,*,#3153,.F.);
#2028=ORIENTED_EDGE('',*,*,#3154,.T.);
#2029=ORIENTED_EDGE('',*,*,#3155,.T.);
#2030=ORIENTED_EDGE('',*,*,#3154,.F.);
#2031=ORIENTED_EDGE('',*,*,#3156,.F.);
#2032=ORIENTED_EDGE('',*,*,#3157,.T.);
#2033=ORIENTED_EDGE('',*,*,#3158,.T.);
#2034=ORIENTED_EDGE('',*,*,#3157,.F.);
#2035=ORIENTED_EDGE('',*,*,#3159,.F.);
#2036=ORIENTED_EDGE('',*,*,#3160,.T.);
#2037=ORIENTED_EDGE('',*,*,#3161,.T.);
#2038=ORIENTED_EDGE('',*,*,#3160,.F.);
#2039=ORIENTED_EDGE('',*,*,#3162,.F.);
#2040=ORIENTED_EDGE('',*,*,#3163,.T.);
#2041=ORIENTED_EDGE('',*,*,#3164,.T.);
#2042=ORIENTED_EDGE('',*,*,#3163,.F.);
#2043=ORIENTED_EDGE('',*,*,#3165,.F.);
#2044=ORIENTED_EDGE('',*,*,#3166,.T.);
#2045=ORIENTED_EDGE('',*,*,#3167,.T.);
#2046=ORIENTED_EDGE('',*,*,#3166,.F.);
#2047=ORIENTED_EDGE('',*,*,#3168,.F.);
#2048=ORIENTED_EDGE('',*,*,#3169,.T.);
#2049=ORIENTED_EDGE('',*,*,#3170,.T.);
#2050=ORIENTED_EDGE('',*,*,#3169,.F.);
#2051=ORIENTED_EDGE('',*,*,#3171,.F.);
#2052=ORIENTED_EDGE('',*,*,#3152,.T.);
#2053=ORIENTED_EDGE('',*,*,#3149,.F.);
#2054=ORIENTED_EDGE('',*,*,#3150,.F.);
#2055=ORIENTED_EDGE('',*,*,#3138,.F.);
#2056=ORIENTED_EDGE('',*,*,#3141,.F.);
#2057=ORIENTED_EDGE('',*,*,#3143,.F.);
#2058=ORIENTED_EDGE('',*,*,#3145,.F.);
#2059=ORIENTED_EDGE('',*,*,#3147,.F.);
#2060=ORIENTED_EDGE('',*,*,#3171,.T.);
#2061=ORIENTED_EDGE('',*,*,#3168,.T.);
#2062=ORIENTED_EDGE('',*,*,#3165,.T.);
#2063=ORIENTED_EDGE('',*,*,#3162,.T.);
#2064=ORIENTED_EDGE('',*,*,#3159,.T.);
#2065=ORIENTED_EDGE('',*,*,#3156,.T.);
#2066=ORIENTED_EDGE('',*,*,#3153,.T.);
#2067=ORIENTED_EDGE('',*,*,#3172,.T.);
#2068=ORIENTED_EDGE('',*,*,#3173,.T.);
#2069=ORIENTED_EDGE('',*,*,#3174,.T.);
#2070=ORIENTED_EDGE('',*,*,#3175,.T.);
#2071=ORIENTED_EDGE('',*,*,#3176,.T.);
#2072=ORIENTED_EDGE('',*,*,#3177,.T.);
#2073=ORIENTED_EDGE('',*,*,#3178,.T.);
#2074=ORIENTED_EDGE('',*,*,#3179,.T.);
#2075=ORIENTED_EDGE('',*,*,#3180,.T.);
#2076=ORIENTED_EDGE('',*,*,#3181,.T.);
#2077=ORIENTED_EDGE('',*,*,#3182,.T.);
#2078=ORIENTED_EDGE('',*,*,#3183,.T.);
#2079=ORIENTED_EDGE('',*,*,#3184,.T.);
#2080=ORIENTED_EDGE('',*,*,#3185,.F.);
#2081=ORIENTED_EDGE('',*,*,#3183,.F.);
#2082=ORIENTED_EDGE('',*,*,#3186,.T.);
#2083=ORIENTED_EDGE('',*,*,#3187,.T.);
#2084=ORIENTED_EDGE('',*,*,#3186,.F.);
#2085=ORIENTED_EDGE('',*,*,#3182,.F.);
#2086=ORIENTED_EDGE('',*,*,#3188,.T.);
#2087=ORIENTED_EDGE('',*,*,#3189,.T.);
#2088=ORIENTED_EDGE('',*,*,#3188,.F.);
#2089=ORIENTED_EDGE('',*,*,#3181,.F.);
#2090=ORIENTED_EDGE('',*,*,#3190,.T.);
#2091=ORIENTED_EDGE('',*,*,#3191,.T.);
#2092=ORIENTED_EDGE('',*,*,#3190,.F.);
#2093=ORIENTED_EDGE('',*,*,#3180,.F.);
#2094=ORIENTED_EDGE('',*,*,#3192,.T.);
#2095=ORIENTED_EDGE('',*,*,#3193,.T.);
#2096=ORIENTED_EDGE('',*,*,#3192,.F.);
#2097=ORIENTED_EDGE('',*,*,#3179,.F.);
#2098=ORIENTED_EDGE('',*,*,#3194,.T.);
#2099=ORIENTED_EDGE('',*,*,#3195,.T.);
#2100=ORIENTED_EDGE('',*,*,#3194,.F.);
#2101=ORIENTED_EDGE('',*,*,#3178,.F.);
#2102=ORIENTED_EDGE('',*,*,#3196,.T.);
#2103=ORIENTED_EDGE('',*,*,#3197,.T.);
#2104=ORIENTED_EDGE('',*,*,#3196,.F.);
#2105=ORIENTED_EDGE('',*,*,#3177,.F.);
#2106=ORIENTED_EDGE('',*,*,#3198,.T.);
#2107=ORIENTED_EDGE('',*,*,#3199,.T.);
#2108=ORIENTED_EDGE('',*,*,#3198,.F.);
#2109=ORIENTED_EDGE('',*,*,#3176,.F.);
#2110=ORIENTED_EDGE('',*,*,#3200,.T.);
#2111=ORIENTED_EDGE('',*,*,#3201,.T.);
#2112=ORIENTED_EDGE('',*,*,#3200,.F.);
#2113=ORIENTED_EDGE('',*,*,#3175,.F.);
#2114=ORIENTED_EDGE('',*,*,#3202,.T.);
#2115=ORIENTED_EDGE('',*,*,#3203,.T.);
#2116=ORIENTED_EDGE('',*,*,#3202,.F.);
#2117=ORIENTED_EDGE('',*,*,#3174,.F.);
#2118=ORIENTED_EDGE('',*,*,#3204,.T.);
#2119=ORIENTED_EDGE('',*,*,#3205,.T.);
#2120=ORIENTED_EDGE('',*,*,#3204,.F.);
#2121=ORIENTED_EDGE('',*,*,#3173,.F.);
#2122=ORIENTED_EDGE('',*,*,#3206,.T.);
#2123=ORIENTED_EDGE('',*,*,#3207,.T.);
#2124=ORIENTED_EDGE('',*,*,#3206,.F.);
#2125=ORIENTED_EDGE('',*,*,#3172,.F.);
#2126=ORIENTED_EDGE('',*,*,#3185,.T.);
#2127=ORIENTED_EDGE('',*,*,#3208,.T.);
#2128=ORIENTED_EDGE('',*,*,#3209,.T.);
#2129=ORIENTED_EDGE('',*,*,#3210,.T.);
#2130=ORIENTED_EDGE('',*,*,#3211,.T.);
#2131=ORIENTED_EDGE('',*,*,#3212,.T.);
#2132=ORIENTED_EDGE('',*,*,#3213,.T.);
#2133=ORIENTED_EDGE('',*,*,#3214,.T.);
#2134=ORIENTED_EDGE('',*,*,#3215,.T.);
#2135=ORIENTED_EDGE('',*,*,#3216,.T.);
#2136=ORIENTED_EDGE('',*,*,#3217,.T.);
#2137=ORIENTED_EDGE('',*,*,#3218,.T.);
#2138=ORIENTED_EDGE('',*,*,#3219,.T.);
#2139=ORIENTED_EDGE('',*,*,#3220,.T.);
#2140=ORIENTED_EDGE('',*,*,#3221,.T.);
#2141=ORIENTED_EDGE('',*,*,#3222,.T.);
#2142=ORIENTED_EDGE('',*,*,#3223,.F.);
#2143=ORIENTED_EDGE('',*,*,#3221,.F.);
#2144=ORIENTED_EDGE('',*,*,#3224,.T.);
#2145=ORIENTED_EDGE('',*,*,#3225,.T.);
#2146=ORIENTED_EDGE('',*,*,#3224,.F.);
#2147=ORIENTED_EDGE('',*,*,#3220,.F.);
#2148=ORIENTED_EDGE('',*,*,#3226,.T.);
#2149=ORIENTED_EDGE('',*,*,#3227,.T.);
#2150=ORIENTED_EDGE('',*,*,#3226,.F.);
#2151=ORIENTED_EDGE('',*,*,#3219,.F.);
#2152=ORIENTED_EDGE('',*,*,#3228,.T.);
#2153=ORIENTED_EDGE('',*,*,#3229,.T.);
#2154=ORIENTED_EDGE('',*,*,#3228,.F.);
#2155=ORIENTED_EDGE('',*,*,#3218,.F.);
#2156=ORIENTED_EDGE('',*,*,#3230,.T.);
#2157=ORIENTED_EDGE('',*,*,#3231,.T.);
#2158=ORIENTED_EDGE('',*,*,#3230,.F.);
#2159=ORIENTED_EDGE('',*,*,#3217,.F.);
#2160=ORIENTED_EDGE('',*,*,#3232,.T.);
#2161=ORIENTED_EDGE('',*,*,#3233,.T.);
#2162=ORIENTED_EDGE('',*,*,#3232,.F.);
#2163=ORIENTED_EDGE('',*,*,#3216,.F.);
#2164=ORIENTED_EDGE('',*,*,#3234,.T.);
#2165=ORIENTED_EDGE('',*,*,#3235,.T.);
#2166=ORIENTED_EDGE('',*,*,#3234,.F.);
#2167=ORIENTED_EDGE('',*,*,#3215,.F.);
#2168=ORIENTED_EDGE('',*,*,#3236,.T.);
#2169=ORIENTED_EDGE('',*,*,#3237,.T.);
#2170=ORIENTED_EDGE('',*,*,#3236,.F.);
#2171=ORIENTED_EDGE('',*,*,#3214,.F.);
#2172=ORIENTED_EDGE('',*,*,#3238,.T.);
#2173=ORIENTED_EDGE('',*,*,#3239,.T.);
#2174=ORIENTED_EDGE('',*,*,#3238,.F.);
#2175=ORIENTED_EDGE('',*,*,#3213,.F.);
#2176=ORIENTED_EDGE('',*,*,#3240,.T.);
#2177=ORIENTED_EDGE('',*,*,#3241,.T.);
#2178=ORIENTED_EDGE('',*,*,#3240,.F.);
#2179=ORIENTED_EDGE('',*,*,#3212,.F.);
#2180=ORIENTED_EDGE('',*,*,#3242,.T.);
#2181=ORIENTED_EDGE('',*,*,#3243,.T.);
#2182=ORIENTED_EDGE('',*,*,#3242,.F.);
#2183=ORIENTED_EDGE('',*,*,#3211,.F.);
#2184=ORIENTED_EDGE('',*,*,#3244,.T.);
#2185=ORIENTED_EDGE('',*,*,#3245,.T.);
#2186=ORIENTED_EDGE('',*,*,#3244,.F.);
#2187=ORIENTED_EDGE('',*,*,#3210,.F.);
#2188=ORIENTED_EDGE('',*,*,#3246,.T.);
#2189=ORIENTED_EDGE('',*,*,#3247,.T.);
#2190=ORIENTED_EDGE('',*,*,#3246,.F.);
#2191=ORIENTED_EDGE('',*,*,#3209,.F.);
#2192=ORIENTED_EDGE('',*,*,#3248,.T.);
#2193=ORIENTED_EDGE('',*,*,#3249,.T.);
#2194=ORIENTED_EDGE('',*,*,#3248,.F.);
#2195=ORIENTED_EDGE('',*,*,#3208,.F.);
#2196=ORIENTED_EDGE('',*,*,#3223,.T.);
#2197=ORIENTED_EDGE('',*,*,#3250,.T.);
#2198=ORIENTED_EDGE('',*,*,#3251,.T.);
#2199=ORIENTED_EDGE('',*,*,#3252,.T.);
#2200=ORIENTED_EDGE('',*,*,#3253,.T.);
#2201=ORIENTED_EDGE('',*,*,#3254,.T.);
#2202=ORIENTED_EDGE('',*,*,#3255,.T.);
#2203=ORIENTED_EDGE('',*,*,#3256,.T.);
#2204=ORIENTED_EDGE('',*,*,#3257,.F.);
#2205=ORIENTED_EDGE('',*,*,#3255,.F.);
#2206=ORIENTED_EDGE('',*,*,#3258,.T.);
#2207=ORIENTED_EDGE('',*,*,#3259,.T.);
#2208=ORIENTED_EDGE('',*,*,#3258,.F.);
#2209=ORIENTED_EDGE('',*,*,#3254,.F.);
#2210=ORIENTED_EDGE('',*,*,#3260,.T.);
#2211=ORIENTED_EDGE('',*,*,#3261,.T.);
#2212=ORIENTED_EDGE('',*,*,#3260,.F.);
#2213=ORIENTED_EDGE('',*,*,#3253,.F.);
#2214=ORIENTED_EDGE('',*,*,#3262,.T.);
#2215=ORIENTED_EDGE('',*,*,#3263,.T.);
#2216=ORIENTED_EDGE('',*,*,#3262,.F.);
#2217=ORIENTED_EDGE('',*,*,#3252,.F.);
#2218=ORIENTED_EDGE('',*,*,#3264,.T.);
#2219=ORIENTED_EDGE('',*,*,#3265,.T.);
#2220=ORIENTED_EDGE('',*,*,#3264,.F.);
#2221=ORIENTED_EDGE('',*,*,#3251,.F.);
#2222=ORIENTED_EDGE('',*,*,#3266,.T.);
#2223=ORIENTED_EDGE('',*,*,#3267,.T.);
#2224=ORIENTED_EDGE('',*,*,#3266,.F.);
#2225=ORIENTED_EDGE('',*,*,#3250,.F.);
#2226=ORIENTED_EDGE('',*,*,#3257,.T.);
#2227=ORIENTED_EDGE('',*,*,#3268,.F.);
#2228=ORIENTED_EDGE('',*,*,#3269,.T.);
#2229=ORIENTED_EDGE('',*,*,#3270,.T.);
#2230=ORIENTED_EDGE('',*,*,#3271,.F.);
#2231=ORIENTED_EDGE('',*,*,#3272,.F.);
#2232=ORIENTED_EDGE('',*,*,#3273,.T.);
#2233=ORIENTED_EDGE('',*,*,#3268,.T.);
#2234=ORIENTED_EDGE('',*,*,#3274,.F.);
#2235=ORIENTED_EDGE('',*,*,#3275,.F.);
#2236=ORIENTED_EDGE('',*,*,#3276,.T.);
#2237=ORIENTED_EDGE('',*,*,#3272,.T.);
#2238=ORIENTED_EDGE('',*,*,#3277,.F.);
#2239=ORIENTED_EDGE('',*,*,#3278,.F.);
#2240=ORIENTED_EDGE('',*,*,#3279,.T.);
#2241=ORIENTED_EDGE('',*,*,#3275,.T.);
#2242=ORIENTED_EDGE('',*,*,#3280,.F.);
#2243=ORIENTED_EDGE('',*,*,#3281,.T.);
#2244=ORIENTED_EDGE('',*,*,#3282,.T.);
#2245=ORIENTED_EDGE('',*,*,#3278,.T.);
#2246=ORIENTED_EDGE('',*,*,#3283,.F.);
#2247=ORIENTED_EDGE('',*,*,#3284,.T.);
#2248=ORIENTED_EDGE('',*,*,#3285,.T.);
#2249=ORIENTED_EDGE('',*,*,#3286,.F.);
#2250=ORIENTED_EDGE('',*,*,#3287,.F.);
#2251=ORIENTED_EDGE('',*,*,#3288,.T.);
#2252=ORIENTED_EDGE('',*,*,#3289,.T.);
#2253=ORIENTED_EDGE('',*,*,#3290,.F.);
#2254=ORIENTED_EDGE('',*,*,#3291,.F.);
#2255=ORIENTED_EDGE('',*,*,#3292,.T.);
#2256=ORIENTED_EDGE('',*,*,#3293,.F.);
#2257=ORIENTED_EDGE('',*,*,#3288,.F.);
#2258=ORIENTED_EDGE('',*,*,#3294,.T.);
#2259=ORIENTED_EDGE('',*,*,#3295,.T.);
#2260=ORIENTED_EDGE('',*,*,#3296,.F.);
#2261=ORIENTED_EDGE('',*,*,#3284,.F.);
#2262=ORIENTED_EDGE('',*,*,#3297,.T.);
#2263=ORIENTED_EDGE('',*,*,#3298,.F.);
#2264=ORIENTED_EDGE('',*,*,#3289,.F.);
#2265=ORIENTED_EDGE('',*,*,#3293,.T.);
#2266=ORIENTED_EDGE('',*,*,#3299,.T.);
#2267=ORIENTED_EDGE('',*,*,#3300,.F.);
#2268=ORIENTED_EDGE('',*,*,#3297,.F.);
#2269=ORIENTED_EDGE('',*,*,#3287,.T.);
#2270=ORIENTED_EDGE('',*,*,#3301,.T.);
#2271=ORIENTED_EDGE('',*,*,#3270,.F.);
#2272=ORIENTED_EDGE('',*,*,#3290,.T.);
#2273=ORIENTED_EDGE('',*,*,#3298,.T.);
#2274=ORIENTED_EDGE('',*,*,#3269,.F.);
#2275=ORIENTED_EDGE('',*,*,#3273,.F.);
#2276=ORIENTED_EDGE('',*,*,#3276,.F.);
#2277=ORIENTED_EDGE('',*,*,#3279,.F.);
#2278=ORIENTED_EDGE('',*,*,#3282,.F.);
#2279=ORIENTED_EDGE('',*,*,#3302,.F.);
#2280=ORIENTED_EDGE('',*,*,#3303,.F.);
#2281=ORIENTED_EDGE('',*,*,#3285,.F.);
#2282=ORIENTED_EDGE('',*,*,#3296,.T.);
#2283=ORIENTED_EDGE('',*,*,#3304,.F.);
#2284=ORIENTED_EDGE('',*,*,#3305,.T.);
#2285=ORIENTED_EDGE('',*,*,#3294,.F.);
#2286=ORIENTED_EDGE('',*,*,#3291,.T.);
#2287=ORIENTED_EDGE('',*,*,#3302,.T.);
#2288=ORIENTED_EDGE('',*,*,#3281,.F.);
#2289=ORIENTED_EDGE('',*,*,#3286,.T.);
#2290=ORIENTED_EDGE('',*,*,#3303,.T.);
#2291=ORIENTED_EDGE('',*,*,#3283,.T.);
#2292=ORIENTED_EDGE('',*,*,#3280,.T.);
#2293=ORIENTED_EDGE('',*,*,#3277,.T.);
#2294=ORIENTED_EDGE('',*,*,#3274,.T.);
#2295=ORIENTED_EDGE('',*,*,#3271,.T.);
#2296=ORIENTED_EDGE('',*,*,#3301,.F.);
#2297=ORIENTED_EDGE('',*,*,#3306,.F.);
#2298=ORIENTED_EDGE('',*,*,#3307,.F.);
#2299=ORIENTED_EDGE('',*,*,#3308,.T.);
#2300=ORIENTED_EDGE('',*,*,#3309,.T.);
#2301=ORIENTED_EDGE('',*,*,#3310,.F.);
#2302=ORIENTED_EDGE('',*,*,#3295,.F.);
#2303=ORIENTED_EDGE('',*,*,#3311,.F.);
#2304=ORIENTED_EDGE('',*,*,#3312,.F.);
#2305=ORIENTED_EDGE('',*,*,#3313,.F.);
#2306=ORIENTED_EDGE('',*,*,#3308,.F.);
#2307=ORIENTED_EDGE('',*,*,#3314,.T.);
#2308=ORIENTED_EDGE('',*,*,#3315,.F.);
#2309=ORIENTED_EDGE('',*,*,#3316,.F.);
#2310=ORIENTED_EDGE('',*,*,#3309,.F.);
#2311=ORIENTED_EDGE('',*,*,#3313,.T.);
#2312=ORIENTED_EDGE('',*,*,#3317,.T.);
#2313=ORIENTED_EDGE('',*,*,#3318,.T.);
#2314=ORIENTED_EDGE('',*,*,#3317,.F.);
#2315=ORIENTED_EDGE('',*,*,#3312,.T.);
#2316=ORIENTED_EDGE('',*,*,#3319,.T.);
#2317=ORIENTED_EDGE('',*,*,#3320,.T.);
#2318=ORIENTED_EDGE('',*,*,#3319,.F.);
#2319=ORIENTED_EDGE('',*,*,#3311,.T.);
#2320=ORIENTED_EDGE('',*,*,#3307,.T.);
#2321=ORIENTED_EDGE('',*,*,#3321,.F.);
#2322=ORIENTED_EDGE('',*,*,#3322,.T.);
#2323=ORIENTED_EDGE('',*,*,#3323,.F.);
#2324=ORIENTED_EDGE('',*,*,#3324,.T.);
#2325=ORIENTED_EDGE('',*,*,#3325,.F.);
#2326=ORIENTED_EDGE('',*,*,#3326,.T.);
#2327=ORIENTED_EDGE('',*,*,#3327,.F.);
#2328=ORIENTED_EDGE('',*,*,#3328,.T.);
#2329=ORIENTED_EDGE('',*,*,#3329,.F.);
#2330=ORIENTED_EDGE('',*,*,#3330,.T.);
#2331=ORIENTED_EDGE('',*,*,#3331,.F.);
#2332=ORIENTED_EDGE('',*,*,#3332,.T.);
#2333=ORIENTED_EDGE('',*,*,#3333,.F.);
#2334=ORIENTED_EDGE('',*,*,#3334,.T.);
#2335=ORIENTED_EDGE('',*,*,#3335,.F.);
#2336=ORIENTED_EDGE('',*,*,#3336,.T.);
#2337=ORIENTED_EDGE('',*,*,#3337,.F.);
#2338=ORIENTED_EDGE('',*,*,#3338,.T.);
#2339=ORIENTED_EDGE('',*,*,#3339,.F.);
#2340=ORIENTED_EDGE('',*,*,#3340,.T.);
#2341=ORIENTED_EDGE('',*,*,#3341,.F.);
#2342=ORIENTED_EDGE('',*,*,#3342,.T.);
#2343=ORIENTED_EDGE('',*,*,#3343,.F.);
#2344=ORIENTED_EDGE('',*,*,#3344,.T.);
#2345=ORIENTED_EDGE('',*,*,#3345,.F.);
#2346=ORIENTED_EDGE('',*,*,#3346,.T.);
#2347=ORIENTED_EDGE('',*,*,#3347,.F.);
#2348=ORIENTED_EDGE('',*,*,#3348,.T.);
#2349=ORIENTED_EDGE('',*,*,#3349,.F.);
#2350=ORIENTED_EDGE('',*,*,#3350,.T.);
#2351=ORIENTED_EDGE('',*,*,#3351,.F.);
#2352=ORIENTED_EDGE('',*,*,#3352,.T.);
#2353=ORIENTED_EDGE('',*,*,#3353,.F.);
#2354=ORIENTED_EDGE('',*,*,#3354,.T.);
#2355=ORIENTED_EDGE('',*,*,#3355,.T.);
#2356=ORIENTED_EDGE('',*,*,#3356,.F.);
#2357=ORIENTED_EDGE('',*,*,#3357,.F.);
#2358=ORIENTED_EDGE('',*,*,#3358,.T.);
#2359=ORIENTED_EDGE('',*,*,#3359,.T.);
#2360=ORIENTED_EDGE('',*,*,#3358,.F.);
#2361=ORIENTED_EDGE('',*,*,#3360,.F.);
#2362=ORIENTED_EDGE('',*,*,#3361,.T.);
#2363=ORIENTED_EDGE('',*,*,#3362,.T.);
#2364=ORIENTED_EDGE('',*,*,#3361,.F.);
#2365=ORIENTED_EDGE('',*,*,#3363,.F.);
#2366=ORIENTED_EDGE('',*,*,#3364,.T.);
#2367=ORIENTED_EDGE('',*,*,#3365,.T.);
#2368=ORIENTED_EDGE('',*,*,#3364,.F.);
#2369=ORIENTED_EDGE('',*,*,#3366,.F.);
#2370=ORIENTED_EDGE('',*,*,#3367,.T.);
#2371=ORIENTED_EDGE('',*,*,#3368,.T.);
#2372=ORIENTED_EDGE('',*,*,#3367,.F.);
#2373=ORIENTED_EDGE('',*,*,#3369,.F.);
#2374=ORIENTED_EDGE('',*,*,#3370,.T.);
#2375=ORIENTED_EDGE('',*,*,#3371,.T.);
#2376=ORIENTED_EDGE('',*,*,#3370,.F.);
#2377=ORIENTED_EDGE('',*,*,#3372,.F.);
#2378=ORIENTED_EDGE('',*,*,#3373,.T.);
#2379=ORIENTED_EDGE('',*,*,#3374,.T.);
#2380=ORIENTED_EDGE('',*,*,#3373,.F.);
#2381=ORIENTED_EDGE('',*,*,#3375,.F.);
#2382=ORIENTED_EDGE('',*,*,#3376,.T.);
#2383=ORIENTED_EDGE('',*,*,#3377,.T.);
#2384=ORIENTED_EDGE('',*,*,#3376,.F.);
#2385=ORIENTED_EDGE('',*,*,#3378,.F.);
#2386=ORIENTED_EDGE('',*,*,#3356,.T.);
#2387=ORIENTED_EDGE('',*,*,#3379,.T.);
#2388=ORIENTED_EDGE('',*,*,#3380,.T.);
#2389=ORIENTED_EDGE('',*,*,#3381,.T.);
#2390=ORIENTED_EDGE('',*,*,#3382,.T.);
#2391=ORIENTED_EDGE('',*,*,#3377,.F.);
#2392=ORIENTED_EDGE('',*,*,#3355,.F.);
#2393=ORIENTED_EDGE('',*,*,#3359,.F.);
#2394=ORIENTED_EDGE('',*,*,#3362,.F.);
#2395=ORIENTED_EDGE('',*,*,#3365,.F.);
#2396=ORIENTED_EDGE('',*,*,#3368,.F.);
#2397=ORIENTED_EDGE('',*,*,#3371,.F.);
#2398=ORIENTED_EDGE('',*,*,#3374,.F.);
#2399=ORIENTED_EDGE('',*,*,#3383,.T.);
#2400=ORIENTED_EDGE('',*,*,#3384,.T.);
#2401=ORIENTED_EDGE('',*,*,#3385,.T.);
#2402=ORIENTED_EDGE('',*,*,#3386,.T.);
#2403=ORIENTED_EDGE('',*,*,#3387,.T.);
#2404=ORIENTED_EDGE('',*,*,#3304,.T.);
#2405=ORIENTED_EDGE('',*,*,#3310,.T.);
#2406=ORIENTED_EDGE('',*,*,#3316,.T.);
#2407=ORIENTED_EDGE('',*,*,#3306,.T.);
#2408=ORIENTED_EDGE('',*,*,#3300,.T.);
#2409=ORIENTED_EDGE('',*,*,#3388,.T.);
#2410=ORIENTED_EDGE('',*,*,#3321,.T.);
#2411=ORIENTED_EDGE('',*,*,#3299,.F.);
#2412=ORIENTED_EDGE('',*,*,#3292,.F.);
#2413=ORIENTED_EDGE('',*,*,#3305,.F.);
#2414=ORIENTED_EDGE('',*,*,#3387,.F.);
#2415=ORIENTED_EDGE('',*,*,#3315,.T.);
#2416=ORIENTED_EDGE('',*,*,#3389,.T.);
#2417=ORIENTED_EDGE('',*,*,#3322,.F.);
#2418=ORIENTED_EDGE('',*,*,#3388,.F.);
#2419=ORIENTED_EDGE('',*,*,#2759,.F.);
#2420=ORIENTED_EDGE('',*,*,#2662,.F.);
#2421=ORIENTED_EDGE('',*,*,#2666,.F.);
#2422=ORIENTED_EDGE('',*,*,#2669,.F.);
#2423=ORIENTED_EDGE('',*,*,#2672,.F.);
#2424=ORIENTED_EDGE('',*,*,#2675,.F.);
#2425=ORIENTED_EDGE('',*,*,#2678,.F.);
#2426=ORIENTED_EDGE('',*,*,#2681,.F.);
#2427=ORIENTED_EDGE('',*,*,#2684,.F.);
#2428=ORIENTED_EDGE('',*,*,#2687,.F.);
#2429=ORIENTED_EDGE('',*,*,#2690,.F.);
#2430=ORIENTED_EDGE('',*,*,#2693,.F.);
#2431=ORIENTED_EDGE('',*,*,#2696,.F.);
#2432=ORIENTED_EDGE('',*,*,#2699,.F.);
#2433=ORIENTED_EDGE('',*,*,#2702,.F.);
#2434=ORIENTED_EDGE('',*,*,#2705,.F.);
#2435=ORIENTED_EDGE('',*,*,#2708,.F.);
#2436=ORIENTED_EDGE('',*,*,#2711,.F.);
#2437=ORIENTED_EDGE('',*,*,#2714,.F.);
#2438=ORIENTED_EDGE('',*,*,#2717,.F.);
#2439=ORIENTED_EDGE('',*,*,#2720,.F.);
#2440=ORIENTED_EDGE('',*,*,#2723,.F.);
#2441=ORIENTED_EDGE('',*,*,#2726,.F.);
#2442=ORIENTED_EDGE('',*,*,#2729,.F.);
#2443=ORIENTED_EDGE('',*,*,#2732,.F.);
#2444=ORIENTED_EDGE('',*,*,#2735,.F.);
#2445=ORIENTED_EDGE('',*,*,#2738,.F.);
#2446=ORIENTED_EDGE('',*,*,#2741,.F.);
#2447=ORIENTED_EDGE('',*,*,#2744,.F.);
#2448=ORIENTED_EDGE('',*,*,#2747,.F.);
#2449=ORIENTED_EDGE('',*,*,#2750,.F.);
#2450=ORIENTED_EDGE('',*,*,#2753,.F.);
#2451=ORIENTED_EDGE('',*,*,#2756,.F.);
#2452=ORIENTED_EDGE('',*,*,#2801,.F.);
#2453=ORIENTED_EDGE('',*,*,#2779,.F.);
#2454=ORIENTED_EDGE('',*,*,#2783,.F.);
#2455=ORIENTED_EDGE('',*,*,#2786,.F.);
#2456=ORIENTED_EDGE('',*,*,#2789,.F.);
#2457=ORIENTED_EDGE('',*,*,#2792,.F.);
#2458=ORIENTED_EDGE('',*,*,#2795,.F.);
#2459=ORIENTED_EDGE('',*,*,#2798,.F.);
#2460=ORIENTED_EDGE('',*,*,#2843,.F.);
#2461=ORIENTED_EDGE('',*,*,#2824,.F.);
#2462=ORIENTED_EDGE('',*,*,#2828,.F.);
#2463=ORIENTED_EDGE('',*,*,#2831,.F.);
#2464=ORIENTED_EDGE('',*,*,#2834,.F.);
#2465=ORIENTED_EDGE('',*,*,#2837,.F.);
#2466=ORIENTED_EDGE('',*,*,#2840,.F.);
#2467=ORIENTED_EDGE('',*,*,#2880,.F.);
#2468=ORIENTED_EDGE('',*,*,#2857,.F.);
#2469=ORIENTED_EDGE('',*,*,#2860,.F.);
#2470=ORIENTED_EDGE('',*,*,#2862,.F.);
#2471=ORIENTED_EDGE('',*,*,#2864,.F.);
#2472=ORIENTED_EDGE('',*,*,#2866,.F.);
#2473=ORIENTED_EDGE('',*,*,#2868,.F.);
#2474=ORIENTED_EDGE('',*,*,#2870,.F.);
#2475=ORIENTED_EDGE('',*,*,#2872,.F.);
#2476=ORIENTED_EDGE('',*,*,#2874,.F.);
#2477=ORIENTED_EDGE('',*,*,#2876,.F.);
#2478=ORIENTED_EDGE('',*,*,#2878,.F.);
#2479=ORIENTED_EDGE('',*,*,#2988,.F.);
#2480=ORIENTED_EDGE('',*,*,#2947,.F.);
#2481=ORIENTED_EDGE('',*,*,#2950,.F.);
#2482=ORIENTED_EDGE('',*,*,#2952,.F.);
#2483=ORIENTED_EDGE('',*,*,#2954,.F.);
#2484=ORIENTED_EDGE('',*,*,#2956,.F.);
#2485=ORIENTED_EDGE('',*,*,#2958,.F.);
#2486=ORIENTED_EDGE('',*,*,#2960,.F.);
#2487=ORIENTED_EDGE('',*,*,#2962,.F.);
#2488=ORIENTED_EDGE('',*,*,#2964,.F.);
#2489=ORIENTED_EDGE('',*,*,#2966,.F.);
#2490=ORIENTED_EDGE('',*,*,#2968,.F.);
#2491=ORIENTED_EDGE('',*,*,#2970,.F.);
#2492=ORIENTED_EDGE('',*,*,#2972,.F.);
#2493=ORIENTED_EDGE('',*,*,#2974,.F.);
#2494=ORIENTED_EDGE('',*,*,#2976,.F.);
#2495=ORIENTED_EDGE('',*,*,#2978,.F.);
#2496=ORIENTED_EDGE('',*,*,#2980,.F.);
#2497=ORIENTED_EDGE('',*,*,#2982,.F.);
#2498=ORIENTED_EDGE('',*,*,#2984,.F.);
#2499=ORIENTED_EDGE('',*,*,#2986,.F.);
#2500=ORIENTED_EDGE('',*,*,#3128,.F.);
#2501=ORIENTED_EDGE('',*,*,#3106,.F.);
#2502=ORIENTED_EDGE('',*,*,#3110,.F.);
#2503=ORIENTED_EDGE('',*,*,#3113,.F.);
#2504=ORIENTED_EDGE('',*,*,#3116,.F.);
#2505=ORIENTED_EDGE('',*,*,#3119,.F.);
#2506=ORIENTED_EDGE('',*,*,#3122,.F.);
#2507=ORIENTED_EDGE('',*,*,#3125,.F.);
#2508=ORIENTED_EDGE('',*,*,#3170,.F.);
#2509=ORIENTED_EDGE('',*,*,#3151,.F.);
#2510=ORIENTED_EDGE('',*,*,#3155,.F.);
#2511=ORIENTED_EDGE('',*,*,#3158,.F.);
#2512=ORIENTED_EDGE('',*,*,#3161,.F.);
#2513=ORIENTED_EDGE('',*,*,#3164,.F.);
#2514=ORIENTED_EDGE('',*,*,#3167,.F.);
#2515=ORIENTED_EDGE('',*,*,#3207,.F.);
#2516=ORIENTED_EDGE('',*,*,#3184,.F.);
#2517=ORIENTED_EDGE('',*,*,#3187,.F.);
#2518=ORIENTED_EDGE('',*,*,#3189,.F.);
#2519=ORIENTED_EDGE('',*,*,#3191,.F.);
#2520=ORIENTED_EDGE('',*,*,#3193,.F.);
#2521=ORIENTED_EDGE('',*,*,#3195,.F.);
#2522=ORIENTED_EDGE('',*,*,#3197,.F.);
#2523=ORIENTED_EDGE('',*,*,#3199,.F.);
#2524=ORIENTED_EDGE('',*,*,#3201,.F.);
#2525=ORIENTED_EDGE('',*,*,#3203,.F.);
#2526=ORIENTED_EDGE('',*,*,#3205,.F.);
#2527=ORIENTED_EDGE('',*,*,#3267,.F.);
#2528=ORIENTED_EDGE('',*,*,#3256,.F.);
#2529=ORIENTED_EDGE('',*,*,#3259,.F.);
#2530=ORIENTED_EDGE('',*,*,#3261,.F.);
#2531=ORIENTED_EDGE('',*,*,#3263,.F.);
#2532=ORIENTED_EDGE('',*,*,#3265,.F.);
#2533=ORIENTED_EDGE('',*,*,#3390,.F.);
#2534=ORIENTED_EDGE('',*,*,#3391,.F.);
#2535=ORIENTED_EDGE('',*,*,#3392,.F.);
#2536=ORIENTED_EDGE('',*,*,#3393,.F.);
#2537=ORIENTED_EDGE('',*,*,#3378,.T.);
#2538=ORIENTED_EDGE('',*,*,#3375,.T.);
#2539=ORIENTED_EDGE('',*,*,#3372,.T.);
#2540=ORIENTED_EDGE('',*,*,#3369,.T.);
#2541=ORIENTED_EDGE('',*,*,#3366,.T.);
#2542=ORIENTED_EDGE('',*,*,#3363,.T.);
#2543=ORIENTED_EDGE('',*,*,#3360,.T.);
#2544=ORIENTED_EDGE('',*,*,#3357,.T.);
#2545=ORIENTED_EDGE('',*,*,#3394,.F.);
#2546=ORIENTED_EDGE('',*,*,#3395,.F.);
#2547=ORIENTED_EDGE('',*,*,#3396,.F.);
#2548=ORIENTED_EDGE('',*,*,#3397,.F.);
#2549=ORIENTED_EDGE('',*,*,#3320,.F.);
#2550=ORIENTED_EDGE('',*,*,#3389,.F.);
#2551=ORIENTED_EDGE('',*,*,#3314,.F.);
#2552=ORIENTED_EDGE('',*,*,#3318,.F.);
#2553=ORIENTED_EDGE('',*,*,#3249,.F.);
#2554=ORIENTED_EDGE('',*,*,#3222,.F.);
#2555=ORIENTED_EDGE('',*,*,#3225,.F.);
#2556=ORIENTED_EDGE('',*,*,#3227,.F.);
#2557=ORIENTED_EDGE('',*,*,#3229,.F.);
#2558=ORIENTED_EDGE('',*,*,#3231,.F.);
#2559=ORIENTED_EDGE('',*,*,#3233,.F.);
#2560=ORIENTED_EDGE('',*,*,#3235,.F.);
#2561=ORIENTED_EDGE('',*,*,#3237,.F.);
#2562=ORIENTED_EDGE('',*,*,#3239,.F.);
#2563=ORIENTED_EDGE('',*,*,#3241,.F.);
#2564=ORIENTED_EDGE('',*,*,#3243,.F.);
#2565=ORIENTED_EDGE('',*,*,#3245,.F.);
#2566=ORIENTED_EDGE('',*,*,#3247,.F.);
#2567=ORIENTED_EDGE('',*,*,#3087,.F.);
#2568=ORIENTED_EDGE('',*,*,#3064,.F.);
#2569=ORIENTED_EDGE('',*,*,#3067,.F.);
#2570=ORIENTED_EDGE('',*,*,#3069,.F.);
#2571=ORIENTED_EDGE('',*,*,#3071,.F.);
#2572=ORIENTED_EDGE('',*,*,#3073,.F.);
#2573=ORIENTED_EDGE('',*,*,#3075,.F.);
#2574=ORIENTED_EDGE('',*,*,#3077,.F.);
#2575=ORIENTED_EDGE('',*,*,#3079,.F.);
#2576=ORIENTED_EDGE('',*,*,#3081,.F.);
#2577=ORIENTED_EDGE('',*,*,#3083,.F.);
#2578=ORIENTED_EDGE('',*,*,#3085,.F.);
#2579=ORIENTED_EDGE('',*,*,#3050,.F.);
#2580=ORIENTED_EDGE('',*,*,#3010,.F.);
#2581=ORIENTED_EDGE('',*,*,#3014,.F.);
#2582=ORIENTED_EDGE('',*,*,#3017,.F.);
#2583=ORIENTED_EDGE('',*,*,#3020,.F.);
#2584=ORIENTED_EDGE('',*,*,#3023,.F.);
#2585=ORIENTED_EDGE('',*,*,#3026,.F.);
#2586=ORIENTED_EDGE('',*,*,#3029,.F.);
#2587=ORIENTED_EDGE('',*,*,#3032,.F.);
#2588=ORIENTED_EDGE('',*,*,#3035,.F.);
#2589=ORIENTED_EDGE('',*,*,#3038,.F.);
#2590=ORIENTED_EDGE('',*,*,#3041,.F.);
#2591=ORIENTED_EDGE('',*,*,#3044,.F.);
#2592=ORIENTED_EDGE('',*,*,#3047,.F.);
#2593=ORIENTED_EDGE('',*,*,#2925,.F.);
#2594=ORIENTED_EDGE('',*,*,#2896,.F.);
#2595=ORIENTED_EDGE('',*,*,#2899,.F.);
#2596=ORIENTED_EDGE('',*,*,#2901,.F.);
#2597=ORIENTED_EDGE('',*,*,#2903,.F.);
#2598=ORIENTED_EDGE('',*,*,#2905,.F.);
#2599=ORIENTED_EDGE('',*,*,#2907,.F.);
#2600=ORIENTED_EDGE('',*,*,#2909,.F.);
#2601=ORIENTED_EDGE('',*,*,#2911,.F.);
#2602=ORIENTED_EDGE('',*,*,#2913,.F.);
#2603=ORIENTED_EDGE('',*,*,#2915,.F.);
#2604=ORIENTED_EDGE('',*,*,#2917,.F.);
#2605=ORIENTED_EDGE('',*,*,#2919,.F.);
#2606=ORIENTED_EDGE('',*,*,#2921,.F.);
#2607=ORIENTED_EDGE('',*,*,#2923,.F.);
#2608=ORIENTED_EDGE('',*,*,#3353,.T.);
#2609=ORIENTED_EDGE('',*,*,#3383,.F.);
#2610=ORIENTED_EDGE('',*,*,#3354,.F.);
#2611=ORIENTED_EDGE('',*,*,#3351,.T.);
#2612=ORIENTED_EDGE('',*,*,#3394,.T.);
#2613=ORIENTED_EDGE('',*,*,#3352,.F.);
#2614=ORIENTED_EDGE('',*,*,#3349,.T.);
#2615=ORIENTED_EDGE('',*,*,#3382,.F.);
#2616=ORIENTED_EDGE('',*,*,#3350,.F.);
#2617=ORIENTED_EDGE('',*,*,#3347,.T.);
#2618=ORIENTED_EDGE('',*,*,#3393,.T.);
#2619=ORIENTED_EDGE('',*,*,#3348,.F.);
#2620=ORIENTED_EDGE('',*,*,#3345,.T.);
#2621=ORIENTED_EDGE('',*,*,#3384,.F.);
#2622=ORIENTED_EDGE('',*,*,#3346,.F.);
#2623=ORIENTED_EDGE('',*,*,#3343,.T.);
#2624=ORIENTED_EDGE('',*,*,#3395,.T.);
#2625=ORIENTED_EDGE('',*,*,#3344,.F.);
#2626=ORIENTED_EDGE('',*,*,#3341,.T.);
#2627=ORIENTED_EDGE('',*,*,#3381,.F.);
#2628=ORIENTED_EDGE('',*,*,#3342,.F.);
#2629=ORIENTED_EDGE('',*,*,#3339,.T.);
#2630=ORIENTED_EDGE('',*,*,#3392,.T.);
#2631=ORIENTED_EDGE('',*,*,#3340,.F.);
#2632=ORIENTED_EDGE('',*,*,#3337,.T.);
#2633=ORIENTED_EDGE('',*,*,#3385,.F.);
#2634=ORIENTED_EDGE('',*,*,#3338,.F.);
#2635=ORIENTED_EDGE('',*,*,#3335,.T.);
#2636=ORIENTED_EDGE('',*,*,#3396,.T.);
#2637=ORIENTED_EDGE('',*,*,#3336,.F.);
#2638=ORIENTED_EDGE('',*,*,#3333,.T.);
#2639=ORIENTED_EDGE('',*,*,#3380,.F.);
#2640=ORIENTED_EDGE('',*,*,#3334,.F.);
#2641=ORIENTED_EDGE('',*,*,#3331,.T.);
#2642=ORIENTED_EDGE('',*,*,#3391,.T.);
#2643=ORIENTED_EDGE('',*,*,#3332,.F.);
#2644=ORIENTED_EDGE('',*,*,#3329,.T.);
#2645=ORIENTED_EDGE('',*,*,#3386,.F.);
#2646=ORIENTED_EDGE('',*,*,#3330,.F.);
#2647=ORIENTED_EDGE('',*,*,#3327,.T.);
#2648=ORIENTED_EDGE('',*,*,#3397,.T.);
#2649=ORIENTED_EDGE('',*,*,#3328,.F.);
#2650=ORIENTED_EDGE('',*,*,#3325,.T.);
#2651=ORIENTED_EDGE('',*,*,#3379,.F.);
#2652=ORIENTED_EDGE('',*,*,#3326,.F.);
#2653=ORIENTED_EDGE('',*,*,#3323,.T.);
#2654=ORIENTED_EDGE('',*,*,#3390,.T.);
#2655=ORIENTED_EDGE('',*,*,#3324,.F.);
#2656=EDGE_CURVE('',#3398,#3399,#3907,.T.);
#2657=EDGE_CURVE('',#3399,#3398,#3908,.T.);
#2658=EDGE_CURVE('',#3400,#3398,#121,.T.);
#2659=EDGE_CURVE('',#3400,#3401,#3909,.T.);
#2660=EDGE_CURVE('',#3401,#3399,#122,.T.);
#2661=EDGE_CURVE('',#3401,#3400,#3910,.T.);
#2662=EDGE_CURVE('',#3402,#3403,#3911,.T.);
#2663=EDGE_CURVE('',#3404,#3403,#123,.T.);
#2664=EDGE_CURVE('',#3405,#3404,#3912,.T.);
#2665=EDGE_CURVE('',#3405,#3402,#124,.T.);
#2666=EDGE_CURVE('',#3406,#3402,#3913,.T.);
#2667=EDGE_CURVE('',#3407,#3405,#3914,.T.);
#2668=EDGE_CURVE('',#3407,#3406,#125,.T.);
#2669=EDGE_CURVE('',#3408,#3406,#126,.T.);
#2670=EDGE_CURVE('',#3409,#3407,#127,.T.);
#2671=EDGE_CURVE('',#3409,#3408,#128,.T.);
#2672=EDGE_CURVE('',#3410,#3408,#3915,.T.);
#2673=EDGE_CURVE('',#3411,#3409,#3916,.T.);
#2674=EDGE_CURVE('',#3411,#3410,#129,.T.);
#2675=EDGE_CURVE('',#3412,#3410,#17,.T.);
#2676=EDGE_CURVE('',#3413,#3411,#18,.T.);
#2677=EDGE_CURVE('',#3413,#3412,#3917,.T.);
#2678=EDGE_CURVE('',#3414,#3412,#3918,.T.);
#2679=EDGE_CURVE('',#3415,#3413,#3919,.T.);
#2680=EDGE_CURVE('',#3415,#3414,#130,.T.);
#2681=EDGE_CURVE('',#3416,#3414,#131,.T.);
#2682=EDGE_CURVE('',#3417,#3415,#132,.T.);
#2683=EDGE_CURVE('',#3417,#3416,#133,.T.);
#2684=EDGE_CURVE('',#3418,#3416,#3920,.T.);
#2685=EDGE_CURVE('',#3419,#3417,#3921,.T.);
#2686=EDGE_CURVE('',#3419,#3418,#3922,.F.);
#2687=EDGE_CURVE('',#3420,#3418,#19,.T.);
#2688=EDGE_CURVE('',#3421,#3419,#20,.T.);
#2689=EDGE_CURVE('',#3421,#3420,#3923,.F.);
#2690=EDGE_CURVE('',#3422,#3420,#134,.T.);
#2691=EDGE_CURVE('',#3423,#3421,#135,.T.);
#2692=EDGE_CURVE('',#3423,#3422,#136,.T.);
#2693=EDGE_CURVE('',#3424,#3422,#3924,.T.);
#2694=EDGE_CURVE('',#3425,#3423,#3925,.T.);
#2695=EDGE_CURVE('',#3425,#3424,#137,.T.);
#2696=EDGE_CURVE('',#3426,#3424,#3926,.T.);
#2697=EDGE_CURVE('',#3427,#3425,#3927,.T.);
#2698=EDGE_CURVE('',#3427,#3426,#138,.T.);
#2699=EDGE_CURVE('',#3428,#3426,#3928,.T.);
#2700=EDGE_CURVE('',#3429,#3427,#3929,.T.);
#2701=EDGE_CURVE('',#3429,#3428,#139,.T.);
#2702=EDGE_CURVE('',#3430,#3428,#3930,.T.);
#2703=EDGE_CURVE('',#3431,#3429,#3931,.T.);
#2704=EDGE_CURVE('',#3431,#3430,#140,.T.);
#2705=EDGE_CURVE('',#3432,#3430,#3932,.T.);
#2706=EDGE_CURVE('',#3433,#3431,#3933,.T.);
#2707=EDGE_CURVE('',#3433,#3432,#141,.T.);
#2708=EDGE_CURVE('',#3434,#3432,#3934,.T.);
#2709=EDGE_CURVE('',#3435,#3433,#3935,.T.);
#2710=EDGE_CURVE('',#3435,#3434,#142,.T.);
#2711=EDGE_CURVE('',#3436,#3434,#3936,.T.);
#2712=EDGE_CURVE('',#3437,#3435,#3937,.T.);
#2713=EDGE_CURVE('',#3437,#3436,#143,.T.);
#2714=EDGE_CURVE('',#3438,#3436,#144,.T.);
#2715=EDGE_CURVE('',#3439,#3437,#145,.T.);
#2716=EDGE_CURVE('',#3439,#3438,#146,.T.);
#2717=EDGE_CURVE('',#3440,#3438,#147,.T.);
#2718=EDGE_CURVE('',#3441,#3439,#148,.T.);
#2719=EDGE_CURVE('',#3441,#3440,#149,.T.);
#2720=EDGE_CURVE('',#3442,#3440,#150,.T.);
#2721=EDGE_CURVE('',#3443,#3441,#151,.T.);
#2722=EDGE_CURVE('',#3443,#3442,#152,.T.);
#2723=EDGE_CURVE('',#3444,#3442,#153,.T.);
#2724=EDGE_CURVE('',#3445,#3443,#154,.T.);
#2725=EDGE_CURVE('',#3445,#3444,#155,.T.);
#2726=EDGE_CURVE('',#3446,#3444,#3938,.T.);
#2727=EDGE_CURVE('',#3447,#3445,#3939,.T.);
#2728=EDGE_CURVE('',#3447,#3446,#156,.T.);
#2729=EDGE_CURVE('',#3448,#3446,#3940,.T.);
#2730=EDGE_CURVE('',#3449,#3447,#3941,.T.);
#2731=EDGE_CURVE('',#3449,#3448,#3942,.F.);
#2732=EDGE_CURVE('',#3450,#3448,#21,.T.);
#2733=EDGE_CURVE('',#3451,#3449,#22,.T.);
#2734=EDGE_CURVE('',#3451,#3450,#3943,.T.);
#2735=EDGE_CURVE('',#3452,#3450,#3944,.T.);
#2736=EDGE_CURVE('',#3453,#3451,#3945,.T.);
#2737=EDGE_CURVE('',#3453,#3452,#157,.T.);
#2738=EDGE_CURVE('',#3454,#3452,#3946,.T.);
#2739=EDGE_CURVE('',#3455,#3453,#3947,.T.);
#2740=EDGE_CURVE('',#3455,#3454,#158,.T.);
#2741=EDGE_CURVE('',#3456,#3454,#3948,.T.);
#2742=EDGE_CURVE('',#3457,#3455,#3949,.T.);
#2743=EDGE_CURVE('',#3457,#3456,#3950,.F.);
#2744=EDGE_CURVE('',#3458,#3456,#23,.T.);
#2745=EDGE_CURVE('',#3459,#3457,#24,.T.);
#2746=EDGE_CURVE('',#3459,#3458,#3951,.T.);
#2747=EDGE_CURVE('',#3460,#3458,#3952,.T.);
#2748=EDGE_CURVE('',#3461,#3459,#3953,.T.);
#2749=EDGE_CURVE('',#3461,#3460,#159,.T.);
#2750=EDGE_CURVE('',#3462,#3460,#3954,.T.);
#2751=EDGE_CURVE('',#3463,#3461,#3955,.T.);
#2752=EDGE_CURVE('',#3463,#3462,#160,.T.);
#2753=EDGE_CURVE('',#3464,#3462,#3956,.T.);
#2754=EDGE_CURVE('',#3465,#3463,#3957,.T.);
#2755=EDGE_CURVE('',#3465,#3464,#161,.T.);
#2756=EDGE_CURVE('',#3466,#3464,#3958,.T.);
#2757=EDGE_CURVE('',#3467,#3465,#3959,.T.);
#2758=EDGE_CURVE('',#3467,#3466,#162,.T.);
#2759=EDGE_CURVE('',#3403,#3466,#3960,.T.);
#2760=EDGE_CURVE('',#3404,#3467,#3961,.T.);
#2761=EDGE_CURVE('',#3468,#3469,#163,.T.);
#2762=EDGE_CURVE('',#3469,#3470,#164,.T.);
#2763=EDGE_CURVE('',#3470,#3471,#165,.T.);
#2764=EDGE_CURVE('',#3471,#3472,#3962,.T.);
#2765=EDGE_CURVE('',#3472,#3473,#166,.T.);
#2766=EDGE_CURVE('',#3473,#3468,#3963,.T.);
#2767=EDGE_CURVE('',#3474,#3468,#167,.T.);
#2768=EDGE_CURVE('',#3474,#3475,#168,.T.);
#2769=EDGE_CURVE('',#3475,#3469,#169,.T.);
#2770=EDGE_CURVE('',#3476,#3473,#170,.T.);
#2771=EDGE_CURVE('',#3476,#3474,#3964,.T.);
#2772=EDGE_CURVE('',#3477,#3472,#171,.T.);
#2773=EDGE_CURVE('',#3477,#3476,#172,.T.);
#2774=EDGE_CURVE('',#3478,#3471,#173,.T.);
#2775=EDGE_CURVE('',#3478,#3477,#3965,.T.);
#2776=EDGE_CURVE('',#3479,#3470,#174,.T.);
#2777=EDGE_CURVE('',#3479,#3478,#175,.T.);
#2778=EDGE_CURVE('',#3475,#3479,#176,.T.);
#2779=EDGE_CURVE('',#3480,#3481,#177,.T.);
#2780=EDGE_CURVE('',#3482,#3481,#178,.T.);
#2781=EDGE_CURVE('',#3483,#3482,#179,.T.);
#2782=EDGE_CURVE('',#3483,#3480,#180,.T.);
#2783=EDGE_CURVE('',#3484,#3480,#181,.T.);
#2784=EDGE_CURVE('',#3485,#3483,#182,.T.);
#2785=EDGE_CURVE('',#3485,#3484,#183,.T.);
#2786=EDGE_CURVE('',#3486,#3484,#184,.T.);
#2787=EDGE_CURVE('',#3487,#3485,#185,.T.);
#2788=EDGE_CURVE('',#3487,#3486,#186,.T.);
#2789=EDGE_CURVE('',#3488,#3486,#187,.T.);
#2790=EDGE_CURVE('',#3489,#3487,#188,.T.);
#2791=EDGE_CURVE('',#3489,#3488,#189,.T.);
#2792=EDGE_CURVE('',#3490,#3488,#190,.T.);
#2793=EDGE_CURVE('',#3491,#3489,#191,.T.);
#2794=EDGE_CURVE('',#3491,#3490,#192,.T.);
#2795=EDGE_CURVE('',#3492,#3490,#193,.T.);
#2796=EDGE_CURVE('',#3493,#3491,#194,.T.);
#2797=EDGE_CURVE('',#3493,#3492,#195,.T.);
#2798=EDGE_CURVE('',#3494,#3492,#196,.T.);
#2799=EDGE_CURVE('',#3495,#3493,#197,.T.);
#2800=EDGE_CURVE('',#3495,#3494,#198,.T.);
#2801=EDGE_CURVE('',#3481,#3494,#199,.T.);
#2802=EDGE_CURVE('',#3482,#3495,#200,.T.);
#2803=EDGE_CURVE('',#3496,#3497,#3966,.T.);
#2804=EDGE_CURVE('',#3497,#3498,#201,.T.);
#2805=EDGE_CURVE('',#3498,#3499,#202,.T.);
#2806=EDGE_CURVE('',#3499,#3500,#203,.T.);
#2807=EDGE_CURVE('',#3500,#3501,#3967,.T.);
#2808=EDGE_CURVE('',#3501,#3502,#3968,.T.);
#2809=EDGE_CURVE('',#3502,#3496,#3969,.T.);
#2810=EDGE_CURVE('',#3503,#3496,#204,.T.);
#2811=EDGE_CURVE('',#3503,#3504,#3970,.T.);
#2812=EDGE_CURVE('',#3504,#3497,#205,.T.);
#2813=EDGE_CURVE('',#3505,#3502,#206,.T.);
#2814=EDGE_CURVE('',#3505,#3503,#3971,.T.);
#2815=EDGE_CURVE('',#3506,#3501,#207,.T.);
#2816=EDGE_CURVE('',#3506,#3505,#3972,.T.);
#2817=EDGE_CURVE('',#3507,#3500,#208,.T.);
#2818=EDGE_CURVE('',#3507,#3506,#3973,.T.);
#2819=EDGE_CURVE('',#3508,#3499,#209,.T.);
#2820=EDGE_CURVE('',#3508,#3507,#210,.T.);
#2821=EDGE_CURVE('',#3509,#3498,#211,.T.);
#2822=EDGE_CURVE('',#3509,#3508,#212,.T.);
#2823=EDGE_CURVE('',#3504,#3509,#213,.T.);
#2824=EDGE_CURVE('',#3510,#3511,#214,.T.);
#2825=EDGE_CURVE('',#3512,#3511,#215,.T.);
#2826=EDGE_CURVE('',#3513,#3512,#216,.T.);
#2827=EDGE_CURVE('',#3513,#3510,#217,.T.);
#2828=EDGE_CURVE('',#3514,#3510,#218,.T.);
#2829=EDGE_CURVE('',#3515,#3513,#219,.T.);
#2830=EDGE_CURVE('',#3515,#3514,#220,.T.);
#2831=EDGE_CURVE('',#3516,#3514,#3974,.T.);
#2832=EDGE_CURVE('',#3517,#3515,#3975,.T.);
#2833=EDGE_CURVE('',#3517,#3516,#221,.T.);
#2834=EDGE_CURVE('',#3518,#3516,#3976,.T.);
#2835=EDGE_CURVE('',#3519,#3517,#3977,.T.);
#2836=EDGE_CURVE('',#3519,#3518,#222,.T.);
#2837=EDGE_CURVE('',#3520,#3518,#3978,.T.);
#2838=EDGE_CURVE('',#3521,#3519,#3979,.T.);
#2839=EDGE_CURVE('',#3521,#3520,#223,.T.);
#2840=EDGE_CURVE('',#3522,#3520,#3980,.T.);
#2841=EDGE_CURVE('',#3523,#3521,#3981,.T.);
#2842=EDGE_CURVE('',#3523,#3522,#224,.T.);
#2843=EDGE_CURVE('',#3511,#3522,#225,.T.);
#2844=EDGE_CURVE('',#3512,#3523,#226,.T.);
#2845=EDGE_CURVE('',#3524,#3525,#227,.T.);
#2846=EDGE_CURVE('',#3525,#3526,#228,.T.);
#2847=EDGE_CURVE('',#3526,#3527,#229,.T.);
#2848=EDGE_CURVE('',#3527,#3528,#230,.T.);
#2849=EDGE_CURVE('',#3528,#3529,#231,.T.);
#2850=EDGE_CURVE('',#3529,#3530,#232,.T.);
#2851=EDGE_CURVE('',#3530,#3531,#233,.T.);
#2852=EDGE_CURVE('',#3531,#3532,#234,.T.);
#2853=EDGE_CURVE('',#3532,#3533,#235,.T.);
#2854=EDGE_CURVE('',#3533,#3534,#236,.T.);
#2855=EDGE_CURVE('',#3534,#3535,#237,.T.);
#2856=EDGE_CURVE('',#3535,#3524,#238,.T.);
#2857=EDGE_CURVE('',#3536,#3537,#239,.T.);
#2858=EDGE_CURVE('',#3524,#3537,#240,.T.);
#2859=EDGE_CURVE('',#3535,#3536,#241,.T.);
#2860=EDGE_CURVE('',#3538,#3536,#242,.T.);
#2861=EDGE_CURVE('',#3534,#3538,#243,.T.);
#2862=EDGE_CURVE('',#3539,#3538,#244,.T.);
#2863=EDGE_CURVE('',#3533,#3539,#245,.T.);
#2864=EDGE_CURVE('',#3540,#3539,#246,.T.);
#2865=EDGE_CURVE('',#3532,#3540,#247,.T.);
#2866=EDGE_CURVE('',#3541,#3540,#248,.T.);
#2867=EDGE_CURVE('',#3531,#3541,#249,.T.);
#2868=EDGE_CURVE('',#3542,#3541,#250,.T.);
#2869=EDGE_CURVE('',#3530,#3542,#251,.T.);
#2870=EDGE_CURVE('',#3543,#3542,#252,.T.);
#2871=EDGE_CURVE('',#3529,#3543,#253,.T.);
#2872=EDGE_CURVE('',#3544,#3543,#254,.T.);
#2873=EDGE_CURVE('',#3528,#3544,#255,.T.);
#2874=EDGE_CURVE('',#3545,#3544,#256,.T.);
#2875=EDGE_CURVE('',#3527,#3545,#257,.T.);
#2876=EDGE_CURVE('',#3546,#3545,#258,.T.);
#2877=EDGE_CURVE('',#3526,#3546,#259,.T.);
#2878=EDGE_CURVE('',#3547,#3546,#260,.T.);
#2879=EDGE_CURVE('',#3525,#3547,#261,.T.);
#2880=EDGE_CURVE('',#3537,#3547,#262,.T.);
#2881=EDGE_CURVE('',#3548,#3549,#263,.T.);
#2882=EDGE_CURVE('',#3549,#3550,#264,.T.);
#2883=EDGE_CURVE('',#3550,#3551,#265,.F.);
#2884=EDGE_CURVE('',#3551,#3552,#266,.T.);
#2885=EDGE_CURVE('',#3552,#3553,#267,.T.);
#2886=EDGE_CURVE('',#3553,#3554,#268,.T.);
#2887=EDGE_CURVE('',#3554,#3555,#269,.T.);
#2888=EDGE_CURVE('',#3555,#3556,#270,.T.);
#2889=EDGE_CURVE('',#3556,#3557,#271,.T.);
#2890=EDGE_CURVE('',#3557,#3558,#3982,.T.);
#2891=EDGE_CURVE('',#3558,#3559,#25,.T.);
#2892=EDGE_CURVE('',#3559,#3560,#272,.T.);
#2893=EDGE_CURVE('',#3560,#3561,#3983,.T.);
#2894=EDGE_CURVE('',#3561,#3562,#3984,.T.);
#2895=EDGE_CURVE('',#3562,#3548,#273,.T.);
#2896=EDGE_CURVE('',#3563,#3564,#274,.T.);
#2897=EDGE_CURVE('',#3548,#3564,#275,.T.);
#2898=EDGE_CURVE('',#3562,#3563,#276,.T.);
#2899=EDGE_CURVE('',#3565,#3563,#3985,.T.);
#2900=EDGE_CURVE('',#3561,#3565,#277,.T.);
#2901=EDGE_CURVE('',#3566,#3565,#3986,.T.);
#2902=EDGE_CURVE('',#3560,#3566,#278,.T.);
#2903=EDGE_CURVE('',#3567,#3566,#279,.T.);
#2904=EDGE_CURVE('',#3559,#3567,#280,.T.);
#2905=EDGE_CURVE('',#3568,#3567,#26,.T.);
#2906=EDGE_CURVE('',#3558,#3568,#281,.T.);
#2907=EDGE_CURVE('',#3569,#3568,#3987,.T.);
#2908=EDGE_CURVE('',#3557,#3569,#282,.T.);
#2909=EDGE_CURVE('',#3570,#3569,#283,.T.);
#2910=EDGE_CURVE('',#3556,#3570,#284,.T.);
#2911=EDGE_CURVE('',#3571,#3570,#285,.T.);
#2912=EDGE_CURVE('',#3555,#3571,#286,.T.);
#2913=EDGE_CURVE('',#3572,#3571,#287,.T.);
#2914=EDGE_CURVE('',#3554,#3572,#288,.T.);
#2915=EDGE_CURVE('',#3573,#3572,#289,.T.);
#2916=EDGE_CURVE('',#3553,#3573,#290,.T.);
#2917=EDGE_CURVE('',#3574,#3573,#291,.T.);
#2918=EDGE_CURVE('',#3552,#3574,#292,.T.);
#2919=EDGE_CURVE('',#3575,#3574,#293,.T.);
#2920=EDGE_CURVE('',#3551,#3575,#294,.T.);
#2921=EDGE_CURVE('',#3576,#3575,#295,.F.);
#2922=EDGE_CURVE('',#3550,#3576,#3988,.T.);
#2923=EDGE_CURVE('',#3577,#3576,#296,.T.);
#2924=EDGE_CURVE('',#3549,#3577,#297,.T.);
#2925=EDGE_CURVE('',#3564,#3577,#298,.T.);
#2926=EDGE_CURVE('',#3578,#3579,#3989,.T.);
#2927=EDGE_CURVE('',#3579,#3580,#299,.T.);
#2928=EDGE_CURVE('',#3580,#3581,#3990,.T.);
#2929=EDGE_CURVE('',#3581,#3582,#3991,.T.);
#2930=EDGE_CURVE('',#3582,#3583,#3992,.T.);
#2931=EDGE_CURVE('',#3583,#3584,#3993,.T.);
#2932=EDGE_CURVE('',#3584,#3585,#3994,.T.);
#2933=EDGE_CURVE('',#3585,#3586,#3995,.T.);
#2934=EDGE_CURVE('',#3586,#3587,#3996,.T.);
#2935=EDGE_CURVE('',#3587,#3588,#3997,.T.);
#2936=EDGE_CURVE('',#3588,#3589,#3998,.T.);
#2937=EDGE_CURVE('',#3589,#3590,#27,.T.);
#2938=EDGE_CURVE('',#3590,#3591,#300,.T.);
#2939=EDGE_CURVE('',#3591,#3592,#3999,.T.);
#2940=EDGE_CURVE('',#3592,#3593,#4000,.T.);
#2941=EDGE_CURVE('',#3593,#3594,#4001,.T.);
#2942=EDGE_CURVE('',#3594,#3595,#4002,.T.);
#2943=EDGE_CURVE('',#3595,#3596,#4003,.T.);
#2944=EDGE_CURVE('',#3596,#3597,#4004,.T.);
#2945=EDGE_CURVE('',#3597,#3598,#28,.T.);
#2946=EDGE_CURVE('',#3598,#3578,#4005,.T.);
#2947=EDGE_CURVE('',#3599,#3600,#4006,.T.);
#2948=EDGE_CURVE('',#3578,#3600,#301,.T.);
#2949=EDGE_CURVE('',#3598,#3599,#4007,.F.);
#2950=EDGE_CURVE('',#3601,#3599,#29,.T.);
#2951=EDGE_CURVE('',#3597,#3601,#4008,.T.);
#2952=EDGE_CURVE('',#3602,#3601,#4009,.T.);
#2953=EDGE_CURVE('',#3596,#3602,#302,.T.);
#2954=EDGE_CURVE('',#3603,#3602,#4010,.T.);
#2955=EDGE_CURVE('',#3595,#3603,#303,.T.);
#2956=EDGE_CURVE('',#3604,#3603,#4011,.T.);
#2957=EDGE_CURVE('',#3594,#3604,#304,.T.);
#2958=EDGE_CURVE('',#3605,#3604,#4012,.T.);
#2959=EDGE_CURVE('',#3593,#3605,#305,.T.);
#2960=EDGE_CURVE('',#3606,#3605,#4013,.T.);
#2961=EDGE_CURVE('',#3592,#3606,#306,.T.);
#2962=EDGE_CURVE('',#3607,#3606,#4014,.T.);
#2963=EDGE_CURVE('',#3591,#3607,#307,.T.);
#2964=EDGE_CURVE('',#3608,#3607,#308,.T.);
#2965=EDGE_CURVE('',#3590,#3608,#309,.T.);
#2966=EDGE_CURVE('',#3609,#3608,#30,.T.);
#2967=EDGE_CURVE('',#3589,#3609,#4015,.T.);
#2968=EDGE_CURVE('',#3610,#3609,#4016,.T.);
#2969=EDGE_CURVE('',#3588,#3610,#310,.T.);
#2970=EDGE_CURVE('',#3611,#3610,#4017,.T.);
#2971=EDGE_CURVE('',#3587,#3611,#311,.T.);
#2972=EDGE_CURVE('',#3612,#3611,#4018,.T.);
#2973=EDGE_CURVE('',#3586,#3612,#312,.T.);
#2974=EDGE_CURVE('',#3613,#3612,#4019,.T.);
#2975=EDGE_CURVE('',#3585,#3613,#313,.T.);
#2976=EDGE_CURVE('',#3614,#3613,#4020,.T.);
#2977=EDGE_CURVE('',#3584,#3614,#314,.T.);
#2978=EDGE_CURVE('',#3615,#3614,#4021,.T.);
#2979=EDGE_CURVE('',#3583,#3615,#315,.T.);
#2980=EDGE_CURVE('',#3616,#3615,#4022,.T.);
#2981=EDGE_CURVE('',#3582,#3616,#316,.T.);
#2982=EDGE_CURVE('',#3617,#3616,#4023,.T.);
#2983=EDGE_CURVE('',#3581,#3617,#317,.T.);
#2984=EDGE_CURVE('',#3618,#3617,#4024,.T.);
#2985=EDGE_CURVE('',#3580,#3618,#318,.T.);
#2986=EDGE_CURVE('',#3619,#3618,#319,.T.);
#2987=EDGE_CURVE('',#3579,#3619,#320,.T.);
#2988=EDGE_CURVE('',#3600,#3619,#4025,.T.);
#2989=EDGE_CURVE('',#3620,#3621,#321,.T.);
#2990=EDGE_CURVE('',#3621,#3622,#4026,.T.);
#2991=EDGE_CURVE('',#3622,#3623,#31,.F.);
#2992=EDGE_CURVE('',#3623,#3624,#32,.T.);
#2993=EDGE_CURVE('',#3624,#3625,#4027,.T.);
#2994=EDGE_CURVE('',#3625,#3626,#33,.T.);
#2995=EDGE_CURVE('',#3626,#3627,#4028,.T.);
#2996=EDGE_CURVE('',#3627,#3620,#322,.T.);
#2997=EDGE_CURVE('',#3628,#3620,#323,.T.);
#2998=EDGE_CURVE('',#3628,#3629,#324,.T.);
#2999=EDGE_CURVE('',#3629,#3621,#325,.T.);
#3000=EDGE_CURVE('',#3630,#3627,#326,.T.);
#3001=EDGE_CURVE('',#3630,#3628,#327,.T.);
#3002=EDGE_CURVE('',#3631,#3626,#4029,.T.);
#3003=EDGE_CURVE('',#3631,#3630,#4030,.T.);
#3004=EDGE_CURVE('',#3632,#3625,#4031,.F.);
#3005=EDGE_CURVE('',#3632,#3631,#34,.T.);
#3006=EDGE_CURVE('',#3624,#3632,#4032,.T.);
#3007=EDGE_CURVE('',#3623,#3624,#35,.T.);
#3008=EDGE_CURVE('',#3622,#3623,#36,.F.);
#3009=EDGE_CURVE('',#3629,#3622,#4033,.T.);
#3010=EDGE_CURVE('',#3633,#3634,#4034,.T.);
#3011=EDGE_CURVE('',#3635,#3634,#328,.T.);
#3012=EDGE_CURVE('',#3636,#3635,#4035,.T.);
#3013=EDGE_CURVE('',#3636,#3633,#329,.T.);
#3014=EDGE_CURVE('',#3637,#3633,#330,.T.);
#3015=EDGE_CURVE('',#3638,#3636,#331,.T.);
#3016=EDGE_CURVE('',#3638,#3637,#332,.T.);
#3017=EDGE_CURVE('',#3639,#3637,#333,.T.);
#3018=EDGE_CURVE('',#3640,#3638,#334,.T.);
#3019=EDGE_CURVE('',#3640,#3639,#335,.T.);
#3020=EDGE_CURVE('',#3641,#3639,#336,.T.);
#3021=EDGE_CURVE('',#3642,#3640,#337,.T.);
#3022=EDGE_CURVE('',#3642,#3641,#338,.T.);
#3023=EDGE_CURVE('',#3643,#3641,#339,.T.);
#3024=EDGE_CURVE('',#3644,#3642,#340,.T.);
#3025=EDGE_CURVE('',#3644,#3643,#341,.T.);
#3026=EDGE_CURVE('',#3645,#3643,#4036,.T.);
#3027=EDGE_CURVE('',#3646,#3644,#4037,.T.);
#3028=EDGE_CURVE('',#3646,#3645,#4038,.F.);
#3029=EDGE_CURVE('',#3647,#3645,#37,.T.);
#3030=EDGE_CURVE('',#3648,#3646,#38,.T.);
#3031=EDGE_CURVE('',#3648,#3647,#4039,.T.);
#3032=EDGE_CURVE('',#3649,#3647,#4040,.T.);
#3033=EDGE_CURVE('',#3650,#3648,#4041,.T.);
#3034=EDGE_CURVE('',#3650,#3649,#342,.T.);
#3035=EDGE_CURVE('',#3651,#3649,#4042,.T.);
#3036=EDGE_CURVE('',#3652,#3650,#4043,.T.);
#3037=EDGE_CURVE('',#3652,#3651,#343,.T.);
#3038=EDGE_CURVE('',#3653,#3651,#344,.T.);
#3039=EDGE_CURVE('',#3654,#3652,#345,.T.);
#3040=EDGE_CURVE('',#3654,#3653,#346,.T.);
#3041=EDGE_CURVE('',#3655,#3653,#4044,.T.);
#3042=EDGE_CURVE('',#3656,#3654,#4045,.T.);
#3043=EDGE_CURVE('',#3656,#3655,#347,.T.);
#3044=EDGE_CURVE('',#3657,#3655,#4046,.T.);
#3045=EDGE_CURVE('',#3658,#3656,#4047,.T.);
#3046=EDGE_CURVE('',#3658,#3657,#348,.T.);
#3047=EDGE_CURVE('',#3659,#3657,#349,.T.);
#3048=EDGE_CURVE('',#3660,#3658,#350,.T.);
#3049=EDGE_CURVE('',#3660,#3659,#351,.T.);
#3050=EDGE_CURVE('',#3634,#3659,#4048,.T.);
#3051=EDGE_CURVE('',#3635,#3660,#4049,.T.);
#3052=EDGE_CURVE('',#3661,#3662,#352,.T.);
#3053=EDGE_CURVE('',#3662,#3663,#353,.T.);
#3054=EDGE_CURVE('',#3663,#3664,#354,.T.);
#3055=EDGE_CURVE('',#3664,#3665,#355,.T.);
#3056=EDGE_CURVE('',#3665,#3666,#356,.T.);
#3057=EDGE_CURVE('',#3666,#3667,#357,.T.);
#3058=EDGE_CURVE('',#3667,#3668,#358,.T.);
#3059=EDGE_CURVE('',#3668,#3669,#359,.T.);
#3060=EDGE_CURVE('',#3669,#3670,#360,.T.);
#3061=EDGE_CURVE('',#3670,#3671,#361,.T.);
#3062=EDGE_CURVE('',#3671,#3672,#362,.T.);
#3063=EDGE_CURVE('',#3672,#3661,#363,.T.);
#3064=EDGE_CURVE('',#3673,#3674,#364,.T.);
#3065=EDGE_CURVE('',#3661,#3674,#365,.T.);
#3066=EDGE_CURVE('',#3672,#3673,#366,.T.);
#3067=EDGE_CURVE('',#3675,#3673,#367,.T.);
#3068=EDGE_CURVE('',#3671,#3675,#368,.T.);
#3069=EDGE_CURVE('',#3676,#3675,#369,.T.);
#3070=EDGE_CURVE('',#3670,#3676,#370,.T.);
#3071=EDGE_CURVE('',#3677,#3676,#371,.T.);
#3072=EDGE_CURVE('',#3669,#3677,#372,.T.);
#3073=EDGE_CURVE('',#3678,#3677,#373,.T.);
#3074=EDGE_CURVE('',#3668,#3678,#374,.T.);
#3075=EDGE_CURVE('',#3679,#3678,#375,.T.);
#3076=EDGE_CURVE('',#3667,#3679,#376,.T.);
#3077=EDGE_CURVE('',#3680,#3679,#377,.T.);
#3078=EDGE_CURVE('',#3666,#3680,#378,.T.);
#3079=EDGE_CURVE('',#3681,#3680,#379,.T.);
#3080=EDGE_CURVE('',#3665,#3681,#380,.T.);
#3081=EDGE_CURVE('',#3682,#3681,#381,.T.);
#3082=EDGE_CURVE('',#3664,#3682,#382,.T.);
#3083=EDGE_CURVE('',#3683,#3682,#383,.T.);
#3084=EDGE_CURVE('',#3663,#3683,#384,.T.);
#3085=EDGE_CURVE('',#3684,#3683,#385,.T.);
#3086=EDGE_CURVE('',#3662,#3684,#386,.T.);
#3087=EDGE_CURVE('',#3674,#3684,#387,.T.);
#3088=EDGE_CURVE('',#3685,#3686,#388,.T.);
#3089=EDGE_CURVE('',#3686,#3687,#389,.T.);
#3090=EDGE_CURVE('',#3687,#3688,#390,.T.);
#3091=EDGE_CURVE('',#3688,#3689,#4050,.T.);
#3092=EDGE_CURVE('',#3689,#3690,#391,.T.);
#3093=EDGE_CURVE('',#3690,#3685,#4051,.T.);
#3094=EDGE_CURVE('',#3691,#3685,#392,.T.);
#3095=EDGE_CURVE('',#3691,#3692,#393,.T.);
#3096=EDGE_CURVE('',#3692,#3686,#394,.T.);
#3097=EDGE_CURVE('',#3693,#3690,#395,.T.);
#3098=EDGE_CURVE('',#3693,#3691,#4052,.T.);
#3099=EDGE_CURVE('',#3694,#3689,#396,.T.);
#3100=EDGE_CURVE('',#3694,#3693,#397,.T.);
#3101=EDGE_CURVE('',#3695,#3688,#398,.T.);
#3102=EDGE_CURVE('',#3695,#3694,#4053,.T.);
#3103=EDGE_CURVE('',#3696,#3687,#399,.T.);
#3104=EDGE_CURVE('',#3696,#3695,#400,.T.);
#3105=EDGE_CURVE('',#3692,#3696,#401,.T.);
#3106=EDGE_CURVE('',#3697,#3698,#402,.T.);
#3107=EDGE_CURVE('',#3699,#3698,#403,.T.);
#3108=EDGE_CURVE('',#3700,#3699,#404,.T.);
#3109=EDGE_CURVE('',#3700,#3697,#405,.T.);
#3110=EDGE_CURVE('',#3701,#3697,#406,.T.);
#3111=EDGE_CURVE('',#3702,#3700,#407,.T.);
#3112=EDGE_CURVE('',#3702,#3701,#408,.T.);
#3113=EDGE_CURVE('',#3703,#3701,#409,.T.);
#3114=EDGE_CURVE('',#3704,#3702,#410,.T.);
#3115=EDGE_CURVE('',#3704,#3703,#411,.T.);
#3116=EDGE_CURVE('',#3705,#3703,#412,.T.);
#3117=EDGE_CURVE('',#3706,#3704,#413,.T.);
#3118=EDGE_CURVE('',#3706,#3705,#414,.T.);
#3119=EDGE_CURVE('',#3707,#3705,#415,.T.);
#3120=EDGE_CURVE('',#3708,#3706,#416,.T.);
#3121=EDGE_CURVE('',#3708,#3707,#417,.T.);
#3122=EDGE_CURVE('',#3709,#3707,#418,.T.);
#3123=EDGE_CURVE('',#3710,#3708,#419,.T.);
#3124=EDGE_CURVE('',#3710,#3709,#420,.T.);
#3125=EDGE_CURVE('',#3711,#3709,#421,.T.);
#3126=EDGE_CURVE('',#3712,#3710,#422,.T.);
#3127=EDGE_CURVE('',#3712,#3711,#423,.T.);
#3128=EDGE_CURVE('',#3698,#3711,#424,.T.);
#3129=EDGE_CURVE('',#3699,#3712,#425,.T.);
#3130=EDGE_CURVE('',#3713,#3714,#4054,.T.);
#3131=EDGE_CURVE('',#3714,#3715,#426,.T.);
#3132=EDGE_CURVE('',#3715,#3716,#427,.T.);
#3133=EDGE_CURVE('',#3716,#3717,#428,.T.);
#3134=EDGE_CURVE('',#3717,#3718,#4055,.T.);
#3135=EDGE_CURVE('',#3718,#3719,#4056,.T.);
#3136=EDGE_CURVE('',#3719,#3713,#4057,.T.);
#3137=EDGE_CURVE('',#3720,#3713,#429,.T.);
#3138=EDGE_CURVE('',#3720,#3721,#4058,.T.);
#3139=EDGE_CURVE('',#3721,#3714,#430,.T.);
#3140=EDGE_CURVE('',#3722,#3719,#431,.T.);
#3141=EDGE_CURVE('',#3722,#3720,#4059,.T.);
#3142=EDGE_CURVE('',#3723,#3718,#432,.T.);
#3143=EDGE_CURVE('',#3723,#3722,#4060,.T.);
#3144=EDGE_CURVE('',#3724,#3717,#433,.T.);
#3145=EDGE_CURVE('',#3724,#3723,#4061,.T.);
#3146=EDGE_CURVE('',#3725,#3716,#434,.T.);
#3147=EDGE_CURVE('',#3725,#3724,#435,.T.);
#3148=EDGE_CURVE('',#3726,#3715,#436,.T.);
#3149=EDGE_CURVE('',#3726,#3725,#437,.T.);
#3150=EDGE_CURVE('',#3721,#3726,#438,.T.);
#3151=EDGE_CURVE('',#3727,#3728,#439,.T.);
#3152=EDGE_CURVE('',#3729,#3728,#440,.T.);
#3153=EDGE_CURVE('',#3730,#3729,#441,.T.);
#3154=EDGE_CURVE('',#3730,#3727,#442,.T.);
#3155=EDGE_CURVE('',#3731,#3727,#443,.T.);
#3156=EDGE_CURVE('',#3732,#3730,#444,.T.);
#3157=EDGE_CURVE('',#3732,#3731,#445,.T.);
#3158=EDGE_CURVE('',#3733,#3731,#4062,.T.);
#3159=EDGE_CURVE('',#3734,#3732,#4063,.T.);
#3160=EDGE_CURVE('',#3734,#3733,#446,.T.);
#3161=EDGE_CURVE('',#3735,#3733,#4064,.T.);
#3162=EDGE_CURVE('',#3736,#3734,#4065,.T.);
#3163=EDGE_CURVE('',#3736,#3735,#447,.T.);
#3164=EDGE_CURVE('',#3737,#3735,#4066,.T.);
#3165=EDGE_CURVE('',#3738,#3736,#4067,.T.);
#3166=EDGE_CURVE('',#3738,#3737,#448,.T.);
#3167=EDGE_CURVE('',#3739,#3737,#4068,.T.);
#3168=EDGE_CURVE('',#3740,#3738,#4069,.T.);
#3169=EDGE_CURVE('',#3740,#3739,#449,.T.);
#3170=EDGE_CURVE('',#3728,#3739,#450,.T.);
#3171=EDGE_CURVE('',#3729,#3740,#451,.T.);
#3172=EDGE_CURVE('',#3741,#3742,#452,.T.);
#3173=EDGE_CURVE('',#3742,#3743,#453,.T.);
#3174=EDGE_CURVE('',#3743,#3744,#454,.T.);
#3175=EDGE_CURVE('',#3744,#3745,#455,.T.);
#3176=EDGE_CURVE('',#3745,#3746,#456,.T.);
#3177=EDGE_CURVE('',#3746,#3747,#457,.T.);
#3178=EDGE_CURVE('',#3747,#3748,#458,.T.);
#3179=EDGE_CURVE('',#3748,#3749,#459,.T.);
#3180=EDGE_CURVE('',#3749,#3750,#460,.T.);
#3181=EDGE_CURVE('',#3750,#3751,#461,.T.);
#3182=EDGE_CURVE('',#3751,#3752,#462,.T.);
#3183=EDGE_CURVE('',#3752,#3741,#463,.T.);
#3184=EDGE_CURVE('',#3753,#3754,#464,.T.);
#3185=EDGE_CURVE('',#3741,#3754,#465,.T.);
#3186=EDGE_CURVE('',#3752,#3753,#466,.T.);
#3187=EDGE_CURVE('',#3755,#3753,#467,.T.);
#3188=EDGE_CURVE('',#3751,#3755,#468,.T.);
#3189=EDGE_CURVE('',#3756,#3755,#469,.T.);
#3190=EDGE_CURVE('',#3750,#3756,#470,.T.);
#3191=EDGE_CURVE('',#3757,#3756,#471,.T.);
#3192=EDGE_CURVE('',#3749,#3757,#472,.T.);
#3193=EDGE_CURVE('',#3758,#3757,#473,.T.);
#3194=EDGE_CURVE('',#3748,#3758,#474,.T.);
#3195=EDGE_CURVE('',#3759,#3758,#475,.T.);
#3196=EDGE_CURVE('',#3747,#3759,#476,.T.);
#3197=EDGE_CURVE('',#3760,#3759,#477,.T.);
#3198=EDGE_CURVE('',#3746,#3760,#478,.T.);
#3199=EDGE_CURVE('',#3761,#3760,#479,.T.);
#3200=EDGE_CURVE('',#3745,#3761,#480,.T.);
#3201=EDGE_CURVE('',#3762,#3761,#481,.T.);
#3202=EDGE_CURVE('',#3744,#3762,#482,.T.);
#3203=EDGE_CURVE('',#3763,#3762,#483,.T.);
#3204=EDGE_CURVE('',#3743,#3763,#484,.T.);
#3205=EDGE_CURVE('',#3764,#3763,#485,.T.);
#3206=EDGE_CURVE('',#3742,#3764,#486,.T.);
#3207=EDGE_CURVE('',#3754,#3764,#487,.T.);
#3208=EDGE_CURVE('',#3765,#3766,#4070,.T.);
#3209=EDGE_CURVE('',#3766,#3767,#488,.T.);
#3210=EDGE_CURVE('',#3767,#3768,#4071,.T.);
#3211=EDGE_CURVE('',#3768,#3769,#4072,.T.);
#3212=EDGE_CURVE('',#3769,#3770,#4073,.T.);
#3213=EDGE_CURVE('',#3770,#3771,#4074,.T.);
#3214=EDGE_CURVE('',#3771,#3772,#4075,.T.);
#3215=EDGE_CURVE('',#3772,#3773,#4076,.T.);
#3216=EDGE_CURVE('',#3773,#3774,#489,.T.);
#3217=EDGE_CURVE('',#3774,#3775,#4077,.T.);
#3218=EDGE_CURVE('',#3775,#3776,#4078,.T.);
#3219=EDGE_CURVE('',#3776,#3777,#4079,.T.);
#3220=EDGE_CURVE('',#3777,#3778,#4080,.T.);
#3221=EDGE_CURVE('',#3778,#3765,#4081,.T.);
#3222=EDGE_CURVE('',#3779,#3780,#4082,.T.);
#3223=EDGE_CURVE('',#3765,#3780,#490,.T.);
#3224=EDGE_CURVE('',#3778,#3779,#491,.T.);
#3225=EDGE_CURVE('',#3781,#3779,#4083,.T.);
#3226=EDGE_CURVE('',#3777,#3781,#492,.T.);
#3227=EDGE_CURVE('',#3782,#3781,#4084,.T.);
#3228=EDGE_CURVE('',#3776,#3782,#493,.T.);
#3229=EDGE_CURVE('',#3783,#3782,#4085,.T.);
#3230=EDGE_CURVE('',#3775,#3783,#494,.T.);
#3231=EDGE_CURVE('',#3784,#3783,#4086,.T.);
#3232=EDGE_CURVE('',#3774,#3784,#495,.T.);
#3233=EDGE_CURVE('',#3785,#3784,#496,.T.);
#3234=EDGE_CURVE('',#3773,#3785,#497,.T.);
#3235=EDGE_CURVE('',#3786,#3785,#4087,.T.);
#3236=EDGE_CURVE('',#3772,#3786,#498,.T.);
#3237=EDGE_CURVE('',#3787,#3786,#4088,.T.);
#3238=EDGE_CURVE('',#3771,#3787,#499,.T.);
#3239=EDGE_CURVE('',#3788,#3787,#4089,.T.);
#3240=EDGE_CURVE('',#3770,#3788,#500,.T.);
#3241=EDGE_CURVE('',#3789,#3788,#4090,.T.);
#3242=EDGE_CURVE('',#3769,#3789,#501,.T.);
#3243=EDGE_CURVE('',#3790,#3789,#4091,.T.);
#3244=EDGE_CURVE('',#3768,#3790,#502,.T.);
#3245=EDGE_CURVE('',#3791,#3790,#4092,.T.);
#3246=EDGE_CURVE('',#3767,#3791,#503,.T.);
#3247=EDGE_CURVE('',#3792,#3791,#504,.T.);
#3248=EDGE_CURVE('',#3766,#3792,#505,.T.);
#3249=EDGE_CURVE('',#3780,#3792,#4093,.T.);
#3250=EDGE_CURVE('',#3793,#3794,#506,.T.);
#3251=EDGE_CURVE('',#3794,#3795,#507,.T.);
#3252=EDGE_CURVE('',#3795,#3796,#508,.T.);
#3253=EDGE_CURVE('',#3796,#3797,#509,.T.);
#3254=EDGE_CURVE('',#3797,#3798,#510,.T.);
#3255=EDGE_CURVE('',#3798,#3793,#511,.T.);
#3256=EDGE_CURVE('',#3799,#3800,#512,.T.);
#3257=EDGE_CURVE('',#3793,#3800,#513,.T.);
#3258=EDGE_CURVE('',#3798,#3799,#514,.T.);
#3259=EDGE_CURVE('',#3801,#3799,#515,.T.);
#3260=EDGE_CURVE('',#3797,#3801,#516,.T.);
#3261=EDGE_CURVE('',#3802,#3801,#517,.T.);
#3262=EDGE_CURVE('',#3796,#3802,#518,.T.);
#3263=EDGE_CURVE('',#3803,#3802,#519,.T.);
#3264=EDGE_CURVE('',#3795,#3803,#520,.T.);
#3265=EDGE_CURVE('',#3804,#3803,#521,.T.);
#3266=EDGE_CURVE('',#3794,#3804,#522,.T.);
#3267=EDGE_CURVE('',#3800,#3804,#523,.T.);
#3268=EDGE_CURVE('',#3805,#3806,#524,.T.);
#3269=EDGE_CURVE('',#3805,#3807,#525,.T.);
#3270=EDGE_CURVE('',#3807,#3808,#526,.T.);
#3271=EDGE_CURVE('',#3806,#3808,#527,.T.);
#3272=EDGE_CURVE('',#3809,#3810,#528,.T.);
#3273=EDGE_CURVE('',#3809,#3805,#529,.T.);
#3274=EDGE_CURVE('',#3810,#3806,#530,.T.);
#3275=EDGE_CURVE('',#3811,#3812,#531,.T.);
#3276=EDGE_CURVE('',#3811,#3809,#532,.T.);
#3277=EDGE_CURVE('',#3812,#3810,#533,.T.);
#3278=EDGE_CURVE('',#3813,#3814,#534,.T.);
#3279=EDGE_CURVE('',#3813,#3811,#535,.T.);
#3280=EDGE_CURVE('',#3814,#3812,#536,.T.);
#3281=EDGE_CURVE('',#3815,#3816,#537,.T.);
#3282=EDGE_CURVE('',#3816,#3813,#538,.T.);
#3283=EDGE_CURVE('',#3815,#3814,#539,.T.);
#3284=EDGE_CURVE('',#3817,#3818,#540,.T.);
#3285=EDGE_CURVE('',#3818,#3819,#4094,.T.);
#3286=EDGE_CURVE('',#3820,#3819,#541,.T.);
#3287=EDGE_CURVE('',#3817,#3820,#4095,.T.);
#3288=EDGE_CURVE('',#3821,#3822,#542,.T.);
#3289=EDGE_CURVE('',#3822,#3823,#4096,.T.);
#3290=EDGE_CURVE('',#3824,#3823,#543,.T.);
#3291=EDGE_CURVE('',#3821,#3824,#4097,.T.);
#3292=EDGE_CURVE('',#3825,#3826,#544,.T.);
#3293=EDGE_CURVE('',#3822,#3826,#545,.T.);
#3294=EDGE_CURVE('',#3821,#3825,#546,.T.);
#3295=EDGE_CURVE('',#3827,#3828,#547,.T.);
#3296=EDGE_CURVE('',#3818,#3828,#548,.T.);
#3297=EDGE_CURVE('',#3817,#3827,#549,.T.);
#3298=EDGE_CURVE('',#3823,#3807,#550,.T.);
#3299=EDGE_CURVE('',#3826,#3829,#551,.T.);
#3300=EDGE_CURVE('',#3827,#3829,#552,.T.);
#3301=EDGE_CURVE('',#3820,#3808,#553,.T.);
#3302=EDGE_CURVE('',#3824,#3816,#554,.T.);
#3303=EDGE_CURVE('',#3819,#3815,#555,.T.);
#3304=EDGE_CURVE('',#3830,#3828,#556,.T.);
#3305=EDGE_CURVE('',#3830,#3825,#557,.T.);
#3306=EDGE_CURVE('',#3831,#3827,#558,.T.);
#3307=EDGE_CURVE('',#3832,#3831,#559,.T.);
#3308=EDGE_CURVE('',#3832,#3833,#560,.T.);
#3309=EDGE_CURVE('',#3833,#3834,#561,.T.);
#3310=EDGE_CURVE('',#3828,#3834,#562,.T.);
#3311=EDGE_CURVE('',#3835,#3832,#563,.T.);
#3312=EDGE_CURVE('',#3836,#3835,#564,.T.);
#3313=EDGE_CURVE('',#3833,#3836,#565,.T.);
#3314=EDGE_CURVE('',#3837,#3838,#566,.T.);
#3315=EDGE_CURVE('',#3839,#3838,#567,.T.);
#3316=EDGE_CURVE('',#3834,#3839,#568,.T.);
#3317=EDGE_CURVE('',#3836,#3837,#569,.T.);
#3318=EDGE_CURVE('',#3840,#3837,#570,.T.);
#3319=EDGE_CURVE('',#3835,#3840,#571,.T.);
#3320=EDGE_CURVE('',#3841,#3840,#572,.T.);
#3321=EDGE_CURVE('',#3842,#3831,#573,.T.);
#3322=EDGE_CURVE('',#3842,#3841,#574,.T.);
#3323=EDGE_CURVE('',#3843,#3843,#39,.T.);
#3324=EDGE_CURVE('',#3844,#3844,#40,.T.);
#3325=EDGE_CURVE('',#3845,#3845,#41,.T.);
#3326=EDGE_CURVE('',#3846,#3846,#42,.T.);
#3327=EDGE_CURVE('',#3847,#3847,#43,.T.);
#3328=EDGE_CURVE('',#3848,#3848,#44,.T.);
#3329=EDGE_CURVE('',#3849,#3849,#45,.T.);
#3330=EDGE_CURVE('',#3850,#3850,#46,.T.);
#3331=EDGE_CURVE('',#3851,#3851,#47,.T.);
#3332=EDGE_CURVE('',#3852,#3852,#48,.T.);
#3333=EDGE_CURVE('',#3853,#3853,#49,.T.);
#3334=EDGE_CURVE('',#3854,#3854,#50,.T.);
#3335=EDGE_CURVE('',#3855,#3855,#51,.T.);
#3336=EDGE_CURVE('',#3856,#3856,#52,.T.);
#3337=EDGE_CURVE('',#3857,#3857,#53,.T.);
#3338=EDGE_CURVE('',#3858,#3858,#54,.T.);
#3339=EDGE_CURVE('',#3859,#3859,#55,.T.);
#3340=EDGE_CURVE('',#3860,#3860,#56,.T.);
#3341=EDGE_CURVE('',#3861,#3861,#57,.T.);
#3342=EDGE_CURVE('',#3862,#3862,#58,.T.);
#3343=EDGE_CURVE('',#3863,#3863,#59,.T.);
#3344=EDGE_CURVE('',#3864,#3864,#60,.T.);
#3345=EDGE_CURVE('',#3865,#3865,#61,.T.);
#3346=EDGE_CURVE('',#3866,#3866,#62,.T.);
#3347=EDGE_CURVE('',#3867,#3867,#63,.T.);
#3348=EDGE_CURVE('',#3868,#3868,#64,.T.);
#3349=EDGE_CURVE('',#3869,#3869,#65,.T.);
#3350=EDGE_CURVE('',#3870,#3870,#66,.T.);
#3351=EDGE_CURVE('',#3871,#3871,#67,.T.);
#3352=EDGE_CURVE('',#3872,#3872,#68,.T.);
#3353=EDGE_CURVE('',#3873,#3873,#69,.T.);
#3354=EDGE_CURVE('',#3874,#3874,#70,.T.);
#3355=EDGE_CURVE('',#3875,#3876,#575,.T.);
#3356=EDGE_CURVE('',#3877,#3876,#576,.T.);
#3357=EDGE_CURVE('',#3878,#3877,#577,.T.);
#3358=EDGE_CURVE('',#3878,#3875,#578,.T.);
#3359=EDGE_CURVE('',#3879,#3875,#579,.T.);
#3360=EDGE_CURVE('',#3880,#3878,#580,.T.);
#3361=EDGE_CURVE('',#3880,#3879,#581,.T.);
#3362=EDGE_CURVE('',#3881,#3879,#582,.T.);
#3363=EDGE_CURVE('',#3882,#3880,#583,.T.);
#3364=EDGE_CURVE('',#3882,#3881,#584,.T.);
#3365=EDGE_CURVE('',#3883,#3881,#585,.T.);
#3366=EDGE_CURVE('',#3884,#3882,#586,.T.);
#3367=EDGE_CURVE('',#3884,#3883,#587,.T.);
#3368=EDGE_CURVE('',#3885,#3883,#588,.T.);
#3369=EDGE_CURVE('',#3886,#3884,#589,.T.);
#3370=EDGE_CURVE('',#3886,#3885,#590,.T.);
#3371=EDGE_CURVE('',#3887,#3885,#591,.T.);
#3372=EDGE_CURVE('',#3888,#3886,#592,.T.);
#3373=EDGE_CURVE('',#3888,#3887,#593,.T.);
#3374=EDGE_CURVE('',#3889,#3887,#594,.T.);
#3375=EDGE_CURVE('',#3890,#3888,#595,.T.);
#3376=EDGE_CURVE('',#3890,#3889,#596,.T.);
#3377=EDGE_CURVE('',#3876,#3889,#597,.T.);
#3378=EDGE_CURVE('',#3877,#3890,#598,.T.);
#3379=EDGE_CURVE('',#3891,#3891,#71,.T.);
#3380=EDGE_CURVE('',#3892,#3892,#72,.T.);
#3381=EDGE_CURVE('',#3893,#3893,#73,.T.);
#3382=EDGE_CURVE('',#3894,#3894,#74,.T.);
#3383=EDGE_CURVE('',#3895,#3895,#75,.T.);
#3384=EDGE_CURVE('',#3896,#3896,#76,.T.);
#3385=EDGE_CURVE('',#3897,#3897,#77,.T.);
#3386=EDGE_CURVE('',#3898,#3898,#78,.T.);
#3387=EDGE_CURVE('',#3839,#3830,#599,.T.);
#3388=EDGE_CURVE('',#3829,#3842,#600,.T.);
#3389=EDGE_CURVE('',#3838,#3841,#601,.T.);
#3390=EDGE_CURVE('',#3899,#3899,#79,.T.);
#3391=EDGE_CURVE('',#3900,#3900,#80,.T.);
#3392=EDGE_CURVE('',#3901,#3901,#81,.T.);
#3393=EDGE_CURVE('',#3902,#3902,#82,.T.);
#3394=EDGE_CURVE('',#3903,#3903,#83,.T.);
#3395=EDGE_CURVE('',#3904,#3904,#84,.T.);
#3396=EDGE_CURVE('',#3905,#3905,#85,.T.);
#3397=EDGE_CURVE('',#3906,#3906,#86,.T.);
#3398=VERTEX_POINT('',#8696);
#3399=VERTEX_POINT('',#8697);
#3400=VERTEX_POINT('',#8718);
#3401=VERTEX_POINT('',#8725);
#3402=VERTEX_POINT('',#8760);
#3403=VERTEX_POINT('',#8761);
#3404=VERTEX_POINT('',#8763);
#3405=VERTEX_POINT('',#8768);
#3406=VERTEX_POINT('',#8782);
#3407=VERTEX_POINT('',#8787);
#3408=VERTEX_POINT('',#8791);
#3409=VERTEX_POINT('',#8793);
#3410=VERTEX_POINT('',#8807);
#3411=VERTEX_POINT('',#8812);
#3412=VERTEX_POINT('',#8816);
#3413=VERTEX_POINT('',#8818);
#3414=VERTEX_POINT('',#8835);
#3415=VERTEX_POINT('',#8840);
#3416=VERTEX_POINT('',#8844);
#3417=VERTEX_POINT('',#8846);
#3418=VERTEX_POINT('',#8860);
#3419=VERTEX_POINT('',#8865);
#3420=VERTEX_POINT('',#8872);
#3421=VERTEX_POINT('',#8874);
#3422=VERTEX_POINT('',#8881);
#3423=VERTEX_POINT('',#8883);
#3424=VERTEX_POINT('',#8897);
#3425=VERTEX_POINT('',#8902);
#3426=VERTEX_POINT('',#8916);
#3427=VERTEX_POINT('',#8921);
#3428=VERTEX_POINT('',#8935);
#3429=VERTEX_POINT('',#8940);
#3430=VERTEX_POINT('',#8954);
#3431=VERTEX_POINT('',#8959);
#3432=VERTEX_POINT('',#8973);
#3433=VERTEX_POINT('',#8978);
#3434=VERTEX_POINT('',#8992);
#3435=VERTEX_POINT('',#8997);
#3436=VERTEX_POINT('',#9011);
#3437=VERTEX_POINT('',#9016);
#3438=VERTEX_POINT('',#9020);
#3439=VERTEX_POINT('',#9022);
#3440=VERTEX_POINT('',#9026);
#3441=VERTEX_POINT('',#9028);
#3442=VERTEX_POINT('',#9032);
#3443=VERTEX_POINT('',#9034);
#3444=VERTEX_POINT('',#9038);
#3445=VERTEX_POINT('',#9040);
#3446=VERTEX_POINT('',#9054);
#3447=VERTEX_POINT('',#9059);
#3448=VERTEX_POINT('',#9073);
#3449=VERTEX_POINT('',#9078);
#3450=VERTEX_POINT('',#9085);
#3451=VERTEX_POINT('',#9087);
#3452=VERTEX_POINT('',#9104);
#3453=VERTEX_POINT('',#9109);
#3454=VERTEX_POINT('',#9123);
#3455=VERTEX_POINT('',#9128);
#3456=VERTEX_POINT('',#9142);
#3457=VERTEX_POINT('',#9147);
#3458=VERTEX_POINT('',#9154);
#3459=VERTEX_POINT('',#9156);
#3460=VERTEX_POINT('',#9173);
#3461=VERTEX_POINT('',#9178);
#3462=VERTEX_POINT('',#9192);
#3463=VERTEX_POINT('',#9197);
#3464=VERTEX_POINT('',#9211);
#3465=VERTEX_POINT('',#9216);
#3466=VERTEX_POINT('',#9230);
#3467=VERTEX_POINT('',#9235);
#3468=VERTEX_POINT('',#9256);
#3469=VERTEX_POINT('',#9257);
#3470=VERTEX_POINT('',#9259);
#3471=VERTEX_POINT('',#9261);
#3472=VERTEX_POINT('',#9266);
#3473=VERTEX_POINT('',#9268);
#3474=VERTEX_POINT('',#9275);
#3475=VERTEX_POINT('',#9277);
#3476=VERTEX_POINT('',#9288);
#3477=VERTEX_POINT('',#9295);
#3478=VERTEX_POINT('',#9306);
#3479=VERTEX_POINT('',#9313);
#3480=VERTEX_POINT('',#9319);
#3481=VERTEX_POINT('',#9320);
#3482=VERTEX_POINT('',#9322);
#3483=VERTEX_POINT('',#9324);
#3484=VERTEX_POINT('',#9328);
#3485=VERTEX_POINT('',#9330);
#3486=VERTEX_POINT('',#9334);
#3487=VERTEX_POINT('',#9336);
#3488=VERTEX_POINT('',#9340);
#3489=VERTEX_POINT('',#9342);
#3490=VERTEX_POINT('',#9346);
#3491=VERTEX_POINT('',#9348);
#3492=VERTEX_POINT('',#9352);
#3493=VERTEX_POINT('',#9354);
#3494=VERTEX_POINT('',#9358);
#3495=VERTEX_POINT('',#9360);
#3496=VERTEX_POINT('',#9371);
#3497=VERTEX_POINT('',#9372);
#3498=VERTEX_POINT('',#9374);
#3499=VERTEX_POINT('',#9376);
#3500=VERTEX_POINT('',#9378);
#3501=VERTEX_POINT('',#9383);
#3502=VERTEX_POINT('',#9388);
#3503=VERTEX_POINT('',#9402);
#3504=VERTEX_POINT('',#9407);
#3505=VERTEX_POINT('',#9418);
#3506=VERTEX_POINT('',#9432);
#3507=VERTEX_POINT('',#9446);
#3508=VERTEX_POINT('',#9453);
#3509=VERTEX_POINT('',#9457);
#3510=VERTEX_POINT('',#9463);
#3511=VERTEX_POINT('',#9464);
#3512=VERTEX_POINT('',#9466);
#3513=VERTEX_POINT('',#9468);
#3514=VERTEX_POINT('',#9472);
#3515=VERTEX_POINT('',#9474);
#3516=VERTEX_POINT('',#9488);
#3517=VERTEX_POINT('',#9493);
#3518=VERTEX_POINT('',#9507);
#3519=VERTEX_POINT('',#9512);
#3520=VERTEX_POINT('',#9526);
#3521=VERTEX_POINT('',#9531);
#3522=VERTEX_POINT('',#9545);
#3523=VERTEX_POINT('',#9550);
#3524=VERTEX_POINT('',#9558);
#3525=VERTEX_POINT('',#9559);
#3526=VERTEX_POINT('',#9561);
#3527=VERTEX_POINT('',#9563);
#3528=VERTEX_POINT('',#9565);
#3529=VERTEX_POINT('',#9567);
#3530=VERTEX_POINT('',#9569);
#3531=VERTEX_POINT('',#9571);
#3532=VERTEX_POINT('',#9573);
#3533=VERTEX_POINT('',#9575);
#3534=VERTEX_POINT('',#9577);
#3535=VERTEX_POINT('',#9579);
#3536=VERTEX_POINT('',#9583);
#3537=VERTEX_POINT('',#9584);
#3538=VERTEX_POINT('',#9589);
#3539=VERTEX_POINT('',#9593);
#3540=VERTEX_POINT('',#9597);
#3541=VERTEX_POINT('',#9601);
#3542=VERTEX_POINT('',#9605);
#3543=VERTEX_POINT('',#9609);
#3544=VERTEX_POINT('',#9613);
#3545=VERTEX_POINT('',#9617);
#3546=VERTEX_POINT('',#9621);
#3547=VERTEX_POINT('',#9625);
#3548=VERTEX_POINT('',#9631);
#3549=VERTEX_POINT('',#9632);
#3550=VERTEX_POINT('',#9634);
#3551=VERTEX_POINT('',#9636);
#3552=VERTEX_POINT('',#9638);
#3553=VERTEX_POINT('',#9640);
#3554=VERTEX_POINT('',#9642);
#3555=VERTEX_POINT('',#9644);
#3556=VERTEX_POINT('',#9646);
#3557=VERTEX_POINT('',#9648);
#3558=VERTEX_POINT('',#9653);
#3559=VERTEX_POINT('',#9655);
#3560=VERTEX_POINT('',#9657);
#3561=VERTEX_POINT('',#9662);
#3562=VERTEX_POINT('',#9667);
#3563=VERTEX_POINT('',#9671);
#3564=VERTEX_POINT('',#9672);
#3565=VERTEX_POINT('',#9687);
#3566=VERTEX_POINT('',#9701);
#3567=VERTEX_POINT('',#9705);
#3568=VERTEX_POINT('',#9709);
#3569=VERTEX_POINT('',#9723);
#3570=VERTEX_POINT('',#9727);
#3571=VERTEX_POINT('',#9731);
#3572=VERTEX_POINT('',#9735);
#3573=VERTEX_POINT('',#9739);
#3574=VERTEX_POINT('',#9743);
#3575=VERTEX_POINT('',#9747);
#3576=VERTEX_POINT('',#9751);
#3577=VERTEX_POINT('',#9758);
#3578=VERTEX_POINT('',#9767);
#3579=VERTEX_POINT('',#9768);
#3580=VERTEX_POINT('',#9770);
#3581=VERTEX_POINT('',#9775);
#3582=VERTEX_POINT('',#9780);
#3583=VERTEX_POINT('',#9785);
#3584=VERTEX_POINT('',#9790);
#3585=VERTEX_POINT('',#9795);
#3586=VERTEX_POINT('',#9800);
#3587=VERTEX_POINT('',#9805);
#3588=VERTEX_POINT('',#9810);
#3589=VERTEX_POINT('',#9815);
#3590=VERTEX_POINT('',#9817);
#3591=VERTEX_POINT('',#9819);
#3592=VERTEX_POINT('',#9824);
#3593=VERTEX_POINT('',#9829);
#3594=VERTEX_POINT('',#9834);
#3595=VERTEX_POINT('',#9839);
#3596=VERTEX_POINT('',#9844);
#3597=VERTEX_POINT('',#9849);
#3598=VERTEX_POINT('',#9851);
#3599=VERTEX_POINT('',#9868);
#3600=VERTEX_POINT('',#9869);
#3601=VERTEX_POINT('',#9877);
#3602=VERTEX_POINT('',#9894);
#3603=VERTEX_POINT('',#9908);
#3604=VERTEX_POINT('',#9922);
#3605=VERTEX_POINT('',#9936);
#3606=VERTEX_POINT('',#9950);
#3607=VERTEX_POINT('',#9964);
#3608=VERTEX_POINT('',#9968);
#3609=VERTEX_POINT('',#9972);
#3610=VERTEX_POINT('',#9989);
#3611=VERTEX_POINT('',#10003);
#3612=VERTEX_POINT('',#10017);
#3613=VERTEX_POINT('',#10031);
#3614=VERTEX_POINT('',#10045);
#3615=VERTEX_POINT('',#10059);
#3616=VERTEX_POINT('',#10073);
#3617=VERTEX_POINT('',#10087);
#3618=VERTEX_POINT('',#10101);
#3619=VERTEX_POINT('',#10105);
#3620=VERTEX_POINT('',#10121);
#3621=VERTEX_POINT('',#10122);
#3622=VERTEX_POINT('',#10127);
#3623=VERTEX_POINT('',#10129);
#3624=VERTEX_POINT('',#10131);
#3625=VERTEX_POINT('',#10136);
#3626=VERTEX_POINT('',#10138);
#3627=VERTEX_POINT('',#10143);
#3628=VERTEX_POINT('',#10147);
#3629=VERTEX_POINT('',#10149);
#3630=VERTEX_POINT('',#10153);
#3631=VERTEX_POINT('',#10167);
#3632=VERTEX_POINT('',#10177);
#3633=VERTEX_POINT('',#10219);
#3634=VERTEX_POINT('',#10220);
#3635=VERTEX_POINT('',#10222);
#3636=VERTEX_POINT('',#10227);
#3637=VERTEX_POINT('',#10231);
#3638=VERTEX_POINT('',#10233);
#3639=VERTEX_POINT('',#10237);
#3640=VERTEX_POINT('',#10239);
#3641=VERTEX_POINT('',#10243);
#3642=VERTEX_POINT('',#10245);
#3643=VERTEX_POINT('',#10249);
#3644=VERTEX_POINT('',#10251);
#3645=VERTEX_POINT('',#10265);
#3646=VERTEX_POINT('',#10270);
#3647=VERTEX_POINT('',#10277);
#3648=VERTEX_POINT('',#10279);
#3649=VERTEX_POINT('',#10296);
#3650=VERTEX_POINT('',#10301);
#3651=VERTEX_POINT('',#10315);
#3652=VERTEX_POINT('',#10320);
#3653=VERTEX_POINT('',#10324);
#3654=VERTEX_POINT('',#10326);
#3655=VERTEX_POINT('',#10340);
#3656=VERTEX_POINT('',#10345);
#3657=VERTEX_POINT('',#10359);
#3658=VERTEX_POINT('',#10364);
#3659=VERTEX_POINT('',#10368);
#3660=VERTEX_POINT('',#10370);
#3661=VERTEX_POINT('',#10391);
#3662=VERTEX_POINT('',#10392);
#3663=VERTEX_POINT('',#10394);
#3664=VERTEX_POINT('',#10396);
#3665=VERTEX_POINT('',#10398);
#3666=VERTEX_POINT('',#10400);
#3667=VERTEX_POINT('',#10402);
#3668=VERTEX_POINT('',#10404);
#3669=VERTEX_POINT('',#10406);
#3670=VERTEX_POINT('',#10408);
#3671=VERTEX_POINT('',#10410);
#3672=VERTEX_POINT('',#10412);
#3673=VERTEX_POINT('',#10416);
#3674=VERTEX_POINT('',#10417);
#3675=VERTEX_POINT('',#10422);
#3676=VERTEX_POINT('',#10426);
#3677=VERTEX_POINT('',#10430);
#3678=VERTEX_POINT('',#10434);
#3679=VERTEX_POINT('',#10438);
#3680=VERTEX_POINT('',#10442);
#3681=VERTEX_POINT('',#10446);
#3682=VERTEX_POINT('',#10450);
#3683=VERTEX_POINT('',#10454);
#3684=VERTEX_POINT('',#10458);
#3685=VERTEX_POINT('',#10464);
#3686=VERTEX_POINT('',#10465);
#3687=VERTEX_POINT('',#10467);
#3688=VERTEX_POINT('',#10469);
#3689=VERTEX_POINT('',#10474);
#3690=VERTEX_POINT('',#10476);
#3691=VERTEX_POINT('',#10483);
#3692=VERTEX_POINT('',#10485);
#3693=VERTEX_POINT('',#10496);
#3694=VERTEX_POINT('',#10503);
#3695=VERTEX_POINT('',#10514);
#3696=VERTEX_POINT('',#10521);
#3697=VERTEX_POINT('',#10527);
#3698=VERTEX_POINT('',#10528);
#3699=VERTEX_POINT('',#10530);
#3700=VERTEX_POINT('',#10532);
#3701=VERTEX_POINT('',#10536);
#3702=VERTEX_POINT('',#10538);
#3703=VERTEX_POINT('',#10542);
#3704=VERTEX_POINT('',#10544);
#3705=VERTEX_POINT('',#10548);
#3706=VERTEX_POINT('',#10550);
#3707=VERTEX_POINT('',#10554);
#3708=VERTEX_POINT('',#10556);
#3709=VERTEX_POINT('',#10560);
#3710=VERTEX_POINT('',#10562);
#3711=VERTEX_POINT('',#10566);
#3712=VERTEX_POINT('',#10568);
#3713=VERTEX_POINT('',#10579);
#3714=VERTEX_POINT('',#10580);
#3715=VERTEX_POINT('',#10582);
#3716=VERTEX_POINT('',#10584);
#3717=VERTEX_POINT('',#10586);
#3718=VERTEX_POINT('',#10591);
#3719=VERTEX_POINT('',#10596);
#3720=VERTEX_POINT('',#10610);
#3721=VERTEX_POINT('',#10615);
#3722=VERTEX_POINT('',#10626);
#3723=VERTEX_POINT('',#10640);
#3724=VERTEX_POINT('',#10654);
#3725=VERTEX_POINT('',#10661);
#3726=VERTEX_POINT('',#10665);
#3727=VERTEX_POINT('',#10671);
#3728=VERTEX_POINT('',#10672);
#3729=VERTEX_POINT('',#10674);
#3730=VERTEX_POINT('',#10676);
#3731=VERTEX_POINT('',#10680);
#3732=VERTEX_POINT('',#10682);
#3733=VERTEX_POINT('',#10696);
#3734=VERTEX_POINT('',#10701);
#3735=VERTEX_POINT('',#10715);
#3736=VERTEX_POINT('',#10720);
#3737=VERTEX_POINT('',#10734);
#3738=VERTEX_POINT('',#10739);
#3739=VERTEX_POINT('',#10753);
#3740=VERTEX_POINT('',#10758);
#3741=VERTEX_POINT('',#10766);
#3742=VERTEX_POINT('',#10767);
#3743=VERTEX_POINT('',#10769);
#3744=VERTEX_POINT('',#10771);
#3745=VERTEX_POINT('',#10773);
#3746=VERTEX_POINT('',#10775);
#3747=VERTEX_POINT('',#10777);
#3748=VERTEX_POINT('',#10779);
#3749=VERTEX_POINT('',#10781);
#3750=VERTEX_POINT('',#10783);
#3751=VERTEX_POINT('',#10785);
#3752=VERTEX_POINT('',#10787);
#3753=VERTEX_POINT('',#10791);
#3754=VERTEX_POINT('',#10792);
#3755=VERTEX_POINT('',#10797);
#3756=VERTEX_POINT('',#10801);
#3757=VERTEX_POINT('',#10805);
#3758=VERTEX_POINT('',#10809);
#3759=VERTEX_POINT('',#10813);
#3760=VERTEX_POINT('',#10817);
#3761=VERTEX_POINT('',#10821);
#3762=VERTEX_POINT('',#10825);
#3763=VERTEX_POINT('',#10829);
#3764=VERTEX_POINT('',#10833);
#3765=VERTEX_POINT('',#10842);
#3766=VERTEX_POINT('',#10843);
#3767=VERTEX_POINT('',#10845);
#3768=VERTEX_POINT('',#10850);
#3769=VERTEX_POINT('',#10855);
#3770=VERTEX_POINT('',#10860);
#3771=VERTEX_POINT('',#10865);
#3772=VERTEX_POINT('',#10870);
#3773=VERTEX_POINT('',#10875);
#3774=VERTEX_POINT('',#10877);
#3775=VERTEX_POINT('',#10882);
#3776=VERTEX_POINT('',#10887);
#3777=VERTEX_POINT('',#10892);
#3778=VERTEX_POINT('',#10897);
#3779=VERTEX_POINT('',#10914);
#3780=VERTEX_POINT('',#10915);
#3781=VERTEX_POINT('',#10930);
#3782=VERTEX_POINT('',#10944);
#3783=VERTEX_POINT('',#10958);
#3784=VERTEX_POINT('',#10972);
#3785=VERTEX_POINT('',#10976);
#3786=VERTEX_POINT('',#10990);
#3787=VERTEX_POINT('',#11004);
#3788=VERTEX_POINT('',#11018);
#3789=VERTEX_POINT('',#11032);
#3790=VERTEX_POINT('',#11046);
#3791=VERTEX_POINT('',#11060);
#3792=VERTEX_POINT('',#11064);
#3793=VERTEX_POINT('',#11080);
#3794=VERTEX_POINT('',#11081);
#3795=VERTEX_POINT('',#11083);
#3796=VERTEX_POINT('',#11085);
#3797=VERTEX_POINT('',#11087);
#3798=VERTEX_POINT('',#11089);
#3799=VERTEX_POINT('',#11093);
#3800=VERTEX_POINT('',#11094);
#3801=VERTEX_POINT('',#11099);
#3802=VERTEX_POINT('',#11103);
#3803=VERTEX_POINT('',#11107);
#3804=VERTEX_POINT('',#11111);
#3805=VERTEX_POINT('',#11117);
#3806=VERTEX_POINT('',#11118);
#3807=VERTEX_POINT('',#11120);
#3808=VERTEX_POINT('',#11122);
#3809=VERTEX_POINT('',#11126);
#3810=VERTEX_POINT('',#11127);
#3811=VERTEX_POINT('',#11132);
#3812=VERTEX_POINT('',#11133);
#3813=VERTEX_POINT('',#11138);
#3814=VERTEX_POINT('',#11139);
#3815=VERTEX_POINT('',#11144);
#3816=VERTEX_POINT('',#11145);
#3817=VERTEX_POINT('',#11225);
#3818=VERTEX_POINT('',#11226);
#3819=VERTEX_POINT('',#11246);
#3820=VERTEX_POINT('',#11248);
#3821=VERTEX_POINT('',#11345);
#3822=VERTEX_POINT('',#11346);
#3823=VERTEX_POINT('',#11366);
#3824=VERTEX_POINT('',#11368);
#3825=VERTEX_POINT('',#11390);
#3826=VERTEX_POINT('',#11391);
#3827=VERTEX_POINT('',#11396);
#3828=VERTEX_POINT('',#11397);
#3829=VERTEX_POINT('',#11403);
#3830=VERTEX_POINT('',#11411);
#3831=VERTEX_POINT('',#11416);
#3832=VERTEX_POINT('',#11418);
#3833=VERTEX_POINT('',#11420);
#3834=VERTEX_POINT('',#11422);
#3835=VERTEX_POINT('',#11426);
#3836=VERTEX_POINT('',#11428);
#3837=VERTEX_POINT('',#11432);
#3838=VERTEX_POINT('',#11433);
#3839=VERTEX_POINT('',#11435);
#3840=VERTEX_POINT('',#11440);
#3841=VERTEX_POINT('',#11444);
#3842=VERTEX_POINT('',#11446);
#3843=VERTEX_POINT('',#11450);
#3844=VERTEX_POINT('',#11452);
#3845=VERTEX_POINT('',#11455);
#3846=VERTEX_POINT('',#11457);
#3847=VERTEX_POINT('',#11460);
#3848=VERTEX_POINT('',#11462);
#3849=VERTEX_POINT('',#11465);
#3850=VERTEX_POINT('',#11467);
#3851=VERTEX_POINT('',#11470);
#3852=VERTEX_POINT('',#11472);
#3853=VERTEX_POINT('',#11475);
#3854=VERTEX_POINT('',#11477);
#3855=VERTEX_POINT('',#11480);
#3856=VERTEX_POINT('',#11482);
#3857=VERTEX_POINT('',#11485);
#3858=VERTEX_POINT('',#11487);
#3859=VERTEX_POINT('',#11490);
#3860=VERTEX_POINT('',#11492);
#3861=VERTEX_POINT('',#11495);
#3862=VERTEX_POINT('',#11497);
#3863=VERTEX_POINT('',#11500);
#3864=VERTEX_POINT('',#11502);
#3865=VERTEX_POINT('',#11505);
#3866=VERTEX_POINT('',#11507);
#3867=VERTEX_POINT('',#11510);
#3868=VERTEX_POINT('',#11512);
#3869=VERTEX_POINT('',#11515);
#3870=VERTEX_POINT('',#11517);
#3871=VERTEX_POINT('',#11520);
#3872=VERTEX_POINT('',#11522);
#3873=VERTEX_POINT('',#11525);
#3874=VERTEX_POINT('',#11527);
#3875=VERTEX_POINT('',#11530);
#3876=VERTEX_POINT('',#11531);
#3877=VERTEX_POINT('',#11533);
#3878=VERTEX_POINT('',#11535);
#3879=VERTEX_POINT('',#11539);
#3880=VERTEX_POINT('',#11541);
#3881=VERTEX_POINT('',#11545);
#3882=VERTEX_POINT('',#11547);
#3883=VERTEX_POINT('',#11551);
#3884=VERTEX_POINT('',#11553);
#3885=VERTEX_POINT('',#11557);
#3886=VERTEX_POINT('',#11559);
#3887=VERTEX_POINT('',#11563);
#3888=VERTEX_POINT('',#11565);
#3889=VERTEX_POINT('',#11569);
#3890=VERTEX_POINT('',#11571);
#3891=VERTEX_POINT('',#11578);
#3892=VERTEX_POINT('',#11580);
#3893=VERTEX_POINT('',#11582);
#3894=VERTEX_POINT('',#11584);
#3895=VERTEX_POINT('',#11586);
#3896=VERTEX_POINT('',#11588);
#3897=VERTEX_POINT('',#11590);
#3898=VERTEX_POINT('',#11592);
#3899=VERTEX_POINT('',#11601);
#3900=VERTEX_POINT('',#11603);
#3901=VERTEX_POINT('',#11605);
#3902=VERTEX_POINT('',#11607);
#3903=VERTEX_POINT('',#11609);
#3904=VERTEX_POINT('',#11611);
#3905=VERTEX_POINT('',#11613);
#3906=VERTEX_POINT('',#11615);
#3907=B_SPLINE_CURVE_WITH_KNOTS('',3,(#8690,#8691,#8692,#8693,#8694,#8695),
 .UNSPECIFIED.,.F.,.F.,(4,2,4),(2.,3.,4.),.UNSPECIFIED.);
#3908=B_SPLINE_CURVE_WITH_KNOTS('',3,(#8698,#8699,#8700,#8701,#8702,#8703,
#8704),.UNSPECIFIED.,.F.,.F.,(4,3,4),(0.,1.,2.),.UNSPECIFIED.);
#3909=B_SPLINE_CURVE_WITH_KNOTS('',3,(#8719,#8720,#8721,#8722,#8723,#8724),
 .UNSPECIFIED.,.F.,.F.,(4,2,4),(2.,3.,4.),.UNSPECIFIED.);
#3910=B_SPLINE_CURVE_WITH_KNOTS('',3,(#8741,#8742,#8743,#8744,#8745,#8746,
#8747),.UNSPECIFIED.,.F.,.F.,(4,3,4),(0.,1.,2.),.UNSPECIFIED.);
#3911=B_SPLINE_CURVE_WITH_KNOTS('',3,(#8756,#8757,#8758,#8759),
 .UNSPECIFIED.,.F.,.F.,(4,4),(34.,35.),.UNSPECIFIED.);
#3912=B_SPLINE_CURVE_WITH_KNOTS('',3,(#8764,#8765,#8766,#8767),
 .UNSPECIFIED.,.F.,.F.,(4,4),(34.,35.),.UNSPECIFIED.);
#3913=B_SPLINE_CURVE_WITH_KNOTS('',3,(#8778,#8779,#8780,#8781),
 .UNSPECIFIED.,.F.,.F.,(4,4),(33.,34.),.UNSPECIFIED.);
#3914=B_SPLINE_CURVE_WITH_KNOTS('',3,(#8783,#8784,#8785,#8786),
 .UNSPECIFIED.,.F.,.F.,(4,4),(33.,34.),.UNSPECIFIED.);
#3915=B_SPLINE_CURVE_WITH_KNOTS('',3,(#8803,#8804,#8805,#8806),
 .UNSPECIFIED.,.F.,.F.,(4,4),(28.,29.),.UNSPECIFIED.);
#3916=B_SPLINE_CURVE_WITH_KNOTS('',3,(#8808,#8809,#8810,#8811),
 .UNSPECIFIED.,.F.,.F.,(4,4),(28.,29.),.UNSPECIFIED.);
#3917=B_SPLINE_CURVE_WITH_KNOTS('',3,(#8819,#8820,#8821,#8822),
 .UNSPECIFIED.,.F.,.F.,(4,4),(0.,1.),.UNSPECIFIED.);
#3918=B_SPLINE_CURVE_WITH_KNOTS('',3,(#8831,#8832,#8833,#8834),
 .UNSPECIFIED.,.F.,.F.,(4,4),(26.,27.),.UNSPECIFIED.);
#3919=B_SPLINE_CURVE_WITH_KNOTS('',3,(#8836,#8837,#8838,#8839),
 .UNSPECIFIED.,.F.,.F.,(4,4),(26.,27.),.UNSPECIFIED.);
#3920=B_SPLINE_CURVE_WITH_KNOTS('',3,(#8856,#8857,#8858,#8859),
 .UNSPECIFIED.,.F.,.F.,(4,4),(24.,25.),.UNSPECIFIED.);
#3921=B_SPLINE_CURVE_WITH_KNOTS('',3,(#8861,#8862,#8863,#8864),
 .UNSPECIFIED.,.F.,.F.,(4,4),(24.,25.),.UNSPECIFIED.);
#3922=B_SPLINE_CURVE_WITH_KNOTS('',3,(#8866,#8867,#8868,#8869),
 .UNSPECIFIED.,.F.,.F.,(4,4),(0.,1.),.UNSPECIFIED.);
#3923=B_SPLINE_CURVE_WITH_KNOTS('',3,(#8875,#8876,#8877,#8878),
 .UNSPECIFIED.,.F.,.F.,(4,4),(0.,1.),.UNSPECIFIED.);
#3924=B_SPLINE_CURVE_WITH_KNOTS('',3,(#8893,#8894,#8895,#8896),
 .UNSPECIFIED.,.F.,.F.,(4,4),(21.,22.),.UNSPECIFIED.);
#3925=B_SPLINE_CURVE_WITH_KNOTS('',3,(#8898,#8899,#8900,#8901),
 .UNSPECIFIED.,.F.,.F.,(4,4),(21.,22.),.UNSPECIFIED.);
#3926=B_SPLINE_CURVE_WITH_KNOTS('',3,(#8912,#8913,#8914,#8915),
 .UNSPECIFIED.,.F.,.F.,(4,4),(20.,21.),.UNSPECIFIED.);
#3927=B_SPLINE_CURVE_WITH_KNOTS('',3,(#8917,#8918,#8919,#8920),
 .UNSPECIFIED.,.F.,.F.,(4,4),(20.,21.),.UNSPECIFIED.);
#3928=B_SPLINE_CURVE_WITH_KNOTS('',3,(#8931,#8932,#8933,#8934),
 .UNSPECIFIED.,.F.,.F.,(4,4),(19.,20.),.UNSPECIFIED.);
#3929=B_SPLINE_CURVE_WITH_KNOTS('',3,(#8936,#8937,#8938,#8939),
 .UNSPECIFIED.,.F.,.F.,(4,4),(19.,20.),.UNSPECIFIED.);
#3930=B_SPLINE_CURVE_WITH_KNOTS('',3,(#8950,#8951,#8952,#8953),
 .UNSPECIFIED.,.F.,.F.,(4,4),(18.,19.),.UNSPECIFIED.);
#3931=B_SPLINE_CURVE_WITH_KNOTS('',3,(#8955,#8956,#8957,#8958),
 .UNSPECIFIED.,.F.,.F.,(4,4),(18.,19.),.UNSPECIFIED.);
#3932=B_SPLINE_CURVE_WITH_KNOTS('',3,(#8969,#8970,#8971,#8972),
 .UNSPECIFIED.,.F.,.F.,(4,4),(17.,18.),.UNSPECIFIED.);
#3933=B_SPLINE_CURVE_WITH_KNOTS('',3,(#8974,#8975,#8976,#8977),
 .UNSPECIFIED.,.F.,.F.,(4,4),(17.,18.),.UNSPECIFIED.);
#3934=B_SPLINE_CURVE_WITH_KNOTS('',3,(#8988,#8989,#8990,#8991),
 .UNSPECIFIED.,.F.,.F.,(4,4),(16.,17.),.UNSPECIFIED.);
#3935=B_SPLINE_CURVE_WITH_KNOTS('',3,(#8993,#8994,#8995,#8996),
 .UNSPECIFIED.,.F.,.F.,(4,4),(16.,17.),.UNSPECIFIED.);
#3936=B_SPLINE_CURVE_WITH_KNOTS('',3,(#9007,#9008,#9009,#9010),
 .UNSPECIFIED.,.F.,.F.,(4,4),(15.,16.),.UNSPECIFIED.);
#3937=B_SPLINE_CURVE_WITH_KNOTS('',3,(#9012,#9013,#9014,#9015),
 .UNSPECIFIED.,.F.,.F.,(4,4),(15.,16.),.UNSPECIFIED.);
#3938=B_SPLINE_CURVE_WITH_KNOTS('',3,(#9050,#9051,#9052,#9053),
 .UNSPECIFIED.,.F.,.F.,(4,4),(10.,11.),.UNSPECIFIED.);
#3939=B_SPLINE_CURVE_WITH_KNOTS('',3,(#9055,#9056,#9057,#9058),
 .UNSPECIFIED.,.F.,.F.,(4,4),(10.,11.),.UNSPECIFIED.);
#3940=B_SPLINE_CURVE_WITH_KNOTS('',3,(#9069,#9070,#9071,#9072),
 .UNSPECIFIED.,.F.,.F.,(4,4),(9.,10.),.UNSPECIFIED.);
#3941=B_SPLINE_CURVE_WITH_KNOTS('',3,(#9074,#9075,#9076,#9077),
 .UNSPECIFIED.,.F.,.F.,(4,4),(9.,10.),.UNSPECIFIED.);
#3942=B_SPLINE_CURVE_WITH_KNOTS('',3,(#9079,#9080,#9081,#9082),
 .UNSPECIFIED.,.F.,.F.,(4,4),(0.,1.),.UNSPECIFIED.);
#3943=B_SPLINE_CURVE_WITH_KNOTS('',3,(#9088,#9089,#9090,#9091),
 .UNSPECIFIED.,.F.,.F.,(4,4),(0.,1.),.UNSPECIFIED.);
#3944=B_SPLINE_CURVE_WITH_KNOTS('',3,(#9100,#9101,#9102,#9103),
 .UNSPECIFIED.,.F.,.F.,(4,4),(7.,8.),.UNSPECIFIED.);
#3945=B_SPLINE_CURVE_WITH_KNOTS('',3,(#9105,#9106,#9107,#9108),
 .UNSPECIFIED.,.F.,.F.,(4,4),(7.,8.),.UNSPECIFIED.);
#3946=B_SPLINE_CURVE_WITH_KNOTS('',3,(#9119,#9120,#9121,#9122),
 .UNSPECIFIED.,.F.,.F.,(4,4),(6.,7.),.UNSPECIFIED.);
#3947=B_SPLINE_CURVE_WITH_KNOTS('',3,(#9124,#9125,#9126,#9127),
 .UNSPECIFIED.,.F.,.F.,(4,4),(6.,7.),.UNSPECIFIED.);
#3948=B_SPLINE_CURVE_WITH_KNOTS('',3,(#9138,#9139,#9140,#9141),
 .UNSPECIFIED.,.F.,.F.,(4,4),(5.,6.),.UNSPECIFIED.);
#3949=B_SPLINE_CURVE_WITH_KNOTS('',3,(#9143,#9144,#9145,#9146),
 .UNSPECIFIED.,.F.,.F.,(4,4),(5.,6.),.UNSPECIFIED.);
#3950=B_SPLINE_CURVE_WITH_KNOTS('',3,(#9148,#9149,#9150,#9151),
 .UNSPECIFIED.,.F.,.F.,(4,4),(0.,1.),.UNSPECIFIED.);
#3951=B_SPLINE_CURVE_WITH_KNOTS('',3,(#9157,#9158,#9159,#9160),
 .UNSPECIFIED.,.F.,.F.,(4,4),(0.,1.),.UNSPECIFIED.);
#3952=B_SPLINE_CURVE_WITH_KNOTS('',3,(#9169,#9170,#9171,#9172),
 .UNSPECIFIED.,.F.,.F.,(4,4),(3.,4.),.UNSPECIFIED.);
#3953=B_SPLINE_CURVE_WITH_KNOTS('',3,(#9174,#9175,#9176,#9177),
 .UNSPECIFIED.,.F.,.F.,(4,4),(3.,4.),.UNSPECIFIED.);
#3954=B_SPLINE_CURVE_WITH_KNOTS('',3,(#9188,#9189,#9190,#9191),
 .UNSPECIFIED.,.F.,.F.,(4,4),(2.,3.),.UNSPECIFIED.);
#3955=B_SPLINE_CURVE_WITH_KNOTS('',3,(#9193,#9194,#9195,#9196),
 .UNSPECIFIED.,.F.,.F.,(4,4),(2.,3.),.UNSPECIFIED.);
#3956=B_SPLINE_CURVE_WITH_KNOTS('',3,(#9207,#9208,#9209,#9210),
 .UNSPECIFIED.,.F.,.F.,(4,4),(1.,2.),.UNSPECIFIED.);
#3957=B_SPLINE_CURVE_WITH_KNOTS('',3,(#9212,#9213,#9214,#9215),
 .UNSPECIFIED.,.F.,.F.,(4,4),(1.,2.),.UNSPECIFIED.);
#3958=B_SPLINE_CURVE_WITH_KNOTS('',3,(#9226,#9227,#9228,#9229),
 .UNSPECIFIED.,.F.,.F.,(4,4),(0.,1.),.UNSPECIFIED.);
#3959=B_SPLINE_CURVE_WITH_KNOTS('',3,(#9231,#9232,#9233,#9234),
 .UNSPECIFIED.,.F.,.F.,(4,4),(0.,1.),.UNSPECIFIED.);
#3960=B_SPLINE_CURVE_WITH_KNOTS('',3,(#9245,#9246,#9247,#9248),
 .UNSPECIFIED.,.F.,.F.,(4,4),(35.,36.),.UNSPECIFIED.);
#3961=B_SPLINE_CURVE_WITH_KNOTS('',3,(#9249,#9250,#9251,#9252),
 .UNSPECIFIED.,.F.,.F.,(4,4),(35.,36.),.UNSPECIFIED.);
#3962=B_SPLINE_CURVE_WITH_KNOTS('',3,(#9262,#9263,#9264,#9265),
 .UNSPECIFIED.,.F.,.F.,(4,4),(1.,2.),.UNSPECIFIED.);
#3963=B_SPLINE_CURVE_WITH_KNOTS('',3,(#9269,#9270,#9271,#9272),
 .UNSPECIFIED.,.F.,.F.,(4,4),(3.,4.),.UNSPECIFIED.);
#3964=B_SPLINE_CURVE_WITH_KNOTS('',3,(#9289,#9290,#9291,#9292),
 .UNSPECIFIED.,.F.,.F.,(4,4),(3.,4.),.UNSPECIFIED.);
#3965=B_SPLINE_CURVE_WITH_KNOTS('',3,(#9307,#9308,#9309,#9310),
 .UNSPECIFIED.,.F.,.F.,(4,4),(1.,2.),.UNSPECIFIED.);
#3966=B_SPLINE_CURVE_WITH_KNOTS('',3,(#9367,#9368,#9369,#9370),
 .UNSPECIFIED.,.F.,.F.,(4,4),(5.,6.),.UNSPECIFIED.);
#3967=B_SPLINE_CURVE_WITH_KNOTS('',3,(#9379,#9380,#9381,#9382),
 .UNSPECIFIED.,.F.,.F.,(4,4),(2.,3.),.UNSPECIFIED.);
#3968=B_SPLINE_CURVE_WITH_KNOTS('',3,(#9384,#9385,#9386,#9387),
 .UNSPECIFIED.,.F.,.F.,(4,4),(3.,4.),.UNSPECIFIED.);
#3969=B_SPLINE_CURVE_WITH_KNOTS('',3,(#9389,#9390,#9391,#9392),
 .UNSPECIFIED.,.F.,.F.,(4,4),(4.,5.),.UNSPECIFIED.);
#3970=B_SPLINE_CURVE_WITH_KNOTS('',3,(#9403,#9404,#9405,#9406),
 .UNSPECIFIED.,.F.,.F.,(4,4),(5.,6.),.UNSPECIFIED.);
#3971=B_SPLINE_CURVE_WITH_KNOTS('',3,(#9419,#9420,#9421,#9422),
 .UNSPECIFIED.,.F.,.F.,(4,4),(4.,5.),.UNSPECIFIED.);
#3972=B_SPLINE_CURVE_WITH_KNOTS('',3,(#9433,#9434,#9435,#9436),
 .UNSPECIFIED.,.F.,.F.,(4,4),(3.,4.),.UNSPECIFIED.);
#3973=B_SPLINE_CURVE_WITH_KNOTS('',3,(#9447,#9448,#9449,#9450),
 .UNSPECIFIED.,.F.,.F.,(4,4),(2.,3.),.UNSPECIFIED.);
#3974=B_SPLINE_CURVE_WITH_KNOTS('',3,(#9484,#9485,#9486,#9487),
 .UNSPECIFIED.,.F.,.F.,(4,4),(2.,3.),.UNSPECIFIED.);
#3975=B_SPLINE_CURVE_WITH_KNOTS('',3,(#9489,#9490,#9491,#9492),
 .UNSPECIFIED.,.F.,.F.,(4,4),(2.,3.),.UNSPECIFIED.);
#3976=B_SPLINE_CURVE_WITH_KNOTS('',3,(#9503,#9504,#9505,#9506),
 .UNSPECIFIED.,.F.,.F.,(4,4),(3.,4.),.UNSPECIFIED.);
#3977=B_SPLINE_CURVE_WITH_KNOTS('',3,(#9508,#9509,#9510,#9511),
 .UNSPECIFIED.,.F.,.F.,(4,4),(3.,4.),.UNSPECIFIED.);
#3978=B_SPLINE_CURVE_WITH_KNOTS('',3,(#9522,#9523,#9524,#9525),
 .UNSPECIFIED.,.F.,.F.,(4,4),(4.,5.),.UNSPECIFIED.);
#3979=B_SPLINE_CURVE_WITH_KNOTS('',3,(#9527,#9528,#9529,#9530),
 .UNSPECIFIED.,.F.,.F.,(4,4),(4.,5.),.UNSPECIFIED.);
#3980=B_SPLINE_CURVE_WITH_KNOTS('',3,(#9541,#9542,#9543,#9544),
 .UNSPECIFIED.,.F.,.F.,(4,4),(5.,6.),.UNSPECIFIED.);
#3981=B_SPLINE_CURVE_WITH_KNOTS('',3,(#9546,#9547,#9548,#9549),
 .UNSPECIFIED.,.F.,.F.,(4,4),(5.,6.),.UNSPECIFIED.);
#3982=B_SPLINE_CURVE_WITH_KNOTS('',3,(#9649,#9650,#9651,#9652),
 .UNSPECIFIED.,.F.,.F.,(4,4),(5.,6.),.UNSPECIFIED.);
#3983=B_SPLINE_CURVE_WITH_KNOTS('',3,(#9658,#9659,#9660,#9661),
 .UNSPECIFIED.,.F.,.F.,(4,4),(2.,3.),.UNSPECIFIED.);
#3984=B_SPLINE_CURVE_WITH_KNOTS('',3,(#9663,#9664,#9665,#9666),
 .UNSPECIFIED.,.F.,.F.,(4,4),(1.,2.),.UNSPECIFIED.);
#3985=B_SPLINE_CURVE_WITH_KNOTS('',3,(#9683,#9684,#9685,#9686),
 .UNSPECIFIED.,.F.,.F.,(4,4),(1.,2.),.UNSPECIFIED.);
#3986=B_SPLINE_CURVE_WITH_KNOTS('',3,(#9697,#9698,#9699,#9700),
 .UNSPECIFIED.,.F.,.F.,(4,4),(2.,3.),.UNSPECIFIED.);
#3987=B_SPLINE_CURVE_WITH_KNOTS('',3,(#9719,#9720,#9721,#9722),
 .UNSPECIFIED.,.F.,.F.,(4,4),(5.,6.),.UNSPECIFIED.);
#3988=B_SPLINE_CURVE_WITH_KNOTS('',3,(#9752,#9753,#9754,#9755),
 .UNSPECIFIED.,.F.,.F.,(4,4),(2.36553832078102E-13,0.999999999999763),
 .UNSPECIFIED.);
#3989=B_SPLINE_CURVE_WITH_KNOTS('',3,(#9763,#9764,#9765,#9766),
 .UNSPECIFIED.,.F.,.F.,(4,4),(0.,1.),.UNSPECIFIED.);
#3990=B_SPLINE_CURVE_WITH_KNOTS('',3,(#9771,#9772,#9773,#9774),
 .UNSPECIFIED.,.F.,.F.,(4,4),(19.,20.),.UNSPECIFIED.);
#3991=B_SPLINE_CURVE_WITH_KNOTS('',3,(#9776,#9777,#9778,#9779),
 .UNSPECIFIED.,.F.,.F.,(4,4),(18.,19.),.UNSPECIFIED.);
#3992=B_SPLINE_CURVE_WITH_KNOTS('',3,(#9781,#9782,#9783,#9784),
 .UNSPECIFIED.,.F.,.F.,(4,4),(17.,18.),.UNSPECIFIED.);
#3993=B_SPLINE_CURVE_WITH_KNOTS('',3,(#9786,#9787,#9788,#9789),
 .UNSPECIFIED.,.F.,.F.,(4,4),(16.,17.),.UNSPECIFIED.);
#3994=B_SPLINE_CURVE_WITH_KNOTS('',3,(#9791,#9792,#9793,#9794),
 .UNSPECIFIED.,.F.,.F.,(4,4),(15.,16.),.UNSPECIFIED.);
#3995=B_SPLINE_CURVE_WITH_KNOTS('',3,(#9796,#9797,#9798,#9799),
 .UNSPECIFIED.,.F.,.F.,(4,4),(14.,15.),.UNSPECIFIED.);
#3996=B_SPLINE_CURVE_WITH_KNOTS('',3,(#9801,#9802,#9803,#9804),
 .UNSPECIFIED.,.F.,.F.,(4,4),(13.,14.),.UNSPECIFIED.);
#3997=B_SPLINE_CURVE_WITH_KNOTS('',3,(#9806,#9807,#9808,#9809),
 .UNSPECIFIED.,.F.,.F.,(4,4),(12.,13.),.UNSPECIFIED.);
#3998=B_SPLINE_CURVE_WITH_KNOTS('',3,(#9811,#9812,#9813,#9814),
 .UNSPECIFIED.,.F.,.F.,(4,4),(11.,12.),.UNSPECIFIED.);
#3999=B_SPLINE_CURVE_WITH_KNOTS('',3,(#9820,#9821,#9822,#9823),
 .UNSPECIFIED.,.F.,.F.,(4,4),(8.,9.),.UNSPECIFIED.);
#4000=B_SPLINE_CURVE_WITH_KNOTS('',3,(#9825,#9826,#9827,#9828),
 .UNSPECIFIED.,.F.,.F.,(4,4),(7.,8.),.UNSPECIFIED.);
#4001=B_SPLINE_CURVE_WITH_KNOTS('',3,(#9830,#9831,#9832,#9833),
 .UNSPECIFIED.,.F.,.F.,(4,4),(6.,7.),.UNSPECIFIED.);
#4002=B_SPLINE_CURVE_WITH_KNOTS('',3,(#9835,#9836,#9837,#9838),
 .UNSPECIFIED.,.F.,.F.,(4,4),(5.,6.),.UNSPECIFIED.);
#4003=B_SPLINE_CURVE_WITH_KNOTS('',3,(#9840,#9841,#9842,#9843),
 .UNSPECIFIED.,.F.,.F.,(4,4),(4.,5.),.UNSPECIFIED.);
#4004=B_SPLINE_CURVE_WITH_KNOTS('',3,(#9845,#9846,#9847,#9848),
 .UNSPECIFIED.,.F.,.F.,(4,4),(3.,4.),.UNSPECIFIED.);
#4005=B_SPLINE_CURVE_WITH_KNOTS('',3,(#9852,#9853,#9854,#9855),
 .UNSPECIFIED.,.F.,.F.,(4,4),(1.,2.),.UNSPECIFIED.);
#4006=B_SPLINE_CURVE_WITH_KNOTS('',3,(#9864,#9865,#9866,#9867),
 .UNSPECIFIED.,.F.,.F.,(4,4),(1.,2.),.UNSPECIFIED.);
#4007=B_SPLINE_CURVE_WITH_KNOTS('',3,(#9871,#9872,#9873,#9874),
 .UNSPECIFIED.,.F.,.F.,(4,4),(0.,1.),.UNSPECIFIED.);
#4008=B_SPLINE_CURVE_WITH_KNOTS('',3,(#9878,#9879,#9880,#9881),
 .UNSPECIFIED.,.F.,.F.,(4,4),(0.,1.),.UNSPECIFIED.);
#4009=B_SPLINE_CURVE_WITH_KNOTS('',3,(#9890,#9891,#9892,#9893),
 .UNSPECIFIED.,.F.,.F.,(4,4),(3.,4.),.UNSPECIFIED.);
#4010=B_SPLINE_CURVE_WITH_KNOTS('',3,(#9904,#9905,#9906,#9907),
 .UNSPECIFIED.,.F.,.F.,(4,4),(4.,5.),.UNSPECIFIED.);
#4011=B_SPLINE_CURVE_WITH_KNOTS('',3,(#9918,#9919,#9920,#9921),
 .UNSPECIFIED.,.F.,.F.,(4,4),(5.,6.),.UNSPECIFIED.);
#4012=B_SPLINE_CURVE_WITH_KNOTS('',3,(#9932,#9933,#9934,#9935),
 .UNSPECIFIED.,.F.,.F.,(4,4),(6.,7.),.UNSPECIFIED.);
#4013=B_SPLINE_CURVE_WITH_KNOTS('',3,(#9946,#9947,#9948,#9949),
 .UNSPECIFIED.,.F.,.F.,(4,4),(7.,8.),.UNSPECIFIED.);
#4014=B_SPLINE_CURVE_WITH_KNOTS('',3,(#9960,#9961,#9962,#9963),
 .UNSPECIFIED.,.F.,.F.,(4,4),(8.,9.),.UNSPECIFIED.);
#4015=B_SPLINE_CURVE_WITH_KNOTS('',3,(#9973,#9974,#9975,#9976),
 .UNSPECIFIED.,.F.,.F.,(4,4),(0.,1.),.UNSPECIFIED.);
#4016=B_SPLINE_CURVE_WITH_KNOTS('',3,(#9985,#9986,#9987,#9988),
 .UNSPECIFIED.,.F.,.F.,(4,4),(11.,12.),.UNSPECIFIED.);
#4017=B_SPLINE_CURVE_WITH_KNOTS('',3,(#9999,#10000,#10001,#10002),
 .UNSPECIFIED.,.F.,.F.,(4,4),(12.,13.),.UNSPECIFIED.);
#4018=B_SPLINE_CURVE_WITH_KNOTS('',3,(#10013,#10014,#10015,#10016),
 .UNSPECIFIED.,.F.,.F.,(4,4),(13.,14.),.UNSPECIFIED.);
#4019=B_SPLINE_CURVE_WITH_KNOTS('',3,(#10027,#10028,#10029,#10030),
 .UNSPECIFIED.,.F.,.F.,(4,4),(14.,15.),.UNSPECIFIED.);
#4020=B_SPLINE_CURVE_WITH_KNOTS('',3,(#10041,#10042,#10043,#10044),
 .UNSPECIFIED.,.F.,.F.,(4,4),(15.,16.),.UNSPECIFIED.);
#4021=B_SPLINE_CURVE_WITH_KNOTS('',3,(#10055,#10056,#10057,#10058),
 .UNSPECIFIED.,.F.,.F.,(4,4),(16.,17.),.UNSPECIFIED.);
#4022=B_SPLINE_CURVE_WITH_KNOTS('',3,(#10069,#10070,#10071,#10072),
 .UNSPECIFIED.,.F.,.F.,(4,4),(17.,18.),.UNSPECIFIED.);
#4023=B_SPLINE_CURVE_WITH_KNOTS('',3,(#10083,#10084,#10085,#10086),
 .UNSPECIFIED.,.F.,.F.,(4,4),(18.,19.),.UNSPECIFIED.);
#4024=B_SPLINE_CURVE_WITH_KNOTS('',3,(#10097,#10098,#10099,#10100),
 .UNSPECIFIED.,.F.,.F.,(4,4),(19.,20.),.UNSPECIFIED.);
#4025=B_SPLINE_CURVE_WITH_KNOTS('',3,(#10115,#10116,#10117,#10118),
 .UNSPECIFIED.,.F.,.F.,(4,4),(0.,1.),.UNSPECIFIED.);
#4026=B_SPLINE_CURVE_WITH_KNOTS('',3,(#10123,#10124,#10125,#10126),
 .UNSPECIFIED.,.F.,.F.,(4,4),(0.,1.),.UNSPECIFIED.);
#4027=B_SPLINE_CURVE_WITH_KNOTS('',3,(#10132,#10133,#10134,#10135),
 .UNSPECIFIED.,.F.,.F.,(4,4),(3.,4.),.UNSPECIFIED.);
#4028=B_SPLINE_CURVE_WITH_KNOTS('',3,(#10139,#10140,#10141,#10142),
 .UNSPECIFIED.,.F.,.F.,(4,4),(5.,6.),.UNSPECIFIED.);
#4029=B_SPLINE_CURVE_WITH_KNOTS('',3,(#10163,#10164,#10165,#10166),
 .UNSPECIFIED.,.F.,.F.,(4,4),(0.,1.),.UNSPECIFIED.);
#4030=B_SPLINE_CURVE_WITH_KNOTS('',3,(#10168,#10169,#10170,#10171),
 .UNSPECIFIED.,.F.,.F.,(4,4),(5.,6.),.UNSPECIFIED.);
#4031=B_SPLINE_CURVE_WITH_KNOTS('',3,(#10173,#10174,#10175,#10176),
 .UNSPECIFIED.,.F.,.F.,(4,4),(0.,1.),.UNSPECIFIED.);
#4032=B_SPLINE_CURVE_WITH_KNOTS('',3,(#10187,#10188,#10189,#10190),
 .UNSPECIFIED.,.F.,.F.,(4,4),(3.,4.),.UNSPECIFIED.);
#4033=B_SPLINE_CURVE_WITH_KNOTS('',3,(#10203,#10204,#10205,#10206),
 .UNSPECIFIED.,.F.,.F.,(4,4),(0.,1.),.UNSPECIFIED.);
#4034=B_SPLINE_CURVE_WITH_KNOTS('',3,(#10215,#10216,#10217,#10218),
 .UNSPECIFIED.,.F.,.F.,(4,4),(1.,2.),.UNSPECIFIED.);
#4035=B_SPLINE_CURVE_WITH_KNOTS('',3,(#10223,#10224,#10225,#10226),
 .UNSPECIFIED.,.F.,.F.,(4,4),(1.,2.),.UNSPECIFIED.);
#4036=B_SPLINE_CURVE_WITH_KNOTS('',3,(#10261,#10262,#10263,#10264),
 .UNSPECIFIED.,.F.,.F.,(4,4),(6.,7.),.UNSPECIFIED.);
#4037=B_SPLINE_CURVE_WITH_KNOTS('',3,(#10266,#10267,#10268,#10269),
 .UNSPECIFIED.,.F.,.F.,(4,4),(6.,7.),.UNSPECIFIED.);
#4038=B_SPLINE_CURVE_WITH_KNOTS('',3,(#10271,#10272,#10273,#10274),
 .UNSPECIFIED.,.F.,.F.,(4,4),(0.,1.),.UNSPECIFIED.);
#4039=B_SPLINE_CURVE_WITH_KNOTS('',3,(#10280,#10281,#10282,#10283),
 .UNSPECIFIED.,.F.,.F.,(4,4),(0.,1.),.UNSPECIFIED.);
#4040=B_SPLINE_CURVE_WITH_KNOTS('',3,(#10292,#10293,#10294,#10295),
 .UNSPECIFIED.,.F.,.F.,(4,4),(8.,9.),.UNSPECIFIED.);
#4041=B_SPLINE_CURVE_WITH_KNOTS('',3,(#10297,#10298,#10299,#10300),
 .UNSPECIFIED.,.F.,.F.,(4,4),(8.,9.),.UNSPECIFIED.);
#4042=B_SPLINE_CURVE_WITH_KNOTS('',3,(#10311,#10312,#10313,#10314),
 .UNSPECIFIED.,.F.,.F.,(4,4),(9.,10.),.UNSPECIFIED.);
#4043=B_SPLINE_CURVE_WITH_KNOTS('',3,(#10316,#10317,#10318,#10319),
 .UNSPECIFIED.,.F.,.F.,(4,4),(9.,10.),.UNSPECIFIED.);
#4044=B_SPLINE_CURVE_WITH_KNOTS('',3,(#10336,#10337,#10338,#10339),
 .UNSPECIFIED.,.F.,.F.,(4,4),(11.,12.),.UNSPECIFIED.);
#4045=B_SPLINE_CURVE_WITH_KNOTS('',3,(#10341,#10342,#10343,#10344),
 .UNSPECIFIED.,.F.,.F.,(4,4),(11.,12.),.UNSPECIFIED.);
#4046=B_SPLINE_CURVE_WITH_KNOTS('',3,(#10355,#10356,#10357,#10358),
 .UNSPECIFIED.,.F.,.F.,(4,4),(12.,13.),.UNSPECIFIED.);
#4047=B_SPLINE_CURVE_WITH_KNOTS('',3,(#10360,#10361,#10362,#10363),
 .UNSPECIFIED.,.F.,.F.,(4,4),(12.,13.),.UNSPECIFIED.);
#4048=B_SPLINE_CURVE_WITH_KNOTS('',3,(#10380,#10381,#10382,#10383),
 .UNSPECIFIED.,.F.,.F.,(4,4),(0.,1.),.UNSPECIFIED.);
#4049=B_SPLINE_CURVE_WITH_KNOTS('',3,(#10384,#10385,#10386,#10387),
 .UNSPECIFIED.,.F.,.F.,(4,4),(0.,1.),.UNSPECIFIED.);
#4050=B_SPLINE_CURVE_WITH_KNOTS('',3,(#10470,#10471,#10472,#10473),
 .UNSPECIFIED.,.F.,.F.,(4,4),(1.,2.),.UNSPECIFIED.);
#4051=B_SPLINE_CURVE_WITH_KNOTS('',3,(#10477,#10478,#10479,#10480),
 .UNSPECIFIED.,.F.,.F.,(4,4),(3.,4.),.UNSPECIFIED.);
#4052=B_SPLINE_CURVE_WITH_KNOTS('',3,(#10497,#10498,#10499,#10500),
 .UNSPECIFIED.,.F.,.F.,(4,4),(3.,4.),.UNSPECIFIED.);
#4053=B_SPLINE_CURVE_WITH_KNOTS('',3,(#10515,#10516,#10517,#10518),
 .UNSPECIFIED.,.F.,.F.,(4,4),(1.,2.),.UNSPECIFIED.);
#4054=B_SPLINE_CURVE_WITH_KNOTS('',3,(#10575,#10576,#10577,#10578),
 .UNSPECIFIED.,.F.,.F.,(4,4),(5.,6.),.UNSPECIFIED.);
#4055=B_SPLINE_CURVE_WITH_KNOTS('',3,(#10587,#10588,#10589,#10590),
 .UNSPECIFIED.,.F.,.F.,(4,4),(2.,3.),.UNSPECIFIED.);
#4056=B_SPLINE_CURVE_WITH_KNOTS('',3,(#10592,#10593,#10594,#10595),
 .UNSPECIFIED.,.F.,.F.,(4,4),(3.,4.),.UNSPECIFIED.);
#4057=B_SPLINE_CURVE_WITH_KNOTS('',3,(#10597,#10598,#10599,#10600),
 .UNSPECIFIED.,.F.,.F.,(4,4),(4.,5.),.UNSPECIFIED.);
#4058=B_SPLINE_CURVE_WITH_KNOTS('',3,(#10611,#10612,#10613,#10614),
 .UNSPECIFIED.,.F.,.F.,(4,4),(5.,6.),.UNSPECIFIED.);
#4059=B_SPLINE_CURVE_WITH_KNOTS('',3,(#10627,#10628,#10629,#10630),
 .UNSPECIFIED.,.F.,.F.,(4,4),(4.,5.),.UNSPECIFIED.);
#4060=B_SPLINE_CURVE_WITH_KNOTS('',3,(#10641,#10642,#10643,#10644),
 .UNSPECIFIED.,.F.,.F.,(4,4),(3.,4.),.UNSPECIFIED.);
#4061=B_SPLINE_CURVE_WITH_KNOTS('',3,(#10655,#10656,#10657,#10658),
 .UNSPECIFIED.,.F.,.F.,(4,4),(2.,3.),.UNSPECIFIED.);
#4062=B_SPLINE_CURVE_WITH_KNOTS('',3,(#10692,#10693,#10694,#10695),
 .UNSPECIFIED.,.F.,.F.,(4,4),(2.,3.),.UNSPECIFIED.);
#4063=B_SPLINE_CURVE_WITH_KNOTS('',3,(#10697,#10698,#10699,#10700),
 .UNSPECIFIED.,.F.,.F.,(4,4),(2.,3.),.UNSPECIFIED.);
#4064=B_SPLINE_CURVE_WITH_KNOTS('',3,(#10711,#10712,#10713,#10714),
 .UNSPECIFIED.,.F.,.F.,(4,4),(3.,4.),.UNSPECIFIED.);
#4065=B_SPLINE_CURVE_WITH_KNOTS('',3,(#10716,#10717,#10718,#10719),
 .UNSPECIFIED.,.F.,.F.,(4,4),(3.,4.),.UNSPECIFIED.);
#4066=B_SPLINE_CURVE_WITH_KNOTS('',3,(#10730,#10731,#10732,#10733),
 .UNSPECIFIED.,.F.,.F.,(4,4),(4.,5.),.UNSPECIFIED.);
#4067=B_SPLINE_CURVE_WITH_KNOTS('',3,(#10735,#10736,#10737,#10738),
 .UNSPECIFIED.,.F.,.F.,(4,4),(4.,5.),.UNSPECIFIED.);
#4068=B_SPLINE_CURVE_WITH_KNOTS('',3,(#10749,#10750,#10751,#10752),
 .UNSPECIFIED.,.F.,.F.,(4,4),(5.,6.),.UNSPECIFIED.);
#4069=B_SPLINE_CURVE_WITH_KNOTS('',3,(#10754,#10755,#10756,#10757),
 .UNSPECIFIED.,.F.,.F.,(4,4),(5.,6.),.UNSPECIFIED.);
#4070=B_SPLINE_CURVE_WITH_KNOTS('',3,(#10838,#10839,#10840,#10841),
 .UNSPECIFIED.,.F.,.F.,(4,4),(0.,1.),.UNSPECIFIED.);
#4071=B_SPLINE_CURVE_WITH_KNOTS('',3,(#10846,#10847,#10848,#10849),
 .UNSPECIFIED.,.F.,.F.,(4,4),(12.,13.),.UNSPECIFIED.);
#4072=B_SPLINE_CURVE_WITH_KNOTS('',3,(#10851,#10852,#10853,#10854),
 .UNSPECIFIED.,.F.,.F.,(4,4),(11.,12.),.UNSPECIFIED.);
#4073=B_SPLINE_CURVE_WITH_KNOTS('',3,(#10856,#10857,#10858,#10859),
 .UNSPECIFIED.,.F.,.F.,(4,4),(10.,11.),.UNSPECIFIED.);
#4074=B_SPLINE_CURVE_WITH_KNOTS('',3,(#10861,#10862,#10863,#10864),
 .UNSPECIFIED.,.F.,.F.,(4,4),(9.,10.),.UNSPECIFIED.);
#4075=B_SPLINE_CURVE_WITH_KNOTS('',3,(#10866,#10867,#10868,#10869),
 .UNSPECIFIED.,.F.,.F.,(4,4),(8.,9.),.UNSPECIFIED.);
#4076=B_SPLINE_CURVE_WITH_KNOTS('',3,(#10871,#10872,#10873,#10874),
 .UNSPECIFIED.,.F.,.F.,(4,4),(7.,8.),.UNSPECIFIED.);
#4077=B_SPLINE_CURVE_WITH_KNOTS('',3,(#10878,#10879,#10880,#10881),
 .UNSPECIFIED.,.F.,.F.,(4,4),(5.,6.),.UNSPECIFIED.);
#4078=B_SPLINE_CURVE_WITH_KNOTS('',3,(#10883,#10884,#10885,#10886),
 .UNSPECIFIED.,.F.,.F.,(4,4),(4.,5.),.UNSPECIFIED.);
#4079=B_SPLINE_CURVE_WITH_KNOTS('',3,(#10888,#10889,#10890,#10891),
 .UNSPECIFIED.,.F.,.F.,(4,4),(3.,4.),.UNSPECIFIED.);
#4080=B_SPLINE_CURVE_WITH_KNOTS('',3,(#10893,#10894,#10895,#10896),
 .UNSPECIFIED.,.F.,.F.,(4,4),(2.,3.),.UNSPECIFIED.);
#4081=B_SPLINE_CURVE_WITH_KNOTS('',3,(#10898,#10899,#10900,#10901),
 .UNSPECIFIED.,.F.,.F.,(4,4),(1.,2.),.UNSPECIFIED.);
#4082=B_SPLINE_CURVE_WITH_KNOTS('',3,(#10910,#10911,#10912,#10913),
 .UNSPECIFIED.,.F.,.F.,(4,4),(1.,2.),.UNSPECIFIED.);
#4083=B_SPLINE_CURVE_WITH_KNOTS('',3,(#10926,#10927,#10928,#10929),
 .UNSPECIFIED.,.F.,.F.,(4,4),(2.,3.),.UNSPECIFIED.);
#4084=B_SPLINE_CURVE_WITH_KNOTS('',3,(#10940,#10941,#10942,#10943),
 .UNSPECIFIED.,.F.,.F.,(4,4),(3.,4.),.UNSPECIFIED.);
#4085=B_SPLINE_CURVE_WITH_KNOTS('',3,(#10954,#10955,#10956,#10957),
 .UNSPECIFIED.,.F.,.F.,(4,4),(4.,5.),.UNSPECIFIED.);
#4086=B_SPLINE_CURVE_WITH_KNOTS('',3,(#10968,#10969,#10970,#10971),
 .UNSPECIFIED.,.F.,.F.,(4,4),(5.,6.),.UNSPECIFIED.);
#4087=B_SPLINE_CURVE_WITH_KNOTS('',3,(#10986,#10987,#10988,#10989),
 .UNSPECIFIED.,.F.,.F.,(4,4),(7.,8.),.UNSPECIFIED.);
#4088=B_SPLINE_CURVE_WITH_KNOTS('',3,(#11000,#11001,#11002,#11003),
 .UNSPECIFIED.,.F.,.F.,(4,4),(8.,9.),.UNSPECIFIED.);
#4089=B_SPLINE_CURVE_WITH_KNOTS('',3,(#11014,#11015,#11016,#11017),
 .UNSPECIFIED.,.F.,.F.,(4,4),(9.,10.),.UNSPECIFIED.);
#4090=B_SPLINE_CURVE_WITH_KNOTS('',3,(#11028,#11029,#11030,#11031),
 .UNSPECIFIED.,.F.,.F.,(4,4),(10.,11.),.UNSPECIFIED.);
#4091=B_SPLINE_CURVE_WITH_KNOTS('',3,(#11042,#11043,#11044,#11045),
 .UNSPECIFIED.,.F.,.F.,(4,4),(11.,12.),.UNSPECIFIED.);
#4092=B_SPLINE_CURVE_WITH_KNOTS('',3,(#11056,#11057,#11058,#11059),
 .UNSPECIFIED.,.F.,.F.,(4,4),(12.,13.),.UNSPECIFIED.);
#4093=B_SPLINE_CURVE_WITH_KNOTS('',3,(#11074,#11075,#11076,#11077),
 .UNSPECIFIED.,.F.,.F.,(4,4),(0.,1.),.UNSPECIFIED.);
#4094=B_SPLINE_CURVE_WITH_KNOTS('',3,(#11227,#11228,#11229,#11230,#11231,
#11232,#11233,#11234,#11235,#11236,#11237,#11238,#11239,#11240,#11241,#11242,
#11243,#11244,#11245),.UNSPECIFIED.,.F.,.F.,(4,1,1,1,1,1,1,1,1,1,1,1,1,
1,1,1,4),(0.,0.07939458843807,0.151958790294,0.218848064049,0.28105064291,
0.339424412066,0.394771809652,0.447951040604,0.5,0.552048959396,0.605228190348,
0.660575587934,0.71894935709,0.781151935951,0.848041209706,0.920605411562,
1.),.UNSPECIFIED.);
#4095=B_SPLINE_CURVE_WITH_KNOTS('',3,(#11249,#11250,#11251,#11252,#11253,
#11254,#11255,#11256,#11257,#11258,#11259,#11260,#11261,#11262,#11263,#11264,
#11265,#11266,#11267),.UNSPECIFIED.,.F.,.F.,(4,1,1,1,1,1,1,1,1,1,1,1,1,
1,1,1,4),(0.,0.07939458843807,0.151958790294,0.218848064049,0.28105064291,
0.339424412066,0.394771809652,0.447951040604,0.5,0.552048959396,0.605228190348,
0.660575587934,0.71894935709,0.781151935951,0.848041209706,0.920605411562,
1.),.UNSPECIFIED.);
#4096=B_SPLINE_CURVE_WITH_KNOTS('',3,(#11347,#11348,#11349,#11350,#11351,
#11352,#11353,#11354,#11355,#11356,#11357,#11358,#11359,#11360,#11361,#11362,
#11363,#11364,#11365),.UNSPECIFIED.,.F.,.F.,(4,1,1,1,1,1,1,1,1,1,1,1,1,
1,1,1,4),(0.,0.07939458843807,0.151958790294,0.218848064049,0.28105064291,
0.339424412066,0.394771809652,0.447951040604,0.5,0.552048959396,0.605228190348,
0.660575587934,0.71894935709,0.781151935951,0.848041209706,0.920605411562,
1.),.UNSPECIFIED.);
#4097=B_SPLINE_CURVE_WITH_KNOTS('',3,(#11369,#11370,#11371,#11372,#11373,
#11374,#11375,#11376,#11377,#11378,#11379,#11380,#11381,#11382,#11383,#11384,
#11385,#11386,#11387),.UNSPECIFIED.,.F.,.F.,(4,1,1,1,1,1,1,1,1,1,1,1,1,
1,1,1,4),(0.,0.07939458843807,0.151958790294,0.218848064049,0.28105064291,
0.339424412066,0.394771809652,0.447951040604,0.5,0.552048959396,0.605228190348,
0.660575587934,0.71894935709,0.781151935951,0.848041209706,0.920605411562,
1.),.UNSPECIFIED.);
#4098=EDGE_LOOP('',(#1172,#1173));
#4099=EDGE_LOOP('',(#1174,#1175,#1176,#1177));
#4100=EDGE_LOOP('',(#1178,#1179,#1180,#1181));
#4101=EDGE_LOOP('',(#1182,#1183,#1184,#1185));
#4102=EDGE_LOOP('',(#1186,#1187,#1188,#1189));
#4103=EDGE_LOOP('',(#1190,#1191,#1192,#1193));
#4104=EDGE_LOOP('',(#1194,#1195,#1196,#1197));
#4105=EDGE_LOOP('',(#1198,#1199,#1200,#1201));
#4106=EDGE_LOOP('',(#1202,#1203,#1204,#1205));
#4107=EDGE_LOOP('',(#1206,#1207,#1208,#1209));
#4108=EDGE_LOOP('',(#1210,#1211,#1212,#1213));
#4109=EDGE_LOOP('',(#1214,#1215,#1216,#1217));
#4110=EDGE_LOOP('',(#1218,#1219,#1220,#1221));
#4111=EDGE_LOOP('',(#1222,#1223,#1224,#1225));
#4112=EDGE_LOOP('',(#1226,#1227,#1228,#1229));
#4113=EDGE_LOOP('',(#1230,#1231,#1232,#1233));
#4114=EDGE_LOOP('',(#1234,#1235,#1236,#1237));
#4115=EDGE_LOOP('',(#1238,#1239,#1240,#1241));
#4116=EDGE_LOOP('',(#1242,#1243,#1244,#1245));
#4117=EDGE_LOOP('',(#1246,#1247,#1248,#1249));
#4118=EDGE_LOOP('',(#1250,#1251,#1252,#1253));
#4119=EDGE_LOOP('',(#1254,#1255,#1256,#1257));
#4120=EDGE_LOOP('',(#1258,#1259,#1260,#1261));
#4121=EDGE_LOOP('',(#1262,#1263,#1264,#1265));
#4122=EDGE_LOOP('',(#1266,#1267,#1268,#1269));
#4123=EDGE_LOOP('',(#1270,#1271,#1272,#1273));
#4124=EDGE_LOOP('',(#1274,#1275,#1276,#1277));
#4125=EDGE_LOOP('',(#1278,#1279,#1280,#1281));
#4126=EDGE_LOOP('',(#1282,#1283,#1284,#1285));
#4127=EDGE_LOOP('',(#1286,#1287,#1288,#1289));
#4128=EDGE_LOOP('',(#1290,#1291,#1292,#1293));
#4129=EDGE_LOOP('',(#1294,#1295,#1296,#1297));
#4130=EDGE_LOOP('',(#1298,#1299,#1300,#1301));
#4131=EDGE_LOOP('',(#1302,#1303,#1304,#1305));
#4132=EDGE_LOOP('',(#1306,#1307,#1308,#1309));
#4133=EDGE_LOOP('',(#1310,#1311,#1312,#1313));
#4134=EDGE_LOOP('',(#1314,#1315));
#4135=EDGE_LOOP('',(#1316,#1317,#1318,#1319,#1320,#1321,#1322,#1323,#1324,
#1325,#1326,#1327,#1328,#1329,#1330,#1331,#1332,#1333,#1334,#1335,#1336,
#1337,#1338,#1339,#1340,#1341,#1342,#1343,#1344,#1345,#1346,#1347,#1348));
#4136=EDGE_LOOP('',(#1349,#1350,#1351,#1352,#1353,#1354));
#4137=EDGE_LOOP('',(#1355,#1356,#1357,#1358));
#4138=EDGE_LOOP('',(#1359,#1360,#1361,#1362));
#4139=EDGE_LOOP('',(#1363,#1364,#1365,#1366));
#4140=EDGE_LOOP('',(#1367,#1368,#1369,#1370));
#4141=EDGE_LOOP('',(#1371,#1372,#1373,#1374));
#4142=EDGE_LOOP('',(#1375,#1376,#1377,#1378));
#4143=EDGE_LOOP('',(#1379,#1380,#1381,#1382));
#4144=EDGE_LOOP('',(#1383,#1384,#1385,#1386));
#4145=EDGE_LOOP('',(#1387,#1388,#1389,#1390));
#4146=EDGE_LOOP('',(#1391,#1392,#1393,#1394));
#4147=EDGE_LOOP('',(#1395,#1396,#1397,#1398));
#4148=EDGE_LOOP('',(#1399,#1400,#1401,#1402));
#4149=EDGE_LOOP('',(#1403,#1404,#1405,#1406));
#4150=EDGE_LOOP('',(#1407,#1408,#1409,#1410));
#4151=EDGE_LOOP('',(#1411,#1412,#1413,#1414,#1415,#1416));
#4152=EDGE_LOOP('',(#1417,#1418,#1419,#1420,#1421,#1422,#1423,#1424));
#4153=EDGE_LOOP('',(#1425,#1426,#1427,#1428,#1429,#1430,#1431));
#4154=EDGE_LOOP('',(#1432,#1433,#1434,#1435));
#4155=EDGE_LOOP('',(#1436,#1437,#1438,#1439));
#4156=EDGE_LOOP('',(#1440,#1441,#1442,#1443));
#4157=EDGE_LOOP('',(#1444,#1445,#1446,#1447));
#4158=EDGE_LOOP('',(#1448,#1449,#1450,#1451));
#4159=EDGE_LOOP('',(#1452,#1453,#1454,#1455));
#4160=EDGE_LOOP('',(#1456,#1457,#1458,#1459));
#4161=EDGE_LOOP('',(#1460,#1461,#1462,#1463));
#4162=EDGE_LOOP('',(#1464,#1465,#1466,#1467));
#4163=EDGE_LOOP('',(#1468,#1469,#1470,#1471));
#4164=EDGE_LOOP('',(#1472,#1473,#1474,#1475));
#4165=EDGE_LOOP('',(#1476,#1477,#1478,#1479));
#4166=EDGE_LOOP('',(#1480,#1481,#1482,#1483));
#4167=EDGE_LOOP('',(#1484,#1485,#1486,#1487));
#4168=EDGE_LOOP('',(#1488,#1489,#1490,#1491,#1492,#1493,#1494));
#4169=EDGE_LOOP('',(#1495,#1496,#1497,#1498,#1499,#1500,#1501));
#4170=EDGE_LOOP('',(#1502,#1503,#1504,#1505,#1506,#1507,#1508,#1509,#1510,
#1511,#1512,#1513));
#4171=EDGE_LOOP('',(#1514,#1515,#1516,#1517));
#4172=EDGE_LOOP('',(#1518,#1519,#1520,#1521));
#4173=EDGE_LOOP('',(#1522,#1523,#1524,#1525));
#4174=EDGE_LOOP('',(#1526,#1527,#1528,#1529));
#4175=EDGE_LOOP('',(#1530,#1531,#1532,#1533));
#4176=EDGE_LOOP('',(#1534,#1535,#1536,#1537));
#4177=EDGE_LOOP('',(#1538,#1539,#1540,#1541));
#4178=EDGE_LOOP('',(#1542,#1543,#1544,#1545));
#4179=EDGE_LOOP('',(#1546,#1547,#1548,#1549));
#4180=EDGE_LOOP('',(#1550,#1551,#1552,#1553));
#4181=EDGE_LOOP('',(#1554,#1555,#1556,#1557));
#4182=EDGE_LOOP('',(#1558,#1559,#1560,#1561));
#4183=EDGE_LOOP('',(#1562,#1563,#1564,#1565,#1566,#1567,#1568,#1569,#1570,
#1571,#1572,#1573,#1574,#1575,#1576));
#4184=EDGE_LOOP('',(#1577,#1578,#1579,#1580));
#4185=EDGE_LOOP('',(#1581,#1582,#1583,#1584));
#4186=EDGE_LOOP('',(#1585,#1586,#1587,#1588));
#4187=EDGE_LOOP('',(#1589,#1590,#1591,#1592));
#4188=EDGE_LOOP('',(#1593,#1594,#1595,#1596));
#4189=EDGE_LOOP('',(#1597,#1598,#1599,#1600));
#4190=EDGE_LOOP('',(#1601,#1602,#1603,#1604));
#4191=EDGE_LOOP('',(#1605,#1606,#1607,#1608));
#4192=EDGE_LOOP('',(#1609,#1610,#1611,#1612));
#4193=EDGE_LOOP('',(#1613,#1614,#1615,#1616));
#4194=EDGE_LOOP('',(#1617,#1618,#1619,#1620));
#4195=EDGE_LOOP('',(#1621,#1622,#1623,#1624));
#4196=EDGE_LOOP('',(#1625,#1626,#1627,#1628));
#4197=EDGE_LOOP('',(#1629,#1630,#1631,#1632));
#4198=EDGE_LOOP('',(#1633,#1634,#1635,#1636));
#4199=EDGE_LOOP('',(#1637,#1638,#1639,#1640,#1641,#1642,#1643,#1644,#1645,
#1646,#1647,#1648,#1649,#1650,#1651,#1652,#1653,#1654,#1655,#1656,#1657));
#4200=EDGE_LOOP('',(#1658,#1659,#1660,#1661));
#4201=EDGE_LOOP('',(#1662,#1663,#1664,#1665));
#4202=EDGE_LOOP('',(#1666,#1667,#1668,#1669));
#4203=EDGE_LOOP('',(#1670,#1671,#1672,#1673));
#4204=EDGE_LOOP('',(#1674,#1675,#1676,#1677));
#4205=EDGE_LOOP('',(#1678,#1679,#1680,#1681));
#4206=EDGE_LOOP('',(#1682,#1683,#1684,#1685));
#4207=EDGE_LOOP('',(#1686,#1687,#1688,#1689));
#4208=EDGE_LOOP('',(#1690,#1691,#1692,#1693));
#4209=EDGE_LOOP('',(#1694,#1695,#1696,#1697));
#4210=EDGE_LOOP('',(#1698,#1699,#1700,#1701));
#4211=EDGE_LOOP('',(#1702,#1703,#1704,#1705));
#4212=EDGE_LOOP('',(#1706,#1707,#1708,#1709));
#4213=EDGE_LOOP('',(#1710,#1711,#1712,#1713));
#4214=EDGE_LOOP('',(#1714,#1715,#1716,#1717));
#4215=EDGE_LOOP('',(#1718,#1719,#1720,#1721));
#4216=EDGE_LOOP('',(#1722,#1723,#1724,#1725));
#4217=EDGE_LOOP('',(#1726,#1727,#1728,#1729));
#4218=EDGE_LOOP('',(#1730,#1731,#1732,#1733));
#4219=EDGE_LOOP('',(#1734,#1735,#1736,#1737));
#4220=EDGE_LOOP('',(#1738,#1739,#1740,#1741));
#4221=EDGE_LOOP('',(#1742,#1743,#1744,#1745,#1746,#1747,#1748,#1749));
#4222=EDGE_LOOP('',(#1750,#1751,#1752,#1753));
#4223=EDGE_LOOP('',(#1754,#1755,#1756,#1757));
#4224=EDGE_LOOP('',(#1758,#1759,#1760,#1761));
#4225=EDGE_LOOP('',(#1762,#1763,#1764,#1765));
#4226=EDGE_LOOP('',(#1766,#1767,#1768));
#4227=EDGE_LOOP('',(#1769,#1770));
#4228=EDGE_LOOP('',(#1771,#1772));
#4229=EDGE_LOOP('',(#1773,#1774,#1775));
#4230=EDGE_LOOP('',(#1776,#1777,#1778,#1779));
#4231=EDGE_LOOP('',(#1780,#1781,#1782,#1783));
#4232=EDGE_LOOP('',(#1784,#1785,#1786,#1787));
#4233=EDGE_LOOP('',(#1788,#1789,#1790,#1791));
#4234=EDGE_LOOP('',(#1792,#1793,#1794,#1795));
#4235=EDGE_LOOP('',(#1796,#1797,#1798,#1799));
#4236=EDGE_LOOP('',(#1800,#1801,#1802,#1803));
#4237=EDGE_LOOP('',(#1804,#1805,#1806,#1807));
#4238=EDGE_LOOP('',(#1808,#1809,#1810,#1811));
#4239=EDGE_LOOP('',(#1812,#1813,#1814,#1815));
#4240=EDGE_LOOP('',(#1816,#1817,#1818,#1819));
#4241=EDGE_LOOP('',(#1820,#1821,#1822,#1823));
#4242=EDGE_LOOP('',(#1824,#1825,#1826,#1827));
#4243=EDGE_LOOP('',(#1828,#1829,#1830,#1831));
#4244=EDGE_LOOP('',(#1832,#1833,#1834,#1835,#1836,#1837,#1838,#1839));
#4245=EDGE_LOOP('',(#1840,#1841,#1842,#1843,#1844,#1845,#1846,#1847,#1848,
#1849,#1850,#1851,#1852,#1853));
#4246=EDGE_LOOP('',(#1854,#1855,#1856,#1857,#1858,#1859,#1860,#1861,#1862,
#1863,#1864,#1865));
#4247=EDGE_LOOP('',(#1866,#1867,#1868,#1869));
#4248=EDGE_LOOP('',(#1870,#1871,#1872,#1873));
#4249=EDGE_LOOP('',(#1874,#1875,#1876,#1877));
#4250=EDGE_LOOP('',(#1878,#1879,#1880,#1881));
#4251=EDGE_LOOP('',(#1882,#1883,#1884,#1885));
#4252=EDGE_LOOP('',(#1886,#1887,#1888,#1889));
#4253=EDGE_LOOP('',(#1890,#1891,#1892,#1893));
#4254=EDGE_LOOP('',(#1894,#1895,#1896,#1897));
#4255=EDGE_LOOP('',(#1898,#1899,#1900,#1901));
#4256=EDGE_LOOP('',(#1902,#1903,#1904,#1905));
#4257=EDGE_LOOP('',(#1906,#1907,#1908,#1909));
#4258=EDGE_LOOP('',(#1910,#1911,#1912,#1913));
#4259=EDGE_LOOP('',(#1914,#1915,#1916,#1917,#1918,#1919));
#4260=EDGE_LOOP('',(#1920,#1921,#1922,#1923));
#4261=EDGE_LOOP('',(#1924,#1925,#1926,#1927));
#4262=EDGE_LOOP('',(#1928,#1929,#1930,#1931));
#4263=EDGE_LOOP('',(#1932,#1933,#1934,#1935));
#4264=EDGE_LOOP('',(#1936,#1937,#1938,#1939));
#4265=EDGE_LOOP('',(#1940,#1941,#1942,#1943));
#4266=EDGE_LOOP('',(#1944,#1945,#1946,#1947));
#4267=EDGE_LOOP('',(#1948,#1949,#1950,#1951));
#4268=EDGE_LOOP('',(#1952,#1953,#1954,#1955));
#4269=EDGE_LOOP('',(#1956,#1957,#1958,#1959));
#4270=EDGE_LOOP('',(#1960,#1961,#1962,#1963));
#4271=EDGE_LOOP('',(#1964,#1965,#1966,#1967));
#4272=EDGE_LOOP('',(#1968,#1969,#1970,#1971));
#4273=EDGE_LOOP('',(#1972,#1973,#1974,#1975));
#4274=EDGE_LOOP('',(#1976,#1977,#1978,#1979,#1980,#1981));
#4275=EDGE_LOOP('',(#1982,#1983,#1984,#1985,#1986,#1987,#1988,#1989));
#4276=EDGE_LOOP('',(#1990,#1991,#1992,#1993,#1994,#1995,#1996));
#4277=EDGE_LOOP('',(#1997,#1998,#1999,#2000));
#4278=EDGE_LOOP('',(#2001,#2002,#2003,#2004));
#4279=EDGE_LOOP('',(#2005,#2006,#2007,#2008));
#4280=EDGE_LOOP('',(#2009,#2010,#2011,#2012));
#4281=EDGE_LOOP('',(#2013,#2014,#2015,#2016));
#4282=EDGE_LOOP('',(#2017,#2018,#2019,#2020));
#4283=EDGE_LOOP('',(#2021,#2022,#2023,#2024));
#4284=EDGE_LOOP('',(#2025,#2026,#2027,#2028));
#4285=EDGE_LOOP('',(#2029,#2030,#2031,#2032));
#4286=EDGE_LOOP('',(#2033,#2034,#2035,#2036));
#4287=EDGE_LOOP('',(#2037,#2038,#2039,#2040));
#4288=EDGE_LOOP('',(#2041,#2042,#2043,#2044));
#4289=EDGE_LOOP('',(#2045,#2046,#2047,#2048));
#4290=EDGE_LOOP('',(#2049,#2050,#2051,#2052));
#4291=EDGE_LOOP('',(#2053,#2054,#2055,#2056,#2057,#2058,#2059));
#4292=EDGE_LOOP('',(#2060,#2061,#2062,#2063,#2064,#2065,#2066));
#4293=EDGE_LOOP('',(#2067,#2068,#2069,#2070,#2071,#2072,#2073,#2074,#2075,
#2076,#2077,#2078));
#4294=EDGE_LOOP('',(#2079,#2080,#2081,#2082));
#4295=EDGE_LOOP('',(#2083,#2084,#2085,#2086));
#4296=EDGE_LOOP('',(#2087,#2088,#2089,#2090));
#4297=EDGE_LOOP('',(#2091,#2092,#2093,#2094));
#4298=EDGE_LOOP('',(#2095,#2096,#2097,#2098));
#4299=EDGE_LOOP('',(#2099,#2100,#2101,#2102));
#4300=EDGE_LOOP('',(#2103,#2104,#2105,#2106));
#4301=EDGE_LOOP('',(#2107,#2108,#2109,#2110));
#4302=EDGE_LOOP('',(#2111,#2112,#2113,#2114));
#4303=EDGE_LOOP('',(#2115,#2116,#2117,#2118));
#4304=EDGE_LOOP('',(#2119,#2120,#2121,#2122));
#4305=EDGE_LOOP('',(#2123,#2124,#2125,#2126));
#4306=EDGE_LOOP('',(#2127,#2128,#2129,#2130,#2131,#2132,#2133,#2134,#2135,
#2136,#2137,#2138,#2139,#2140));
#4307=EDGE_LOOP('',(#2141,#2142,#2143,#2144));
#4308=EDGE_LOOP('',(#2145,#2146,#2147,#2148));
#4309=EDGE_LOOP('',(#2149,#2150,#2151,#2152));
#4310=EDGE_LOOP('',(#2153,#2154,#2155,#2156));
#4311=EDGE_LOOP('',(#2157,#2158,#2159,#2160));
#4312=EDGE_LOOP('',(#2161,#2162,#2163,#2164));
#4313=EDGE_LOOP('',(#2165,#2166,#2167,#2168));
#4314=EDGE_LOOP('',(#2169,#2170,#2171,#2172));
#4315=EDGE_LOOP('',(#2173,#2174,#2175,#2176));
#4316=EDGE_LOOP('',(#2177,#2178,#2179,#2180));
#4317=EDGE_LOOP('',(#2181,#2182,#2183,#2184));
#4318=EDGE_LOOP('',(#2185,#2186,#2187,#2188));
#4319=EDGE_LOOP('',(#2189,#2190,#2191,#2192));
#4320=EDGE_LOOP('',(#2193,#2194,#2195,#2196));
#4321=EDGE_LOOP('',(#2197,#2198,#2199,#2200,#2201,#2202));
#4322=EDGE_LOOP('',(#2203,#2204,#2205,#2206));
#4323=EDGE_LOOP('',(#2207,#2208,#2209,#2210));
#4324=EDGE_LOOP('',(#2211,#2212,#2213,#2214));
#4325=EDGE_LOOP('',(#2215,#2216,#2217,#2218));
#4326=EDGE_LOOP('',(#2219,#2220,#2221,#2222));
#4327=EDGE_LOOP('',(#2223,#2224,#2225,#2226));
#4328=EDGE_LOOP('',(#2227,#2228,#2229,#2230));
#4329=EDGE_LOOP('',(#2231,#2232,#2233,#2234));
#4330=EDGE_LOOP('',(#2235,#2236,#2237,#2238));
#4331=EDGE_LOOP('',(#2239,#2240,#2241,#2242));
#4332=EDGE_LOOP('',(#2243,#2244,#2245,#2246));
#4333=EDGE_LOOP('',(#2247,#2248,#2249,#2250));
#4334=EDGE_LOOP('',(#2251,#2252,#2253,#2254));
#4335=EDGE_LOOP('',(#2255,#2256,#2257,#2258));
#4336=EDGE_LOOP('',(#2259,#2260,#2261,#2262));
#4337=EDGE_LOOP('',(#2263,#2264,#2265,#2266,#2267,#2268,#2269,#2270,#2271));
#4338=EDGE_LOOP('',(#2272,#2273,#2274,#2275,#2276,#2277,#2278,#2279));
#4339=EDGE_LOOP('',(#2280,#2281,#2282,#2283,#2284,#2285,#2286,#2287,#2288));
#4340=EDGE_LOOP('',(#2289,#2290,#2291,#2292,#2293,#2294,#2295,#2296));
#4341=EDGE_LOOP('',(#2297,#2298,#2299,#2300,#2301,#2302));
#4342=EDGE_LOOP('',(#2303,#2304,#2305,#2306));
#4343=EDGE_LOOP('',(#2307,#2308,#2309,#2310,#2311,#2312));
#4344=EDGE_LOOP('',(#2313,#2314,#2315,#2316));
#4345=EDGE_LOOP('',(#2317,#2318,#2319,#2320,#2321,#2322));
#4346=EDGE_LOOP('',(#2323));
#4347=EDGE_LOOP('',(#2324));
#4348=EDGE_LOOP('',(#2325));
#4349=EDGE_LOOP('',(#2326));
#4350=EDGE_LOOP('',(#2327));
#4351=EDGE_LOOP('',(#2328));
#4352=EDGE_LOOP('',(#2329));
#4353=EDGE_LOOP('',(#2330));
#4354=EDGE_LOOP('',(#2331));
#4355=EDGE_LOOP('',(#2332));
#4356=EDGE_LOOP('',(#2333));
#4357=EDGE_LOOP('',(#2334));
#4358=EDGE_LOOP('',(#2335));
#4359=EDGE_LOOP('',(#2336));
#4360=EDGE_LOOP('',(#2337));
#4361=EDGE_LOOP('',(#2338));
#4362=EDGE_LOOP('',(#2339));
#4363=EDGE_LOOP('',(#2340));
#4364=EDGE_LOOP('',(#2341));
#4365=EDGE_LOOP('',(#2342));
#4366=EDGE_LOOP('',(#2343));
#4367=EDGE_LOOP('',(#2344));
#4368=EDGE_LOOP('',(#2345));
#4369=EDGE_LOOP('',(#2346));
#4370=EDGE_LOOP('',(#2347));
#4371=EDGE_LOOP('',(#2348));
#4372=EDGE_LOOP('',(#2349));
#4373=EDGE_LOOP('',(#2350));
#4374=EDGE_LOOP('',(#2351));
#4375=EDGE_LOOP('',(#2352));
#4376=EDGE_LOOP('',(#2353));
#4377=EDGE_LOOP('',(#2354));
#4378=EDGE_LOOP('',(#2355,#2356,#2357,#2358));
#4379=EDGE_LOOP('',(#2359,#2360,#2361,#2362));
#4380=EDGE_LOOP('',(#2363,#2364,#2365,#2366));
#4381=EDGE_LOOP('',(#2367,#2368,#2369,#2370));
#4382=EDGE_LOOP('',(#2371,#2372,#2373,#2374));
#4383=EDGE_LOOP('',(#2375,#2376,#2377,#2378));
#4384=EDGE_LOOP('',(#2379,#2380,#2381,#2382));
#4385=EDGE_LOOP('',(#2383,#2384,#2385,#2386));
#4386=EDGE_LOOP('',(#2387));
#4387=EDGE_LOOP('',(#2388));
#4388=EDGE_LOOP('',(#2389));
#4389=EDGE_LOOP('',(#2390));
#4390=EDGE_LOOP('',(#2391,#2392,#2393,#2394,#2395,#2396,#2397,#2398));
#4391=EDGE_LOOP('',(#2399));
#4392=EDGE_LOOP('',(#2400));
#4393=EDGE_LOOP('',(#2401));
#4394=EDGE_LOOP('',(#2402));
#4395=EDGE_LOOP('',(#2403,#2404,#2405,#2406));
#4396=EDGE_LOOP('',(#2407,#2408,#2409,#2410));
#4397=EDGE_LOOP('',(#2411,#2412,#2413,#2414,#2415,#2416,#2417,#2418));
#4398=EDGE_LOOP('',(#2419,#2420,#2421,#2422,#2423,#2424,#2425,#2426,#2427,
#2428,#2429,#2430,#2431,#2432,#2433,#2434,#2435,#2436,#2437,#2438,#2439,
#2440,#2441,#2442,#2443,#2444,#2445,#2446,#2447,#2448,#2449,#2450,#2451));
#4399=EDGE_LOOP('',(#2452,#2453,#2454,#2455,#2456,#2457,#2458,#2459));
#4400=EDGE_LOOP('',(#2460,#2461,#2462,#2463,#2464,#2465,#2466));
#4401=EDGE_LOOP('',(#2467,#2468,#2469,#2470,#2471,#2472,#2473,#2474,#2475,
#2476,#2477,#2478));
#4402=EDGE_LOOP('',(#2479,#2480,#2481,#2482,#2483,#2484,#2485,#2486,#2487,
#2488,#2489,#2490,#2491,#2492,#2493,#2494,#2495,#2496,#2497,#2498,#2499));
#4403=EDGE_LOOP('',(#2500,#2501,#2502,#2503,#2504,#2505,#2506,#2507));
#4404=EDGE_LOOP('',(#2508,#2509,#2510,#2511,#2512,#2513,#2514));
#4405=EDGE_LOOP('',(#2515,#2516,#2517,#2518,#2519,#2520,#2521,#2522,#2523,
#2524,#2525,#2526));
#4406=EDGE_LOOP('',(#2527,#2528,#2529,#2530,#2531,#2532));
#4407=EDGE_LOOP('',(#2533));
#4408=EDGE_LOOP('',(#2534));
#4409=EDGE_LOOP('',(#2535));
#4410=EDGE_LOOP('',(#2536));
#4411=EDGE_LOOP('',(#2537,#2538,#2539,#2540,#2541,#2542,#2543,#2544));
#4412=EDGE_LOOP('',(#2545));
#4413=EDGE_LOOP('',(#2546));
#4414=EDGE_LOOP('',(#2547));
#4415=EDGE_LOOP('',(#2548));
#4416=EDGE_LOOP('',(#2549,#2550,#2551,#2552));
#4417=EDGE_LOOP('',(#2553,#2554,#2555,#2556,#2557,#2558,#2559,#2560,#2561,
#2562,#2563,#2564,#2565,#2566));
#4418=EDGE_LOOP('',(#2567,#2568,#2569,#2570,#2571,#2572,#2573,#2574,#2575,
#2576,#2577,#2578));
#4419=EDGE_LOOP('',(#2579,#2580,#2581,#2582,#2583,#2584,#2585,#2586,#2587,
#2588,#2589,#2590,#2591,#2592));
#4420=EDGE_LOOP('',(#2593,#2594,#2595,#2596,#2597,#2598,#2599,#2600,#2601,
#2602,#2603,#2604,#2605,#2606,#2607));
#4421=EDGE_LOOP('',(#2608));
#4422=EDGE_LOOP('',(#2609));
#4423=EDGE_LOOP('',(#2610));
#4424=EDGE_LOOP('',(#2611));
#4425=EDGE_LOOP('',(#2612));
#4426=EDGE_LOOP('',(#2613));
#4427=EDGE_LOOP('',(#2614));
#4428=EDGE_LOOP('',(#2615));
#4429=EDGE_LOOP('',(#2616));
#4430=EDGE_LOOP('',(#2617));
#4431=EDGE_LOOP('',(#2618));
#4432=EDGE_LOOP('',(#2619));
#4433=EDGE_LOOP('',(#2620));
#4434=EDGE_LOOP('',(#2621));
#4435=EDGE_LOOP('',(#2622));
#4436=EDGE_LOOP('',(#2623));
#4437=EDGE_LOOP('',(#2624));
#4438=EDGE_LOOP('',(#2625));
#4439=EDGE_LOOP('',(#2626));
#4440=EDGE_LOOP('',(#2627));
#4441=EDGE_LOOP('',(#2628));
#4442=EDGE_LOOP('',(#2629));
#4443=EDGE_LOOP('',(#2630));
#4444=EDGE_LOOP('',(#2631));
#4445=EDGE_LOOP('',(#2632));
#4446=EDGE_LOOP('',(#2633));
#4447=EDGE_LOOP('',(#2634));
#4448=EDGE_LOOP('',(#2635));
#4449=EDGE_LOOP('',(#2636));
#4450=EDGE_LOOP('',(#2637));
#4451=EDGE_LOOP('',(#2638));
#4452=EDGE_LOOP('',(#2639));
#4453=EDGE_LOOP('',(#2640));
#4454=EDGE_LOOP('',(#2641));
#4455=EDGE_LOOP('',(#2642));
#4456=EDGE_LOOP('',(#2643));
#4457=EDGE_LOOP('',(#2644));
#4458=EDGE_LOOP('',(#2645));
#4459=EDGE_LOOP('',(#2646));
#4460=EDGE_LOOP('',(#2647));
#4461=EDGE_LOOP('',(#2648));
#4462=EDGE_LOOP('',(#2649));
#4463=EDGE_LOOP('',(#2650));
#4464=EDGE_LOOP('',(#2651));
#4465=EDGE_LOOP('',(#2652));
#4466=EDGE_LOOP('',(#2653));
#4467=EDGE_LOOP('',(#2654));
#4468=EDGE_LOOP('',(#2655));
#4469=FACE_BOUND('',#4098,.T.);
#4470=FACE_BOUND('',#4099,.T.);
#4471=FACE_BOUND('',#4100,.T.);
#4472=FACE_BOUND('',#4101,.T.);
#4473=FACE_BOUND('',#4102,.T.);
#4474=FACE_BOUND('',#4103,.T.);
#4475=FACE_BOUND('',#4104,.T.);
#4476=FACE_BOUND('',#4105,.T.);
#4477=FACE_BOUND('',#4106,.T.);
#4478=FACE_BOUND('',#4107,.T.);
#4479=FACE_BOUND('',#4108,.T.);
#4480=FACE_BOUND('',#4109,.T.);
#4481=FACE_BOUND('',#4110,.T.);
#4482=FACE_BOUND('',#4111,.T.);
#4483=FACE_BOUND('',#4112,.T.);
#4484=FACE_BOUND('',#4113,.T.);
#4485=FACE_BOUND('',#4114,.T.);
#4486=FACE_BOUND('',#4115,.T.);
#4487=FACE_BOUND('',#4116,.T.);
#4488=FACE_BOUND('',#4117,.T.);
#4489=FACE_BOUND('',#4118,.T.);
#4490=FACE_BOUND('',#4119,.T.);
#4491=FACE_BOUND('',#4120,.T.);
#4492=FACE_BOUND('',#4121,.T.);
#4493=FACE_BOUND('',#4122,.T.);
#4494=FACE_BOUND('',#4123,.T.);
#4495=FACE_BOUND('',#4124,.T.);
#4496=FACE_BOUND('',#4125,.T.);
#4497=FACE_BOUND('',#4126,.T.);
#4498=FACE_BOUND('',#4127,.T.);
#4499=FACE_BOUND('',#4128,.T.);
#4500=FACE_BOUND('',#4129,.T.);
#4501=FACE_BOUND('',#4130,.T.);
#4502=FACE_BOUND('',#4131,.T.);
#4503=FACE_BOUND('',#4132,.T.);
#4504=FACE_BOUND('',#4133,.T.);
#4505=FACE_BOUND('',#4134,.T.);
#4506=FACE_BOUND('',#4135,.T.);
#4507=FACE_BOUND('',#4136,.T.);
#4508=FACE_BOUND('',#4137,.T.);
#4509=FACE_BOUND('',#4138,.T.);
#4510=FACE_BOUND('',#4139,.T.);
#4511=FACE_BOUND('',#4140,.T.);
#4512=FACE_BOUND('',#4141,.T.);
#4513=FACE_BOUND('',#4142,.T.);
#4514=FACE_BOUND('',#4143,.T.);
#4515=FACE_BOUND('',#4144,.T.);
#4516=FACE_BOUND('',#4145,.T.);
#4517=FACE_BOUND('',#4146,.T.);
#4518=FACE_BOUND('',#4147,.T.);
#4519=FACE_BOUND('',#4148,.T.);
#4520=FACE_BOUND('',#4149,.T.);
#4521=FACE_BOUND('',#4150,.T.);
#4522=FACE_BOUND('',#4151,.T.);
#4523=FACE_BOUND('',#4152,.T.);
#4524=FACE_BOUND('',#4153,.T.);
#4525=FACE_BOUND('',#4154,.T.);
#4526=FACE_BOUND('',#4155,.T.);
#4527=FACE_BOUND('',#4156,.T.);
#4528=FACE_BOUND('',#4157,.T.);
#4529=FACE_BOUND('',#4158,.T.);
#4530=FACE_BOUND('',#4159,.T.);
#4531=FACE_BOUND('',#4160,.T.);
#4532=FACE_BOUND('',#4161,.T.);
#4533=FACE_BOUND('',#4162,.T.);
#4534=FACE_BOUND('',#4163,.T.);
#4535=FACE_BOUND('',#4164,.T.);
#4536=FACE_BOUND('',#4165,.T.);
#4537=FACE_BOUND('',#4166,.T.);
#4538=FACE_BOUND('',#4167,.T.);
#4539=FACE_BOUND('',#4168,.T.);
#4540=FACE_BOUND('',#4169,.T.);
#4541=FACE_BOUND('',#4170,.T.);
#4542=FACE_BOUND('',#4171,.T.);
#4543=FACE_BOUND('',#4172,.T.);
#4544=FACE_BOUND('',#4173,.T.);
#4545=FACE_BOUND('',#4174,.T.);
#4546=FACE_BOUND('',#4175,.T.);
#4547=FACE_BOUND('',#4176,.T.);
#4548=FACE_BOUND('',#4177,.T.);
#4549=FACE_BOUND('',#4178,.T.);
#4550=FACE_BOUND('',#4179,.T.);
#4551=FACE_BOUND('',#4180,.T.);
#4552=FACE_BOUND('',#4181,.T.);
#4553=FACE_BOUND('',#4182,.T.);
#4554=FACE_BOUND('',#4183,.T.);
#4555=FACE_BOUND('',#4184,.T.);
#4556=FACE_BOUND('',#4185,.T.);
#4557=FACE_BOUND('',#4186,.T.);
#4558=FACE_BOUND('',#4187,.T.);
#4559=FACE_BOUND('',#4188,.T.);
#4560=FACE_BOUND('',#4189,.T.);
#4561=FACE_BOUND('',#4190,.T.);
#4562=FACE_BOUND('',#4191,.T.);
#4563=FACE_BOUND('',#4192,.T.);
#4564=FACE_BOUND('',#4193,.T.);
#4565=FACE_BOUND('',#4194,.T.);
#4566=FACE_BOUND('',#4195,.T.);
#4567=FACE_BOUND('',#4196,.T.);
#4568=FACE_BOUND('',#4197,.T.);
#4569=FACE_BOUND('',#4198,.T.);
#4570=FACE_BOUND('',#4199,.T.);
#4571=FACE_BOUND('',#4200,.T.);
#4572=FACE_BOUND('',#4201,.T.);
#4573=FACE_BOUND('',#4202,.T.);
#4574=FACE_BOUND('',#4203,.T.);
#4575=FACE_BOUND('',#4204,.T.);
#4576=FACE_BOUND('',#4205,.T.);
#4577=FACE_BOUND('',#4206,.T.);
#4578=FACE_BOUND('',#4207,.T.);
#4579=FACE_BOUND('',#4208,.T.);
#4580=FACE_BOUND('',#4209,.T.);
#4581=FACE_BOUND('',#4210,.T.);
#4582=FACE_BOUND('',#4211,.T.);
#4583=FACE_BOUND('',#4212,.T.);
#4584=FACE_BOUND('',#4213,.T.);
#4585=FACE_BOUND('',#4214,.T.);
#4586=FACE_BOUND('',#4215,.T.);
#4587=FACE_BOUND('',#4216,.T.);
#4588=FACE_BOUND('',#4217,.T.);
#4589=FACE_BOUND('',#4218,.T.);
#4590=FACE_BOUND('',#4219,.T.);
#4591=FACE_BOUND('',#4220,.T.);
#4592=FACE_BOUND('',#4221,.T.);
#4593=FACE_BOUND('',#4222,.T.);
#4594=FACE_BOUND('',#4223,.T.);
#4595=FACE_BOUND('',#4224,.T.);
#4596=FACE_BOUND('',#4225,.T.);
#4597=FACE_BOUND('',#4226,.T.);
#4598=FACE_BOUND('',#4227,.T.);
#4599=FACE_BOUND('',#4228,.T.);
#4600=FACE_BOUND('',#4229,.T.);
#4601=FACE_BOUND('',#4230,.T.);
#4602=FACE_BOUND('',#4231,.T.);
#4603=FACE_BOUND('',#4232,.T.);
#4604=FACE_BOUND('',#4233,.T.);
#4605=FACE_BOUND('',#4234,.T.);
#4606=FACE_BOUND('',#4235,.T.);
#4607=FACE_BOUND('',#4236,.T.);
#4608=FACE_BOUND('',#4237,.T.);
#4609=FACE_BOUND('',#4238,.T.);
#4610=FACE_BOUND('',#4239,.T.);
#4611=FACE_BOUND('',#4240,.T.);
#4612=FACE_BOUND('',#4241,.T.);
#4613=FACE_BOUND('',#4242,.T.);
#4614=FACE_BOUND('',#4243,.T.);
#4615=FACE_BOUND('',#4244,.T.);
#4616=FACE_BOUND('',#4245,.T.);
#4617=FACE_BOUND('',#4246,.T.);
#4618=FACE_BOUND('',#4247,.T.);
#4619=FACE_BOUND('',#4248,.T.);
#4620=FACE_BOUND('',#4249,.T.);
#4621=FACE_BOUND('',#4250,.T.);
#4622=FACE_BOUND('',#4251,.T.);
#4623=FACE_BOUND('',#4252,.T.);
#4624=FACE_BOUND('',#4253,.T.);
#4625=FACE_BOUND('',#4254,.T.);
#4626=FACE_BOUND('',#4255,.T.);
#4627=FACE_BOUND('',#4256,.T.);
#4628=FACE_BOUND('',#4257,.T.);
#4629=FACE_BOUND('',#4258,.T.);
#4630=FACE_BOUND('',#4259,.T.);
#4631=FACE_BOUND('',#4260,.T.);
#4632=FACE_BOUND('',#4261,.T.);
#4633=FACE_BOUND('',#4262,.T.);
#4634=FACE_BOUND('',#4263,.T.);
#4635=FACE_BOUND('',#4264,.T.);
#4636=FACE_BOUND('',#4265,.T.);
#4637=FACE_BOUND('',#4266,.T.);
#4638=FACE_BOUND('',#4267,.T.);
#4639=FACE_BOUND('',#4268,.T.);
#4640=FACE_BOUND('',#4269,.T.);
#4641=FACE_BOUND('',#4270,.T.);
#4642=FACE_BOUND('',#4271,.T.);
#4643=FACE_BOUND('',#4272,.T.);
#4644=FACE_BOUND('',#4273,.T.);
#4645=FACE_BOUND('',#4274,.T.);
#4646=FACE_BOUND('',#4275,.T.);
#4647=FACE_BOUND('',#4276,.T.);
#4648=FACE_BOUND('',#4277,.T.);
#4649=FACE_BOUND('',#4278,.T.);
#4650=FACE_BOUND('',#4279,.T.);
#4651=FACE_BOUND('',#4280,.T.);
#4652=FACE_BOUND('',#4281,.T.);
#4653=FACE_BOUND('',#4282,.T.);
#4654=FACE_BOUND('',#4283,.T.);
#4655=FACE_BOUND('',#4284,.T.);
#4656=FACE_BOUND('',#4285,.T.);
#4657=FACE_BOUND('',#4286,.T.);
#4658=FACE_BOUND('',#4287,.T.);
#4659=FACE_BOUND('',#4288,.T.);
#4660=FACE_BOUND('',#4289,.T.);
#4661=FACE_BOUND('',#4290,.T.);
#4662=FACE_BOUND('',#4291,.T.);
#4663=FACE_BOUND('',#4292,.T.);
#4664=FACE_BOUND('',#4293,.T.);
#4665=FACE_BOUND('',#4294,.T.);
#4666=FACE_BOUND('',#4295,.T.);
#4667=FACE_BOUND('',#4296,.T.);
#4668=FACE_BOUND('',#4297,.T.);
#4669=FACE_BOUND('',#4298,.T.);
#4670=FACE_BOUND('',#4299,.T.);
#4671=FACE_BOUND('',#4300,.T.);
#4672=FACE_BOUND('',#4301,.T.);
#4673=FACE_BOUND('',#4302,.T.);
#4674=FACE_BOUND('',#4303,.T.);
#4675=FACE_BOUND('',#4304,.T.);
#4676=FACE_BOUND('',#4305,.T.);
#4677=FACE_BOUND('',#4306,.T.);
#4678=FACE_BOUND('',#4307,.T.);
#4679=FACE_BOUND('',#4308,.T.);
#4680=FACE_BOUND('',#4309,.T.);
#4681=FACE_BOUND('',#4310,.T.);
#4682=FACE_BOUND('',#4311,.T.);
#4683=FACE_BOUND('',#4312,.T.);
#4684=FACE_BOUND('',#4313,.T.);
#4685=FACE_BOUND('',#4314,.T.);
#4686=FACE_BOUND('',#4315,.T.);
#4687=FACE_BOUND('',#4316,.T.);
#4688=FACE_BOUND('',#4317,.T.);
#4689=FACE_BOUND('',#4318,.T.);
#4690=FACE_BOUND('',#4319,.T.);
#4691=FACE_BOUND('',#4320,.T.);
#4692=FACE_BOUND('',#4321,.T.);
#4693=FACE_BOUND('',#4322,.T.);
#4694=FACE_BOUND('',#4323,.T.);
#4695=FACE_BOUND('',#4324,.T.);
#4696=FACE_BOUND('',#4325,.T.);
#4697=FACE_BOUND('',#4326,.T.);
#4698=FACE_BOUND('',#4327,.T.);
#4699=FACE_BOUND('',#4328,.T.);
#4700=FACE_BOUND('',#4329,.T.);
#4701=FACE_BOUND('',#4330,.T.);
#4702=FACE_BOUND('',#4331,.T.);
#4703=FACE_BOUND('',#4332,.T.);
#4704=FACE_BOUND('',#4333,.T.);
#4705=FACE_BOUND('',#4334,.T.);
#4706=FACE_BOUND('',#4335,.T.);
#4707=FACE_BOUND('',#4336,.T.);
#4708=FACE_BOUND('',#4337,.T.);
#4709=FACE_BOUND('',#4338,.T.);
#4710=FACE_BOUND('',#4339,.T.);
#4711=FACE_BOUND('',#4340,.T.);
#4712=FACE_BOUND('',#4341,.T.);
#4713=FACE_BOUND('',#4342,.T.);
#4714=FACE_BOUND('',#4343,.T.);
#4715=FACE_BOUND('',#4344,.T.);
#4716=FACE_BOUND('',#4345,.T.);
#4717=FACE_BOUND('',#4346,.T.);
#4718=FACE_BOUND('',#4347,.T.);
#4719=FACE_BOUND('',#4348,.T.);
#4720=FACE_BOUND('',#4349,.T.);
#4721=FACE_BOUND('',#4350,.T.);
#4722=FACE_BOUND('',#4351,.T.);
#4723=FACE_BOUND('',#4352,.T.);
#4724=FACE_BOUND('',#4353,.T.);
#4725=FACE_BOUND('',#4354,.T.);
#4726=FACE_BOUND('',#4355,.T.);
#4727=FACE_BOUND('',#4356,.T.);
#4728=FACE_BOUND('',#4357,.T.);
#4729=FACE_BOUND('',#4358,.T.);
#4730=FACE_BOUND('',#4359,.T.);
#4731=FACE_BOUND('',#4360,.T.);
#4732=FACE_BOUND('',#4361,.T.);
#4733=FACE_BOUND('',#4362,.T.);
#4734=FACE_BOUND('',#4363,.T.);
#4735=FACE_BOUND('',#4364,.T.);
#4736=FACE_BOUND('',#4365,.T.);
#4737=FACE_BOUND('',#4366,.T.);
#4738=FACE_BOUND('',#4367,.T.);
#4739=FACE_BOUND('',#4368,.T.);
#4740=FACE_BOUND('',#4369,.T.);
#4741=FACE_BOUND('',#4370,.T.);
#4742=FACE_BOUND('',#4371,.T.);
#4743=FACE_BOUND('',#4372,.T.);
#4744=FACE_BOUND('',#4373,.T.);
#4745=FACE_BOUND('',#4374,.T.);
#4746=FACE_BOUND('',#4375,.T.);
#4747=FACE_BOUND('',#4376,.T.);
#4748=FACE_BOUND('',#4377,.T.);
#4749=FACE_BOUND('',#4378,.T.);
#4750=FACE_BOUND('',#4379,.T.);
#4751=FACE_BOUND('',#4380,.T.);
#4752=FACE_BOUND('',#4381,.T.);
#4753=FACE_BOUND('',#4382,.T.);
#4754=FACE_BOUND('',#4383,.T.);
#4755=FACE_BOUND('',#4384,.T.);
#4756=FACE_BOUND('',#4385,.T.);
#4757=FACE_BOUND('',#4386,.T.);
#4758=FACE_BOUND('',#4387,.T.);
#4759=FACE_BOUND('',#4388,.T.);
#4760=FACE_BOUND('',#4389,.T.);
#4761=FACE_BOUND('',#4390,.T.);
#4762=FACE_BOUND('',#4391,.T.);
#4763=FACE_BOUND('',#4392,.T.);
#4764=FACE_BOUND('',#4393,.T.);
#4765=FACE_BOUND('',#4394,.T.);
#4766=FACE_BOUND('',#4395,.T.);
#4767=FACE_BOUND('',#4396,.T.);
#4768=FACE_BOUND('',#4397,.T.);
#4769=FACE_BOUND('',#4398,.T.);
#4770=FACE_BOUND('',#4399,.T.);
#4771=FACE_BOUND('',#4400,.T.);
#4772=FACE_BOUND('',#4401,.T.);
#4773=FACE_BOUND('',#4402,.T.);
#4774=FACE_BOUND('',#4403,.T.);
#4775=FACE_BOUND('',#4404,.T.);
#4776=FACE_BOUND('',#4405,.T.);
#4777=FACE_BOUND('',#4406,.T.);
#4778=FACE_BOUND('',#4407,.T.);
#4779=FACE_BOUND('',#4408,.T.);
#4780=FACE_BOUND('',#4409,.T.);
#4781=FACE_BOUND('',#4410,.T.);
#4782=FACE_BOUND('',#4411,.T.);
#4783=FACE_BOUND('',#4412,.T.);
#4784=FACE_BOUND('',#4413,.T.);
#4785=FACE_BOUND('',#4414,.T.);
#4786=FACE_BOUND('',#4415,.T.);
#4787=FACE_BOUND('',#4416,.T.);
#4788=FACE_BOUND('',#4417,.T.);
#4789=FACE_BOUND('',#4418,.T.);
#4790=FACE_BOUND('',#4419,.T.);
#4791=FACE_BOUND('',#4420,.T.);
#4792=FACE_BOUND('',#4421,.T.);
#4793=FACE_BOUND('',#4422,.T.);
#4794=FACE_BOUND('',#4423,.T.);
#4795=FACE_BOUND('',#4424,.T.);
#4796=FACE_BOUND('',#4425,.T.);
#4797=FACE_BOUND('',#4426,.T.);
#4798=FACE_BOUND('',#4427,.T.);
#4799=FACE_BOUND('',#4428,.T.);
#4800=FACE_BOUND('',#4429,.T.);
#4801=FACE_BOUND('',#4430,.T.);
#4802=FACE_BOUND('',#4431,.T.);
#4803=FACE_BOUND('',#4432,.T.);
#4804=FACE_BOUND('',#4433,.T.);
#4805=FACE_BOUND('',#4434,.T.);
#4806=FACE_BOUND('',#4435,.T.);
#4807=FACE_BOUND('',#4436,.T.);
#4808=FACE_BOUND('',#4437,.T.);
#4809=FACE_BOUND('',#4438,.T.);
#4810=FACE_BOUND('',#4439,.T.);
#4811=FACE_BOUND('',#4440,.T.);
#4812=FACE_BOUND('',#4441,.T.);
#4813=FACE_BOUND('',#4442,.T.);
#4814=FACE_BOUND('',#4443,.T.);
#4815=FACE_BOUND('',#4444,.T.);
#4816=FACE_BOUND('',#4445,.T.);
#4817=FACE_BOUND('',#4446,.T.);
#4818=FACE_BOUND('',#4447,.T.);
#4819=FACE_BOUND('',#4448,.T.);
#4820=FACE_BOUND('',#4449,.T.);
#4821=FACE_BOUND('',#4450,.T.);
#4822=FACE_BOUND('',#4451,.T.);
#4823=FACE_BOUND('',#4452,.T.);
#4824=FACE_BOUND('',#4453,.T.);
#4825=FACE_BOUND('',#4454,.T.);
#4826=FACE_BOUND('',#4455,.T.);
#4827=FACE_BOUND('',#4456,.T.);
#4828=FACE_BOUND('',#4457,.T.);
#4829=FACE_BOUND('',#4458,.T.);
#4830=FACE_BOUND('',#4459,.T.);
#4831=FACE_BOUND('',#4460,.T.);
#4832=FACE_BOUND('',#4461,.T.);
#4833=FACE_BOUND('',#4462,.T.);
#4834=FACE_BOUND('',#4463,.T.);
#4835=FACE_BOUND('',#4464,.T.);
#4836=FACE_BOUND('',#4465,.T.);
#4837=FACE_BOUND('',#4466,.T.);
#4838=FACE_BOUND('',#4467,.T.);
#4839=FACE_BOUND('',#4468,.T.);
#4840=PLANE('',#7371);
#4841=PLANE('',#7372);
#4842=PLANE('',#7376);
#4843=PLANE('',#7380);
#4844=PLANE('',#7381);
#4845=PLANE('',#7382);
#4846=PLANE('',#7383);
#4847=PLANE('',#7384);
#4848=PLANE('',#7391);
#4849=PLANE('',#7392);
#4850=PLANE('',#7393);
#4851=PLANE('',#7394);
#4852=PLANE('',#7395);
#4853=PLANE('',#7396);
#4854=PLANE('',#7397);
#4855=PLANE('',#7398);
#4856=PLANE('',#7399);
#4857=PLANE('',#7400);
#4858=PLANE('',#7401);
#4859=PLANE('',#7402);
#4860=PLANE('',#7403);
#4861=PLANE('',#7404);
#4862=PLANE('',#7405);
#4863=PLANE('',#7406);
#4864=PLANE('',#7407);
#4865=PLANE('',#7408);
#4866=PLANE('',#7409);
#4867=PLANE('',#7410);
#4868=PLANE('',#7411);
#4869=PLANE('',#7412);
#4870=PLANE('',#7413);
#4871=PLANE('',#7414);
#4872=PLANE('',#7415);
#4873=PLANE('',#7416);
#4874=PLANE('',#7417);
#4875=PLANE('',#7418);
#4876=PLANE('',#7419);
#4877=PLANE('',#7420);
#4878=PLANE('',#7421);
#4879=PLANE('',#7422);
#4880=PLANE('',#7423);
#4881=PLANE('',#7424);
#4882=PLANE('',#7425);
#4883=PLANE('',#7426);
#4884=PLANE('',#7427);
#4885=PLANE('',#7429);
#4886=PLANE('',#7430);
#4887=PLANE('',#7433);
#4888=PLANE('',#7434);
#4889=PLANE('',#7435);
#4890=PLANE('',#7436);
#4891=PLANE('',#7437);
#4892=PLANE('',#7438);
#4893=PLANE('',#7439);
#4894=PLANE('',#7440);
#4895=PLANE('',#7441);
#4896=PLANE('',#7442);
#4897=PLANE('',#7447);
#4898=PLANE('',#7450);
#4899=PLANE('',#7451);
#4900=PLANE('',#7455);
#4901=PLANE('',#7456);
#4902=PLANE('',#7463);
#4903=PLANE('',#7464);
#4904=PLANE('',#7465);
#4905=PLANE('',#7466);
#4906=PLANE('',#7470);
#4907=PLANE('',#7471);
#4908=PLANE('',#7472);
#4909=PLANE('',#7473);
#4910=PLANE('',#7474);
#4911=PLANE('',#7475);
#4912=PLANE('',#7476);
#4913=PLANE('',#7477);
#4914=PLANE('',#7478);
#4915=PLANE('',#7479);
#4916=PLANE('',#7480);
#4917=PLANE('',#7481);
#4918=PLANE('',#7482);
#4919=PLANE('',#7483);
#4920=PLANE('',#7484);
#4921=PLANE('',#7485);
#4922=PLANE('',#7486);
#4923=PLANE('',#7487);
#4924=PLANE('',#7488);
#4925=PLANE('',#7489);
#4926=PLANE('',#7490);
#4927=PLANE('',#7491);
#4928=PLANE('',#7492);
#4929=PLANE('',#7493);
#4930=PLANE('',#7494);
#4931=PLANE('',#7495);
#4932=PLANE('',#7496);
#4933=PLANE('',#7497);
#4934=PLANE('',#7498);
#4935=PLANE('',#7499);
#4936=PLANE('',#7500);
#4937=PLANE('',#7501);
#4938=PLANE('',#7502);
#4939=PLANE('',#7503);
#4940=PLANE('',#7504);
#4941=PLANE('',#7505);
#4942=PLANE('',#7506);
#4943=PLANE('',#7507);
#4944=PLANE('',#7508);
#4945=PLANE('',#7509);
#4946=PLANE('',#7510);
#4947=PLANE('',#7511);
#4948=PLANE('',#7512);
#4949=PLANE('',#7513);
#4950=PLANE('',#7514);
#4951=PLANE('',#7515);
#4952=PLANE('',#7516);
#4953=PLANE('',#7517);
#4954=PLANE('',#7518);
#4955=PLANE('',#7519);
#4956=PLANE('',#7520);
#4957=PLANE('',#7521);
#4958=PLANE('',#7522);
#4959=PLANE('',#7523);
#4960=PLANE('',#7524);
#4961=PLANE('',#7525);
#4962=PLANE('',#7526);
#4963=PLANE('',#7527);
#4964=PLANE('',#7528);
#4965=PLANE('',#7529);
#4966=PLANE('',#7530);
#4967=PLANE('',#7531);
#4968=PLANE('',#7532);
#4969=PLANE('',#7533);
#4970=PLANE('',#7534);
#4971=PLANE('',#7535);
#4972=PLANE('',#7536);
#4973=PLANE('',#7537);
#4974=PLANE('',#7538);
#4975=PLANE('',#7539);
#4976=PLANE('',#7540);
#4977=PLANE('',#7541);
#4978=PLANE('',#7542);
#4979=PLANE('',#7543);
#4980=PLANE('',#7544);
#4981=PLANE('',#7545);
#4982=PLANE('',#7546);
#4983=PLANE('',#7547);
#4984=PLANE('',#7550);
#4985=PLANE('',#7553);
#4986=PLANE('',#7556);
#4987=PLANE('',#7559);
#4988=PLANE('',#7562);
#4989=PLANE('',#7565);
#4990=PLANE('',#7568);
#4991=PLANE('',#7571);
#4992=PLANE('',#7574);
#4993=PLANE('',#7577);
#4994=PLANE('',#7580);
#4995=PLANE('',#7583);
#4996=PLANE('',#7586);
#4997=PLANE('',#7589);
#4998=PLANE('',#7592);
#4999=PLANE('',#7595);
#5000=PLANE('',#7596);
#5001=PLANE('',#7597);
#5002=PLANE('',#7598);
#5003=PLANE('',#7599);
#5004=PLANE('',#7600);
#5005=PLANE('',#7601);
#5006=PLANE('',#7602);
#5007=PLANE('',#7603);
#5008=PLANE('',#7612);
#5009=PLANE('',#7613);
#5010=PLANE('',#7614);
#5011=PLANE('',#7615);
#5012=OVER_RIDING_STYLED_ITEM('',(#5602),#5304,#5600);
#5013=OVER_RIDING_STYLED_ITEM('',(#5603),#5305,#5600);
#5014=OVER_RIDING_STYLED_ITEM('',(#5604),#5306,#5600);
#5015=OVER_RIDING_STYLED_ITEM('',(#5605),#5307,#5600);
#5016=OVER_RIDING_STYLED_ITEM('',(#5606),#5308,#5600);
#5017=OVER_RIDING_STYLED_ITEM('',(#5607),#5309,#5600);
#5018=OVER_RIDING_STYLED_ITEM('',(#5608),#5310,#5600);
#5019=OVER_RIDING_STYLED_ITEM('',(#5609),#5311,#5600);
#5020=OVER_RIDING_STYLED_ITEM('',(#5610),#5312,#5600);
#5021=OVER_RIDING_STYLED_ITEM('',(#5611),#5313,#5600);
#5022=OVER_RIDING_STYLED_ITEM('',(#5612),#5314,#5600);
#5023=OVER_RIDING_STYLED_ITEM('',(#5613),#5315,#5600);
#5024=OVER_RIDING_STYLED_ITEM('',(#5614),#5316,#5600);
#5025=OVER_RIDING_STYLED_ITEM('',(#5615),#5317,#5600);
#5026=OVER_RIDING_STYLED_ITEM('',(#5616),#5318,#5600);
#5027=OVER_RIDING_STYLED_ITEM('',(#5617),#5319,#5600);
#5028=OVER_RIDING_STYLED_ITEM('',(#5618),#5320,#5600);
#5029=OVER_RIDING_STYLED_ITEM('',(#5619),#5321,#5600);
#5030=OVER_RIDING_STYLED_ITEM('',(#5620),#5322,#5600);
#5031=OVER_RIDING_STYLED_ITEM('',(#5621),#5323,#5600);
#5032=OVER_RIDING_STYLED_ITEM('',(#5622),#5324,#5600);
#5033=OVER_RIDING_STYLED_ITEM('',(#5623),#5325,#5600);
#5034=OVER_RIDING_STYLED_ITEM('',(#5624),#5326,#5600);
#5035=OVER_RIDING_STYLED_ITEM('',(#5625),#5327,#5600);
#5036=OVER_RIDING_STYLED_ITEM('',(#5626),#5328,#5600);
#5037=OVER_RIDING_STYLED_ITEM('',(#5627),#5329,#5600);
#5038=OVER_RIDING_STYLED_ITEM('',(#5628),#5330,#5600);
#5039=OVER_RIDING_STYLED_ITEM('',(#5629),#5331,#5600);
#5040=OVER_RIDING_STYLED_ITEM('',(#5630),#5332,#5600);
#5041=OVER_RIDING_STYLED_ITEM('',(#5631),#5333,#5600);
#5042=OVER_RIDING_STYLED_ITEM('',(#5632),#5334,#5600);
#5043=OVER_RIDING_STYLED_ITEM('',(#5633),#5335,#5600);
#5044=OVER_RIDING_STYLED_ITEM('',(#5634),#5336,#5600);
#5045=OVER_RIDING_STYLED_ITEM('',(#5635),#5337,#5600);
#5046=OVER_RIDING_STYLED_ITEM('',(#5636),#5338,#5600);
#5047=OVER_RIDING_STYLED_ITEM('',(#5637),#5339,#5600);
#5048=OVER_RIDING_STYLED_ITEM('',(#5638),#5340,#5600);
#5049=OVER_RIDING_STYLED_ITEM('',(#5639),#5341,#5600);
#5050=OVER_RIDING_STYLED_ITEM('',(#5640),#5342,#5600);
#5051=OVER_RIDING_STYLED_ITEM('',(#5641),#5343,#5600);
#5052=OVER_RIDING_STYLED_ITEM('',(#5642),#5344,#5600);
#5053=OVER_RIDING_STYLED_ITEM('',(#5643),#5345,#5600);
#5054=OVER_RIDING_STYLED_ITEM('',(#5644),#5346,#5600);
#5055=OVER_RIDING_STYLED_ITEM('',(#5645),#5347,#5600);
#5056=OVER_RIDING_STYLED_ITEM('',(#5646),#5348,#5600);
#5057=OVER_RIDING_STYLED_ITEM('',(#5647),#5349,#5600);
#5058=OVER_RIDING_STYLED_ITEM('',(#5648),#5350,#5600);
#5059=OVER_RIDING_STYLED_ITEM('',(#5649),#5351,#5600);
#5060=OVER_RIDING_STYLED_ITEM('',(#5650),#5352,#5600);
#5061=OVER_RIDING_STYLED_ITEM('',(#5651),#5353,#5600);
#5062=OVER_RIDING_STYLED_ITEM('',(#5652),#5354,#5600);
#5063=OVER_RIDING_STYLED_ITEM('',(#5653),#5355,#5600);
#5064=OVER_RIDING_STYLED_ITEM('',(#5654),#5356,#5600);
#5065=OVER_RIDING_STYLED_ITEM('',(#5655),#5357,#5600);
#5066=OVER_RIDING_STYLED_ITEM('',(#5656),#5358,#5600);
#5067=OVER_RIDING_STYLED_ITEM('',(#5657),#5359,#5600);
#5068=OVER_RIDING_STYLED_ITEM('',(#5658),#5360,#5600);
#5069=OVER_RIDING_STYLED_ITEM('',(#5659),#5361,#5600);
#5070=OVER_RIDING_STYLED_ITEM('',(#5660),#5362,#5600);
#5071=OVER_RIDING_STYLED_ITEM('',(#5661),#5363,#5600);
#5072=OVER_RIDING_STYLED_ITEM('',(#5662),#5364,#5600);
#5073=OVER_RIDING_STYLED_ITEM('',(#5663),#5365,#5600);
#5074=OVER_RIDING_STYLED_ITEM('',(#5664),#5366,#5600);
#5075=OVER_RIDING_STYLED_ITEM('',(#5665),#5367,#5600);
#5076=OVER_RIDING_STYLED_ITEM('',(#5666),#5368,#5600);
#5077=OVER_RIDING_STYLED_ITEM('',(#5667),#5369,#5600);
#5078=OVER_RIDING_STYLED_ITEM('',(#5668),#5370,#5600);
#5079=OVER_RIDING_STYLED_ITEM('',(#5669),#5371,#5600);
#5080=OVER_RIDING_STYLED_ITEM('',(#5670),#5372,#5600);
#5081=OVER_RIDING_STYLED_ITEM('',(#5671),#5373,#5600);
#5082=OVER_RIDING_STYLED_ITEM('',(#5672),#5374,#5600);
#5083=OVER_RIDING_STYLED_ITEM('',(#5673),#5375,#5600);
#5084=OVER_RIDING_STYLED_ITEM('',(#5674),#5376,#5600);
#5085=OVER_RIDING_STYLED_ITEM('',(#5675),#5377,#5600);
#5086=OVER_RIDING_STYLED_ITEM('',(#5676),#5378,#5600);
#5087=OVER_RIDING_STYLED_ITEM('',(#5677),#5379,#5600);
#5088=OVER_RIDING_STYLED_ITEM('',(#5678),#5380,#5600);
#5089=OVER_RIDING_STYLED_ITEM('',(#5679),#5381,#5600);
#5090=OVER_RIDING_STYLED_ITEM('',(#5680),#5382,#5600);
#5091=OVER_RIDING_STYLED_ITEM('',(#5681),#5383,#5600);
#5092=OVER_RIDING_STYLED_ITEM('',(#5682),#5384,#5600);
#5093=OVER_RIDING_STYLED_ITEM('',(#5683),#5385,#5600);
#5094=OVER_RIDING_STYLED_ITEM('',(#5684),#5386,#5600);
#5095=OVER_RIDING_STYLED_ITEM('',(#5685),#5387,#5600);
#5096=OVER_RIDING_STYLED_ITEM('',(#5686),#5388,#5600);
#5097=OVER_RIDING_STYLED_ITEM('',(#5687),#5389,#5600);
#5098=OVER_RIDING_STYLED_ITEM('',(#5688),#5390,#5600);
#5099=OVER_RIDING_STYLED_ITEM('',(#5689),#5391,#5600);
#5100=OVER_RIDING_STYLED_ITEM('',(#5690),#5392,#5600);
#5101=OVER_RIDING_STYLED_ITEM('',(#5691),#5393,#5600);
#5102=OVER_RIDING_STYLED_ITEM('',(#5692),#5394,#5600);
#5103=OVER_RIDING_STYLED_ITEM('',(#5693),#5395,#5600);
#5104=OVER_RIDING_STYLED_ITEM('',(#5694),#5396,#5600);
#5105=OVER_RIDING_STYLED_ITEM('',(#5695),#5397,#5600);
#5106=OVER_RIDING_STYLED_ITEM('',(#5696),#5398,#5600);
#5107=OVER_RIDING_STYLED_ITEM('',(#5697),#5399,#5600);
#5108=OVER_RIDING_STYLED_ITEM('',(#5698),#5400,#5600);
#5109=OVER_RIDING_STYLED_ITEM('',(#5699),#5401,#5600);
#5110=OVER_RIDING_STYLED_ITEM('',(#5700),#5402,#5600);
#5111=OVER_RIDING_STYLED_ITEM('',(#5701),#5403,#5600);
#5112=OVER_RIDING_STYLED_ITEM('',(#5702),#5404,#5600);
#5113=OVER_RIDING_STYLED_ITEM('',(#5703),#5405,#5600);
#5114=OVER_RIDING_STYLED_ITEM('',(#5704),#5406,#5600);
#5115=OVER_RIDING_STYLED_ITEM('',(#5705),#5407,#5600);
#5116=OVER_RIDING_STYLED_ITEM('',(#5706),#5408,#5600);
#5117=OVER_RIDING_STYLED_ITEM('',(#5707),#5409,#5600);
#5118=OVER_RIDING_STYLED_ITEM('',(#5708),#5410,#5600);
#5119=OVER_RIDING_STYLED_ITEM('',(#5709),#5411,#5600);
#5120=OVER_RIDING_STYLED_ITEM('',(#5710),#5412,#5600);
#5121=OVER_RIDING_STYLED_ITEM('',(#5711),#5413,#5600);
#5122=OVER_RIDING_STYLED_ITEM('',(#5712),#5414,#5600);
#5123=OVER_RIDING_STYLED_ITEM('',(#5713),#5415,#5600);
#5124=OVER_RIDING_STYLED_ITEM('',(#5714),#5416,#5600);
#5125=OVER_RIDING_STYLED_ITEM('',(#5715),#5417,#5600);
#5126=OVER_RIDING_STYLED_ITEM('',(#5716),#5418,#5600);
#5127=OVER_RIDING_STYLED_ITEM('',(#5717),#5419,#5600);
#5128=OVER_RIDING_STYLED_ITEM('',(#5718),#5420,#5600);
#5129=OVER_RIDING_STYLED_ITEM('',(#5719),#5421,#5600);
#5130=OVER_RIDING_STYLED_ITEM('',(#5720),#5422,#5600);
#5131=OVER_RIDING_STYLED_ITEM('',(#5721),#5423,#5600);
#5132=OVER_RIDING_STYLED_ITEM('',(#5722),#5424,#5600);
#5133=OVER_RIDING_STYLED_ITEM('',(#5723),#5425,#5600);
#5134=OVER_RIDING_STYLED_ITEM('',(#5724),#5426,#5600);
#5135=OVER_RIDING_STYLED_ITEM('',(#5725),#5427,#5600);
#5136=OVER_RIDING_STYLED_ITEM('',(#5726),#5428,#5600);
#5137=OVER_RIDING_STYLED_ITEM('',(#5727),#5429,#5600);
#5138=OVER_RIDING_STYLED_ITEM('',(#5728),#5430,#5600);
#5139=OVER_RIDING_STYLED_ITEM('',(#5729),#5431,#5600);
#5140=OVER_RIDING_STYLED_ITEM('',(#5730),#5432,#5600);
#5141=OVER_RIDING_STYLED_ITEM('',(#5731),#5433,#5600);
#5142=OVER_RIDING_STYLED_ITEM('',(#5732),#5434,#5600);
#5143=OVER_RIDING_STYLED_ITEM('',(#5733),#5435,#5600);
#5144=OVER_RIDING_STYLED_ITEM('',(#5734),#5436,#5600);
#5145=OVER_RIDING_STYLED_ITEM('',(#5735),#5437,#5600);
#5146=OVER_RIDING_STYLED_ITEM('',(#5736),#5438,#5600);
#5147=OVER_RIDING_STYLED_ITEM('',(#5737),#5439,#5600);
#5148=OVER_RIDING_STYLED_ITEM('',(#5738),#5440,#5600);
#5149=OVER_RIDING_STYLED_ITEM('',(#5739),#5441,#5600);
#5150=OVER_RIDING_STYLED_ITEM('',(#5740),#5442,#5600);
#5151=OVER_RIDING_STYLED_ITEM('',(#5741),#5443,#5600);
#5152=OVER_RIDING_STYLED_ITEM('',(#5742),#5444,#5600);
#5153=OVER_RIDING_STYLED_ITEM('',(#5743),#5445,#5600);
#5154=OVER_RIDING_STYLED_ITEM('',(#5744),#5446,#5600);
#5155=OVER_RIDING_STYLED_ITEM('',(#5745),#5447,#5600);
#5156=OVER_RIDING_STYLED_ITEM('',(#5746),#5448,#5600);
#5157=OVER_RIDING_STYLED_ITEM('',(#5747),#5449,#5600);
#5158=OVER_RIDING_STYLED_ITEM('',(#5748),#5450,#5600);
#5159=OVER_RIDING_STYLED_ITEM('',(#5749),#5451,#5600);
#5160=OVER_RIDING_STYLED_ITEM('',(#5750),#5452,#5600);
#5161=OVER_RIDING_STYLED_ITEM('',(#5751),#5453,#5600);
#5162=OVER_RIDING_STYLED_ITEM('',(#5752),#5454,#5600);
#5163=OVER_RIDING_STYLED_ITEM('',(#5753),#5455,#5600);
#5164=OVER_RIDING_STYLED_ITEM('',(#5754),#5456,#5600);
#5165=OVER_RIDING_STYLED_ITEM('',(#5755),#5457,#5600);
#5166=OVER_RIDING_STYLED_ITEM('',(#5756),#5458,#5600);
#5167=OVER_RIDING_STYLED_ITEM('',(#5757),#5459,#5600);
#5168=OVER_RIDING_STYLED_ITEM('',(#5758),#5460,#5600);
#5169=OVER_RIDING_STYLED_ITEM('',(#5759),#5461,#5600);
#5170=OVER_RIDING_STYLED_ITEM('',(#5760),#5462,#5600);
#5171=OVER_RIDING_STYLED_ITEM('',(#5761),#5463,#5600);
#5172=OVER_RIDING_STYLED_ITEM('',(#5762),#5464,#5600);
#5173=OVER_RIDING_STYLED_ITEM('',(#5763),#5465,#5600);
#5174=OVER_RIDING_STYLED_ITEM('',(#5764),#5466,#5600);
#5175=OVER_RIDING_STYLED_ITEM('',(#5765),#5467,#5600);
#5176=OVER_RIDING_STYLED_ITEM('',(#5766),#5468,#5600);
#5177=OVER_RIDING_STYLED_ITEM('',(#5767),#5469,#5600);
#5178=OVER_RIDING_STYLED_ITEM('',(#5768),#5470,#5600);
#5179=OVER_RIDING_STYLED_ITEM('',(#5769),#5471,#5600);
#5180=OVER_RIDING_STYLED_ITEM('',(#5770),#5472,#5600);
#5181=OVER_RIDING_STYLED_ITEM('',(#5771),#5473,#5600);
#5182=OVER_RIDING_STYLED_ITEM('',(#5772),#5474,#5600);
#5183=OVER_RIDING_STYLED_ITEM('',(#5773),#5475,#5600);
#5184=OVER_RIDING_STYLED_ITEM('',(#5774),#5476,#5600);
#5185=OVER_RIDING_STYLED_ITEM('',(#5775),#5477,#5600);
#5186=OVER_RIDING_STYLED_ITEM('',(#5776),#5478,#5600);
#5187=OVER_RIDING_STYLED_ITEM('',(#5777),#5479,#5600);
#5188=OVER_RIDING_STYLED_ITEM('',(#5778),#5480,#5600);
#5189=OVER_RIDING_STYLED_ITEM('',(#5779),#5481,#5600);
#5190=OVER_RIDING_STYLED_ITEM('',(#5780),#5482,#5600);
#5191=OVER_RIDING_STYLED_ITEM('',(#5781),#5483,#5600);
#5192=OVER_RIDING_STYLED_ITEM('',(#5782),#5484,#5600);
#5193=OVER_RIDING_STYLED_ITEM('',(#5783),#5485,#5600);
#5194=OVER_RIDING_STYLED_ITEM('',(#5784),#5486,#5600);
#5195=OVER_RIDING_STYLED_ITEM('',(#5785),#5487,#5600);
#5196=OVER_RIDING_STYLED_ITEM('',(#5786),#5488,#5600);
#5197=OVER_RIDING_STYLED_ITEM('',(#5787),#5489,#5600);
#5198=OVER_RIDING_STYLED_ITEM('',(#5788),#5490,#5600);
#5199=OVER_RIDING_STYLED_ITEM('',(#5789),#5491,#5600);
#5200=OVER_RIDING_STYLED_ITEM('',(#5790),#5492,#5600);
#5201=OVER_RIDING_STYLED_ITEM('',(#5791),#5493,#5600);
#5202=OVER_RIDING_STYLED_ITEM('',(#5792),#5494,#5600);
#5203=OVER_RIDING_STYLED_ITEM('',(#5793),#5495,#5600);
#5204=OVER_RIDING_STYLED_ITEM('',(#5794),#5496,#5600);
#5205=OVER_RIDING_STYLED_ITEM('',(#5795),#5497,#5600);
#5206=OVER_RIDING_STYLED_ITEM('',(#5796),#5498,#5600);
#5207=OVER_RIDING_STYLED_ITEM('',(#5797),#5499,#5600);
#5208=OVER_RIDING_STYLED_ITEM('',(#5798),#5500,#5600);
#5209=OVER_RIDING_STYLED_ITEM('',(#5799),#5501,#5600);
#5210=OVER_RIDING_STYLED_ITEM('',(#5800),#5502,#5600);
#5211=OVER_RIDING_STYLED_ITEM('',(#5801),#5503,#5600);
#5212=OVER_RIDING_STYLED_ITEM('',(#5802),#5504,#5600);
#5213=OVER_RIDING_STYLED_ITEM('',(#5803),#5505,#5600);
#5214=OVER_RIDING_STYLED_ITEM('',(#5804),#5506,#5600);
#5215=OVER_RIDING_STYLED_ITEM('',(#5805),#5507,#5600);
#5216=OVER_RIDING_STYLED_ITEM('',(#5806),#5508,#5600);
#5217=OVER_RIDING_STYLED_ITEM('',(#5807),#5509,#5600);
#5218=OVER_RIDING_STYLED_ITEM('',(#5808),#5510,#5600);
#5219=OVER_RIDING_STYLED_ITEM('',(#5809),#5511,#5600);
#5220=OVER_RIDING_STYLED_ITEM('',(#5810),#5512,#5600);
#5221=OVER_RIDING_STYLED_ITEM('',(#5811),#5513,#5600);
#5222=OVER_RIDING_STYLED_ITEM('',(#5812),#5514,#5600);
#5223=OVER_RIDING_STYLED_ITEM('',(#5813),#5515,#5600);
#5224=OVER_RIDING_STYLED_ITEM('',(#5814),#5516,#5600);
#5225=OVER_RIDING_STYLED_ITEM('',(#5815),#5517,#5600);
#5226=OVER_RIDING_STYLED_ITEM('',(#5816),#5518,#5600);
#5227=OVER_RIDING_STYLED_ITEM('',(#5817),#5519,#5600);
#5228=OVER_RIDING_STYLED_ITEM('',(#5818),#5520,#5600);
#5229=OVER_RIDING_STYLED_ITEM('',(#5819),#5521,#5600);
#5230=OVER_RIDING_STYLED_ITEM('',(#5820),#5522,#5600);
#5231=OVER_RIDING_STYLED_ITEM('',(#5821),#5523,#5600);
#5232=OVER_RIDING_STYLED_ITEM('',(#5822),#5524,#5600);
#5233=OVER_RIDING_STYLED_ITEM('',(#5823),#5525,#5600);
#5234=OVER_RIDING_STYLED_ITEM('',(#5824),#5526,#5600);
#5235=OVER_RIDING_STYLED_ITEM('',(#5825),#5527,#5600);
#5236=OVER_RIDING_STYLED_ITEM('',(#5826),#5528,#5600);
#5237=OVER_RIDING_STYLED_ITEM('',(#5827),#5529,#5600);
#5238=OVER_RIDING_STYLED_ITEM('',(#5828),#5530,#5600);
#5239=OVER_RIDING_STYLED_ITEM('',(#5829),#5531,#5600);
#5240=OVER_RIDING_STYLED_ITEM('',(#5830),#5532,#5600);
#5241=OVER_RIDING_STYLED_ITEM('',(#5831),#5533,#5600);
#5242=OVER_RIDING_STYLED_ITEM('',(#5832),#5534,#5600);
#5243=OVER_RIDING_STYLED_ITEM('',(#5833),#5535,#5600);
#5244=OVER_RIDING_STYLED_ITEM('',(#5834),#5536,#5600);
#5245=OVER_RIDING_STYLED_ITEM('',(#5835),#5537,#5600);
#5246=OVER_RIDING_STYLED_ITEM('',(#5836),#5538,#5600);
#5247=OVER_RIDING_STYLED_ITEM('',(#5837),#5539,#5600);
#5248=OVER_RIDING_STYLED_ITEM('',(#5838),#5540,#5600);
#5249=OVER_RIDING_STYLED_ITEM('',(#5839),#5542,#5600);
#5250=OVER_RIDING_STYLED_ITEM('',(#5840),#5543,#5600);
#5251=OVER_RIDING_STYLED_ITEM('',(#5841),#5544,#5600);
#5252=OVER_RIDING_STYLED_ITEM('',(#5842),#5545,#5600);
#5253=OVER_RIDING_STYLED_ITEM('',(#5843),#5546,#5600);
#5254=OVER_RIDING_STYLED_ITEM('',(#5844),#5547,#5600);
#5255=OVER_RIDING_STYLED_ITEM('',(#5845),#5548,#5600);
#5256=OVER_RIDING_STYLED_ITEM('',(#5846),#5549,#5600);
#5257=OVER_RIDING_STYLED_ITEM('',(#5847),#5550,#5600);
#5258=OVER_RIDING_STYLED_ITEM('',(#5848),#5551,#5600);
#5259=OVER_RIDING_STYLED_ITEM('',(#5849),#5552,#5600);
#5260=OVER_RIDING_STYLED_ITEM('',(#5850),#5553,#5600);
#5261=OVER_RIDING_STYLED_ITEM('',(#5851),#5554,#5600);
#5262=OVER_RIDING_STYLED_ITEM('',(#5852),#5555,#5600);
#5263=OVER_RIDING_STYLED_ITEM('',(#5853),#5556,#5600);
#5264=OVER_RIDING_STYLED_ITEM('',(#5854),#5557,#5600);
#5265=OVER_RIDING_STYLED_ITEM('',(#5855),#5558,#5600);
#5266=OVER_RIDING_STYLED_ITEM('',(#5856),#5559,#5600);
#5267=OVER_RIDING_STYLED_ITEM('',(#5857),#5560,#5600);
#5268=OVER_RIDING_STYLED_ITEM('',(#5858),#5561,#5600);
#5269=OVER_RIDING_STYLED_ITEM('',(#5859),#5562,#5600);
#5270=OVER_RIDING_STYLED_ITEM('',(#5860),#5563,#5600);
#5271=OVER_RIDING_STYLED_ITEM('',(#5861),#5564,#5600);
#5272=OVER_RIDING_STYLED_ITEM('',(#5862),#5565,#5600);
#5273=OVER_RIDING_STYLED_ITEM('',(#5863),#5566,#5600);
#5274=OVER_RIDING_STYLED_ITEM('',(#5864),#5567,#5600);
#5275=OVER_RIDING_STYLED_ITEM('',(#5865),#5568,#5600);
#5276=OVER_RIDING_STYLED_ITEM('',(#5866),#5569,#5600);
#5277=OVER_RIDING_STYLED_ITEM('',(#5867),#5570,#5600);
#5278=OVER_RIDING_STYLED_ITEM('',(#5868),#5573,#5600);
#5279=OVER_RIDING_STYLED_ITEM('',(#5869),#5574,#5600);
#5280=OVER_RIDING_STYLED_ITEM('',(#5870),#5575,#5600);
#5281=OVER_RIDING_STYLED_ITEM('',(#5871),#5576,#5600);
#5282=OVER_RIDING_STYLED_ITEM('',(#5872),#5577,#5600);
#5283=OVER_RIDING_STYLED_ITEM('',(#5873),#5578,#5600);
#5284=OVER_RIDING_STYLED_ITEM('',(#5874),#5579,#5600);
#5285=OVER_RIDING_STYLED_ITEM('',(#5875),#5580,#5600);
#5286=OVER_RIDING_STYLED_ITEM('',(#5876),#5581,#5600);
#5287=OVER_RIDING_STYLED_ITEM('',(#5877),#5582,#5600);
#5288=OVER_RIDING_STYLED_ITEM('',(#5878),#5583,#5600);
#5289=OVER_RIDING_STYLED_ITEM('',(#5879),#5584,#5600);
#5290=OVER_RIDING_STYLED_ITEM('',(#5880),#5585,#5600);
#5291=OVER_RIDING_STYLED_ITEM('',(#5881),#5586,#5600);
#5292=OVER_RIDING_STYLED_ITEM('',(#5882),#5587,#5600);
#5293=OVER_RIDING_STYLED_ITEM('',(#5883),#5588,#5600);
#5294=OVER_RIDING_STYLED_ITEM('',(#5884),#5589,#5600);
#5295=OVER_RIDING_STYLED_ITEM('',(#5885),#5590,#5600);
#5296=OVER_RIDING_STYLED_ITEM('',(#5886),#5591,#5600);
#5297=OVER_RIDING_STYLED_ITEM('',(#5887),#5592,#5600);
#5298=OVER_RIDING_STYLED_ITEM('',(#5888),#5593,#5600);
#5299=OVER_RIDING_STYLED_ITEM('',(#5889),#5594,#5600);
#5300=OVER_RIDING_STYLED_ITEM('',(#5890),#5595,#5600);
#5301=OVER_RIDING_STYLED_ITEM('',(#5891),#5596,#5600);
#5302=OVER_RIDING_STYLED_ITEM('',(#5892),#5597,#5600);
#5303=OVER_RIDING_STYLED_ITEM('',(#5893),#5598,#5600);
#5304=ADVANCED_FACE('',(#4469),#4840,.F.);
#5305=ADVANCED_FACE('',(#4470),#1083,.T.);
#5306=ADVANCED_FACE('',(#4471),#1084,.T.);
#5307=ADVANCED_FACE('',(#4472),#1085,.F.);
#5308=ADVANCED_FACE('',(#4473),#1086,.F.);
#5309=ADVANCED_FACE('',(#4474),#4841,.F.);
#5310=ADVANCED_FACE('',(#4475),#1087,.F.);
#5311=ADVANCED_FACE('',(#4476),#87,.T.);
#5312=ADVANCED_FACE('',(#4477),#1088,.F.);
#5313=ADVANCED_FACE('',(#4478),#4842,.F.);
#5314=ADVANCED_FACE('',(#4479),#1089,.F.);
#5315=ADVANCED_FACE('',(#4480),#88,.F.);
#5316=ADVANCED_FACE('',(#4481),#4843,.F.);
#5317=ADVANCED_FACE('',(#4482),#1090,.F.);
#5318=ADVANCED_FACE('',(#4483),#1091,.F.);
#5319=ADVANCED_FACE('',(#4484),#1092,.F.);
#5320=ADVANCED_FACE('',(#4485),#1093,.F.);
#5321=ADVANCED_FACE('',(#4486),#1094,.F.);
#5322=ADVANCED_FACE('',(#4487),#1095,.F.);
#5323=ADVANCED_FACE('',(#4488),#1096,.F.);
#5324=ADVANCED_FACE('',(#4489),#4844,.F.);
#5325=ADVANCED_FACE('',(#4490),#4845,.F.);
#5326=ADVANCED_FACE('',(#4491),#4846,.F.);
#5327=ADVANCED_FACE('',(#4492),#4847,.F.);
#5328=ADVANCED_FACE('',(#4493),#1097,.F.);
#5329=ADVANCED_FACE('',(#4494),#1098,.F.);
#5330=ADVANCED_FACE('',(#4495),#89,.T.);
#5331=ADVANCED_FACE('',(#4496),#1099,.F.);
#5332=ADVANCED_FACE('',(#4497),#1100,.F.);
#5333=ADVANCED_FACE('',(#4498),#1101,.F.);
#5334=ADVANCED_FACE('',(#4499),#90,.T.);
#5335=ADVANCED_FACE('',(#4500),#1102,.F.);
#5336=ADVANCED_FACE('',(#4501),#1103,.F.);
#5337=ADVANCED_FACE('',(#4502),#1104,.F.);
#5338=ADVANCED_FACE('',(#4503),#1105,.F.);
#5339=ADVANCED_FACE('',(#4504),#1106,.F.);
#5340=ADVANCED_FACE('',(#4505,#4506),#4848,.F.);
#5341=ADVANCED_FACE('',(#4507),#4849,.F.);
#5342=ADVANCED_FACE('',(#4508),#4850,.T.);
#5343=ADVANCED_FACE('',(#4509),#1107,.T.);
#5344=ADVANCED_FACE('',(#4510),#4851,.T.);
#5345=ADVANCED_FACE('',(#4511),#1108,.T.);
#5346=ADVANCED_FACE('',(#4512),#4852,.T.);
#5347=ADVANCED_FACE('',(#4513),#4853,.T.);
#5348=ADVANCED_FACE('',(#4514),#4854,.F.);
#5349=ADVANCED_FACE('',(#4515),#4855,.F.);
#5350=ADVANCED_FACE('',(#4516),#4856,.F.);
#5351=ADVANCED_FACE('',(#4517),#4857,.F.);
#5352=ADVANCED_FACE('',(#4518),#4858,.F.);
#5353=ADVANCED_FACE('',(#4519),#4859,.F.);
#5354=ADVANCED_FACE('',(#4520),#4860,.F.);
#5355=ADVANCED_FACE('',(#4521),#4861,.F.);
#5356=ADVANCED_FACE('',(#4522,#4523),#4862,.F.);
#5357=ADVANCED_FACE('',(#4524),#4863,.F.);
#5358=ADVANCED_FACE('',(#4525),#1109,.T.);
#5359=ADVANCED_FACE('',(#4526),#1110,.T.);
#5360=ADVANCED_FACE('',(#4527),#1111,.T.);
#5361=ADVANCED_FACE('',(#4528),#1112,.T.);
#5362=ADVANCED_FACE('',(#4529),#4864,.F.);
#5363=ADVANCED_FACE('',(#4530),#4865,.T.);
#5364=ADVANCED_FACE('',(#4531),#4866,.F.);
#5365=ADVANCED_FACE('',(#4532),#4867,.F.);
#5366=ADVANCED_FACE('',(#4533),#4868,.F.);
#5367=ADVANCED_FACE('',(#4534),#1113,.F.);
#5368=ADVANCED_FACE('',(#4535),#1114,.F.);
#5369=ADVANCED_FACE('',(#4536),#1115,.F.);
#5370=ADVANCED_FACE('',(#4537),#1116,.F.);
#5371=ADVANCED_FACE('',(#4538),#4869,.F.);
#5372=ADVANCED_FACE('',(#4539,#4540),#4870,.F.);
#5373=ADVANCED_FACE('',(#4541),#4871,.F.);
#5374=ADVANCED_FACE('',(#4542),#4872,.F.);
#5375=ADVANCED_FACE('',(#4543),#4873,.F.);
#5376=ADVANCED_FACE('',(#4544),#4874,.F.);
#5377=ADVANCED_FACE('',(#4545),#4875,.F.);
#5378=ADVANCED_FACE('',(#4546),#4876,.F.);
#5379=ADVANCED_FACE('',(#4547),#4877,.F.);
#5380=ADVANCED_FACE('',(#4548),#4878,.F.);
#5381=ADVANCED_FACE('',(#4549),#4879,.F.);
#5382=ADVANCED_FACE('',(#4550),#4880,.F.);
#5383=ADVANCED_FACE('',(#4551),#4881,.F.);
#5384=ADVANCED_FACE('',(#4552),#4882,.F.);
#5385=ADVANCED_FACE('',(#4553),#4883,.F.);
#5386=ADVANCED_FACE('',(#4554),#4884,.F.);
#5387=ADVANCED_FACE('',(#4555),#4885,.F.);
#5388=ADVANCED_FACE('',(#4556),#1117,.F.);
#5389=ADVANCED_FACE('',(#4557),#1118,.F.);
#5390=ADVANCED_FACE('',(#4558),#4886,.F.);
#5391=ADVANCED_FACE('',(#4559),#91,.F.);
#5392=ADVANCED_FACE('',(#4560),#1119,.F.);
#5393=ADVANCED_FACE('',(#4561),#4887,.F.);
#5394=ADVANCED_FACE('',(#4562),#4888,.F.);
#5395=ADVANCED_FACE('',(#4563),#4889,.F.);
#5396=ADVANCED_FACE('',(#4564),#4890,.F.);
#5397=ADVANCED_FACE('',(#4565),#4891,.F.);
#5398=ADVANCED_FACE('',(#4566),#4892,.F.);
#5399=ADVANCED_FACE('',(#4567),#4893,.F.);
#5400=ADVANCED_FACE('',(#4568),#4894,.F.);
#5401=ADVANCED_FACE('',(#4569),#4895,.F.);
#5402=ADVANCED_FACE('',(#4570),#4896,.F.);
#5403=ADVANCED_FACE('',(#4571),#1120,.F.);
#5404=ADVANCED_FACE('',(#4572),#92,.F.);
#5405=ADVANCED_FACE('',(#4573),#1121,.F.);
#5406=ADVANCED_FACE('',(#4574),#1122,.F.);
#5407=ADVANCED_FACE('',(#4575),#1123,.F.);
#5408=ADVANCED_FACE('',(#4576),#1124,.F.);
#5409=ADVANCED_FACE('',(#4577),#1125,.F.);
#5410=ADVANCED_FACE('',(#4578),#1126,.F.);
#5411=ADVANCED_FACE('',(#4579),#4897,.F.);
#5412=ADVANCED_FACE('',(#4580),#93,.F.);
#5413=ADVANCED_FACE('',(#4581),#1127,.F.);
#5414=ADVANCED_FACE('',(#4582),#1128,.F.);
#5415=ADVANCED_FACE('',(#4583),#1129,.F.);
#5416=ADVANCED_FACE('',(#4584),#1130,.F.);
#5417=ADVANCED_FACE('',(#4585),#1131,.F.);
#5418=ADVANCED_FACE('',(#4586),#1132,.F.);
#5419=ADVANCED_FACE('',(#4587),#1133,.F.);
#5420=ADVANCED_FACE('',(#4588),#1134,.F.);
#5421=ADVANCED_FACE('',(#4589),#1135,.F.);
#5422=ADVANCED_FACE('',(#4590),#4898,.F.);
#5423=ADVANCED_FACE('',(#4591),#1136,.F.);
#5424=ADVANCED_FACE('',(#4592),#4899,.F.);
#5425=ADVANCED_FACE('',(#4593),#4900,.T.);
#5426=ADVANCED_FACE('',(#4594),#4901,.F.);
#5427=ADVANCED_FACE('',(#4595),#1137,.T.);
#5428=ADVANCED_FACE('',(#4596),#94,.F.);
#5429=ADVANCED_FACE('',(#4597),#1138,.T.);
#5430=ADVANCED_FACE('',(#4598),#95,.F.);
#5431=ADVANCED_FACE('',(#4599),#16,.F.);
#5432=ADVANCED_FACE('',(#4600),#1139,.T.);
#5433=ADVANCED_FACE('',(#4601),#1140,.F.);
#5434=ADVANCED_FACE('',(#4602),#4902,.F.);
#5435=ADVANCED_FACE('',(#4603),#4903,.F.);
#5436=ADVANCED_FACE('',(#4604),#4904,.F.);
#5437=ADVANCED_FACE('',(#4605),#4905,.F.);
#5438=ADVANCED_FACE('',(#4606),#1141,.F.);
#5439=ADVANCED_FACE('',(#4607),#96,.T.);
#5440=ADVANCED_FACE('',(#4608),#1142,.F.);
#5441=ADVANCED_FACE('',(#4609),#1143,.F.);
#5442=ADVANCED_FACE('',(#4610),#4906,.F.);
#5443=ADVANCED_FACE('',(#4611),#1144,.F.);
#5444=ADVANCED_FACE('',(#4612),#1145,.F.);
#5445=ADVANCED_FACE('',(#4613),#4907,.F.);
#5446=ADVANCED_FACE('',(#4614),#1146,.F.);
#5447=ADVANCED_FACE('',(#4615,#4616),#4908,.F.);
#5448=ADVANCED_FACE('',(#4617),#4909,.F.);
#5449=ADVANCED_FACE('',(#4618),#4910,.F.);
#5450=ADVANCED_FACE('',(#4619),#4911,.F.);
#5451=ADVANCED_FACE('',(#4620),#4912,.F.);
#5452=ADVANCED_FACE('',(#4621),#4913,.F.);
#5453=ADVANCED_FACE('',(#4622),#4914,.F.);
#5454=ADVANCED_FACE('',(#4623),#4915,.F.);
#5455=ADVANCED_FACE('',(#4624),#4916,.F.);
#5456=ADVANCED_FACE('',(#4625),#4917,.F.);
#5457=ADVANCED_FACE('',(#4626),#4918,.F.);
#5458=ADVANCED_FACE('',(#4627),#4919,.F.);
#5459=ADVANCED_FACE('',(#4628),#4920,.F.);
#5460=ADVANCED_FACE('',(#4629),#4921,.F.);
#5461=ADVANCED_FACE('',(#4630),#4922,.F.);
#5462=ADVANCED_FACE('',(#4631),#4923,.T.);
#5463=ADVANCED_FACE('',(#4632),#1147,.T.);
#5464=ADVANCED_FACE('',(#4633),#4924,.T.);
#5465=ADVANCED_FACE('',(#4634),#1148,.T.);
#5466=ADVANCED_FACE('',(#4635),#4925,.T.);
#5467=ADVANCED_FACE('',(#4636),#4926,.T.);
#5468=ADVANCED_FACE('',(#4637),#4927,.F.);
#5469=ADVANCED_FACE('',(#4638),#4928,.F.);
#5470=ADVANCED_FACE('',(#4639),#4929,.F.);
#5471=ADVANCED_FACE('',(#4640),#4930,.F.);
#5472=ADVANCED_FACE('',(#4641),#4931,.F.);
#5473=ADVANCED_FACE('',(#4642),#4932,.F.);
#5474=ADVANCED_FACE('',(#4643),#4933,.F.);
#5475=ADVANCED_FACE('',(#4644),#4934,.F.);
#5476=ADVANCED_FACE('',(#4645,#4646),#4935,.F.);
#5477=ADVANCED_FACE('',(#4647),#4936,.F.);
#5478=ADVANCED_FACE('',(#4648),#1149,.T.);
#5479=ADVANCED_FACE('',(#4649),#1150,.T.);
#5480=ADVANCED_FACE('',(#4650),#1151,.T.);
#5481=ADVANCED_FACE('',(#4651),#1152,.T.);
#5482=ADVANCED_FACE('',(#4652),#4937,.F.);
#5483=ADVANCED_FACE('',(#4653),#4938,.T.);
#5484=ADVANCED_FACE('',(#4654),#4939,.F.);
#5485=ADVANCED_FACE('',(#4655),#4940,.F.);
#5486=ADVANCED_FACE('',(#4656),#4941,.F.);
#5487=ADVANCED_FACE('',(#4657),#1153,.F.);
#5488=ADVANCED_FACE('',(#4658),#1154,.F.);
#5489=ADVANCED_FACE('',(#4659),#1155,.F.);
#5490=ADVANCED_FACE('',(#4660),#1156,.F.);
#5491=ADVANCED_FACE('',(#4661),#4942,.F.);
#5492=ADVANCED_FACE('',(#4662,#4663),#4943,.F.);
#5493=ADVANCED_FACE('',(#4664),#4944,.F.);
#5494=ADVANCED_FACE('',(#4665),#4945,.F.);
#5495=ADVANCED_FACE('',(#4666),#4946,.F.);
#5496=ADVANCED_FACE('',(#4667),#4947,.F.);
#5497=ADVANCED_FACE('',(#4668),#4948,.F.);
#5498=ADVANCED_FACE('',(#4669),#4949,.F.);
#5499=ADVANCED_FACE('',(#4670),#4950,.F.);
#5500=ADVANCED_FACE('',(#4671),#4951,.F.);
#5501=ADVANCED_FACE('',(#4672),#4952,.F.);
#5502=ADVANCED_FACE('',(#4673),#4953,.F.);
#5503=ADVANCED_FACE('',(#4674),#4954,.F.);
#5504=ADVANCED_FACE('',(#4675),#4955,.F.);
#5505=ADVANCED_FACE('',(#4676),#4956,.F.);
#5506=ADVANCED_FACE('',(#4677),#4957,.F.);
#5507=ADVANCED_FACE('',(#4678),#1157,.F.);
#5508=ADVANCED_FACE('',(#4679),#1158,.F.);
#5509=ADVANCED_FACE('',(#4680),#1159,.F.);
#5510=ADVANCED_FACE('',(#4681),#1160,.F.);
#5511=ADVANCED_FACE('',(#4682),#1161,.F.);
#5512=ADVANCED_FACE('',(#4683),#4958,.F.);
#5513=ADVANCED_FACE('',(#4684),#1162,.F.);
#5514=ADVANCED_FACE('',(#4685),#1163,.F.);
#5515=ADVANCED_FACE('',(#4686),#1164,.F.);
#5516=ADVANCED_FACE('',(#4687),#1165,.F.);
#5517=ADVANCED_FACE('',(#4688),#1166,.F.);
#5518=ADVANCED_FACE('',(#4689),#1167,.F.);
#5519=ADVANCED_FACE('',(#4690),#4959,.F.);
#5520=ADVANCED_FACE('',(#4691),#1168,.F.);
#5521=ADVANCED_FACE('',(#4692),#4960,.F.);
#5522=ADVANCED_FACE('',(#4693),#4961,.F.);
#5523=ADVANCED_FACE('',(#4694),#4962,.F.);
#5524=ADVANCED_FACE('',(#4695),#4963,.F.);
#5525=ADVANCED_FACE('',(#4696),#4964,.F.);
#5526=ADVANCED_FACE('',(#4697),#4965,.F.);
#5527=ADVANCED_FACE('',(#4698),#4966,.F.);
#5528=ADVANCED_FACE('',(#4699),#4967,.T.);
#5529=ADVANCED_FACE('',(#4700),#4968,.T.);
#5530=ADVANCED_FACE('',(#4701),#4969,.T.);
#5531=ADVANCED_FACE('',(#4702),#4970,.T.);
#5532=ADVANCED_FACE('',(#4703),#4971,.T.);
#5533=ADVANCED_FACE('',(#4704),#1169,.T.);
#5534=ADVANCED_FACE('',(#4705),#1170,.T.);
#5535=ADVANCED_FACE('',(#4706),#4972,.F.);
#5536=ADVANCED_FACE('',(#4707),#4973,.F.);
#5537=ADVANCED_FACE('',(#4708),#4974,.F.);
#5538=ADVANCED_FACE('',(#4709),#4975,.T.);
#5539=ADVANCED_FACE('',(#4710),#4976,.F.);
#5540=ADVANCED_FACE('',(#4711),#4977,.T.);
#5541=ADVANCED_FACE('',(#4712),#4978,.T.);
#5542=ADVANCED_FACE('',(#4713),#4979,.F.);
#5543=ADVANCED_FACE('',(#4714),#4980,.F.);
#5544=ADVANCED_FACE('',(#4715),#4981,.F.);
#5545=ADVANCED_FACE('',(#4716),#4982,.F.);
#5546=ADVANCED_FACE('',(#4717,#4718),#4983,.F.);
#5547=ADVANCED_FACE('',(#4719,#4720),#4984,.T.);
#5548=ADVANCED_FACE('',(#4721,#4722),#4985,.F.);
#5549=ADVANCED_FACE('',(#4723,#4724),#4986,.T.);
#5550=ADVANCED_FACE('',(#4725,#4726),#4987,.F.);
#5551=ADVANCED_FACE('',(#4727,#4728),#4988,.T.);
#5552=ADVANCED_FACE('',(#4729,#4730),#4989,.F.);
#5553=ADVANCED_FACE('',(#4731,#4732),#4990,.T.);
#5554=ADVANCED_FACE('',(#4733,#4734),#4991,.F.);
#5555=ADVANCED_FACE('',(#4735,#4736),#4992,.T.);
#5556=ADVANCED_FACE('',(#4737,#4738),#4993,.F.);
#5557=ADVANCED_FACE('',(#4739,#4740),#4994,.T.);
#5558=ADVANCED_FACE('',(#4741,#4742),#4995,.F.);
#5559=ADVANCED_FACE('',(#4743,#4744),#4996,.T.);
#5560=ADVANCED_FACE('',(#4745,#4746),#4997,.F.);
#5561=ADVANCED_FACE('',(#4747,#4748),#4998,.T.);
#5562=ADVANCED_FACE('',(#4749),#4999,.F.);
#5563=ADVANCED_FACE('',(#4750),#5000,.F.);
#5564=ADVANCED_FACE('',(#4751),#5001,.F.);
#5565=ADVANCED_FACE('',(#4752),#5002,.F.);
#5566=ADVANCED_FACE('',(#4753),#5003,.F.);
#5567=ADVANCED_FACE('',(#4754),#5004,.F.);
#5568=ADVANCED_FACE('',(#4755),#5005,.F.);
#5569=ADVANCED_FACE('',(#4756),#5006,.F.);
#5570=ADVANCED_FACE('',(#4757,#4758,#4759,#4760,#4761,#4762,#4763,#4764,
#4765),#5007,.T.);
#5571=ADVANCED_FACE('',(#4766),#5008,.T.);
#5572=ADVANCED_FACE('',(#4767),#5009,.T.);
#5573=ADVANCED_FACE('',(#4768),#5010,.F.);
#5574=ADVANCED_FACE('',(#4769,#4770,#4771,#4772,#4773,#4774,#4775,#4776,
#4777,#4778,#4779,#4780,#4781,#4782,#4783,#4784,#4785,#4786,#4787,#4788,
#4789,#4790,#4791),#5011,.F.);
#5575=ADVANCED_FACE('',(#4792,#4793),#97,.T.);
#5576=ADVANCED_FACE('',(#4794,#4795),#98,.F.);
#5577=ADVANCED_FACE('',(#4796,#4797),#99,.T.);
#5578=ADVANCED_FACE('',(#4798,#4799),#100,.T.);
#5579=ADVANCED_FACE('',(#4800,#4801),#101,.F.);
#5580=ADVANCED_FACE('',(#4802,#4803),#102,.T.);
#5581=ADVANCED_FACE('',(#4804,#4805),#103,.T.);
#5582=ADVANCED_FACE('',(#4806,#4807),#104,.F.);
#5583=ADVANCED_FACE('',(#4808,#4809),#105,.T.);
#5584=ADVANCED_FACE('',(#4810,#4811),#106,.T.);
#5585=ADVANCED_FACE('',(#4812,#4813),#107,.F.);
#5586=ADVANCED_FACE('',(#4814,#4815),#108,.T.);
#5587=ADVANCED_FACE('',(#4816,#4817),#109,.T.);
#5588=ADVANCED_FACE('',(#4818,#4819),#110,.F.);
#5589=ADVANCED_FACE('',(#4820,#4821),#111,.T.);
#5590=ADVANCED_FACE('',(#4822,#4823),#112,.T.);
#5591=ADVANCED_FACE('',(#4824,#4825),#113,.F.);
#5592=ADVANCED_FACE('',(#4826,#4827),#114,.T.);
#5593=ADVANCED_FACE('',(#4828,#4829),#115,.T.);
#5594=ADVANCED_FACE('',(#4830,#4831),#116,.F.);
#5595=ADVANCED_FACE('',(#4832,#4833),#117,.T.);
#5596=ADVANCED_FACE('',(#4834,#4835),#118,.T.);
#5597=ADVANCED_FACE('',(#4836,#4837),#119,.F.);
#5598=ADVANCED_FACE('',(#4838,#4839),#120,.T.);
#5599=CLOSED_SHELL('',(#5304,#5305,#5306,#5307,#5308,#5309,#5310,#5311,
#5312,#5313,#5314,#5315,#5316,#5317,#5318,#5319,#5320,#5321,#5322,#5323,
#5324,#5325,#5326,#5327,#5328,#5329,#5330,#5331,#5332,#5333,#5334,#5335,
#5336,#5337,#5338,#5339,#5340,#5341,#5342,#5343,#5344,#5345,#5346,#5347,
#5348,#5349,#5350,#5351,#5352,#5353,#5354,#5355,#5356,#5357,#5358,#5359,
#5360,#5361,#5362,#5363,#5364,#5365,#5366,#5367,#5368,#5369,#5370,#5371,
#5372,#5373,#5374,#5375,#5376,#5377,#5378,#5379,#5380,#5381,#5382,#5383,
#5384,#5385,#5386,#5387,#5388,#5389,#5390,#5391,#5392,#5393,#5394,#5395,
#5396,#5397,#5398,#5399,#5400,#5401,#5402,#5403,#5404,#5405,#5406,#5407,
#5408,#5409,#5410,#5411,#5412,#5413,#5414,#5415,#5416,#5417,#5418,#5419,
#5420,#5421,#5422,#5423,#5424,#5425,#5426,#5427,#5428,#5429,#5430,#5431,
#5432,#5433,#5434,#5435,#5436,#5437,#5438,#5439,#5440,#5441,#5442,#5443,
#5444,#5445,#5446,#5447,#5448,#5449,#5450,#5451,#5452,#5453,#5454,#5455,
#5456,#5457,#5458,#5459,#5460,#5461,#5462,#5463,#5464,#5465,#5466,#5467,
#5468,#5469,#5470,#5471,#5472,#5473,#5474,#5475,#5476,#5477,#5478,#5479,
#5480,#5481,#5482,#5483,#5484,#5485,#5486,#5487,#5488,#5489,#5490,#5491,
#5492,#5493,#5494,#5495,#5496,#5497,#5498,#5499,#5500,#5501,#5502,#5503,
#5504,#5505,#5506,#5507,#5508,#5509,#5510,#5511,#5512,#5513,#5514,#5515,
#5516,#5517,#5518,#5519,#5520,#5521,#5522,#5523,#5524,#5525,#5526,#5527,
#5528,#5529,#5530,#5531,#5532,#5533,#5534,#5535,#5536,#5537,#5538,#5539,
#5540,#5541,#5542,#5543,#5544,#5545,#5546,#5547,#5548,#5549,#5550,#5551,
#5552,#5553,#5554,#5555,#5556,#5557,#5558,#5559,#5560,#5561,#5562,#5563,
#5564,#5565,#5566,#5567,#5568,#5569,#5570,#5571,#5572,#5573,#5574,#5575,
#5576,#5577,#5578,#5579,#5580,#5581,#5582,#5583,#5584,#5585,#5586,#5587,
#5588,#5589,#5590,#5591,#5592,#5593,#5594,#5595,#5596,#5597,#5598));
#5600=STYLED_ITEM('',(#5601),#7365);
#5601=PRESENTATION_STYLE_ASSIGNMENT((#5894));
#5602=PRESENTATION_STYLE_ASSIGNMENT((#5895));
#5603=PRESENTATION_STYLE_ASSIGNMENT((#5896));
#5604=PRESENTATION_STYLE_ASSIGNMENT((#5897));
#5605=PRESENTATION_STYLE_ASSIGNMENT((#5898));
#5606=PRESENTATION_STYLE_ASSIGNMENT((#5899));
#5607=PRESENTATION_STYLE_ASSIGNMENT((#5900));
#5608=PRESENTATION_STYLE_ASSIGNMENT((#5901));
#5609=PRESENTATION_STYLE_ASSIGNMENT((#5902));
#5610=PRESENTATION_STYLE_ASSIGNMENT((#5903));
#5611=PRESENTATION_STYLE_ASSIGNMENT((#5904));
#5612=PRESENTATION_STYLE_ASSIGNMENT((#5905));
#5613=PRESENTATION_STYLE_ASSIGNMENT((#5906));
#5614=PRESENTATION_STYLE_ASSIGNMENT((#5907));
#5615=PRESENTATION_STYLE_ASSIGNMENT((#5908));
#5616=PRESENTATION_STYLE_ASSIGNMENT((#5909));
#5617=PRESENTATION_STYLE_ASSIGNMENT((#5910));
#5618=PRESENTATION_STYLE_ASSIGNMENT((#5911));
#5619=PRESENTATION_STYLE_ASSIGNMENT((#5912));
#5620=PRESENTATION_STYLE_ASSIGNMENT((#5913));
#5621=PRESENTATION_STYLE_ASSIGNMENT((#5914));
#5622=PRESENTATION_STYLE_ASSIGNMENT((#5915));
#5623=PRESENTATION_STYLE_ASSIGNMENT((#5916));
#5624=PRESENTATION_STYLE_ASSIGNMENT((#5917));
#5625=PRESENTATION_STYLE_ASSIGNMENT((#5918));
#5626=PRESENTATION_STYLE_ASSIGNMENT((#5919));
#5627=PRESENTATION_STYLE_ASSIGNMENT((#5920));
#5628=PRESENTATION_STYLE_ASSIGNMENT((#5921));
#5629=PRESENTATION_STYLE_ASSIGNMENT((#5922));
#5630=PRESENTATION_STYLE_ASSIGNMENT((#5923));
#5631=PRESENTATION_STYLE_ASSIGNMENT((#5924));
#5632=PRESENTATION_STYLE_ASSIGNMENT((#5925));
#5633=PRESENTATION_STYLE_ASSIGNMENT((#5926));
#5634=PRESENTATION_STYLE_ASSIGNMENT((#5927));
#5635=PRESENTATION_STYLE_ASSIGNMENT((#5928));
#5636=PRESENTATION_STYLE_ASSIGNMENT((#5929));
#5637=PRESENTATION_STYLE_ASSIGNMENT((#5930));
#5638=PRESENTATION_STYLE_ASSIGNMENT((#5931));
#5639=PRESENTATION_STYLE_ASSIGNMENT((#5932));
#5640=PRESENTATION_STYLE_ASSIGNMENT((#5933));
#5641=PRESENTATION_STYLE_ASSIGNMENT((#5934));
#5642=PRESENTATION_STYLE_ASSIGNMENT((#5935));
#5643=PRESENTATION_STYLE_ASSIGNMENT((#5936));
#5644=PRESENTATION_STYLE_ASSIGNMENT((#5937));
#5645=PRESENTATION_STYLE_ASSIGNMENT((#5938));
#5646=PRESENTATION_STYLE_ASSIGNMENT((#5939));
#5647=PRESENTATION_STYLE_ASSIGNMENT((#5940));
#5648=PRESENTATION_STYLE_ASSIGNMENT((#5941));
#5649=PRESENTATION_STYLE_ASSIGNMENT((#5942));
#5650=PRESENTATION_STYLE_ASSIGNMENT((#5943));
#5651=PRESENTATION_STYLE_ASSIGNMENT((#5944));
#5652=PRESENTATION_STYLE_ASSIGNMENT((#5945));
#5653=PRESENTATION_STYLE_ASSIGNMENT((#5946));
#5654=PRESENTATION_STYLE_ASSIGNMENT((#5947));
#5655=PRESENTATION_STYLE_ASSIGNMENT((#5948));
#5656=PRESENTATION_STYLE_ASSIGNMENT((#5949));
#5657=PRESENTATION_STYLE_ASSIGNMENT((#5950));
#5658=PRESENTATION_STYLE_ASSIGNMENT((#5951));
#5659=PRESENTATION_STYLE_ASSIGNMENT((#5952));
#5660=PRESENTATION_STYLE_ASSIGNMENT((#5953));
#5661=PRESENTATION_STYLE_ASSIGNMENT((#5954));
#5662=PRESENTATION_STYLE_ASSIGNMENT((#5955));
#5663=PRESENTATION_STYLE_ASSIGNMENT((#5956));
#5664=PRESENTATION_STYLE_ASSIGNMENT((#5957));
#5665=PRESENTATION_STYLE_ASSIGNMENT((#5958));
#5666=PRESENTATION_STYLE_ASSIGNMENT((#5959));
#5667=PRESENTATION_STYLE_ASSIGNMENT((#5960));
#5668=PRESENTATION_STYLE_ASSIGNMENT((#5961));
#5669=PRESENTATION_STYLE_ASSIGNMENT((#5962));
#5670=PRESENTATION_STYLE_ASSIGNMENT((#5963));
#5671=PRESENTATION_STYLE_ASSIGNMENT((#5964));
#5672=PRESENTATION_STYLE_ASSIGNMENT((#5965));
#5673=PRESENTATION_STYLE_ASSIGNMENT((#5966));
#5674=PRESENTATION_STYLE_ASSIGNMENT((#5967));
#5675=PRESENTATION_STYLE_ASSIGNMENT((#5968));
#5676=PRESENTATION_STYLE_ASSIGNMENT((#5969));
#5677=PRESENTATION_STYLE_ASSIGNMENT((#5970));
#5678=PRESENTATION_STYLE_ASSIGNMENT((#5971));
#5679=PRESENTATION_STYLE_ASSIGNMENT((#5972));
#5680=PRESENTATION_STYLE_ASSIGNMENT((#5973));
#5681=PRESENTATION_STYLE_ASSIGNMENT((#5974));
#5682=PRESENTATION_STYLE_ASSIGNMENT((#5975));
#5683=PRESENTATION_STYLE_ASSIGNMENT((#5976));
#5684=PRESENTATION_STYLE_ASSIGNMENT((#5977));
#5685=PRESENTATION_STYLE_ASSIGNMENT((#5978));
#5686=PRESENTATION_STYLE_ASSIGNMENT((#5979));
#5687=PRESENTATION_STYLE_ASSIGNMENT((#5980));
#5688=PRESENTATION_STYLE_ASSIGNMENT((#5981));
#5689=PRESENTATION_STYLE_ASSIGNMENT((#5982));
#5690=PRESENTATION_STYLE_ASSIGNMENT((#5983));
#5691=PRESENTATION_STYLE_ASSIGNMENT((#5984));
#5692=PRESENTATION_STYLE_ASSIGNMENT((#5985));
#5693=PRESENTATION_STYLE_ASSIGNMENT((#5986));
#5694=PRESENTATION_STYLE_ASSIGNMENT((#5987));
#5695=PRESENTATION_STYLE_ASSIGNMENT((#5988));
#5696=PRESENTATION_STYLE_ASSIGNMENT((#5989));
#5697=PRESENTATION_STYLE_ASSIGNMENT((#5990));
#5698=PRESENTATION_STYLE_ASSIGNMENT((#5991));
#5699=PRESENTATION_STYLE_ASSIGNMENT((#5992));
#5700=PRESENTATION_STYLE_ASSIGNMENT((#5993));
#5701=PRESENTATION_STYLE_ASSIGNMENT((#5994));
#5702=PRESENTATION_STYLE_ASSIGNMENT((#5995));
#5703=PRESENTATION_STYLE_ASSIGNMENT((#5996));
#5704=PRESENTATION_STYLE_ASSIGNMENT((#5997));
#5705=PRESENTATION_STYLE_ASSIGNMENT((#5998));
#5706=PRESENTATION_STYLE_ASSIGNMENT((#5999));
#5707=PRESENTATION_STYLE_ASSIGNMENT((#6000));
#5708=PRESENTATION_STYLE_ASSIGNMENT((#6001));
#5709=PRESENTATION_STYLE_ASSIGNMENT((#6002));
#5710=PRESENTATION_STYLE_ASSIGNMENT((#6003));
#5711=PRESENTATION_STYLE_ASSIGNMENT((#6004));
#5712=PRESENTATION_STYLE_ASSIGNMENT((#6005));
#5713=PRESENTATION_STYLE_ASSIGNMENT((#6006));
#5714=PRESENTATION_STYLE_ASSIGNMENT((#6007));
#5715=PRESENTATION_STYLE_ASSIGNMENT((#6008));
#5716=PRESENTATION_STYLE_ASSIGNMENT((#6009));
#5717=PRESENTATION_STYLE_ASSIGNMENT((#6010));
#5718=PRESENTATION_STYLE_ASSIGNMENT((#6011));
#5719=PRESENTATION_STYLE_ASSIGNMENT((#6012));
#5720=PRESENTATION_STYLE_ASSIGNMENT((#6013));
#5721=PRESENTATION_STYLE_ASSIGNMENT((#6014));
#5722=PRESENTATION_STYLE_ASSIGNMENT((#6015));
#5723=PRESENTATION_STYLE_ASSIGNMENT((#6016));
#5724=PRESENTATION_STYLE_ASSIGNMENT((#6017));
#5725=PRESENTATION_STYLE_ASSIGNMENT((#6018));
#5726=PRESENTATION_STYLE_ASSIGNMENT((#6019));
#5727=PRESENTATION_STYLE_ASSIGNMENT((#6020));
#5728=PRESENTATION_STYLE_ASSIGNMENT((#6021));
#5729=PRESENTATION_STYLE_ASSIGNMENT((#6022));
#5730=PRESENTATION_STYLE_ASSIGNMENT((#6023));
#5731=PRESENTATION_STYLE_ASSIGNMENT((#6024));
#5732=PRESENTATION_STYLE_ASSIGNMENT((#6025));
#5733=PRESENTATION_STYLE_ASSIGNMENT((#6026));
#5734=PRESENTATION_STYLE_ASSIGNMENT((#6027));
#5735=PRESENTATION_STYLE_ASSIGNMENT((#6028));
#5736=PRESENTATION_STYLE_ASSIGNMENT((#6029));
#5737=PRESENTATION_STYLE_ASSIGNMENT((#6030));
#5738=PRESENTATION_STYLE_ASSIGNMENT((#6031));
#5739=PRESENTATION_STYLE_ASSIGNMENT((#6032));
#5740=PRESENTATION_STYLE_ASSIGNMENT((#6033));
#5741=PRESENTATION_STYLE_ASSIGNMENT((#6034));
#5742=PRESENTATION_STYLE_ASSIGNMENT((#6035));
#5743=PRESENTATION_STYLE_ASSIGNMENT((#6036));
#5744=PRESENTATION_STYLE_ASSIGNMENT((#6037));
#5745=PRESENTATION_STYLE_ASSIGNMENT((#6038));
#5746=PRESENTATION_STYLE_ASSIGNMENT((#6039));
#5747=PRESENTATION_STYLE_ASSIGNMENT((#6040));
#5748=PRESENTATION_STYLE_ASSIGNMENT((#6041));
#5749=PRESENTATION_STYLE_ASSIGNMENT((#6042));
#5750=PRESENTATION_STYLE_ASSIGNMENT((#6043));
#5751=PRESENTATION_STYLE_ASSIGNMENT((#6044));
#5752=PRESENTATION_STYLE_ASSIGNMENT((#6045));
#5753=PRESENTATION_STYLE_ASSIGNMENT((#6046));
#5754=PRESENTATION_STYLE_ASSIGNMENT((#6047));
#5755=PRESENTATION_STYLE_ASSIGNMENT((#6048));
#5756=PRESENTATION_STYLE_ASSIGNMENT((#6049));
#5757=PRESENTATION_STYLE_ASSIGNMENT((#6050));
#5758=PRESENTATION_STYLE_ASSIGNMENT((#6051));
#5759=PRESENTATION_STYLE_ASSIGNMENT((#6052));
#5760=PRESENTATION_STYLE_ASSIGNMENT((#6053));
#5761=PRESENTATION_STYLE_ASSIGNMENT((#6054));
#5762=PRESENTATION_STYLE_ASSIGNMENT((#6055));
#5763=PRESENTATION_STYLE_ASSIGNMENT((#6056));
#5764=PRESENTATION_STYLE_ASSIGNMENT((#6057));
#5765=PRESENTATION_STYLE_ASSIGNMENT((#6058));
#5766=PRESENTATION_STYLE_ASSIGNMENT((#6059));
#5767=PRESENTATION_STYLE_ASSIGNMENT((#6060));
#5768=PRESENTATION_STYLE_ASSIGNMENT((#6061));
#5769=PRESENTATION_STYLE_ASSIGNMENT((#6062));
#5770=PRESENTATION_STYLE_ASSIGNMENT((#6063));
#5771=PRESENTATION_STYLE_ASSIGNMENT((#6064));
#5772=PRESENTATION_STYLE_ASSIGNMENT((#6065));
#5773=PRESENTATION_STYLE_ASSIGNMENT((#6066));
#5774=PRESENTATION_STYLE_ASSIGNMENT((#6067));
#5775=PRESENTATION_STYLE_ASSIGNMENT((#6068));
#5776=PRESENTATION_STYLE_ASSIGNMENT((#6069));
#5777=PRESENTATION_STYLE_ASSIGNMENT((#6070));
#5778=PRESENTATION_STYLE_ASSIGNMENT((#6071));
#5779=PRESENTATION_STYLE_ASSIGNMENT((#6072));
#5780=PRESENTATION_STYLE_ASSIGNMENT((#6073));
#5781=PRESENTATION_STYLE_ASSIGNMENT((#6074));
#5782=PRESENTATION_STYLE_ASSIGNMENT((#6075));
#5783=PRESENTATION_STYLE_ASSIGNMENT((#6076));
#5784=PRESENTATION_STYLE_ASSIGNMENT((#6077));
#5785=PRESENTATION_STYLE_ASSIGNMENT((#6078));
#5786=PRESENTATION_STYLE_ASSIGNMENT((#6079));
#5787=PRESENTATION_STYLE_ASSIGNMENT((#6080));
#5788=PRESENTATION_STYLE_ASSIGNMENT((#6081));
#5789=PRESENTATION_STYLE_ASSIGNMENT((#6082));
#5790=PRESENTATION_STYLE_ASSIGNMENT((#6083));
#5791=PRESENTATION_STYLE_ASSIGNMENT((#6084));
#5792=PRESENTATION_STYLE_ASSIGNMENT((#6085));
#5793=PRESENTATION_STYLE_ASSIGNMENT((#6086));
#5794=PRESENTATION_STYLE_ASSIGNMENT((#6087));
#5795=PRESENTATION_STYLE_ASSIGNMENT((#6088));
#5796=PRESENTATION_STYLE_ASSIGNMENT((#6089));
#5797=PRESENTATION_STYLE_ASSIGNMENT((#6090));
#5798=PRESENTATION_STYLE_ASSIGNMENT((#6091));
#5799=PRESENTATION_STYLE_ASSIGNMENT((#6092));
#5800=PRESENTATION_STYLE_ASSIGNMENT((#6093));
#5801=PRESENTATION_STYLE_ASSIGNMENT((#6094));
#5802=PRESENTATION_STYLE_ASSIGNMENT((#6095));
#5803=PRESENTATION_STYLE_ASSIGNMENT((#6096));
#5804=PRESENTATION_STYLE_ASSIGNMENT((#6097));
#5805=PRESENTATION_STYLE_ASSIGNMENT((#6098));
#5806=PRESENTATION_STYLE_ASSIGNMENT((#6099));
#5807=PRESENTATION_STYLE_ASSIGNMENT((#6100));
#5808=PRESENTATION_STYLE_ASSIGNMENT((#6101));
#5809=PRESENTATION_STYLE_ASSIGNMENT((#6102));
#5810=PRESENTATION_STYLE_ASSIGNMENT((#6103));
#5811=PRESENTATION_STYLE_ASSIGNMENT((#6104));
#5812=PRESENTATION_STYLE_ASSIGNMENT((#6105));
#5813=PRESENTATION_STYLE_ASSIGNMENT((#6106));
#5814=PRESENTATION_STYLE_ASSIGNMENT((#6107));
#5815=PRESENTATION_STYLE_ASSIGNMENT((#6108));
#5816=PRESENTATION_STYLE_ASSIGNMENT((#6109));
#5817=PRESENTATION_STYLE_ASSIGNMENT((#6110));
#5818=PRESENTATION_STYLE_ASSIGNMENT((#6111));
#5819=PRESENTATION_STYLE_ASSIGNMENT((#6112));
#5820=PRESENTATION_STYLE_ASSIGNMENT((#6113));
#5821=PRESENTATION_STYLE_ASSIGNMENT((#6114));
#5822=PRESENTATION_STYLE_ASSIGNMENT((#6115));
#5823=PRESENTATION_STYLE_ASSIGNMENT((#6116));
#5824=PRESENTATION_STYLE_ASSIGNMENT((#6117));
#5825=PRESENTATION_STYLE_ASSIGNMENT((#6118));
#5826=PRESENTATION_STYLE_ASSIGNMENT((#6119));
#5827=PRESENTATION_STYLE_ASSIGNMENT((#6120));
#5828=PRESENTATION_STYLE_ASSIGNMENT((#6121));
#5829=PRESENTATION_STYLE_ASSIGNMENT((#6122));
#5830=PRESENTATION_STYLE_ASSIGNMENT((#6123));
#5831=PRESENTATION_STYLE_ASSIGNMENT((#6124));
#5832=PRESENTATION_STYLE_ASSIGNMENT((#6125));
#5833=PRESENTATION_STYLE_ASSIGNMENT((#6126));
#5834=PRESENTATION_STYLE_ASSIGNMENT((#6127));
#5835=PRESENTATION_STYLE_ASSIGNMENT((#6128));
#5836=PRESENTATION_STYLE_ASSIGNMENT((#6129));
#5837=PRESENTATION_STYLE_ASSIGNMENT((#6130));
#5838=PRESENTATION_STYLE_ASSIGNMENT((#6131));
#5839=PRESENTATION_STYLE_ASSIGNMENT((#6132));
#5840=PRESENTATION_STYLE_ASSIGNMENT((#6133));
#5841=PRESENTATION_STYLE_ASSIGNMENT((#6134));
#5842=PRESENTATION_STYLE_ASSIGNMENT((#6135));
#5843=PRESENTATION_STYLE_ASSIGNMENT((#6136));
#5844=PRESENTATION_STYLE_ASSIGNMENT((#6137));
#5845=PRESENTATION_STYLE_ASSIGNMENT((#6138));
#5846=PRESENTATION_STYLE_ASSIGNMENT((#6139));
#5847=PRESENTATION_STYLE_ASSIGNMENT((#6140));
#5848=PRESENTATION_STYLE_ASSIGNMENT((#6141));
#5849=PRESENTATION_STYLE_ASSIGNMENT((#6142));
#5850=PRESENTATION_STYLE_ASSIGNMENT((#6143));
#5851=PRESENTATION_STYLE_ASSIGNMENT((#6144));
#5852=PRESENTATION_STYLE_ASSIGNMENT((#6145));
#5853=PRESENTATION_STYLE_ASSIGNMENT((#6146));
#5854=PRESENTATION_STYLE_ASSIGNMENT((#6147));
#5855=PRESENTATION_STYLE_ASSIGNMENT((#6148));
#5856=PRESENTATION_STYLE_ASSIGNMENT((#6149));
#5857=PRESENTATION_STYLE_ASSIGNMENT((#6150));
#5858=PRESENTATION_STYLE_ASSIGNMENT((#6151));
#5859=PRESENTATION_STYLE_ASSIGNMENT((#6152));
#5860=PRESENTATION_STYLE_ASSIGNMENT((#6153));
#5861=PRESENTATION_STYLE_ASSIGNMENT((#6154));
#5862=PRESENTATION_STYLE_ASSIGNMENT((#6155));
#5863=PRESENTATION_STYLE_ASSIGNMENT((#6156));
#5864=PRESENTATION_STYLE_ASSIGNMENT((#6157));
#5865=PRESENTATION_STYLE_ASSIGNMENT((#6158));
#5866=PRESENTATION_STYLE_ASSIGNMENT((#6159));
#5867=PRESENTATION_STYLE_ASSIGNMENT((#6160));
#5868=PRESENTATION_STYLE_ASSIGNMENT((#6161));
#5869=PRESENTATION_STYLE_ASSIGNMENT((#6162));
#5870=PRESENTATION_STYLE_ASSIGNMENT((#6163));
#5871=PRESENTATION_STYLE_ASSIGNMENT((#6164));
#5872=PRESENTATION_STYLE_ASSIGNMENT((#6165));
#5873=PRESENTATION_STYLE_ASSIGNMENT((#6166));
#5874=PRESENTATION_STYLE_ASSIGNMENT((#6167));
#5875=PRESENTATION_STYLE_ASSIGNMENT((#6168));
#5876=PRESENTATION_STYLE_ASSIGNMENT((#6169));
#5877=PRESENTATION_STYLE_ASSIGNMENT((#6170));
#5878=PRESENTATION_STYLE_ASSIGNMENT((#6171));
#5879=PRESENTATION_STYLE_ASSIGNMENT((#6172));
#5880=PRESENTATION_STYLE_ASSIGNMENT((#6173));
#5881=PRESENTATION_STYLE_ASSIGNMENT((#6174));
#5882=PRESENTATION_STYLE_ASSIGNMENT((#6175));
#5883=PRESENTATION_STYLE_ASSIGNMENT((#6176));
#5884=PRESENTATION_STYLE_ASSIGNMENT((#6177));
#5885=PRESENTATION_STYLE_ASSIGNMENT((#6178));
#5886=PRESENTATION_STYLE_ASSIGNMENT((#6179));
#5887=PRESENTATION_STYLE_ASSIGNMENT((#6180));
#5888=PRESENTATION_STYLE_ASSIGNMENT((#6181));
#5889=PRESENTATION_STYLE_ASSIGNMENT((#6182));
#5890=PRESENTATION_STYLE_ASSIGNMENT((#6183));
#5891=PRESENTATION_STYLE_ASSIGNMENT((#6184));
#5892=PRESENTATION_STYLE_ASSIGNMENT((#6185));
#5893=PRESENTATION_STYLE_ASSIGNMENT((#6186));
#5894=SURFACE_STYLE_USAGE(.BOTH.,#6187);
#5895=SURFACE_STYLE_USAGE(.BOTH.,#6188);
#5896=SURFACE_STYLE_USAGE(.BOTH.,#6189);
#5897=SURFACE_STYLE_USAGE(.BOTH.,#6190);
#5898=SURFACE_STYLE_USAGE(.BOTH.,#6191);
#5899=SURFACE_STYLE_USAGE(.BOTH.,#6192);
#5900=SURFACE_STYLE_USAGE(.BOTH.,#6193);
#5901=SURFACE_STYLE_USAGE(.BOTH.,#6194);
#5902=SURFACE_STYLE_USAGE(.BOTH.,#6195);
#5903=SURFACE_STYLE_USAGE(.BOTH.,#6196);
#5904=SURFACE_STYLE_USAGE(.BOTH.,#6197);
#5905=SURFACE_STYLE_USAGE(.BOTH.,#6198);
#5906=SURFACE_STYLE_USAGE(.BOTH.,#6199);
#5907=SURFACE_STYLE_USAGE(.BOTH.,#6200);
#5908=SURFACE_STYLE_USAGE(.BOTH.,#6201);
#5909=SURFACE_STYLE_USAGE(.BOTH.,#6202);
#5910=SURFACE_STYLE_USAGE(.BOTH.,#6203);
#5911=SURFACE_STYLE_USAGE(.BOTH.,#6204);
#5912=SURFACE_STYLE_USAGE(.BOTH.,#6205);
#5913=SURFACE_STYLE_USAGE(.BOTH.,#6206);
#5914=SURFACE_STYLE_USAGE(.BOTH.,#6207);
#5915=SURFACE_STYLE_USAGE(.BOTH.,#6208);
#5916=SURFACE_STYLE_USAGE(.BOTH.,#6209);
#5917=SURFACE_STYLE_USAGE(.BOTH.,#6210);
#5918=SURFACE_STYLE_USAGE(.BOTH.,#6211);
#5919=SURFACE_STYLE_USAGE(.BOTH.,#6212);
#5920=SURFACE_STYLE_USAGE(.BOTH.,#6213);
#5921=SURFACE_STYLE_USAGE(.BOTH.,#6214);
#5922=SURFACE_STYLE_USAGE(.BOTH.,#6215);
#5923=SURFACE_STYLE_USAGE(.BOTH.,#6216);
#5924=SURFACE_STYLE_USAGE(.BOTH.,#6217);
#5925=SURFACE_STYLE_USAGE(.BOTH.,#6218);
#5926=SURFACE_STYLE_USAGE(.BOTH.,#6219);
#5927=SURFACE_STYLE_USAGE(.BOTH.,#6220);
#5928=SURFACE_STYLE_USAGE(.BOTH.,#6221);
#5929=SURFACE_STYLE_USAGE(.BOTH.,#6222);
#5930=SURFACE_STYLE_USAGE(.BOTH.,#6223);
#5931=SURFACE_STYLE_USAGE(.BOTH.,#6224);
#5932=SURFACE_STYLE_USAGE(.BOTH.,#6225);
#5933=SURFACE_STYLE_USAGE(.BOTH.,#6226);
#5934=SURFACE_STYLE_USAGE(.BOTH.,#6227);
#5935=SURFACE_STYLE_USAGE(.BOTH.,#6228);
#5936=SURFACE_STYLE_USAGE(.BOTH.,#6229);
#5937=SURFACE_STYLE_USAGE(.BOTH.,#6230);
#5938=SURFACE_STYLE_USAGE(.BOTH.,#6231);
#5939=SURFACE_STYLE_USAGE(.BOTH.,#6232);
#5940=SURFACE_STYLE_USAGE(.BOTH.,#6233);
#5941=SURFACE_STYLE_USAGE(.BOTH.,#6234);
#5942=SURFACE_STYLE_USAGE(.BOTH.,#6235);
#5943=SURFACE_STYLE_USAGE(.BOTH.,#6236);
#5944=SURFACE_STYLE_USAGE(.BOTH.,#6237);
#5945=SURFACE_STYLE_USAGE(.BOTH.,#6238);
#5946=SURFACE_STYLE_USAGE(.BOTH.,#6239);
#5947=SURFACE_STYLE_USAGE(.BOTH.,#6240);
#5948=SURFACE_STYLE_USAGE(.BOTH.,#6241);
#5949=SURFACE_STYLE_USAGE(.BOTH.,#6242);
#5950=SURFACE_STYLE_USAGE(.BOTH.,#6243);
#5951=SURFACE_STYLE_USAGE(.BOTH.,#6244);
#5952=SURFACE_STYLE_USAGE(.BOTH.,#6245);
#5953=SURFACE_STYLE_USAGE(.BOTH.,#6246);
#5954=SURFACE_STYLE_USAGE(.BOTH.,#6247);
#5955=SURFACE_STYLE_USAGE(.BOTH.,#6248);
#5956=SURFACE_STYLE_USAGE(.BOTH.,#6249);
#5957=SURFACE_STYLE_USAGE(.BOTH.,#6250);
#5958=SURFACE_STYLE_USAGE(.BOTH.,#6251);
#5959=SURFACE_STYLE_USAGE(.BOTH.,#6252);
#5960=SURFACE_STYLE_USAGE(.BOTH.,#6253);
#5961=SURFACE_STYLE_USAGE(.BOTH.,#6254);
#5962=SURFACE_STYLE_USAGE(.BOTH.,#6255);
#5963=SURFACE_STYLE_USAGE(.BOTH.,#6256);
#5964=SURFACE_STYLE_USAGE(.BOTH.,#6257);
#5965=SURFACE_STYLE_USAGE(.BOTH.,#6258);
#5966=SURFACE_STYLE_USAGE(.BOTH.,#6259);
#5967=SURFACE_STYLE_USAGE(.BOTH.,#6260);
#5968=SURFACE_STYLE_USAGE(.BOTH.,#6261);
#5969=SURFACE_STYLE_USAGE(.BOTH.,#6262);
#5970=SURFACE_STYLE_USAGE(.BOTH.,#6263);
#5971=SURFACE_STYLE_USAGE(.BOTH.,#6264);
#5972=SURFACE_STYLE_USAGE(.BOTH.,#6265);
#5973=SURFACE_STYLE_USAGE(.BOTH.,#6266);
#5974=SURFACE_STYLE_USAGE(.BOTH.,#6267);
#5975=SURFACE_STYLE_USAGE(.BOTH.,#6268);
#5976=SURFACE_STYLE_USAGE(.BOTH.,#6269);
#5977=SURFACE_STYLE_USAGE(.BOTH.,#6270);
#5978=SURFACE_STYLE_USAGE(.BOTH.,#6271);
#5979=SURFACE_STYLE_USAGE(.BOTH.,#6272);
#5980=SURFACE_STYLE_USAGE(.BOTH.,#6273);
#5981=SURFACE_STYLE_USAGE(.BOTH.,#6274);
#5982=SURFACE_STYLE_USAGE(.BOTH.,#6275);
#5983=SURFACE_STYLE_USAGE(.BOTH.,#6276);
#5984=SURFACE_STYLE_USAGE(.BOTH.,#6277);
#5985=SURFACE_STYLE_USAGE(.BOTH.,#6278);
#5986=SURFACE_STYLE_USAGE(.BOTH.,#6279);
#5987=SURFACE_STYLE_USAGE(.BOTH.,#6280);
#5988=SURFACE_STYLE_USAGE(.BOTH.,#6281);
#5989=SURFACE_STYLE_USAGE(.BOTH.,#6282);
#5990=SURFACE_STYLE_USAGE(.BOTH.,#6283);
#5991=SURFACE_STYLE_USAGE(.BOTH.,#6284);
#5992=SURFACE_STYLE_USAGE(.BOTH.,#6285);
#5993=SURFACE_STYLE_USAGE(.BOTH.,#6286);
#5994=SURFACE_STYLE_USAGE(.BOTH.,#6287);
#5995=SURFACE_STYLE_USAGE(.BOTH.,#6288);
#5996=SURFACE_STYLE_USAGE(.BOTH.,#6289);
#5997=SURFACE_STYLE_USAGE(.BOTH.,#6290);
#5998=SURFACE_STYLE_USAGE(.BOTH.,#6291);
#5999=SURFACE_STYLE_USAGE(.BOTH.,#6292);
#6000=SURFACE_STYLE_USAGE(.BOTH.,#6293);
#6001=SURFACE_STYLE_USAGE(.BOTH.,#6294);
#6002=SURFACE_STYLE_USAGE(.BOTH.,#6295);
#6003=SURFACE_STYLE_USAGE(.BOTH.,#6296);
#6004=SURFACE_STYLE_USAGE(.BOTH.,#6297);
#6005=SURFACE_STYLE_USAGE(.BOTH.,#6298);
#6006=SURFACE_STYLE_USAGE(.BOTH.,#6299);
#6007=SURFACE_STYLE_USAGE(.BOTH.,#6300);
#6008=SURFACE_STYLE_USAGE(.BOTH.,#6301);
#6009=SURFACE_STYLE_USAGE(.BOTH.,#6302);
#6010=SURFACE_STYLE_USAGE(.BOTH.,#6303);
#6011=SURFACE_STYLE_USAGE(.BOTH.,#6304);
#6012=SURFACE_STYLE_USAGE(.BOTH.,#6305);
#6013=SURFACE_STYLE_USAGE(.BOTH.,#6306);
#6014=SURFACE_STYLE_USAGE(.BOTH.,#6307);
#6015=SURFACE_STYLE_USAGE(.BOTH.,#6308);
#6016=SURFACE_STYLE_USAGE(.BOTH.,#6309);
#6017=SURFACE_STYLE_USAGE(.BOTH.,#6310);
#6018=SURFACE_STYLE_USAGE(.BOTH.,#6311);
#6019=SURFACE_STYLE_USAGE(.BOTH.,#6312);
#6020=SURFACE_STYLE_USAGE(.BOTH.,#6313);
#6021=SURFACE_STYLE_USAGE(.BOTH.,#6314);
#6022=SURFACE_STYLE_USAGE(.BOTH.,#6315);
#6023=SURFACE_STYLE_USAGE(.BOTH.,#6316);
#6024=SURFACE_STYLE_USAGE(.BOTH.,#6317);
#6025=SURFACE_STYLE_USAGE(.BOTH.,#6318);
#6026=SURFACE_STYLE_USAGE(.BOTH.,#6319);
#6027=SURFACE_STYLE_USAGE(.BOTH.,#6320);
#6028=SURFACE_STYLE_USAGE(.BOTH.,#6321);
#6029=SURFACE_STYLE_USAGE(.BOTH.,#6322);
#6030=SURFACE_STYLE_USAGE(.BOTH.,#6323);
#6031=SURFACE_STYLE_USAGE(.BOTH.,#6324);
#6032=SURFACE_STYLE_USAGE(.BOTH.,#6325);
#6033=SURFACE_STYLE_USAGE(.BOTH.,#6326);
#6034=SURFACE_STYLE_USAGE(.BOTH.,#6327);
#6035=SURFACE_STYLE_USAGE(.BOTH.,#6328);
#6036=SURFACE_STYLE_USAGE(.BOTH.,#6329);
#6037=SURFACE_STYLE_USAGE(.BOTH.,#6330);
#6038=SURFACE_STYLE_USAGE(.BOTH.,#6331);
#6039=SURFACE_STYLE_USAGE(.BOTH.,#6332);
#6040=SURFACE_STYLE_USAGE(.BOTH.,#6333);
#6041=SURFACE_STYLE_USAGE(.BOTH.,#6334);
#6042=SURFACE_STYLE_USAGE(.BOTH.,#6335);
#6043=SURFACE_STYLE_USAGE(.BOTH.,#6336);
#6044=SURFACE_STYLE_USAGE(.BOTH.,#6337);
#6045=SURFACE_STYLE_USAGE(.BOTH.,#6338);
#6046=SURFACE_STYLE_USAGE(.BOTH.,#6339);
#6047=SURFACE_STYLE_USAGE(.BOTH.,#6340);
#6048=SURFACE_STYLE_USAGE(.BOTH.,#6341);
#6049=SURFACE_STYLE_USAGE(.BOTH.,#6342);
#6050=SURFACE_STYLE_USAGE(.BOTH.,#6343);
#6051=SURFACE_STYLE_USAGE(.BOTH.,#6344);
#6052=SURFACE_STYLE_USAGE(.BOTH.,#6345);
#6053=SURFACE_STYLE_USAGE(.BOTH.,#6346);
#6054=SURFACE_STYLE_USAGE(.BOTH.,#6347);
#6055=SURFACE_STYLE_USAGE(.BOTH.,#6348);
#6056=SURFACE_STYLE_USAGE(.BOTH.,#6349);
#6057=SURFACE_STYLE_USAGE(.BOTH.,#6350);
#6058=SURFACE_STYLE_USAGE(.BOTH.,#6351);
#6059=SURFACE_STYLE_USAGE(.BOTH.,#6352);
#6060=SURFACE_STYLE_USAGE(.BOTH.,#6353);
#6061=SURFACE_STYLE_USAGE(.BOTH.,#6354);
#6062=SURFACE_STYLE_USAGE(.BOTH.,#6355);
#6063=SURFACE_STYLE_USAGE(.BOTH.,#6356);
#6064=SURFACE_STYLE_USAGE(.BOTH.,#6357);
#6065=SURFACE_STYLE_USAGE(.BOTH.,#6358);
#6066=SURFACE_STYLE_USAGE(.BOTH.,#6359);
#6067=SURFACE_STYLE_USAGE(.BOTH.,#6360);
#6068=SURFACE_STYLE_USAGE(.BOTH.,#6361);
#6069=SURFACE_STYLE_USAGE(.BOTH.,#6362);
#6070=SURFACE_STYLE_USAGE(.BOTH.,#6363);
#6071=SURFACE_STYLE_USAGE(.BOTH.,#6364);
#6072=SURFACE_STYLE_USAGE(.BOTH.,#6365);
#6073=SURFACE_STYLE_USAGE(.BOTH.,#6366);
#6074=SURFACE_STYLE_USAGE(.BOTH.,#6367);
#6075=SURFACE_STYLE_USAGE(.BOTH.,#6368);
#6076=SURFACE_STYLE_USAGE(.BOTH.,#6369);
#6077=SURFACE_STYLE_USAGE(.BOTH.,#6370);
#6078=SURFACE_STYLE_USAGE(.BOTH.,#6371);
#6079=SURFACE_STYLE_USAGE(.BOTH.,#6372);
#6080=SURFACE_STYLE_USAGE(.BOTH.,#6373);
#6081=SURFACE_STYLE_USAGE(.BOTH.,#6374);
#6082=SURFACE_STYLE_USAGE(.BOTH.,#6375);
#6083=SURFACE_STYLE_USAGE(.BOTH.,#6376);
#6084=SURFACE_STYLE_USAGE(.BOTH.,#6377);
#6085=SURFACE_STYLE_USAGE(.BOTH.,#6378);
#6086=SURFACE_STYLE_USAGE(.BOTH.,#6379);
#6087=SURFACE_STYLE_USAGE(.BOTH.,#6380);
#6088=SURFACE_STYLE_USAGE(.BOTH.,#6381);
#6089=SURFACE_STYLE_USAGE(.BOTH.,#6382);
#6090=SURFACE_STYLE_USAGE(.BOTH.,#6383);
#6091=SURFACE_STYLE_USAGE(.BOTH.,#6384);
#6092=SURFACE_STYLE_USAGE(.BOTH.,#6385);
#6093=SURFACE_STYLE_USAGE(.BOTH.,#6386);
#6094=SURFACE_STYLE_USAGE(.BOTH.,#6387);
#6095=SURFACE_STYLE_USAGE(.BOTH.,#6388);
#6096=SURFACE_STYLE_USAGE(.BOTH.,#6389);
#6097=SURFACE_STYLE_USAGE(.BOTH.,#6390);
#6098=SURFACE_STYLE_USAGE(.BOTH.,#6391);
#6099=SURFACE_STYLE_USAGE(.BOTH.,#6392);
#6100=SURFACE_STYLE_USAGE(.BOTH.,#6393);
#6101=SURFACE_STYLE_USAGE(.BOTH.,#6394);
#6102=SURFACE_STYLE_USAGE(.BOTH.,#6395);
#6103=SURFACE_STYLE_USAGE(.BOTH.,#6396);
#6104=SURFACE_STYLE_USAGE(.BOTH.,#6397);
#6105=SURFACE_STYLE_USAGE(.BOTH.,#6398);
#6106=SURFACE_STYLE_USAGE(.BOTH.,#6399);
#6107=SURFACE_STYLE_USAGE(.BOTH.,#6400);
#6108=SURFACE_STYLE_USAGE(.BOTH.,#6401);
#6109=SURFACE_STYLE_USAGE(.BOTH.,#6402);
#6110=SURFACE_STYLE_USAGE(.BOTH.,#6403);
#6111=SURFACE_STYLE_USAGE(.BOTH.,#6404);
#6112=SURFACE_STYLE_USAGE(.BOTH.,#6405);
#6113=SURFACE_STYLE_USAGE(.BOTH.,#6406);
#6114=SURFACE_STYLE_USAGE(.BOTH.,#6407);
#6115=SURFACE_STYLE_USAGE(.BOTH.,#6408);
#6116=SURFACE_STYLE_USAGE(.BOTH.,#6409);
#6117=SURFACE_STYLE_USAGE(.BOTH.,#6410);
#6118=SURFACE_STYLE_USAGE(.BOTH.,#6411);
#6119=SURFACE_STYLE_USAGE(.BOTH.,#6412);
#6120=SURFACE_STYLE_USAGE(.BOTH.,#6413);
#6121=SURFACE_STYLE_USAGE(.BOTH.,#6414);
#6122=SURFACE_STYLE_USAGE(.BOTH.,#6415);
#6123=SURFACE_STYLE_USAGE(.BOTH.,#6416);
#6124=SURFACE_STYLE_USAGE(.BOTH.,#6417);
#6125=SURFACE_STYLE_USAGE(.BOTH.,#6418);
#6126=SURFACE_STYLE_USAGE(.BOTH.,#6419);
#6127=SURFACE_STYLE_USAGE(.BOTH.,#6420);
#6128=SURFACE_STYLE_USAGE(.BOTH.,#6421);
#6129=SURFACE_STYLE_USAGE(.BOTH.,#6422);
#6130=SURFACE_STYLE_USAGE(.BOTH.,#6423);
#6131=SURFACE_STYLE_USAGE(.BOTH.,#6424);
#6132=SURFACE_STYLE_USAGE(.BOTH.,#6425);
#6133=SURFACE_STYLE_USAGE(.BOTH.,#6426);
#6134=SURFACE_STYLE_USAGE(.BOTH.,#6427);
#6135=SURFACE_STYLE_USAGE(.BOTH.,#6428);
#6136=SURFACE_STYLE_USAGE(.BOTH.,#6429);
#6137=SURFACE_STYLE_USAGE(.BOTH.,#6430);
#6138=SURFACE_STYLE_USAGE(.BOTH.,#6431);
#6139=SURFACE_STYLE_USAGE(.BOTH.,#6432);
#6140=SURFACE_STYLE_USAGE(.BOTH.,#6433);
#6141=SURFACE_STYLE_USAGE(.BOTH.,#6434);
#6142=SURFACE_STYLE_USAGE(.BOTH.,#6435);
#6143=SURFACE_STYLE_USAGE(.BOTH.,#6436);
#6144=SURFACE_STYLE_USAGE(.BOTH.,#6437);
#6145=SURFACE_STYLE_USAGE(.BOTH.,#6438);
#6146=SURFACE_STYLE_USAGE(.BOTH.,#6439);
#6147=SURFACE_STYLE_USAGE(.BOTH.,#6440);
#6148=SURFACE_STYLE_USAGE(.BOTH.,#6441);
#6149=SURFACE_STYLE_USAGE(.BOTH.,#6442);
#6150=SURFACE_STYLE_USAGE(.BOTH.,#6443);
#6151=SURFACE_STYLE_USAGE(.BOTH.,#6444);
#6152=SURFACE_STYLE_USAGE(.BOTH.,#6445);
#6153=SURFACE_STYLE_USAGE(.BOTH.,#6446);
#6154=SURFACE_STYLE_USAGE(.BOTH.,#6447);
#6155=SURFACE_STYLE_USAGE(.BOTH.,#6448);
#6156=SURFACE_STYLE_USAGE(.BOTH.,#6449);
#6157=SURFACE_STYLE_USAGE(.BOTH.,#6450);
#6158=SURFACE_STYLE_USAGE(.BOTH.,#6451);
#6159=SURFACE_STYLE_USAGE(.BOTH.,#6452);
#6160=SURFACE_STYLE_USAGE(.BOTH.,#6453);
#6161=SURFACE_STYLE_USAGE(.BOTH.,#6454);
#6162=SURFACE_STYLE_USAGE(.BOTH.,#6455);
#6163=SURFACE_STYLE_USAGE(.BOTH.,#6456);
#6164=SURFACE_STYLE_USAGE(.BOTH.,#6457);
#6165=SURFACE_STYLE_USAGE(.BOTH.,#6458);
#6166=SURFACE_STYLE_USAGE(.BOTH.,#6459);
#6167=SURFACE_STYLE_USAGE(.BOTH.,#6460);
#6168=SURFACE_STYLE_USAGE(.BOTH.,#6461);
#6169=SURFACE_STYLE_USAGE(.BOTH.,#6462);
#6170=SURFACE_STYLE_USAGE(.BOTH.,#6463);
#6171=SURFACE_STYLE_USAGE(.BOTH.,#6464);
#6172=SURFACE_STYLE_USAGE(.BOTH.,#6465);
#6173=SURFACE_STYLE_USAGE(.BOTH.,#6466);
#6174=SURFACE_STYLE_USAGE(.BOTH.,#6467);
#6175=SURFACE_STYLE_USAGE(.BOTH.,#6468);
#6176=SURFACE_STYLE_USAGE(.BOTH.,#6469);
#6177=SURFACE_STYLE_USAGE(.BOTH.,#6470);
#6178=SURFACE_STYLE_USAGE(.BOTH.,#6471);
#6179=SURFACE_STYLE_USAGE(.BOTH.,#6472);
#6180=SURFACE_STYLE_USAGE(.BOTH.,#6473);
#6181=SURFACE_STYLE_USAGE(.BOTH.,#6474);
#6182=SURFACE_STYLE_USAGE(.BOTH.,#6475);
#6183=SURFACE_STYLE_USAGE(.BOTH.,#6476);
#6184=SURFACE_STYLE_USAGE(.BOTH.,#6477);
#6185=SURFACE_STYLE_USAGE(.BOTH.,#6478);
#6186=SURFACE_STYLE_USAGE(.BOTH.,#6479);
#6187=SURFACE_SIDE_STYLE('',(#6480));
#6188=SURFACE_SIDE_STYLE('',(#6481));
#6189=SURFACE_SIDE_STYLE('',(#6482));
#6190=SURFACE_SIDE_STYLE('',(#6483));
#6191=SURFACE_SIDE_STYLE('',(#6484));
#6192=SURFACE_SIDE_STYLE('',(#6485));
#6193=SURFACE_SIDE_STYLE('',(#6486));
#6194=SURFACE_SIDE_STYLE('',(#6487));
#6195=SURFACE_SIDE_STYLE('',(#6488));
#6196=SURFACE_SIDE_STYLE('',(#6489));
#6197=SURFACE_SIDE_STYLE('',(#6490));
#6198=SURFACE_SIDE_STYLE('',(#6491));
#6199=SURFACE_SIDE_STYLE('',(#6492));
#6200=SURFACE_SIDE_STYLE('',(#6493));
#6201=SURFACE_SIDE_STYLE('',(#6494));
#6202=SURFACE_SIDE_STYLE('',(#6495));
#6203=SURFACE_SIDE_STYLE('',(#6496));
#6204=SURFACE_SIDE_STYLE('',(#6497));
#6205=SURFACE_SIDE_STYLE('',(#6498));
#6206=SURFACE_SIDE_STYLE('',(#6499));
#6207=SURFACE_SIDE_STYLE('',(#6500));
#6208=SURFACE_SIDE_STYLE('',(#6501));
#6209=SURFACE_SIDE_STYLE('',(#6502));
#6210=SURFACE_SIDE_STYLE('',(#6503));
#6211=SURFACE_SIDE_STYLE('',(#6504));
#6212=SURFACE_SIDE_STYLE('',(#6505));
#6213=SURFACE_SIDE_STYLE('',(#6506));
#6214=SURFACE_SIDE_STYLE('',(#6507));
#6215=SURFACE_SIDE_STYLE('',(#6508));
#6216=SURFACE_SIDE_STYLE('',(#6509));
#6217=SURFACE_SIDE_STYLE('',(#6510));
#6218=SURFACE_SIDE_STYLE('',(#6511));
#6219=SURFACE_SIDE_STYLE('',(#6512));
#6220=SURFACE_SIDE_STYLE('',(#6513));
#6221=SURFACE_SIDE_STYLE('',(#6514));
#6222=SURFACE_SIDE_STYLE('',(#6515));
#6223=SURFACE_SIDE_STYLE('',(#6516));
#6224=SURFACE_SIDE_STYLE('',(#6517));
#6225=SURFACE_SIDE_STYLE('',(#6518));
#6226=SURFACE_SIDE_STYLE('',(#6519));
#6227=SURFACE_SIDE_STYLE('',(#6520));
#6228=SURFACE_SIDE_STYLE('',(#6521));
#6229=SURFACE_SIDE_STYLE('',(#6522));
#6230=SURFACE_SIDE_STYLE('',(#6523));
#6231=SURFACE_SIDE_STYLE('',(#6524));
#6232=SURFACE_SIDE_STYLE('',(#6525));
#6233=SURFACE_SIDE_STYLE('',(#6526));
#6234=SURFACE_SIDE_STYLE('',(#6527));
#6235=SURFACE_SIDE_STYLE('',(#6528));
#6236=SURFACE_SIDE_STYLE('',(#6529));
#6237=SURFACE_SIDE_STYLE('',(#6530));
#6238=SURFACE_SIDE_STYLE('',(#6531));
#6239=SURFACE_SIDE_STYLE('',(#6532));
#6240=SURFACE_SIDE_STYLE('',(#6533));
#6241=SURFACE_SIDE_STYLE('',(#6534));
#6242=SURFACE_SIDE_STYLE('',(#6535));
#6243=SURFACE_SIDE_STYLE('',(#6536));
#6244=SURFACE_SIDE_STYLE('',(#6537));
#6245=SURFACE_SIDE_STYLE('',(#6538));
#6246=SURFACE_SIDE_STYLE('',(#6539));
#6247=SURFACE_SIDE_STYLE('',(#6540));
#6248=SURFACE_SIDE_STYLE('',(#6541));
#6249=SURFACE_SIDE_STYLE('',(#6542));
#6250=SURFACE_SIDE_STYLE('',(#6543));
#6251=SURFACE_SIDE_STYLE('',(#6544));
#6252=SURFACE_SIDE_STYLE('',(#6545));
#6253=SURFACE_SIDE_STYLE('',(#6546));
#6254=SURFACE_SIDE_STYLE('',(#6547));
#6255=SURFACE_SIDE_STYLE('',(#6548));
#6256=SURFACE_SIDE_STYLE('',(#6549));
#6257=SURFACE_SIDE_STYLE('',(#6550));
#6258=SURFACE_SIDE_STYLE('',(#6551));
#6259=SURFACE_SIDE_STYLE('',(#6552));
#6260=SURFACE_SIDE_STYLE('',(#6553));
#6261=SURFACE_SIDE_STYLE('',(#6554));
#6262=SURFACE_SIDE_STYLE('',(#6555));
#6263=SURFACE_SIDE_STYLE('',(#6556));
#6264=SURFACE_SIDE_STYLE('',(#6557));
#6265=SURFACE_SIDE_STYLE('',(#6558));
#6266=SURFACE_SIDE_STYLE('',(#6559));
#6267=SURFACE_SIDE_STYLE('',(#6560));
#6268=SURFACE_SIDE_STYLE('',(#6561));
#6269=SURFACE_SIDE_STYLE('',(#6562));
#6270=SURFACE_SIDE_STYLE('',(#6563));
#6271=SURFACE_SIDE_STYLE('',(#6564));
#6272=SURFACE_SIDE_STYLE('',(#6565));
#6273=SURFACE_SIDE_STYLE('',(#6566));
#6274=SURFACE_SIDE_STYLE('',(#6567));
#6275=SURFACE_SIDE_STYLE('',(#6568));
#6276=SURFACE_SIDE_STYLE('',(#6569));
#6277=SURFACE_SIDE_STYLE('',(#6570));
#6278=SURFACE_SIDE_STYLE('',(#6571));
#6279=SURFACE_SIDE_STYLE('',(#6572));
#6280=SURFACE_SIDE_STYLE('',(#6573));
#6281=SURFACE_SIDE_STYLE('',(#6574));
#6282=SURFACE_SIDE_STYLE('',(#6575));
#6283=SURFACE_SIDE_STYLE('',(#6576));
#6284=SURFACE_SIDE_STYLE('',(#6577));
#6285=SURFACE_SIDE_STYLE('',(#6578));
#6286=SURFACE_SIDE_STYLE('',(#6579));
#6287=SURFACE_SIDE_STYLE('',(#6580));
#6288=SURFACE_SIDE_STYLE('',(#6581));
#6289=SURFACE_SIDE_STYLE('',(#6582));
#6290=SURFACE_SIDE_STYLE('',(#6583));
#6291=SURFACE_SIDE_STYLE('',(#6584));
#6292=SURFACE_SIDE_STYLE('',(#6585));
#6293=SURFACE_SIDE_STYLE('',(#6586));
#6294=SURFACE_SIDE_STYLE('',(#6587));
#6295=SURFACE_SIDE_STYLE('',(#6588));
#6296=SURFACE_SIDE_STYLE('',(#6589));
#6297=SURFACE_SIDE_STYLE('',(#6590));
#6298=SURFACE_SIDE_STYLE('',(#6591));
#6299=SURFACE_SIDE_STYLE('',(#6592));
#6300=SURFACE_SIDE_STYLE('',(#6593));
#6301=SURFACE_SIDE_STYLE('',(#6594));
#6302=SURFACE_SIDE_STYLE('',(#6595));
#6303=SURFACE_SIDE_STYLE('',(#6596));
#6304=SURFACE_SIDE_STYLE('',(#6597));
#6305=SURFACE_SIDE_STYLE('',(#6598));
#6306=SURFACE_SIDE_STYLE('',(#6599));
#6307=SURFACE_SIDE_STYLE('',(#6600));
#6308=SURFACE_SIDE_STYLE('',(#6601));
#6309=SURFACE_SIDE_STYLE('',(#6602));
#6310=SURFACE_SIDE_STYLE('',(#6603));
#6311=SURFACE_SIDE_STYLE('',(#6604));
#6312=SURFACE_SIDE_STYLE('',(#6605));
#6313=SURFACE_SIDE_STYLE('',(#6606));
#6314=SURFACE_SIDE_STYLE('',(#6607));
#6315=SURFACE_SIDE_STYLE('',(#6608));
#6316=SURFACE_SIDE_STYLE('',(#6609));
#6317=SURFACE_SIDE_STYLE('',(#6610));
#6318=SURFACE_SIDE_STYLE('',(#6611));
#6319=SURFACE_SIDE_STYLE('',(#6612));
#6320=SURFACE_SIDE_STYLE('',(#6613));
#6321=SURFACE_SIDE_STYLE('',(#6614));
#6322=SURFACE_SIDE_STYLE('',(#6615));
#6323=SURFACE_SIDE_STYLE('',(#6616));
#6324=SURFACE_SIDE_STYLE('',(#6617));
#6325=SURFACE_SIDE_STYLE('',(#6618));
#6326=SURFACE_SIDE_STYLE('',(#6619));
#6327=SURFACE_SIDE_STYLE('',(#6620));
#6328=SURFACE_SIDE_STYLE('',(#6621));
#6329=SURFACE_SIDE_STYLE('',(#6622));
#6330=SURFACE_SIDE_STYLE('',(#6623));
#6331=SURFACE_SIDE_STYLE('',(#6624));
#6332=SURFACE_SIDE_STYLE('',(#6625));
#6333=SURFACE_SIDE_STYLE('',(#6626));
#6334=SURFACE_SIDE_STYLE('',(#6627));
#6335=SURFACE_SIDE_STYLE('',(#6628));
#6336=SURFACE_SIDE_STYLE('',(#6629));
#6337=SURFACE_SIDE_STYLE('',(#6630));
#6338=SURFACE_SIDE_STYLE('',(#6631));
#6339=SURFACE_SIDE_STYLE('',(#6632));
#6340=SURFACE_SIDE_STYLE('',(#6633));
#6341=SURFACE_SIDE_STYLE('',(#6634));
#6342=SURFACE_SIDE_STYLE('',(#6635));
#6343=SURFACE_SIDE_STYLE('',(#6636));
#6344=SURFACE_SIDE_STYLE('',(#6637));
#6345=SURFACE_SIDE_STYLE('',(#6638));
#6346=SURFACE_SIDE_STYLE('',(#6639));
#6347=SURFACE_SIDE_STYLE('',(#6640));
#6348=SURFACE_SIDE_STYLE('',(#6641));
#6349=SURFACE_SIDE_STYLE('',(#6642));
#6350=SURFACE_SIDE_STYLE('',(#6643));
#6351=SURFACE_SIDE_STYLE('',(#6644));
#6352=SURFACE_SIDE_STYLE('',(#6645));
#6353=SURFACE_SIDE_STYLE('',(#6646));
#6354=SURFACE_SIDE_STYLE('',(#6647));
#6355=SURFACE_SIDE_STYLE('',(#6648));
#6356=SURFACE_SIDE_STYLE('',(#6649));
#6357=SURFACE_SIDE_STYLE('',(#6650));
#6358=SURFACE_SIDE_STYLE('',(#6651));
#6359=SURFACE_SIDE_STYLE('',(#6652));
#6360=SURFACE_SIDE_STYLE('',(#6653));
#6361=SURFACE_SIDE_STYLE('',(#6654));
#6362=SURFACE_SIDE_STYLE('',(#6655));
#6363=SURFACE_SIDE_STYLE('',(#6656));
#6364=SURFACE_SIDE_STYLE('',(#6657));
#6365=SURFACE_SIDE_STYLE('',(#6658));
#6366=SURFACE_SIDE_STYLE('',(#6659));
#6367=SURFACE_SIDE_STYLE('',(#6660));
#6368=SURFACE_SIDE_STYLE('',(#6661));
#6369=SURFACE_SIDE_STYLE('',(#6662));
#6370=SURFACE_SIDE_STYLE('',(#6663));
#6371=SURFACE_SIDE_STYLE('',(#6664));
#6372=SURFACE_SIDE_STYLE('',(#6665));
#6373=SURFACE_SIDE_STYLE('',(#6666));
#6374=SURFACE_SIDE_STYLE('',(#6667));
#6375=SURFACE_SIDE_STYLE('',(#6668));
#6376=SURFACE_SIDE_STYLE('',(#6669));
#6377=SURFACE_SIDE_STYLE('',(#6670));
#6378=SURFACE_SIDE_STYLE('',(#6671));
#6379=SURFACE_SIDE_STYLE('',(#6672));
#6380=SURFACE_SIDE_STYLE('',(#6673));
#6381=SURFACE_SIDE_STYLE('',(#6674));
#6382=SURFACE_SIDE_STYLE('',(#6675));
#6383=SURFACE_SIDE_STYLE('',(#6676));
#6384=SURFACE_SIDE_STYLE('',(#6677));
#6385=SURFACE_SIDE_STYLE('',(#6678));
#6386=SURFACE_SIDE_STYLE('',(#6679));
#6387=SURFACE_SIDE_STYLE('',(#6680));
#6388=SURFACE_SIDE_STYLE('',(#6681));
#6389=SURFACE_SIDE_STYLE('',(#6682));
#6390=SURFACE_SIDE_STYLE('',(#6683));
#6391=SURFACE_SIDE_STYLE('',(#6684));
#6392=SURFACE_SIDE_STYLE('',(#6685));
#6393=SURFACE_SIDE_STYLE('',(#6686));
#6394=SURFACE_SIDE_STYLE('',(#6687));
#6395=SURFACE_SIDE_STYLE('',(#6688));
#6396=SURFACE_SIDE_STYLE('',(#6689));
#6397=SURFACE_SIDE_STYLE('',(#6690));
#6398=SURFACE_SIDE_STYLE('',(#6691));
#6399=SURFACE_SIDE_STYLE('',(#6692));
#6400=SURFACE_SIDE_STYLE('',(#6693));
#6401=SURFACE_SIDE_STYLE('',(#6694));
#6402=SURFACE_SIDE_STYLE('',(#6695));
#6403=SURFACE_SIDE_STYLE('',(#6696));
#6404=SURFACE_SIDE_STYLE('',(#6697));
#6405=SURFACE_SIDE_STYLE('',(#6698));
#6406=SURFACE_SIDE_STYLE('',(#6699));
#6407=SURFACE_SIDE_STYLE('',(#6700));
#6408=SURFACE_SIDE_STYLE('',(#6701));
#6409=SURFACE_SIDE_STYLE('',(#6702));
#6410=SURFACE_SIDE_STYLE('',(#6703));
#6411=SURFACE_SIDE_STYLE('',(#6704));
#6412=SURFACE_SIDE_STYLE('',(#6705));
#6413=SURFACE_SIDE_STYLE('',(#6706));
#6414=SURFACE_SIDE_STYLE('',(#6707));
#6415=SURFACE_SIDE_STYLE('',(#6708));
#6416=SURFACE_SIDE_STYLE('',(#6709));
#6417=SURFACE_SIDE_STYLE('',(#6710));
#6418=SURFACE_SIDE_STYLE('',(#6711));
#6419=SURFACE_SIDE_STYLE('',(#6712));
#6420=SURFACE_SIDE_STYLE('',(#6713));
#6421=SURFACE_SIDE_STYLE('',(#6714));
#6422=SURFACE_SIDE_STYLE('',(#6715));
#6423=SURFACE_SIDE_STYLE('',(#6716));
#6424=SURFACE_SIDE_STYLE('',(#6717));
#6425=SURFACE_SIDE_STYLE('',(#6718));
#6426=SURFACE_SIDE_STYLE('',(#6719));
#6427=SURFACE_SIDE_STYLE('',(#6720));
#6428=SURFACE_SIDE_STYLE('',(#6721));
#6429=SURFACE_SIDE_STYLE('',(#6722));
#6430=SURFACE_SIDE_STYLE('',(#6723));
#6431=SURFACE_SIDE_STYLE('',(#6724));
#6432=SURFACE_SIDE_STYLE('',(#6725));
#6433=SURFACE_SIDE_STYLE('',(#6726));
#6434=SURFACE_SIDE_STYLE('',(#6727));
#6435=SURFACE_SIDE_STYLE('',(#6728));
#6436=SURFACE_SIDE_STYLE('',(#6729));
#6437=SURFACE_SIDE_STYLE('',(#6730));
#6438=SURFACE_SIDE_STYLE('',(#6731));
#6439=SURFACE_SIDE_STYLE('',(#6732));
#6440=SURFACE_SIDE_STYLE('',(#6733));
#6441=SURFACE_SIDE_STYLE('',(#6734));
#6442=SURFACE_SIDE_STYLE('',(#6735));
#6443=SURFACE_SIDE_STYLE('',(#6736));
#6444=SURFACE_SIDE_STYLE('',(#6737));
#6445=SURFACE_SIDE_STYLE('',(#6738));
#6446=SURFACE_SIDE_STYLE('',(#6739));
#6447=SURFACE_SIDE_STYLE('',(#6740));
#6448=SURFACE_SIDE_STYLE('',(#6741));
#6449=SURFACE_SIDE_STYLE('',(#6742));
#6450=SURFACE_SIDE_STYLE('',(#6743));
#6451=SURFACE_SIDE_STYLE('',(#6744));
#6452=SURFACE_SIDE_STYLE('',(#6745));
#6453=SURFACE_SIDE_STYLE('',(#6746));
#6454=SURFACE_SIDE_STYLE('',(#6747));
#6455=SURFACE_SIDE_STYLE('',(#6748));
#6456=SURFACE_SIDE_STYLE('',(#6749));
#6457=SURFACE_SIDE_STYLE('',(#6750));
#6458=SURFACE_SIDE_STYLE('',(#6751));
#6459=SURFACE_SIDE_STYLE('',(#6752));
#6460=SURFACE_SIDE_STYLE('',(#6753));
#6461=SURFACE_SIDE_STYLE('',(#6754));
#6462=SURFACE_SIDE_STYLE('',(#6755));
#6463=SURFACE_SIDE_STYLE('',(#6756));
#6464=SURFACE_SIDE_STYLE('',(#6757));
#6465=SURFACE_SIDE_STYLE('',(#6758));
#6466=SURFACE_SIDE_STYLE('',(#6759));
#6467=SURFACE_SIDE_STYLE('',(#6760));
#6468=SURFACE_SIDE_STYLE('',(#6761));
#6469=SURFACE_SIDE_STYLE('',(#6762));
#6470=SURFACE_SIDE_STYLE('',(#6763));
#6471=SURFACE_SIDE_STYLE('',(#6764));
#6472=SURFACE_SIDE_STYLE('',(#6765));
#6473=SURFACE_SIDE_STYLE('',(#6766));
#6474=SURFACE_SIDE_STYLE('',(#6767));
#6475=SURFACE_SIDE_STYLE('',(#6768));
#6476=SURFACE_SIDE_STYLE('',(#6769));
#6477=SURFACE_SIDE_STYLE('',(#6770));
#6478=SURFACE_SIDE_STYLE('',(#6771));
#6479=SURFACE_SIDE_STYLE('',(#6772));
#6480=SURFACE_STYLE_FILL_AREA(#6773);
#6481=SURFACE_STYLE_FILL_AREA(#6774);
#6482=SURFACE_STYLE_FILL_AREA(#6775);
#6483=SURFACE_STYLE_FILL_AREA(#6776);
#6484=SURFACE_STYLE_FILL_AREA(#6777);
#6485=SURFACE_STYLE_FILL_AREA(#6778);
#6486=SURFACE_STYLE_FILL_AREA(#6779);
#6487=SURFACE_STYLE_FILL_AREA(#6780);
#6488=SURFACE_STYLE_FILL_AREA(#6781);
#6489=SURFACE_STYLE_FILL_AREA(#6782);
#6490=SURFACE_STYLE_FILL_AREA(#6783);
#6491=SURFACE_STYLE_FILL_AREA(#6784);
#6492=SURFACE_STYLE_FILL_AREA(#6785);
#6493=SURFACE_STYLE_FILL_AREA(#6786);
#6494=SURFACE_STYLE_FILL_AREA(#6787);
#6495=SURFACE_STYLE_FILL_AREA(#6788);
#6496=SURFACE_STYLE_FILL_AREA(#6789);
#6497=SURFACE_STYLE_FILL_AREA(#6790);
#6498=SURFACE_STYLE_FILL_AREA(#6791);
#6499=SURFACE_STYLE_FILL_AREA(#6792);
#6500=SURFACE_STYLE_FILL_AREA(#6793);
#6501=SURFACE_STYLE_FILL_AREA(#6794);
#6502=SURFACE_STYLE_FILL_AREA(#6795);
#6503=SURFACE_STYLE_FILL_AREA(#6796);
#6504=SURFACE_STYLE_FILL_AREA(#6797);
#6505=SURFACE_STYLE_FILL_AREA(#6798);
#6506=SURFACE_STYLE_FILL_AREA(#6799);
#6507=SURFACE_STYLE_FILL_AREA(#6800);
#6508=SURFACE_STYLE_FILL_AREA(#6801);
#6509=SURFACE_STYLE_FILL_AREA(#6802);
#6510=SURFACE_STYLE_FILL_AREA(#6803);
#6511=SURFACE_STYLE_FILL_AREA(#6804);
#6512=SURFACE_STYLE_FILL_AREA(#6805);
#6513=SURFACE_STYLE_FILL_AREA(#6806);
#6514=SURFACE_STYLE_FILL_AREA(#6807);
#6515=SURFACE_STYLE_FILL_AREA(#6808);
#6516=SURFACE_STYLE_FILL_AREA(#6809);
#6517=SURFACE_STYLE_FILL_AREA(#6810);
#6518=SURFACE_STYLE_FILL_AREA(#6811);
#6519=SURFACE_STYLE_FILL_AREA(#6812);
#6520=SURFACE_STYLE_FILL_AREA(#6813);
#6521=SURFACE_STYLE_FILL_AREA(#6814);
#6522=SURFACE_STYLE_FILL_AREA(#6815);
#6523=SURFACE_STYLE_FILL_AREA(#6816);
#6524=SURFACE_STYLE_FILL_AREA(#6817);
#6525=SURFACE_STYLE_FILL_AREA(#6818);
#6526=SURFACE_STYLE_FILL_AREA(#6819);
#6527=SURFACE_STYLE_FILL_AREA(#6820);
#6528=SURFACE_STYLE_FILL_AREA(#6821);
#6529=SURFACE_STYLE_FILL_AREA(#6822);
#6530=SURFACE_STYLE_FILL_AREA(#6823);
#6531=SURFACE_STYLE_FILL_AREA(#6824);
#6532=SURFACE_STYLE_FILL_AREA(#6825);
#6533=SURFACE_STYLE_FILL_AREA(#6826);
#6534=SURFACE_STYLE_FILL_AREA(#6827);
#6535=SURFACE_STYLE_FILL_AREA(#6828);
#6536=SURFACE_STYLE_FILL_AREA(#6829);
#6537=SURFACE_STYLE_FILL_AREA(#6830);
#6538=SURFACE_STYLE_FILL_AREA(#6831);
#6539=SURFACE_STYLE_FILL_AREA(#6832);
#6540=SURFACE_STYLE_FILL_AREA(#6833);
#6541=SURFACE_STYLE_FILL_AREA(#6834);
#6542=SURFACE_STYLE_FILL_AREA(#6835);
#6543=SURFACE_STYLE_FILL_AREA(#6836);
#6544=SURFACE_STYLE_FILL_AREA(#6837);
#6545=SURFACE_STYLE_FILL_AREA(#6838);
#6546=SURFACE_STYLE_FILL_AREA(#6839);
#6547=SURFACE_STYLE_FILL_AREA(#6840);
#6548=SURFACE_STYLE_FILL_AREA(#6841);
#6549=SURFACE_STYLE_FILL_AREA(#6842);
#6550=SURFACE_STYLE_FILL_AREA(#6843);
#6551=SURFACE_STYLE_FILL_AREA(#6844);
#6552=SURFACE_STYLE_FILL_AREA(#6845);
#6553=SURFACE_STYLE_FILL_AREA(#6846);
#6554=SURFACE_STYLE_FILL_AREA(#6847);
#6555=SURFACE_STYLE_FILL_AREA(#6848);
#6556=SURFACE_STYLE_FILL_AREA(#6849);
#6557=SURFACE_STYLE_FILL_AREA(#6850);
#6558=SURFACE_STYLE_FILL_AREA(#6851);
#6559=SURFACE_STYLE_FILL_AREA(#6852);
#6560=SURFACE_STYLE_FILL_AREA(#6853);
#6561=SURFACE_STYLE_FILL_AREA(#6854);
#6562=SURFACE_STYLE_FILL_AREA(#6855);
#6563=SURFACE_STYLE_FILL_AREA(#6856);
#6564=SURFACE_STYLE_FILL_AREA(#6857);
#6565=SURFACE_STYLE_FILL_AREA(#6858);
#6566=SURFACE_STYLE_FILL_AREA(#6859);
#6567=SURFACE_STYLE_FILL_AREA(#6860);
#6568=SURFACE_STYLE_FILL_AREA(#6861);
#6569=SURFACE_STYLE_FILL_AREA(#6862);
#6570=SURFACE_STYLE_FILL_AREA(#6863);
#6571=SURFACE_STYLE_FILL_AREA(#6864);
#6572=SURFACE_STYLE_FILL_AREA(#6865);
#6573=SURFACE_STYLE_FILL_AREA(#6866);
#6574=SURFACE_STYLE_FILL_AREA(#6867);
#6575=SURFACE_STYLE_FILL_AREA(#6868);
#6576=SURFACE_STYLE_FILL_AREA(#6869);
#6577=SURFACE_STYLE_FILL_AREA(#6870);
#6578=SURFACE_STYLE_FILL_AREA(#6871);
#6579=SURFACE_STYLE_FILL_AREA(#6872);
#6580=SURFACE_STYLE_FILL_AREA(#6873);
#6581=SURFACE_STYLE_FILL_AREA(#6874);
#6582=SURFACE_STYLE_FILL_AREA(#6875);
#6583=SURFACE_STYLE_FILL_AREA(#6876);
#6584=SURFACE_STYLE_FILL_AREA(#6877);
#6585=SURFACE_STYLE_FILL_AREA(#6878);
#6586=SURFACE_STYLE_FILL_AREA(#6879);
#6587=SURFACE_STYLE_FILL_AREA(#6880);
#6588=SURFACE_STYLE_FILL_AREA(#6881);
#6589=SURFACE_STYLE_FILL_AREA(#6882);
#6590=SURFACE_STYLE_FILL_AREA(#6883);
#6591=SURFACE_STYLE_FILL_AREA(#6884);
#6592=SURFACE_STYLE_FILL_AREA(#6885);
#6593=SURFACE_STYLE_FILL_AREA(#6886);
#6594=SURFACE_STYLE_FILL_AREA(#6887);
#6595=SURFACE_STYLE_FILL_AREA(#6888);
#6596=SURFACE_STYLE_FILL_AREA(#6889);
#6597=SURFACE_STYLE_FILL_AREA(#6890);
#6598=SURFACE_STYLE_FILL_AREA(#6891);
#6599=SURFACE_STYLE_FILL_AREA(#6892);
#6600=SURFACE_STYLE_FILL_AREA(#6893);
#6601=SURFACE_STYLE_FILL_AREA(#6894);
#6602=SURFACE_STYLE_FILL_AREA(#6895);
#6603=SURFACE_STYLE_FILL_AREA(#6896);
#6604=SURFACE_STYLE_FILL_AREA(#6897);
#6605=SURFACE_STYLE_FILL_AREA(#6898);
#6606=SURFACE_STYLE_FILL_AREA(#6899);
#6607=SURFACE_STYLE_FILL_AREA(#6900);
#6608=SURFACE_STYLE_FILL_AREA(#6901);
#6609=SURFACE_STYLE_FILL_AREA(#6902);
#6610=SURFACE_STYLE_FILL_AREA(#6903);
#6611=SURFACE_STYLE_FILL_AREA(#6904);
#6612=SURFACE_STYLE_FILL_AREA(#6905);
#6613=SURFACE_STYLE_FILL_AREA(#6906);
#6614=SURFACE_STYLE_FILL_AREA(#6907);
#6615=SURFACE_STYLE_FILL_AREA(#6908);
#6616=SURFACE_STYLE_FILL_AREA(#6909);
#6617=SURFACE_STYLE_FILL_AREA(#6910);
#6618=SURFACE_STYLE_FILL_AREA(#6911);
#6619=SURFACE_STYLE_FILL_AREA(#6912);
#6620=SURFACE_STYLE_FILL_AREA(#6913);
#6621=SURFACE_STYLE_FILL_AREA(#6914);
#6622=SURFACE_STYLE_FILL_AREA(#6915);
#6623=SURFACE_STYLE_FILL_AREA(#6916);
#6624=SURFACE_STYLE_FILL_AREA(#6917);
#6625=SURFACE_STYLE_FILL_AREA(#6918);
#6626=SURFACE_STYLE_FILL_AREA(#6919);
#6627=SURFACE_STYLE_FILL_AREA(#6920);
#6628=SURFACE_STYLE_FILL_AREA(#6921);
#6629=SURFACE_STYLE_FILL_AREA(#6922);
#6630=SURFACE_STYLE_FILL_AREA(#6923);
#6631=SURFACE_STYLE_FILL_AREA(#6924);
#6632=SURFACE_STYLE_FILL_AREA(#6925);
#6633=SURFACE_STYLE_FILL_AREA(#6926);
#6634=SURFACE_STYLE_FILL_AREA(#6927);
#6635=SURFACE_STYLE_FILL_AREA(#6928);
#6636=SURFACE_STYLE_FILL_AREA(#6929);
#6637=SURFACE_STYLE_FILL_AREA(#6930);
#6638=SURFACE_STYLE_FILL_AREA(#6931);
#6639=SURFACE_STYLE_FILL_AREA(#6932);
#6640=SURFACE_STYLE_FILL_AREA(#6933);
#6641=SURFACE_STYLE_FILL_AREA(#6934);
#6642=SURFACE_STYLE_FILL_AREA(#6935);
#6643=SURFACE_STYLE_FILL_AREA(#6936);
#6644=SURFACE_STYLE_FILL_AREA(#6937);
#6645=SURFACE_STYLE_FILL_AREA(#6938);
#6646=SURFACE_STYLE_FILL_AREA(#6939);
#6647=SURFACE_STYLE_FILL_AREA(#6940);
#6648=SURFACE_STYLE_FILL_AREA(#6941);
#6649=SURFACE_STYLE_FILL_AREA(#6942);
#6650=SURFACE_STYLE_FILL_AREA(#6943);
#6651=SURFACE_STYLE_FILL_AREA(#6944);
#6652=SURFACE_STYLE_FILL_AREA(#6945);
#6653=SURFACE_STYLE_FILL_AREA(#6946);
#6654=SURFACE_STYLE_FILL_AREA(#6947);
#6655=SURFACE_STYLE_FILL_AREA(#6948);
#6656=SURFACE_STYLE_FILL_AREA(#6949);
#6657=SURFACE_STYLE_FILL_AREA(#6950);
#6658=SURFACE_STYLE_FILL_AREA(#6951);
#6659=SURFACE_STYLE_FILL_AREA(#6952);
#6660=SURFACE_STYLE_FILL_AREA(#6953);
#6661=SURFACE_STYLE_FILL_AREA(#6954);
#6662=SURFACE_STYLE_FILL_AREA(#6955);
#6663=SURFACE_STYLE_FILL_AREA(#6956);
#6664=SURFACE_STYLE_FILL_AREA(#6957);
#6665=SURFACE_STYLE_FILL_AREA(#6958);
#6666=SURFACE_STYLE_FILL_AREA(#6959);
#6667=SURFACE_STYLE_FILL_AREA(#6960);
#6668=SURFACE_STYLE_FILL_AREA(#6961);
#6669=SURFACE_STYLE_FILL_AREA(#6962);
#6670=SURFACE_STYLE_FILL_AREA(#6963);
#6671=SURFACE_STYLE_FILL_AREA(#6964);
#6672=SURFACE_STYLE_FILL_AREA(#6965);
#6673=SURFACE_STYLE_FILL_AREA(#6966);
#6674=SURFACE_STYLE_FILL_AREA(#6967);
#6675=SURFACE_STYLE_FILL_AREA(#6968);
#6676=SURFACE_STYLE_FILL_AREA(#6969);
#6677=SURFACE_STYLE_FILL_AREA(#6970);
#6678=SURFACE_STYLE_FILL_AREA(#6971);
#6679=SURFACE_STYLE_FILL_AREA(#6972);
#6680=SURFACE_STYLE_FILL_AREA(#6973);
#6681=SURFACE_STYLE_FILL_AREA(#6974);
#6682=SURFACE_STYLE_FILL_AREA(#6975);
#6683=SURFACE_STYLE_FILL_AREA(#6976);
#6684=SURFACE_STYLE_FILL_AREA(#6977);
#6685=SURFACE_STYLE_FILL_AREA(#6978);
#6686=SURFACE_STYLE_FILL_AREA(#6979);
#6687=SURFACE_STYLE_FILL_AREA(#6980);
#6688=SURFACE_STYLE_FILL_AREA(#6981);
#6689=SURFACE_STYLE_FILL_AREA(#6982);
#6690=SURFACE_STYLE_FILL_AREA(#6983);
#6691=SURFACE_STYLE_FILL_AREA(#6984);
#6692=SURFACE_STYLE_FILL_AREA(#6985);
#6693=SURFACE_STYLE_FILL_AREA(#6986);
#6694=SURFACE_STYLE_FILL_AREA(#6987);
#6695=SURFACE_STYLE_FILL_AREA(#6988);
#6696=SURFACE_STYLE_FILL_AREA(#6989);
#6697=SURFACE_STYLE_FILL_AREA(#6990);
#6698=SURFACE_STYLE_FILL_AREA(#6991);
#6699=SURFACE_STYLE_FILL_AREA(#6992);
#6700=SURFACE_STYLE_FILL_AREA(#6993);
#6701=SURFACE_STYLE_FILL_AREA(#6994);
#6702=SURFACE_STYLE_FILL_AREA(#6995);
#6703=SURFACE_STYLE_FILL_AREA(#6996);
#6704=SURFACE_STYLE_FILL_AREA(#6997);
#6705=SURFACE_STYLE_FILL_AREA(#6998);
#6706=SURFACE_STYLE_FILL_AREA(#6999);
#6707=SURFACE_STYLE_FILL_AREA(#7000);
#6708=SURFACE_STYLE_FILL_AREA(#7001);
#6709=SURFACE_STYLE_FILL_AREA(#7002);
#6710=SURFACE_STYLE_FILL_AREA(#7003);
#6711=SURFACE_STYLE_FILL_AREA(#7004);
#6712=SURFACE_STYLE_FILL_AREA(#7005);
#6713=SURFACE_STYLE_FILL_AREA(#7006);
#6714=SURFACE_STYLE_FILL_AREA(#7007);
#6715=SURFACE_STYLE_FILL_AREA(#7008);
#6716=SURFACE_STYLE_FILL_AREA(#7009);
#6717=SURFACE_STYLE_FILL_AREA(#7010);
#6718=SURFACE_STYLE_FILL_AREA(#7011);
#6719=SURFACE_STYLE_FILL_AREA(#7012);
#6720=SURFACE_STYLE_FILL_AREA(#7013);
#6721=SURFACE_STYLE_FILL_AREA(#7014);
#6722=SURFACE_STYLE_FILL_AREA(#7015);
#6723=SURFACE_STYLE_FILL_AREA(#7016);
#6724=SURFACE_STYLE_FILL_AREA(#7017);
#6725=SURFACE_STYLE_FILL_AREA(#7018);
#6726=SURFACE_STYLE_FILL_AREA(#7019);
#6727=SURFACE_STYLE_FILL_AREA(#7020);
#6728=SURFACE_STYLE_FILL_AREA(#7021);
#6729=SURFACE_STYLE_FILL_AREA(#7022);
#6730=SURFACE_STYLE_FILL_AREA(#7023);
#6731=SURFACE_STYLE_FILL_AREA(#7024);
#6732=SURFACE_STYLE_FILL_AREA(#7025);
#6733=SURFACE_STYLE_FILL_AREA(#7026);
#6734=SURFACE_STYLE_FILL_AREA(#7027);
#6735=SURFACE_STYLE_FILL_AREA(#7028);
#6736=SURFACE_STYLE_FILL_AREA(#7029);
#6737=SURFACE_STYLE_FILL_AREA(#7030);
#6738=SURFACE_STYLE_FILL_AREA(#7031);
#6739=SURFACE_STYLE_FILL_AREA(#7032);
#6740=SURFACE_STYLE_FILL_AREA(#7033);
#6741=SURFACE_STYLE_FILL_AREA(#7034);
#6742=SURFACE_STYLE_FILL_AREA(#7035);
#6743=SURFACE_STYLE_FILL_AREA(#7036);
#6744=SURFACE_STYLE_FILL_AREA(#7037);
#6745=SURFACE_STYLE_FILL_AREA(#7038);
#6746=SURFACE_STYLE_FILL_AREA(#7039);
#6747=SURFACE_STYLE_FILL_AREA(#7040);
#6748=SURFACE_STYLE_FILL_AREA(#7041);
#6749=SURFACE_STYLE_FILL_AREA(#7042);
#6750=SURFACE_STYLE_FILL_AREA(#7043);
#6751=SURFACE_STYLE_FILL_AREA(#7044);
#6752=SURFACE_STYLE_FILL_AREA(#7045);
#6753=SURFACE_STYLE_FILL_AREA(#7046);
#6754=SURFACE_STYLE_FILL_AREA(#7047);
#6755=SURFACE_STYLE_FILL_AREA(#7048);
#6756=SURFACE_STYLE_FILL_AREA(#7049);
#6757=SURFACE_STYLE_FILL_AREA(#7050);
#6758=SURFACE_STYLE_FILL_AREA(#7051);
#6759=SURFACE_STYLE_FILL_AREA(#7052);
#6760=SURFACE_STYLE_FILL_AREA(#7053);
#6761=SURFACE_STYLE_FILL_AREA(#7054);
#6762=SURFACE_STYLE_FILL_AREA(#7055);
#6763=SURFACE_STYLE_FILL_AREA(#7056);
#6764=SURFACE_STYLE_FILL_AREA(#7057);
#6765=SURFACE_STYLE_FILL_AREA(#7058);
#6766=SURFACE_STYLE_FILL_AREA(#7059);
#6767=SURFACE_STYLE_FILL_AREA(#7060);
#6768=SURFACE_STYLE_FILL_AREA(#7061);
#6769=SURFACE_STYLE_FILL_AREA(#7062);
#6770=SURFACE_STYLE_FILL_AREA(#7063);
#6771=SURFACE_STYLE_FILL_AREA(#7064);
#6772=SURFACE_STYLE_FILL_AREA(#7065);
#6773=FILL_AREA_STYLE('',(#7066));
#6774=FILL_AREA_STYLE('',(#7067));
#6775=FILL_AREA_STYLE('',(#7068));
#6776=FILL_AREA_STYLE('',(#7069));
#6777=FILL_AREA_STYLE('',(#7070));
#6778=FILL_AREA_STYLE('',(#7071));
#6779=FILL_AREA_STYLE('',(#7072));
#6780=FILL_AREA_STYLE('',(#7073));
#6781=FILL_AREA_STYLE('',(#7074));
#6782=FILL_AREA_STYLE('',(#7075));
#6783=FILL_AREA_STYLE('',(#7076));
#6784=FILL_AREA_STYLE('',(#7077));
#6785=FILL_AREA_STYLE('',(#7078));
#6786=FILL_AREA_STYLE('',(#7079));
#6787=FILL_AREA_STYLE('',(#7080));
#6788=FILL_AREA_STYLE('',(#7081));
#6789=FILL_AREA_STYLE('',(#7082));
#6790=FILL_AREA_STYLE('',(#7083));
#6791=FILL_AREA_STYLE('',(#7084));
#6792=FILL_AREA_STYLE('',(#7085));
#6793=FILL_AREA_STYLE('',(#7086));
#6794=FILL_AREA_STYLE('',(#7087));
#6795=FILL_AREA_STYLE('',(#7088));
#6796=FILL_AREA_STYLE('',(#7089));
#6797=FILL_AREA_STYLE('',(#7090));
#6798=FILL_AREA_STYLE('',(#7091));
#6799=FILL_AREA_STYLE('',(#7092));
#6800=FILL_AREA_STYLE('',(#7093));
#6801=FILL_AREA_STYLE('',(#7094));
#6802=FILL_AREA_STYLE('',(#7095));
#6803=FILL_AREA_STYLE('',(#7096));
#6804=FILL_AREA_STYLE('',(#7097));
#6805=FILL_AREA_STYLE('',(#7098));
#6806=FILL_AREA_STYLE('',(#7099));
#6807=FILL_AREA_STYLE('',(#7100));
#6808=FILL_AREA_STYLE('',(#7101));
#6809=FILL_AREA_STYLE('',(#7102));
#6810=FILL_AREA_STYLE('',(#7103));
#6811=FILL_AREA_STYLE('',(#7104));
#6812=FILL_AREA_STYLE('',(#7105));
#6813=FILL_AREA_STYLE('',(#7106));
#6814=FILL_AREA_STYLE('',(#7107));
#6815=FILL_AREA_STYLE('',(#7108));
#6816=FILL_AREA_STYLE('',(#7109));
#6817=FILL_AREA_STYLE('',(#7110));
#6818=FILL_AREA_STYLE('',(#7111));
#6819=FILL_AREA_STYLE('',(#7112));
#6820=FILL_AREA_STYLE('',(#7113));
#6821=FILL_AREA_STYLE('',(#7114));
#6822=FILL_AREA_STYLE('',(#7115));
#6823=FILL_AREA_STYLE('',(#7116));
#6824=FILL_AREA_STYLE('',(#7117));
#6825=FILL_AREA_STYLE('',(#7118));
#6826=FILL_AREA_STYLE('',(#7119));
#6827=FILL_AREA_STYLE('',(#7120));
#6828=FILL_AREA_STYLE('',(#7121));
#6829=FILL_AREA_STYLE('',(#7122));
#6830=FILL_AREA_STYLE('',(#7123));
#6831=FILL_AREA_STYLE('',(#7124));
#6832=FILL_AREA_STYLE('',(#7125));
#6833=FILL_AREA_STYLE('',(#7126));
#6834=FILL_AREA_STYLE('',(#7127));
#6835=FILL_AREA_STYLE('',(#7128));
#6836=FILL_AREA_STYLE('',(#7129));
#6837=FILL_AREA_STYLE('',(#7130));
#6838=FILL_AREA_STYLE('',(#7131));
#6839=FILL_AREA_STYLE('',(#7132));
#6840=FILL_AREA_STYLE('',(#7133));
#6841=FILL_AREA_STYLE('',(#7134));
#6842=FILL_AREA_STYLE('',(#7135));
#6843=FILL_AREA_STYLE('',(#7136));
#6844=FILL_AREA_STYLE('',(#7137));
#6845=FILL_AREA_STYLE('',(#7138));
#6846=FILL_AREA_STYLE('',(#7139));
#6847=FILL_AREA_STYLE('',(#7140));
#6848=FILL_AREA_STYLE('',(#7141));
#6849=FILL_AREA_STYLE('',(#7142));
#6850=FILL_AREA_STYLE('',(#7143));
#6851=FILL_AREA_STYLE('',(#7144));
#6852=FILL_AREA_STYLE('',(#7145));
#6853=FILL_AREA_STYLE('',(#7146));
#6854=FILL_AREA_STYLE('',(#7147));
#6855=FILL_AREA_STYLE('',(#7148));
#6856=FILL_AREA_STYLE('',(#7149));
#6857=FILL_AREA_STYLE('',(#7150));
#6858=FILL_AREA_STYLE('',(#7151));
#6859=FILL_AREA_STYLE('',(#7152));
#6860=FILL_AREA_STYLE('',(#7153));
#6861=FILL_AREA_STYLE('',(#7154));
#6862=FILL_AREA_STYLE('',(#7155));
#6863=FILL_AREA_STYLE('',(#7156));
#6864=FILL_AREA_STYLE('',(#7157));
#6865=FILL_AREA_STYLE('',(#7158));
#6866=FILL_AREA_STYLE('',(#7159));
#6867=FILL_AREA_STYLE('',(#7160));
#6868=FILL_AREA_STYLE('',(#7161));
#6869=FILL_AREA_STYLE('',(#7162));
#6870=FILL_AREA_STYLE('',(#7163));
#6871=FILL_AREA_STYLE('',(#7164));
#6872=FILL_AREA_STYLE('',(#7165));
#6873=FILL_AREA_STYLE('',(#7166));
#6874=FILL_AREA_STYLE('',(#7167));
#6875=FILL_AREA_STYLE('',(#7168));
#6876=FILL_AREA_STYLE('',(#7169));
#6877=FILL_AREA_STYLE('',(#7170));
#6878=FILL_AREA_STYLE('',(#7171));
#6879=FILL_AREA_STYLE('',(#7172));
#6880=FILL_AREA_STYLE('',(#7173));
#6881=FILL_AREA_STYLE('',(#7174));
#6882=FILL_AREA_STYLE('',(#7175));
#6883=FILL_AREA_STYLE('',(#7176));
#6884=FILL_AREA_STYLE('',(#7177));
#6885=FILL_AREA_STYLE('',(#7178));
#6886=FILL_AREA_STYLE('',(#7179));
#6887=FILL_AREA_STYLE('',(#7180));
#6888=FILL_AREA_STYLE('',(#7181));
#6889=FILL_AREA_STYLE('',(#7182));
#6890=FILL_AREA_STYLE('',(#7183));
#6891=FILL_AREA_STYLE('',(#7184));
#6892=FILL_AREA_STYLE('',(#7185));
#6893=FILL_AREA_STYLE('',(#7186));
#6894=FILL_AREA_STYLE('',(#7187));
#6895=FILL_AREA_STYLE('',(#7188));
#6896=FILL_AREA_STYLE('',(#7189));
#6897=FILL_AREA_STYLE('',(#7190));
#6898=FILL_AREA_STYLE('',(#7191));
#6899=FILL_AREA_STYLE('',(#7192));
#6900=FILL_AREA_STYLE('',(#7193));
#6901=FILL_AREA_STYLE('',(#7194));
#6902=FILL_AREA_STYLE('',(#7195));
#6903=FILL_AREA_STYLE('',(#7196));
#6904=FILL_AREA_STYLE('',(#7197));
#6905=FILL_AREA_STYLE('',(#7198));
#6906=FILL_AREA_STYLE('',(#7199));
#6907=FILL_AREA_STYLE('',(#7200));
#6908=FILL_AREA_STYLE('',(#7201));
#6909=FILL_AREA_STYLE('',(#7202));
#6910=FILL_AREA_STYLE('',(#7203));
#6911=FILL_AREA_STYLE('',(#7204));
#6912=FILL_AREA_STYLE('',(#7205));
#6913=FILL_AREA_STYLE('',(#7206));
#6914=FILL_AREA_STYLE('',(#7207));
#6915=FILL_AREA_STYLE('',(#7208));
#6916=FILL_AREA_STYLE('',(#7209));
#6917=FILL_AREA_STYLE('',(#7210));
#6918=FILL_AREA_STYLE('',(#7211));
#6919=FILL_AREA_STYLE('',(#7212));
#6920=FILL_AREA_STYLE('',(#7213));
#6921=FILL_AREA_STYLE('',(#7214));
#6922=FILL_AREA_STYLE('',(#7215));
#6923=FILL_AREA_STYLE('',(#7216));
#6924=FILL_AREA_STYLE('',(#7217));
#6925=FILL_AREA_STYLE('',(#7218));
#6926=FILL_AREA_STYLE('',(#7219));
#6927=FILL_AREA_STYLE('',(#7220));
#6928=FILL_AREA_STYLE('',(#7221));
#6929=FILL_AREA_STYLE('',(#7222));
#6930=FILL_AREA_STYLE('',(#7223));
#6931=FILL_AREA_STYLE('',(#7224));
#6932=FILL_AREA_STYLE('',(#7225));
#6933=FILL_AREA_STYLE('',(#7226));
#6934=FILL_AREA_STYLE('',(#7227));
#6935=FILL_AREA_STYLE('',(#7228));
#6936=FILL_AREA_STYLE('',(#7229));
#6937=FILL_AREA_STYLE('',(#7230));
#6938=FILL_AREA_STYLE('',(#7231));
#6939=FILL_AREA_STYLE('',(#7232));
#6940=FILL_AREA_STYLE('',(#7233));
#6941=FILL_AREA_STYLE('',(#7234));
#6942=FILL_AREA_STYLE('',(#7235));
#6943=FILL_AREA_STYLE('',(#7236));
#6944=FILL_AREA_STYLE('',(#7237));
#6945=FILL_AREA_STYLE('',(#7238));
#6946=FILL_AREA_STYLE('',(#7239));
#6947=FILL_AREA_STYLE('',(#7240));
#6948=FILL_AREA_STYLE('',(#7241));
#6949=FILL_AREA_STYLE('',(#7242));
#6950=FILL_AREA_STYLE('',(#7243));
#6951=FILL_AREA_STYLE('',(#7244));
#6952=FILL_AREA_STYLE('',(#7245));
#6953=FILL_AREA_STYLE('',(#7246));
#6954=FILL_AREA_STYLE('',(#7247));
#6955=FILL_AREA_STYLE('',(#7248));
#6956=FILL_AREA_STYLE('',(#7249));
#6957=FILL_AREA_STYLE('',(#7250));
#6958=FILL_AREA_STYLE('',(#7251));
#6959=FILL_AREA_STYLE('',(#7252));
#6960=FILL_AREA_STYLE('',(#7253));
#6961=FILL_AREA_STYLE('',(#7254));
#6962=FILL_AREA_STYLE('',(#7255));
#6963=FILL_AREA_STYLE('',(#7256));
#6964=FILL_AREA_STYLE('',(#7257));
#6965=FILL_AREA_STYLE('',(#7258));
#6966=FILL_AREA_STYLE('',(#7259));
#6967=FILL_AREA_STYLE('',(#7260));
#6968=FILL_AREA_STYLE('',(#7261));
#6969=FILL_AREA_STYLE('',(#7262));
#6970=FILL_AREA_STYLE('',(#7263));
#6971=FILL_AREA_STYLE('',(#7264));
#6972=FILL_AREA_STYLE('',(#7265));
#6973=FILL_AREA_STYLE('',(#7266));
#6974=FILL_AREA_STYLE('',(#7267));
#6975=FILL_AREA_STYLE('',(#7268));
#6976=FILL_AREA_STYLE('',(#7269));
#6977=FILL_AREA_STYLE('',(#7270));
#6978=FILL_AREA_STYLE('',(#7271));
#6979=FILL_AREA_STYLE('',(#7272));
#6980=FILL_AREA_STYLE('',(#7273));
#6981=FILL_AREA_STYLE('',(#7274));
#6982=FILL_AREA_STYLE('',(#7275));
#6983=FILL_AREA_STYLE('',(#7276));
#6984=FILL_AREA_STYLE('',(#7277));
#6985=FILL_AREA_STYLE('',(#7278));
#6986=FILL_AREA_STYLE('',(#7279));
#6987=FILL_AREA_STYLE('',(#7280));
#6988=FILL_AREA_STYLE('',(#7281));
#6989=FILL_AREA_STYLE('',(#7282));
#6990=FILL_AREA_STYLE('',(#7283));
#6991=FILL_AREA_STYLE('',(#7284));
#6992=FILL_AREA_STYLE('',(#7285));
#6993=FILL_AREA_STYLE('',(#7286));
#6994=FILL_AREA_STYLE('',(#7287));
#6995=FILL_AREA_STYLE('',(#7288));
#6996=FILL_AREA_STYLE('',(#7289));
#6997=FILL_AREA_STYLE('',(#7290));
#6998=FILL_AREA_STYLE('',(#7291));
#6999=FILL_AREA_STYLE('',(#7292));
#7000=FILL_AREA_STYLE('',(#7293));
#7001=FILL_AREA_STYLE('',(#7294));
#7002=FILL_AREA_STYLE('',(#7295));
#7003=FILL_AREA_STYLE('',(#7296));
#7004=FILL_AREA_STYLE('',(#7297));
#7005=FILL_AREA_STYLE('',(#7298));
#7006=FILL_AREA_STYLE('',(#7299));
#7007=FILL_AREA_STYLE('',(#7300));
#7008=FILL_AREA_STYLE('',(#7301));
#7009=FILL_AREA_STYLE('',(#7302));
#7010=FILL_AREA_STYLE('',(#7303));
#7011=FILL_AREA_STYLE('',(#7304));
#7012=FILL_AREA_STYLE('',(#7305));
#7013=FILL_AREA_STYLE('',(#7306));
#7014=FILL_AREA_STYLE('',(#7307));
#7015=FILL_AREA_STYLE('',(#7308));
#7016=FILL_AREA_STYLE('',(#7309));
#7017=FILL_AREA_STYLE('',(#7310));
#7018=FILL_AREA_STYLE('',(#7311));
#7019=FILL_AREA_STYLE('',(#7312));
#7020=FILL_AREA_STYLE('',(#7313));
#7021=FILL_AREA_STYLE('',(#7314));
#7022=FILL_AREA_STYLE('',(#7315));
#7023=FILL_AREA_STYLE('',(#7316));
#7024=FILL_AREA_STYLE('',(#7317));
#7025=FILL_AREA_STYLE('',(#7318));
#7026=FILL_AREA_STYLE('',(#7319));
#7027=FILL_AREA_STYLE('',(#7320));
#7028=FILL_AREA_STYLE('',(#7321));
#7029=FILL_AREA_STYLE('',(#7322));
#7030=FILL_AREA_STYLE('',(#7323));
#7031=FILL_AREA_STYLE('',(#7324));
#7032=FILL_AREA_STYLE('',(#7325));
#7033=FILL_AREA_STYLE('',(#7326));
#7034=FILL_AREA_STYLE('',(#7327));
#7035=FILL_AREA_STYLE('',(#7328));
#7036=FILL_AREA_STYLE('',(#7329));
#7037=FILL_AREA_STYLE('',(#7330));
#7038=FILL_AREA_STYLE('',(#7331));
#7039=FILL_AREA_STYLE('',(#7332));
#7040=FILL_AREA_STYLE('',(#7333));
#7041=FILL_AREA_STYLE('',(#7334));
#7042=FILL_AREA_STYLE('',(#7335));
#7043=FILL_AREA_STYLE('',(#7336));
#7044=FILL_AREA_STYLE('',(#7337));
#7045=FILL_AREA_STYLE('',(#7338));
#7046=FILL_AREA_STYLE('',(#7339));
#7047=FILL_AREA_STYLE('',(#7340));
#7048=FILL_AREA_STYLE('',(#7341));
#7049=FILL_AREA_STYLE('',(#7342));
#7050=FILL_AREA_STYLE('',(#7343));
#7051=FILL_AREA_STYLE('',(#7344));
#7052=FILL_AREA_STYLE('',(#7345));
#7053=FILL_AREA_STYLE('',(#7346));
#7054=FILL_AREA_STYLE('',(#7347));
#7055=FILL_AREA_STYLE('',(#7348));
#7056=FILL_AREA_STYLE('',(#7349));
#7057=FILL_AREA_STYLE('',(#7350));
#7058=FILL_AREA_STYLE('',(#7351));
#7059=FILL_AREA_STYLE('',(#7352));
#7060=FILL_AREA_STYLE('',(#7353));
#7061=FILL_AREA_STYLE('',(#7354));
#7062=FILL_AREA_STYLE('',(#7355));
#7063=FILL_AREA_STYLE('',(#7356));
#7064=FILL_AREA_STYLE('',(#7357));
#7065=FILL_AREA_STYLE('',(#7358));
#7066=FILL_AREA_STYLE_COLOUR('',#7359);
#7067=FILL_AREA_STYLE_COLOUR('',#7360);
#7068=FILL_AREA_STYLE_COLOUR('',#1171);
#7069=FILL_AREA_STYLE_COLOUR('',#1171);
#7070=FILL_AREA_STYLE_COLOUR('',#1171);
#7071=FILL_AREA_STYLE_COLOUR('',#1171);
#7072=FILL_AREA_STYLE_COLOUR('',#1171);
#7073=FILL_AREA_STYLE_COLOUR('',#1171);
#7074=FILL_AREA_STYLE_COLOUR('',#1171);
#7075=FILL_AREA_STYLE_COLOUR('',#1171);
#7076=FILL_AREA_STYLE_COLOUR('',#1171);
#7077=FILL_AREA_STYLE_COLOUR('',#1171);
#7078=FILL_AREA_STYLE_COLOUR('',#1171);
#7079=FILL_AREA_STYLE_COLOUR('',#1171);
#7080=FILL_AREA_STYLE_COLOUR('',#1171);
#7081=FILL_AREA_STYLE_COLOUR('',#1171);
#7082=FILL_AREA_STYLE_COLOUR('',#1171);
#7083=FILL_AREA_STYLE_COLOUR('',#1171);
#7084=FILL_AREA_STYLE_COLOUR('',#1171);
#7085=FILL_AREA_STYLE_COLOUR('',#1171);
#7086=FILL_AREA_STYLE_COLOUR('',#1171);
#7087=FILL_AREA_STYLE_COLOUR('',#1171);
#7088=FILL_AREA_STYLE_COLOUR('',#1171);
#7089=FILL_AREA_STYLE_COLOUR('',#1171);
#7090=FILL_AREA_STYLE_COLOUR('',#1171);
#7091=FILL_AREA_STYLE_COLOUR('',#1171);
#7092=FILL_AREA_STYLE_COLOUR('',#1171);
#7093=FILL_AREA_STYLE_COLOUR('',#1171);
#7094=FILL_AREA_STYLE_COLOUR('',#1171);
#7095=FILL_AREA_STYLE_COLOUR('',#1171);
#7096=FILL_AREA_STYLE_COLOUR('',#1171);
#7097=FILL_AREA_STYLE_COLOUR('',#1171);
#7098=FILL_AREA_STYLE_COLOUR('',#1171);
#7099=FILL_AREA_STYLE_COLOUR('',#1171);
#7100=FILL_AREA_STYLE_COLOUR('',#1171);
#7101=FILL_AREA_STYLE_COLOUR('',#1171);
#7102=FILL_AREA_STYLE_COLOUR('',#1171);
#7103=FILL_AREA_STYLE_COLOUR('',#1171);
#7104=FILL_AREA_STYLE_COLOUR('',#7360);
#7105=FILL_AREA_STYLE_COLOUR('',#1171);
#7106=FILL_AREA_STYLE_COLOUR('',#1171);
#7107=FILL_AREA_STYLE_COLOUR('',#1171);
#7108=FILL_AREA_STYLE_COLOUR('',#1171);
#7109=FILL_AREA_STYLE_COLOUR('',#1171);
#7110=FILL_AREA_STYLE_COLOUR('',#1171);
#7111=FILL_AREA_STYLE_COLOUR('',#1171);
#7112=FILL_AREA_STYLE_COLOUR('',#1171);
#7113=FILL_AREA_STYLE_COLOUR('',#1171);
#7114=FILL_AREA_STYLE_COLOUR('',#1171);
#7115=FILL_AREA_STYLE_COLOUR('',#1171);
#7116=FILL_AREA_STYLE_COLOUR('',#1171);
#7117=FILL_AREA_STYLE_COLOUR('',#1171);
#7118=FILL_AREA_STYLE_COLOUR('',#1171);
#7119=FILL_AREA_STYLE_COLOUR('',#1171);
#7120=FILL_AREA_STYLE_COLOUR('',#7360);
#7121=FILL_AREA_STYLE_COLOUR('',#1171);
#7122=FILL_AREA_STYLE_COLOUR('',#1171);
#7123=FILL_AREA_STYLE_COLOUR('',#1171);
#7124=FILL_AREA_STYLE_COLOUR('',#1171);
#7125=FILL_AREA_STYLE_COLOUR('',#1171);
#7126=FILL_AREA_STYLE_COLOUR('',#1171);
#7127=FILL_AREA_STYLE_COLOUR('',#1171);
#7128=FILL_AREA_STYLE_COLOUR('',#1171);
#7129=FILL_AREA_STYLE_COLOUR('',#1171);
#7130=FILL_AREA_STYLE_COLOUR('',#1171);
#7131=FILL_AREA_STYLE_COLOUR('',#1171);
#7132=FILL_AREA_STYLE_COLOUR('',#1171);
#7133=FILL_AREA_STYLE_COLOUR('',#1171);
#7134=FILL_AREA_STYLE_COLOUR('',#1171);
#7135=FILL_AREA_STYLE_COLOUR('',#1171);
#7136=FILL_AREA_STYLE_COLOUR('',#1171);
#7137=FILL_AREA_STYLE_COLOUR('',#1171);
#7138=FILL_AREA_STYLE_COLOUR('',#1171);
#7139=FILL_AREA_STYLE_COLOUR('',#1171);
#7140=FILL_AREA_STYLE_COLOUR('',#1171);
#7141=FILL_AREA_STYLE_COLOUR('',#1171);
#7142=FILL_AREA_STYLE_COLOUR('',#1171);
#7143=FILL_AREA_STYLE_COLOUR('',#1171);
#7144=FILL_AREA_STYLE_COLOUR('',#1171);
#7145=FILL_AREA_STYLE_COLOUR('',#1171);
#7146=FILL_AREA_STYLE_COLOUR('',#1171);
#7147=FILL_AREA_STYLE_COLOUR('',#1171);
#7148=FILL_AREA_STYLE_COLOUR('',#1171);
#7149=FILL_AREA_STYLE_COLOUR('',#1171);
#7150=FILL_AREA_STYLE_COLOUR('',#1171);
#7151=FILL_AREA_STYLE_COLOUR('',#1171);
#7152=FILL_AREA_STYLE_COLOUR('',#1171);
#7153=FILL_AREA_STYLE_COLOUR('',#1171);
#7154=FILL_AREA_STYLE_COLOUR('',#1171);
#7155=FILL_AREA_STYLE_COLOUR('',#1171);
#7156=FILL_AREA_STYLE_COLOUR('',#1171);
#7157=FILL_AREA_STYLE_COLOUR('',#1171);
#7158=FILL_AREA_STYLE_COLOUR('',#1171);
#7159=FILL_AREA_STYLE_COLOUR('',#1171);
#7160=FILL_AREA_STYLE_COLOUR('',#1171);
#7161=FILL_AREA_STYLE_COLOUR('',#1171);
#7162=FILL_AREA_STYLE_COLOUR('',#1171);
#7163=FILL_AREA_STYLE_COLOUR('',#1171);
#7164=FILL_AREA_STYLE_COLOUR('',#1171);
#7165=FILL_AREA_STYLE_COLOUR('',#1171);
#7166=FILL_AREA_STYLE_COLOUR('',#1171);
#7167=FILL_AREA_STYLE_COLOUR('',#1171);
#7168=FILL_AREA_STYLE_COLOUR('',#1171);
#7169=FILL_AREA_STYLE_COLOUR('',#1171);
#7170=FILL_AREA_STYLE_COLOUR('',#1171);
#7171=FILL_AREA_STYLE_COLOUR('',#1171);
#7172=FILL_AREA_STYLE_COLOUR('',#1171);
#7173=FILL_AREA_STYLE_COLOUR('',#1171);
#7174=FILL_AREA_STYLE_COLOUR('',#1171);
#7175=FILL_AREA_STYLE_COLOUR('',#1171);
#7176=FILL_AREA_STYLE_COLOUR('',#1171);
#7177=FILL_AREA_STYLE_COLOUR('',#1171);
#7178=FILL_AREA_STYLE_COLOUR('',#1171);
#7179=FILL_AREA_STYLE_COLOUR('',#1171);
#7180=FILL_AREA_STYLE_COLOUR('',#1171);
#7181=FILL_AREA_STYLE_COLOUR('',#1171);
#7182=FILL_AREA_STYLE_COLOUR('',#1171);
#7183=FILL_AREA_STYLE_COLOUR('',#1171);
#7184=FILL_AREA_STYLE_COLOUR('',#1171);
#7185=FILL_AREA_STYLE_COLOUR('',#1171);
#7186=FILL_AREA_STYLE_COLOUR('',#1171);
#7187=FILL_AREA_STYLE_COLOUR('',#7360);
#7188=FILL_AREA_STYLE_COLOUR('',#1171);
#7189=FILL_AREA_STYLE_COLOUR('',#1171);
#7190=FILL_AREA_STYLE_COLOUR('',#1171);
#7191=FILL_AREA_STYLE_COLOUR('',#1171);
#7192=FILL_AREA_STYLE_COLOUR('',#1171);
#7193=FILL_AREA_STYLE_COLOUR('',#1171);
#7194=FILL_AREA_STYLE_COLOUR('',#1171);
#7195=FILL_AREA_STYLE_COLOUR('',#1171);
#7196=FILL_AREA_STYLE_COLOUR('',#1171);
#7197=FILL_AREA_STYLE_COLOUR('',#1171);
#7198=FILL_AREA_STYLE_COLOUR('',#1171);
#7199=FILL_AREA_STYLE_COLOUR('',#1171);
#7200=FILL_AREA_STYLE_COLOUR('',#1171);
#7201=FILL_AREA_STYLE_COLOUR('',#1171);
#7202=FILL_AREA_STYLE_COLOUR('',#1171);
#7203=FILL_AREA_STYLE_COLOUR('',#1171);
#7204=FILL_AREA_STYLE_COLOUR('',#1171);
#7205=FILL_AREA_STYLE_COLOUR('',#1171);
#7206=FILL_AREA_STYLE_COLOUR('',#1171);
#7207=FILL_AREA_STYLE_COLOUR('',#1171);
#7208=FILL_AREA_STYLE_COLOUR('',#1171);
#7209=FILL_AREA_STYLE_COLOUR('',#1171);
#7210=FILL_AREA_STYLE_COLOUR('',#1171);
#7211=FILL_AREA_STYLE_COLOUR('',#1171);
#7212=FILL_AREA_STYLE_COLOUR('',#1171);
#7213=FILL_AREA_STYLE_COLOUR('',#1171);
#7214=FILL_AREA_STYLE_COLOUR('',#1171);
#7215=FILL_AREA_STYLE_COLOUR('',#1171);
#7216=FILL_AREA_STYLE_COLOUR('',#1171);
#7217=FILL_AREA_STYLE_COLOUR('',#1171);
#7218=FILL_AREA_STYLE_COLOUR('',#1171);
#7219=FILL_AREA_STYLE_COLOUR('',#1171);
#7220=FILL_AREA_STYLE_COLOUR('',#1171);
#7221=FILL_AREA_STYLE_COLOUR('',#1171);
#7222=FILL_AREA_STYLE_COLOUR('',#1171);
#7223=FILL_AREA_STYLE_COLOUR('',#1171);
#7224=FILL_AREA_STYLE_COLOUR('',#7360);
#7225=FILL_AREA_STYLE_COLOUR('',#1171);
#7226=FILL_AREA_STYLE_COLOUR('',#1171);
#7227=FILL_AREA_STYLE_COLOUR('',#1171);
#7228=FILL_AREA_STYLE_COLOUR('',#1171);
#7229=FILL_AREA_STYLE_COLOUR('',#1171);
#7230=FILL_AREA_STYLE_COLOUR('',#1171);
#7231=FILL_AREA_STYLE_COLOUR('',#1171);
#7232=FILL_AREA_STYLE_COLOUR('',#1171);
#7233=FILL_AREA_STYLE_COLOUR('',#1171);
#7234=FILL_AREA_STYLE_COLOUR('',#1171);
#7235=FILL_AREA_STYLE_COLOUR('',#1171);
#7236=FILL_AREA_STYLE_COLOUR('',#1171);
#7237=FILL_AREA_STYLE_COLOUR('',#1171);
#7238=FILL_AREA_STYLE_COLOUR('',#1171);
#7239=FILL_AREA_STYLE_COLOUR('',#1171);
#7240=FILL_AREA_STYLE_COLOUR('',#7360);
#7241=FILL_AREA_STYLE_COLOUR('',#1171);
#7242=FILL_AREA_STYLE_COLOUR('',#1171);
#7243=FILL_AREA_STYLE_COLOUR('',#1171);
#7244=FILL_AREA_STYLE_COLOUR('',#1171);
#7245=FILL_AREA_STYLE_COLOUR('',#1171);
#7246=FILL_AREA_STYLE_COLOUR('',#1171);
#7247=FILL_AREA_STYLE_COLOUR('',#1171);
#7248=FILL_AREA_STYLE_COLOUR('',#1171);
#7249=FILL_AREA_STYLE_COLOUR('',#1171);
#7250=FILL_AREA_STYLE_COLOUR('',#1171);
#7251=FILL_AREA_STYLE_COLOUR('',#1171);
#7252=FILL_AREA_STYLE_COLOUR('',#1171);
#7253=FILL_AREA_STYLE_COLOUR('',#1171);
#7254=FILL_AREA_STYLE_COLOUR('',#1171);
#7255=FILL_AREA_STYLE_COLOUR('',#1171);
#7256=FILL_AREA_STYLE_COLOUR('',#1171);
#7257=FILL_AREA_STYLE_COLOUR('',#1171);
#7258=FILL_AREA_STYLE_COLOUR('',#1171);
#7259=FILL_AREA_STYLE_COLOUR('',#1171);
#7260=FILL_AREA_STYLE_COLOUR('',#1171);
#7261=FILL_AREA_STYLE_COLOUR('',#1171);
#7262=FILL_AREA_STYLE_COLOUR('',#1171);
#7263=FILL_AREA_STYLE_COLOUR('',#1171);
#7264=FILL_AREA_STYLE_COLOUR('',#1171);
#7265=FILL_AREA_STYLE_COLOUR('',#1171);
#7266=FILL_AREA_STYLE_COLOUR('',#1171);
#7267=FILL_AREA_STYLE_COLOUR('',#1171);
#7268=FILL_AREA_STYLE_COLOUR('',#1171);
#7269=FILL_AREA_STYLE_COLOUR('',#1171);
#7270=FILL_AREA_STYLE_COLOUR('',#1171);
#7271=FILL_AREA_STYLE_COLOUR('',#1171);
#7272=FILL_AREA_STYLE_COLOUR('',#1171);
#7273=FILL_AREA_STYLE_COLOUR('',#1171);
#7274=FILL_AREA_STYLE_COLOUR('',#1171);
#7275=FILL_AREA_STYLE_COLOUR('',#1171);
#7276=FILL_AREA_STYLE_COLOUR('',#1171);
#7277=FILL_AREA_STYLE_COLOUR('',#1171);
#7278=FILL_AREA_STYLE_COLOUR('',#1171);
#7279=FILL_AREA_STYLE_COLOUR('',#1171);
#7280=FILL_AREA_STYLE_COLOUR('',#1171);
#7281=FILL_AREA_STYLE_COLOUR('',#1171);
#7282=FILL_AREA_STYLE_COLOUR('',#1171);
#7283=FILL_AREA_STYLE_COLOUR('',#1171);
#7284=FILL_AREA_STYLE_COLOUR('',#1171);
#7285=FILL_AREA_STYLE_COLOUR('',#1171);
#7286=FILL_AREA_STYLE_COLOUR('',#1171);
#7287=FILL_AREA_STYLE_COLOUR('',#1171);
#7288=FILL_AREA_STYLE_COLOUR('',#1171);
#7289=FILL_AREA_STYLE_COLOUR('',#1171);
#7290=FILL_AREA_STYLE_COLOUR('',#1171);
#7291=FILL_AREA_STYLE_COLOUR('',#7361);
#7292=FILL_AREA_STYLE_COLOUR('',#7361);
#7293=FILL_AREA_STYLE_COLOUR('',#7361);
#7294=FILL_AREA_STYLE_COLOUR('',#7361);
#7295=FILL_AREA_STYLE_COLOUR('',#7361);
#7296=FILL_AREA_STYLE_COLOUR('',#7361);
#7297=FILL_AREA_STYLE_COLOUR('',#7361);
#7298=FILL_AREA_STYLE_COLOUR('',#7361);
#7299=FILL_AREA_STYLE_COLOUR('',#7361);
#7300=FILL_AREA_STYLE_COLOUR('',#7361);
#7301=FILL_AREA_STYLE_COLOUR('',#7361);
#7302=FILL_AREA_STYLE_COLOUR('',#7361);
#7303=FILL_AREA_STYLE_COLOUR('',#7361);
#7304=FILL_AREA_STYLE_COLOUR('',#7362);
#7305=FILL_AREA_STYLE_COLOUR('',#7363);
#7306=FILL_AREA_STYLE_COLOUR('',#7363);
#7307=FILL_AREA_STYLE_COLOUR('',#7363);
#7308=FILL_AREA_STYLE_COLOUR('',#7364);
#7309=FILL_AREA_STYLE_COLOUR('',#7364);
#7310=FILL_AREA_STYLE_COLOUR('',#7364);
#7311=FILL_AREA_STYLE_COLOUR('',#7364);
#7312=FILL_AREA_STYLE_COLOUR('',#7364);
#7313=FILL_AREA_STYLE_COLOUR('',#7364);
#7314=FILL_AREA_STYLE_COLOUR('',#7364);
#7315=FILL_AREA_STYLE_COLOUR('',#7364);
#7316=FILL_AREA_STYLE_COLOUR('',#7364);
#7317=FILL_AREA_STYLE_COLOUR('',#7364);
#7318=FILL_AREA_STYLE_COLOUR('',#7364);
#7319=FILL_AREA_STYLE_COLOUR('',#7364);
#7320=FILL_AREA_STYLE_COLOUR('',#7364);
#7321=FILL_AREA_STYLE_COLOUR('',#7364);
#7322=FILL_AREA_STYLE_COLOUR('',#7364);
#7323=FILL_AREA_STYLE_COLOUR('',#7364);
#7324=FILL_AREA_STYLE_COLOUR('',#7363);
#7325=FILL_AREA_STYLE_COLOUR('',#7363);
#7326=FILL_AREA_STYLE_COLOUR('',#7363);
#7327=FILL_AREA_STYLE_COLOUR('',#7363);
#7328=FILL_AREA_STYLE_COLOUR('',#7363);
#7329=FILL_AREA_STYLE_COLOUR('',#7363);
#7330=FILL_AREA_STYLE_COLOUR('',#7363);
#7331=FILL_AREA_STYLE_COLOUR('',#7363);
#7332=FILL_AREA_STYLE_COLOUR('',#7360);
#7333=FILL_AREA_STYLE_COLOUR('',#7363);
#7334=FILL_AREA_STYLE_COLOUR('',#7360);
#7335=FILL_AREA_STYLE_COLOUR('',#7364);
#7336=FILL_AREA_STYLE_COLOUR('',#7364);
#7337=FILL_AREA_STYLE_COLOUR('',#7364);
#7338=FILL_AREA_STYLE_COLOUR('',#7364);
#7339=FILL_AREA_STYLE_COLOUR('',#7364);
#7340=FILL_AREA_STYLE_COLOUR('',#7364);
#7341=FILL_AREA_STYLE_COLOUR('',#7364);
#7342=FILL_AREA_STYLE_COLOUR('',#7364);
#7343=FILL_AREA_STYLE_COLOUR('',#7364);
#7344=FILL_AREA_STYLE_COLOUR('',#7364);
#7345=FILL_AREA_STYLE_COLOUR('',#7364);
#7346=FILL_AREA_STYLE_COLOUR('',#7364);
#7347=FILL_AREA_STYLE_COLOUR('',#7364);
#7348=FILL_AREA_STYLE_COLOUR('',#7364);
#7349=FILL_AREA_STYLE_COLOUR('',#7364);
#7350=FILL_AREA_STYLE_COLOUR('',#7364);
#7351=FILL_AREA_STYLE_COLOUR('',#7363);
#7352=FILL_AREA_STYLE_COLOUR('',#7364);
#7353=FILL_AREA_STYLE_COLOUR('',#7364);
#7354=FILL_AREA_STYLE_COLOUR('',#7363);
#7355=FILL_AREA_STYLE_COLOUR('',#7364);
#7356=FILL_AREA_STYLE_COLOUR('',#7364);
#7357=FILL_AREA_STYLE_COLOUR('',#7363);
#7358=FILL_AREA_STYLE_COLOUR('',#7364);
#7359=COLOUR_RGB('',0.831372549019608,0.670588235294118,0.129411764705882);
#7360=COLOUR_RGB('',0.196078431372549,0.368627450980392,0.56078431372549);
#7361=COLOUR_RGB('',0.776470588235294,0.458823529411765,0.);
#7362=COLOUR_RGB('',0.4,0.4,0.4);
#7363=COLOUR_RGB('',0.843137254901961,0.815686274509804,0.752941176470588);
#7364=COLOUR_RGB('',0.949019607843137,0.76078431372549,0.180392156862745);
#7365=MANIFOLD_SOLID_BREP('OLED-TH_L27.8-W27.2-P2.54_C9900033791',#5599);
#7366=SHAPE_DEFINITION_REPRESENTATION(#11649,#7368);
#7367=SHAPE_DEFINITION_REPRESENTATION(#11650,#7369);
#7368=SHAPE_REPRESENTATION('OLED-TH_L27.8-W27.2-P2.54_C9900033791',(#7370,
#7648),#11642);
#7369=SHAPE_REPRESENTATION('OLED-TH_L27.8-W27.2-P2.54_C9900033791',(#7370),
#11643);
#7370=AXIS2_PLACEMENT_3D('',#8688,#7649,#7650);
#7371=AXIS2_PLACEMENT_3D('',#8689,#7651,#7652);
#7372=AXIS2_PLACEMENT_3D('',#8789,#7658,#7659);
#7373=AXIS2_PLACEMENT_3D('',#8814,#7664,#7665);
#7374=AXIS2_PLACEMENT_3D('',#8815,#7666,#7667);
#7375=AXIS2_PLACEMENT_3D('',#8817,#7668,#7669);
#7376=AXIS2_PLACEMENT_3D('',#8842,#7671,#7672);
#7377=AXIS2_PLACEMENT_3D('',#8870,#7676,#7677);
#7378=AXIS2_PLACEMENT_3D('',#8871,#7678,#7679);
#7379=AXIS2_PLACEMENT_3D('',#8873,#7680,#7681);
#7380=AXIS2_PLACEMENT_3D('',#8879,#7682,#7683);
#7381=AXIS2_PLACEMENT_3D('',#9018,#7694,#7695);
#7382=AXIS2_PLACEMENT_3D('',#9024,#7699,#7700);
#7383=AXIS2_PLACEMENT_3D('',#9030,#7704,#7705);
#7384=AXIS2_PLACEMENT_3D('',#9036,#7709,#7710);
#7385=AXIS2_PLACEMENT_3D('',#9083,#7715,#7716);
#7386=AXIS2_PLACEMENT_3D('',#9084,#7717,#7718);
#7387=AXIS2_PLACEMENT_3D('',#9086,#7719,#7720);
#7388=AXIS2_PLACEMENT_3D('',#9152,#7723,#7724);
#7389=AXIS2_PLACEMENT_3D('',#9153,#7725,#7726);
#7390=AXIS2_PLACEMENT_3D('',#9155,#7727,#7728);
#7391=AXIS2_PLACEMENT_3D('',#9253,#7733,#7734);
#7392=AXIS2_PLACEMENT_3D('',#9254,#7735,#7736);
#7393=AXIS2_PLACEMENT_3D('',#9273,#7741,#7742);
#7394=AXIS2_PLACEMENT_3D('',#9293,#7747,#7748);
#7395=AXIS2_PLACEMENT_3D('',#9311,#7752,#7753);
#7396=AXIS2_PLACEMENT_3D('',#9315,#7756,#7757);
#7397=AXIS2_PLACEMENT_3D('',#9317,#7759,#7760);
#7398=AXIS2_PLACEMENT_3D('',#9326,#7765,#7766);
#7399=AXIS2_PLACEMENT_3D('',#9332,#7770,#7771);
#7400=AXIS2_PLACEMENT_3D('',#9338,#7775,#7776);
#7401=AXIS2_PLACEMENT_3D('',#9344,#7780,#7781);
#7402=AXIS2_PLACEMENT_3D('',#9350,#7785,#7786);
#7403=AXIS2_PLACEMENT_3D('',#9356,#7790,#7791);
#7404=AXIS2_PLACEMENT_3D('',#9362,#7795,#7796);
#7405=AXIS2_PLACEMENT_3D('',#9365,#7799,#7800);
#7406=AXIS2_PLACEMENT_3D('',#9366,#7801,#7802);
#7407=AXIS2_PLACEMENT_3D('',#9451,#7811,#7812);
#7408=AXIS2_PLACEMENT_3D('',#9455,#7815,#7816);
#7409=AXIS2_PLACEMENT_3D('',#9459,#7819,#7820);
#7410=AXIS2_PLACEMENT_3D('',#9461,#7822,#7823);
#7411=AXIS2_PLACEMENT_3D('',#9470,#7828,#7829);
#7412=AXIS2_PLACEMENT_3D('',#9552,#7837,#7838);
#7413=AXIS2_PLACEMENT_3D('',#9555,#7841,#7842);
#7414=AXIS2_PLACEMENT_3D('',#9556,#7843,#7844);
#7415=AXIS2_PLACEMENT_3D('',#9581,#7857,#7858);
#7416=AXIS2_PLACEMENT_3D('',#9587,#7862,#7863);
#7417=AXIS2_PLACEMENT_3D('',#9591,#7866,#7867);
#7418=AXIS2_PLACEMENT_3D('',#9595,#7870,#7871);
#7419=AXIS2_PLACEMENT_3D('',#9599,#7874,#7875);
#7420=AXIS2_PLACEMENT_3D('',#9603,#7878,#7879);
#7421=AXIS2_PLACEMENT_3D('',#9607,#7882,#7883);
#7422=AXIS2_PLACEMENT_3D('',#9611,#7886,#7887);
#7423=AXIS2_PLACEMENT_3D('',#9615,#7890,#7891);
#7424=AXIS2_PLACEMENT_3D('',#9619,#7894,#7895);
#7425=AXIS2_PLACEMENT_3D('',#9623,#7898,#7899);
#7426=AXIS2_PLACEMENT_3D('',#9627,#7902,#7903);
#7427=AXIS2_PLACEMENT_3D('',#9629,#7905,#7906);
#7428=AXIS2_PLACEMENT_3D('',#9654,#7916,#7917);
#7429=AXIS2_PLACEMENT_3D('',#9669,#7920,#7921);
#7430=AXIS2_PLACEMENT_3D('',#9703,#7927,#7928);
#7431=AXIS2_PLACEMENT_3D('',#9707,#7931,#7932);
#7432=AXIS2_PLACEMENT_3D('',#9708,#7933,#7934);
#7433=AXIS2_PLACEMENT_3D('',#9725,#7937,#7938);
#7434=AXIS2_PLACEMENT_3D('',#9729,#7941,#7942);
#7435=AXIS2_PLACEMENT_3D('',#9733,#7945,#7946);
#7436=AXIS2_PLACEMENT_3D('',#9737,#7949,#7950);
#7437=AXIS2_PLACEMENT_3D('',#9741,#7953,#7954);
#7438=AXIS2_PLACEMENT_3D('',#9745,#7957,#7958);
#7439=AXIS2_PLACEMENT_3D('',#9749,#7961,#7962);
#7440=AXIS2_PLACEMENT_3D('',#9756,#7964,#7965);
#7441=AXIS2_PLACEMENT_3D('',#9760,#7968,#7969);
#7442=AXIS2_PLACEMENT_3D('',#9762,#7971,#7972);
#7443=AXIS2_PLACEMENT_3D('',#9816,#7974,#7975);
#7444=AXIS2_PLACEMENT_3D('',#9850,#7977,#7978);
#7445=AXIS2_PLACEMENT_3D('',#9875,#7980,#7981);
#7446=AXIS2_PLACEMENT_3D('',#9876,#7982,#7983);
#7447=AXIS2_PLACEMENT_3D('',#9966,#7990,#7991);
#7448=AXIS2_PLACEMENT_3D('',#9970,#7994,#7995);
#7449=AXIS2_PLACEMENT_3D('',#9971,#7996,#7997);
#7450=AXIS2_PLACEMENT_3D('',#10103,#8007,#8008);
#7451=AXIS2_PLACEMENT_3D('',#10119,#8011,#8012);
#7452=AXIS2_PLACEMENT_3D('',#10128,#8014,#8015);
#7453=AXIS2_PLACEMENT_3D('',#10130,#8016,#8017);
#7454=AXIS2_PLACEMENT_3D('',#10137,#8018,#8019);
#7455=AXIS2_PLACEMENT_3D('',#10145,#8021,#8022);
#7456=AXIS2_PLACEMENT_3D('',#10151,#8026,#8027);
#7457=AXIS2_PLACEMENT_3D('',#10172,#8030,#8031);
#7458=AXIS2_PLACEMENT_3D('',#10178,#8032,#8033);
#7459=AXIS2_PLACEMENT_3D('',#10191,#8034,#8035);
#7460=AXIS2_PLACEMENT_3D('',#10192,#8036,#8037);
#7461=AXIS2_PLACEMENT_3D('',#10193,#8038,#8039);
#7462=AXIS2_PLACEMENT_3D('',#10194,#8040,#8041);
#7463=AXIS2_PLACEMENT_3D('',#10229,#8044,#8045);
#7464=AXIS2_PLACEMENT_3D('',#10235,#8049,#8050);
#7465=AXIS2_PLACEMENT_3D('',#10241,#8054,#8055);
#7466=AXIS2_PLACEMENT_3D('',#10247,#8059,#8060);
#7467=AXIS2_PLACEMENT_3D('',#10275,#8064,#8065);
#7468=AXIS2_PLACEMENT_3D('',#10276,#8066,#8067);
#7469=AXIS2_PLACEMENT_3D('',#10278,#8068,#8069);
#7470=AXIS2_PLACEMENT_3D('',#10322,#8072,#8073);
#7471=AXIS2_PLACEMENT_3D('',#10366,#8079,#8080);
#7472=AXIS2_PLACEMENT_3D('',#10388,#8084,#8085);
#7473=AXIS2_PLACEMENT_3D('',#10389,#8086,#8087);
#7474=AXIS2_PLACEMENT_3D('',#10414,#8100,#8101);
#7475=AXIS2_PLACEMENT_3D('',#10420,#8105,#8106);
#7476=AXIS2_PLACEMENT_3D('',#10424,#8109,#8110);
#7477=AXIS2_PLACEMENT_3D('',#10428,#8113,#8114);
#7478=AXIS2_PLACEMENT_3D('',#10432,#8117,#8118);
#7479=AXIS2_PLACEMENT_3D('',#10436,#8121,#8122);
#7480=AXIS2_PLACEMENT_3D('',#10440,#8125,#8126);
#7481=AXIS2_PLACEMENT_3D('',#10444,#8129,#8130);
#7482=AXIS2_PLACEMENT_3D('',#10448,#8133,#8134);
#7483=AXIS2_PLACEMENT_3D('',#10452,#8137,#8138);
#7484=AXIS2_PLACEMENT_3D('',#10456,#8141,#8142);
#7485=AXIS2_PLACEMENT_3D('',#10460,#8145,#8146);
#7486=AXIS2_PLACEMENT_3D('',#10462,#8148,#8149);
#7487=AXIS2_PLACEMENT_3D('',#10481,#8154,#8155);
#7488=AXIS2_PLACEMENT_3D('',#10501,#8160,#8161);
#7489=AXIS2_PLACEMENT_3D('',#10519,#8165,#8166);
#7490=AXIS2_PLACEMENT_3D('',#10523,#8169,#8170);
#7491=AXIS2_PLACEMENT_3D('',#10525,#8172,#8173);
#7492=AXIS2_PLACEMENT_3D('',#10534,#8178,#8179);
#7493=AXIS2_PLACEMENT_3D('',#10540,#8183,#8184);
#7494=AXIS2_PLACEMENT_3D('',#10546,#8188,#8189);
#7495=AXIS2_PLACEMENT_3D('',#10552,#8193,#8194);
#7496=AXIS2_PLACEMENT_3D('',#10558,#8198,#8199);
#7497=AXIS2_PLACEMENT_3D('',#10564,#8203,#8204);
#7498=AXIS2_PLACEMENT_3D('',#10570,#8208,#8209);
#7499=AXIS2_PLACEMENT_3D('',#10573,#8212,#8213);
#7500=AXIS2_PLACEMENT_3D('',#10574,#8214,#8215);
#7501=AXIS2_PLACEMENT_3D('',#10659,#8224,#8225);
#7502=AXIS2_PLACEMENT_3D('',#10663,#8228,#8229);
#7503=AXIS2_PLACEMENT_3D('',#10667,#8232,#8233);
#7504=AXIS2_PLACEMENT_3D('',#10669,#8235,#8236);
#7505=AXIS2_PLACEMENT_3D('',#10678,#8241,#8242);
#7506=AXIS2_PLACEMENT_3D('',#10760,#8250,#8251);
#7507=AXIS2_PLACEMENT_3D('',#10763,#8254,#8255);
#7508=AXIS2_PLACEMENT_3D('',#10764,#8256,#8257);
#7509=AXIS2_PLACEMENT_3D('',#10789,#8270,#8271);
#7510=AXIS2_PLACEMENT_3D('',#10795,#8275,#8276);
#7511=AXIS2_PLACEMENT_3D('',#10799,#8279,#8280);
#7512=AXIS2_PLACEMENT_3D('',#10803,#8283,#8284);
#7513=AXIS2_PLACEMENT_3D('',#10807,#8287,#8288);
#7514=AXIS2_PLACEMENT_3D('',#10811,#8291,#8292);
#7515=AXIS2_PLACEMENT_3D('',#10815,#8295,#8296);
#7516=AXIS2_PLACEMENT_3D('',#10819,#8299,#8300);
#7517=AXIS2_PLACEMENT_3D('',#10823,#8303,#8304);
#7518=AXIS2_PLACEMENT_3D('',#10827,#8307,#8308);
#7519=AXIS2_PLACEMENT_3D('',#10831,#8311,#8312);
#7520=AXIS2_PLACEMENT_3D('',#10835,#8315,#8316);
#7521=AXIS2_PLACEMENT_3D('',#10837,#8318,#8319);
#7522=AXIS2_PLACEMENT_3D('',#10974,#8328,#8329);
#7523=AXIS2_PLACEMENT_3D('',#11062,#8338,#8339);
#7524=AXIS2_PLACEMENT_3D('',#11078,#8342,#8343);
#7525=AXIS2_PLACEMENT_3D('',#11091,#8350,#8351);
#7526=AXIS2_PLACEMENT_3D('',#11097,#8355,#8356);
#7527=AXIS2_PLACEMENT_3D('',#11101,#8359,#8360);
#7528=AXIS2_PLACEMENT_3D('',#11105,#8363,#8364);
#7529=AXIS2_PLACEMENT_3D('',#11109,#8367,#8368);
#7530=AXIS2_PLACEMENT_3D('',#11113,#8371,#8372);
#7531=AXIS2_PLACEMENT_3D('',#11115,#8374,#8375);
#7532=AXIS2_PLACEMENT_3D('',#11124,#8380,#8381);
#7533=AXIS2_PLACEMENT_3D('',#11130,#8385,#8386);
#7534=AXIS2_PLACEMENT_3D('',#11136,#8390,#8391);
#7535=AXIS2_PLACEMENT_3D('',#11142,#8395,#8396);
#7536=AXIS2_PLACEMENT_3D('',#11388,#8404,#8405);
#7537=AXIS2_PLACEMENT_3D('',#11394,#8409,#8410);
#7538=AXIS2_PLACEMENT_3D('',#11400,#8414,#8415);
#7539=AXIS2_PLACEMENT_3D('',#11406,#8420,#8421);
#7540=AXIS2_PLACEMENT_3D('',#11408,#8423,#8424);
#7541=AXIS2_PLACEMENT_3D('',#11413,#8428,#8429);
#7542=AXIS2_PLACEMENT_3D('',#11414,#8430,#8431);
#7543=AXIS2_PLACEMENT_3D('',#11424,#8437,#8438);
#7544=AXIS2_PLACEMENT_3D('',#11430,#8442,#8443);
#7545=AXIS2_PLACEMENT_3D('',#11438,#8448,#8449);
#7546=AXIS2_PLACEMENT_3D('',#11442,#8452,#8453);
#7547=AXIS2_PLACEMENT_3D('',#11448,#8457,#8458);
#7548=AXIS2_PLACEMENT_3D('',#11449,#8459,#8460);
#7549=AXIS2_PLACEMENT_3D('',#11451,#8461,#8462);
#7550=AXIS2_PLACEMENT_3D('',#11453,#8463,#8464);
#7551=AXIS2_PLACEMENT_3D('',#11454,#8465,#8466);
#7552=AXIS2_PLACEMENT_3D('',#11456,#8467,#8468);
#7553=AXIS2_PLACEMENT_3D('',#11458,#8469,#8470);
#7554=AXIS2_PLACEMENT_3D('',#11459,#8471,#8472);
#7555=AXIS2_PLACEMENT_3D('',#11461,#8473,#8474);
#7556=AXIS2_PLACEMENT_3D('',#11463,#8475,#8476);
#7557=AXIS2_PLACEMENT_3D('',#11464,#8477,#8478);
#7558=AXIS2_PLACEMENT_3D('',#11466,#8479,#8480);
#7559=AXIS2_PLACEMENT_3D('',#11468,#8481,#8482);
#7560=AXIS2_PLACEMENT_3D('',#11469,#8483,#8484);
#7561=AXIS2_PLACEMENT_3D('',#11471,#8485,#8486);
#7562=AXIS2_PLACEMENT_3D('',#11473,#8487,#8488);
#7563=AXIS2_PLACEMENT_3D('',#11474,#8489,#8490);
#7564=AXIS2_PLACEMENT_3D('',#11476,#8491,#8492);
#7565=AXIS2_PLACEMENT_3D('',#11478,#8493,#8494);
#7566=AXIS2_PLACEMENT_3D('',#11479,#8495,#8496);
#7567=AXIS2_PLACEMENT_3D('',#11481,#8497,#8498);
#7568=AXIS2_PLACEMENT_3D('',#11483,#8499,#8500);
#7569=AXIS2_PLACEMENT_3D('',#11484,#8501,#8502);
#7570=AXIS2_PLACEMENT_3D('',#11486,#8503,#8504);
#7571=AXIS2_PLACEMENT_3D('',#11488,#8505,#8506);
#7572=AXIS2_PLACEMENT_3D('',#11489,#8507,#8508);
#7573=AXIS2_PLACEMENT_3D('',#11491,#8509,#8510);
#7574=AXIS2_PLACEMENT_3D('',#11493,#8511,#8512);
#7575=AXIS2_PLACEMENT_3D('',#11494,#8513,#8514);
#7576=AXIS2_PLACEMENT_3D('',#11496,#8515,#8516);
#7577=AXIS2_PLACEMENT_3D('',#11498,#8517,#8518);
#7578=AXIS2_PLACEMENT_3D('',#11499,#8519,#8520);
#7579=AXIS2_PLACEMENT_3D('',#11501,#8521,#8522);
#7580=AXIS2_PLACEMENT_3D('',#11503,#8523,#8524);
#7581=AXIS2_PLACEMENT_3D('',#11504,#8525,#8526);
#7582=AXIS2_PLACEMENT_3D('',#11506,#8527,#8528);
#7583=AXIS2_PLACEMENT_3D('',#11508,#8529,#8530);
#7584=AXIS2_PLACEMENT_3D('',#11509,#8531,#8532);
#7585=AXIS2_PLACEMENT_3D('',#11511,#8533,#8534);
#7586=AXIS2_PLACEMENT_3D('',#11513,#8535,#8536);
#7587=AXIS2_PLACEMENT_3D('',#11514,#8537,#8538);
#7588=AXIS2_PLACEMENT_3D('',#11516,#8539,#8540);
#7589=AXIS2_PLACEMENT_3D('',#11518,#8541,#8542);
#7590=AXIS2_PLACEMENT_3D('',#11519,#8543,#8544);
#7591=AXIS2_PLACEMENT_3D('',#11521,#8545,#8546);
#7592=AXIS2_PLACEMENT_3D('',#11523,#8547,#8548);
#7593=AXIS2_PLACEMENT_3D('',#11524,#8549,#8550);
#7594=AXIS2_PLACEMENT_3D('',#11526,#8551,#8552);
#7595=AXIS2_PLACEMENT_3D('',#11528,#8553,#8554);
#7596=AXIS2_PLACEMENT_3D('',#11537,#8559,#8560);
#7597=AXIS2_PLACEMENT_3D('',#11543,#8564,#8565);
#7598=AXIS2_PLACEMENT_3D('',#11549,#8569,#8570);
#7599=AXIS2_PLACEMENT_3D('',#11555,#8574,#8575);
#7600=AXIS2_PLACEMENT_3D('',#11561,#8579,#8580);
#7601=AXIS2_PLACEMENT_3D('',#11567,#8584,#8585);
#7602=AXIS2_PLACEMENT_3D('',#11573,#8589,#8590);
#7603=AXIS2_PLACEMENT_3D('',#11576,#8593,#8594);
#7604=AXIS2_PLACEMENT_3D('',#11577,#8595,#8596);
#7605=AXIS2_PLACEMENT_3D('',#11579,#8597,#8598);
#7606=AXIS2_PLACEMENT_3D('',#11581,#8599,#8600);
#7607=AXIS2_PLACEMENT_3D('',#11583,#8601,#8602);
#7608=AXIS2_PLACEMENT_3D('',#11585,#8603,#8604);
#7609=AXIS2_PLACEMENT_3D('',#11587,#8605,#8606);
#7610=AXIS2_PLACEMENT_3D('',#11589,#8607,#8608);
#7611=AXIS2_PLACEMENT_3D('',#11591,#8609,#8610);
#7612=AXIS2_PLACEMENT_3D('',#11593,#8611,#8612);
#7613=AXIS2_PLACEMENT_3D('',#11595,#8614,#8615);
#7614=AXIS2_PLACEMENT_3D('',#11597,#8617,#8618);
#7615=AXIS2_PLACEMENT_3D('',#11599,#8620,#8621);
#7616=AXIS2_PLACEMENT_3D('',#11600,#8622,#8623);
#7617=AXIS2_PLACEMENT_3D('',#11602,#8624,#8625);
#7618=AXIS2_PLACEMENT_3D('',#11604,#8626,#8627);
#7619=AXIS2_PLACEMENT_3D('',#11606,#8628,#8629);
#7620=AXIS2_PLACEMENT_3D('',#11608,#8630,#8631);
#7621=AXIS2_PLACEMENT_3D('',#11610,#8632,#8633);
#7622=AXIS2_PLACEMENT_3D('',#11612,#8634,#8635);
#7623=AXIS2_PLACEMENT_3D('',#11614,#8636,#8637);
#7624=AXIS2_PLACEMENT_3D('',#11616,#8638,#8639);
#7625=AXIS2_PLACEMENT_3D('',#11617,#8640,#8641);
#7626=AXIS2_PLACEMENT_3D('',#11618,#8642,#8643);
#7627=AXIS2_PLACEMENT_3D('',#11619,#8644,#8645);
#7628=AXIS2_PLACEMENT_3D('',#11620,#8646,#8647);
#7629=AXIS2_PLACEMENT_3D('',#11621,#8648,#8649);
#7630=AXIS2_PLACEMENT_3D('',#11622,#8650,#8651);
#7631=AXIS2_PLACEMENT_3D('',#11623,#8652,#8653);
#7632=AXIS2_PLACEMENT_3D('',#11624,#8654,#8655);
#7633=AXIS2_PLACEMENT_3D('',#11625,#8656,#8657);
#7634=AXIS2_PLACEMENT_3D('',#11626,#8658,#8659);
#7635=AXIS2_PLACEMENT_3D('',#11627,#8660,#8661);
#7636=AXIS2_PLACEMENT_3D('',#11628,#8662,#8663);
#7637=AXIS2_PLACEMENT_3D('',#11629,#8664,#8665);
#7638=AXIS2_PLACEMENT_3D('',#11630,#8666,#8667);
#7639=AXIS2_PLACEMENT_3D('',#11631,#8668,#8669);
#7640=AXIS2_PLACEMENT_3D('',#11632,#8670,#8671);
#7641=AXIS2_PLACEMENT_3D('',#11633,#8672,#8673);
#7642=AXIS2_PLACEMENT_3D('',#11634,#8674,#8675);
#7643=AXIS2_PLACEMENT_3D('',#11635,#8676,#8677);
#7644=AXIS2_PLACEMENT_3D('',#11636,#8678,#8679);
#7645=AXIS2_PLACEMENT_3D('',#11637,#8680,#8681);
#7646=AXIS2_PLACEMENT_3D('',#11638,#8682,#8683);
#7647=AXIS2_PLACEMENT_3D('',#11639,#8684,#8685);
#7648=AXIS2_PLACEMENT_3D('',#11640,#8686,#8687);
#7649=DIRECTION('',(0.,0.,1.));
#7650=DIRECTION('',(1.,0.,0.));
#7651=DIRECTION('',(0.,0.,-1.));
#7652=DIRECTION('',(-1.,0.,0.));
#7653=DIRECTION('',(0.,0.,-1.));
#7654=DIRECTION('',(0.,0.,-1.));
#7655=DIRECTION('',(0.,0.,-1.));
#7656=DIRECTION('',(0.,0.,-1.));
#7657=DIRECTION('',(0.,0.,-1.));
#7658=DIRECTION('',(0.,1.,0.));
#7659=DIRECTION('',(0.,0.,1.));
#7660=DIRECTION('',(1.,0.,0.));
#7661=DIRECTION('',(1.,0.,0.));
#7662=DIRECTION('',(0.,0.,-1.));
#7663=DIRECTION('',(0.,0.,-1.));
#7664=DIRECTION('',(0.,0.,1.));
#7665=DIRECTION('',(1.,0.,0.));
#7666=DIRECTION('',(0.,0.,1.));
#7667=DIRECTION('',(1.,0.,0.));
#7668=DIRECTION('',(0.,0.,1.));
#7669=DIRECTION('',(1.,0.,0.));
#7670=DIRECTION('',(0.,0.,-1.));
#7671=DIRECTION('',(0.,-1.,0.));
#7672=DIRECTION('',(0.,0.,-1.));
#7673=DIRECTION('',(-1.,0.,0.));
#7674=DIRECTION('',(-1.,0.,0.));
#7675=DIRECTION('',(0.,0.,-1.));
#7676=DIRECTION('',(0.,0.,-1.));
#7677=DIRECTION('',(-1.,0.,0.));
#7678=DIRECTION('',(0.,0.,-1.));
#7679=DIRECTION('',(-1.,0.,0.));
#7680=DIRECTION('',(0.,0.,-1.));
#7681=DIRECTION('',(-1.,0.,0.));
#7682=DIRECTION('',(0.,1.,0.));
#7683=DIRECTION('',(0.,0.,1.));
#7684=DIRECTION('',(1.,0.,0.));
#7685=DIRECTION('',(1.,0.,0.));
#7686=DIRECTION('',(0.,0.,-1.));
#7687=DIRECTION('',(0.,0.,-1.));
#7688=DIRECTION('',(0.,0.,-1.));
#7689=DIRECTION('',(0.,0.,-1.));
#7690=DIRECTION('',(0.,0.,-1.));
#7691=DIRECTION('',(0.,0.,-1.));
#7692=DIRECTION('',(0.,0.,-1.));
#7693=DIRECTION('',(0.,0.,-1.));
#7694=DIRECTION('',(0.463018065386878,-0.886348842795766,0.));
#7695=DIRECTION('',(0.886348842795766,0.463018065386878,0.));
#7696=DIRECTION('',(-0.886348842795766,-0.463018065386878,0.));
#7697=DIRECTION('',(-0.886348842795766,-0.463018065386878,0.));
#7698=DIRECTION('',(0.,0.,-1.));
#7699=DIRECTION('',(-0.863187758941128,-0.504883048650075,0.));
#7700=DIRECTION('',(0.504883048650075,-0.863187758941128,0.));
#7701=DIRECTION('',(-0.504883048650075,0.863187758941128,0.));
#7702=DIRECTION('',(-0.504883048650075,0.863187758941128,0.));
#7703=DIRECTION('',(0.,0.,-1.));
#7704=DIRECTION('',(-0.467307306754854,0.884094950247724,0.));
#7705=DIRECTION('',(-0.884094950247724,-0.467307306754854,0.));
#7706=DIRECTION('',(0.884094950247724,0.467307306754854,0.));
#7707=DIRECTION('',(0.884094950247724,0.467307306754854,0.));
#7708=DIRECTION('',(0.,0.,-1.));
#7709=DIRECTION('',(-1.,0.,0.));
#7710=DIRECTION('',(0.,0.,1.));
#7711=DIRECTION('',(0.,1.,0.));
#7712=DIRECTION('',(0.,1.,0.));
#7713=DIRECTION('',(0.,0.,-1.));
#7714=DIRECTION('',(0.,0.,-1.));
#7715=DIRECTION('',(0.,0.,1.));
#7716=DIRECTION('',(1.,0.,0.));
#7717=DIRECTION('',(0.,0.,1.));
#7718=DIRECTION('',(1.,0.,0.));
#7719=DIRECTION('',(0.,0.,1.));
#7720=DIRECTION('',(1.,0.,0.));
#7721=DIRECTION('',(0.,0.,-1.));
#7722=DIRECTION('',(0.,0.,-1.));
#7723=DIRECTION('',(0.,0.,1.));
#7724=DIRECTION('',(0.0907906742398665,0.995869998278425,0.));
#7725=DIRECTION('',(0.,0.,1.));
#7726=DIRECTION('',(1.,0.,0.));
#7727=DIRECTION('',(0.,0.,1.));
#7728=DIRECTION('',(1.,0.,0.));
#7729=DIRECTION('',(0.,0.,-1.));
#7730=DIRECTION('',(0.,0.,-1.));
#7731=DIRECTION('',(0.,0.,-1.));
#7732=DIRECTION('',(0.,0.,-1.));
#7733=DIRECTION('',(0.,0.,-1.));
#7734=DIRECTION('',(-1.,0.,0.));
#7735=DIRECTION('',(0.,0.,-1.));
#7736=DIRECTION('',(-1.,0.,0.));
#7737=DIRECTION('',(-0.338535034295869,-0.940953787682634,0.));
#7738=DIRECTION('',(1.,0.,0.));
#7739=DIRECTION('',(-0.341603830689971,0.93984404177392,0.));
#7740=DIRECTION('',(-1.,0.,0.));
#7741=DIRECTION('',(0.940953787682634,-0.338535034295869,0.));
#7742=DIRECTION('',(0.338535034295869,0.940953787682634,0.));
#7743=DIRECTION('',(0.,0.,-1.));
#7744=DIRECTION('',(-0.338535034295869,-0.940953787682634,0.));
#7745=DIRECTION('',(0.,0.,-1.));
#7746=DIRECTION('',(0.,0.,-1.));
#7747=DIRECTION('',(0.,-1.,0.));
#7748=DIRECTION('',(0.,0.,-1.));
#7749=DIRECTION('',(0.,0.,-1.));
#7750=DIRECTION('',(-1.,0.,0.));
#7751=DIRECTION('',(0.,0.,-1.));
#7752=DIRECTION('',(-0.93984404177392,-0.341603830689971,0.));
#7753=DIRECTION('',(0.341603830689971,-0.93984404177392,0.));
#7754=DIRECTION('',(0.,0.,-1.));
#7755=DIRECTION('',(-0.341603830689971,0.93984404177392,0.));
#7756=DIRECTION('',(0.,1.,0.));
#7757=DIRECTION('',(0.,0.,1.));
#7758=DIRECTION('',(1.,0.,0.));
#7759=DIRECTION('',(0.,1.,0.));
#7760=DIRECTION('',(0.,0.,1.));
#7761=DIRECTION('',(1.,0.,0.));
#7762=DIRECTION('',(0.,0.,-1.));
#7763=DIRECTION('',(1.,0.,0.));
#7764=DIRECTION('',(0.,0.,-1.));
#7765=DIRECTION('',(0.936975345944086,0.349395479497032,0.));
#7766=DIRECTION('',(-0.349395479497032,0.936975345944086,0.));
#7767=DIRECTION('',(0.349395479497032,-0.936975345944086,0.));
#7768=DIRECTION('',(0.349395479497032,-0.936975345944086,0.));
#7769=DIRECTION('',(0.,0.,-1.));
#7770=DIRECTION('',(0.,1.,0.));
#7771=DIRECTION('',(0.,0.,1.));
#7772=DIRECTION('',(1.,0.,0.));
#7773=DIRECTION('',(1.,0.,0.));
#7774=DIRECTION('',(0.,0.,-1.));
#7775=DIRECTION('',(-0.943445233079843,0.331528418357945,0.));
#7776=DIRECTION('',(-0.331528418357945,-0.943445233079843,0.));
#7777=DIRECTION('',(0.331528418357945,0.943445233079843,0.));
#7778=DIRECTION('',(0.331528418357945,0.943445233079843,0.));
#7779=DIRECTION('',(0.,0.,-1.));
#7780=DIRECTION('',(0.,1.,0.));
#7781=DIRECTION('',(0.,0.,1.));
#7782=DIRECTION('',(1.,0.,0.));
#7783=DIRECTION('',(1.,0.,0.));
#7784=DIRECTION('',(0.,0.,-1.));
#7785=DIRECTION('',(0.934510438741738,-0.3559357243699,0.));
#7786=DIRECTION('',(0.3559357243699,0.934510438741738,0.));
#7787=DIRECTION('',(-0.3559357243699,-0.934510438741738,0.));
#7788=DIRECTION('',(-0.3559357243699,-0.934510438741738,0.));
#7789=DIRECTION('',(0.,0.,-1.));
#7790=DIRECTION('',(0.,-1.,0.));
#7791=DIRECTION('',(0.,0.,-1.));
#7792=DIRECTION('',(-1.,0.,0.));
#7793=DIRECTION('',(-1.,0.,0.));
#7794=DIRECTION('',(0.,0.,-1.));
#7795=DIRECTION('',(-0.934510438743987,-0.355935724363995,0.));
#7796=DIRECTION('',(0.355935724363995,-0.934510438743987,0.));
#7797=DIRECTION('',(-0.355935724363995,0.934510438743987,0.));
#7798=DIRECTION('',(-0.355935724363995,0.934510438743987,0.));
#7799=DIRECTION('',(0.,0.,-1.));
#7800=DIRECTION('',(-1.,0.,0.));
#7801=DIRECTION('',(0.,0.,-1.));
#7802=DIRECTION('',(-1.,0.,0.));
#7803=DIRECTION('',(-1.,0.,0.));
#7804=DIRECTION('',(0.,-1.,0.));
#7805=DIRECTION('',(1.,0.,0.));
#7806=DIRECTION('',(0.,0.,-1.));
#7807=DIRECTION('',(0.,0.,-1.));
#7808=DIRECTION('',(0.,0.,-1.));
#7809=DIRECTION('',(0.,0.,-1.));
#7810=DIRECTION('',(0.,0.,-1.));
#7811=DIRECTION('',(0.,-1.,0.));
#7812=DIRECTION('',(0.,0.,-1.));
#7813=DIRECTION('',(0.,0.,-1.));
#7814=DIRECTION('',(1.,0.,0.));
#7815=DIRECTION('',(1.,0.,0.));
#7816=DIRECTION('',(0.,0.,-1.));
#7817=DIRECTION('',(0.,0.,-1.));
#7818=DIRECTION('',(0.,-1.,0.));
#7819=DIRECTION('',(0.,1.,0.));
#7820=DIRECTION('',(0.,0.,1.));
#7821=DIRECTION('',(-1.,0.,0.));
#7822=DIRECTION('',(1.,0.,0.));
#7823=DIRECTION('',(0.,0.,-1.));
#7824=DIRECTION('',(0.,-1.,0.));
#7825=DIRECTION('',(0.,0.,-1.));
#7826=DIRECTION('',(0.,-1.,0.));
#7827=DIRECTION('',(0.,0.,-1.));
#7828=DIRECTION('',(0.,-1.,0.));
#7829=DIRECTION('',(0.,0.,-1.));
#7830=DIRECTION('',(-1.,0.,0.));
#7831=DIRECTION('',(-1.,0.,0.));
#7832=DIRECTION('',(0.,0.,-1.));
#7833=DIRECTION('',(0.,0.,-1.));
#7834=DIRECTION('',(0.,0.,-1.));
#7835=DIRECTION('',(0.,0.,-1.));
#7836=DIRECTION('',(0.,0.,-1.));
#7837=DIRECTION('',(0.,1.,0.));
#7838=DIRECTION('',(0.,0.,1.));
#7839=DIRECTION('',(1.,0.,0.));
#7840=DIRECTION('',(1.,0.,0.));
#7841=DIRECTION('',(0.,0.,-1.));
#7842=DIRECTION('',(-1.,0.,0.));
#7843=DIRECTION('',(0.,0.,-1.));
#7844=DIRECTION('',(-1.,0.,0.));
#7845=DIRECTION('',(0.,1.,0.));
#7846=DIRECTION('',(-1.,0.,0.));
#7847=DIRECTION('',(0.,1.,0.));
#7848=DIRECTION('',(1.,0.,0.));
#7849=DIRECTION('',(0.,1.,0.));
#7850=DIRECTION('',(-1.,0.,0.));
#7851=DIRECTION('',(0.,1.,0.));
#7852=DIRECTION('',(1.,0.,0.));
#7853=DIRECTION('',(0.,1.,0.));
#7854=DIRECTION('',(-1.,0.,0.));
#7855=DIRECTION('',(0.,-1.,0.));
#7856=DIRECTION('',(1.,0.,0.));
#7857=DIRECTION('',(0.,1.,0.));
#7858=DIRECTION('',(0.,0.,1.));
#7859=DIRECTION('',(1.,0.,0.));
#7860=DIRECTION('',(0.,0.,-1.));
#7861=DIRECTION('',(0.,0.,-1.));
#7862=DIRECTION('',(1.,0.,0.));
#7863=DIRECTION('',(0.,0.,-1.));
#7864=DIRECTION('',(0.,-1.,0.));
#7865=DIRECTION('',(0.,0.,-1.));
#7866=DIRECTION('',(0.,-1.,0.));
#7867=DIRECTION('',(0.,0.,-1.));
#7868=DIRECTION('',(-1.,0.,0.));
#7869=DIRECTION('',(0.,0.,-1.));
#7870=DIRECTION('',(-1.,0.,0.));
#7871=DIRECTION('',(0.,0.,1.));
#7872=DIRECTION('',(0.,1.,0.));
#7873=DIRECTION('',(0.,0.,-1.));
#7874=DIRECTION('',(0.,1.,0.));
#7875=DIRECTION('',(0.,0.,1.));
#7876=DIRECTION('',(1.,0.,0.));
#7877=DIRECTION('',(0.,0.,-1.));
#7878=DIRECTION('',(-1.,0.,0.));
#7879=DIRECTION('',(0.,0.,1.));
#7880=DIRECTION('',(0.,1.,0.));
#7881=DIRECTION('',(0.,0.,-1.));
#7882=DIRECTION('',(0.,-1.,0.));
#7883=DIRECTION('',(0.,0.,-1.));
#7884=DIRECTION('',(-1.,0.,0.));
#7885=DIRECTION('',(0.,0.,-1.));
#7886=DIRECTION('',(-1.,0.,0.));
#7887=DIRECTION('',(0.,0.,1.));
#7888=DIRECTION('',(0.,1.,0.));
#7889=DIRECTION('',(0.,0.,-1.));
#7890=DIRECTION('',(0.,1.,0.));
#7891=DIRECTION('',(0.,0.,1.));
#7892=DIRECTION('',(1.,0.,0.));
#7893=DIRECTION('',(0.,0.,-1.));
#7894=DIRECTION('',(-1.,0.,0.));
#7895=DIRECTION('',(0.,0.,1.));
#7896=DIRECTION('',(0.,1.,0.));
#7897=DIRECTION('',(0.,0.,-1.));
#7898=DIRECTION('',(0.,-1.,0.));
#7899=DIRECTION('',(0.,0.,-1.));
#7900=DIRECTION('',(-1.,0.,0.));
#7901=DIRECTION('',(0.,0.,-1.));
#7902=DIRECTION('',(-1.,0.,0.));
#7903=DIRECTION('',(0.,0.,1.));
#7904=DIRECTION('',(0.,1.,0.));
#7905=DIRECTION('',(0.,0.,-1.));
#7906=DIRECTION('',(-1.,0.,0.));
#7907=DIRECTION('',(-1.,0.,0.));
#7908=DIRECTION('',(-0.340917796218937,-0.940093110399828,0.));
#7909=DIRECTION('',(0.256068512733086,0.966658635086174,0.));
#7910=DIRECTION('',(-1.,0.,0.));
#7911=DIRECTION('',(-0.252421897188036,0.967617272386139,0.));
#7912=DIRECTION('',(-0.328346164813084,0.944557460429242,0.));
#7913=DIRECTION('',(-1.,0.,0.));
#7914=DIRECTION('',(0.365858921668963,-0.930670322635907,0.));
#7915=DIRECTION('',(-0.389758265065169,-0.920917203017399,0.));
#7916=DIRECTION('',(0.,0.,-1.));
#7917=DIRECTION('',(-1.,0.,0.));
#7918=DIRECTION('',(0.,-1.,0.));
#7919=DIRECTION('',(0.366797678951053,0.930300737781133,0.));
#7920=DIRECTION('',(-0.930300737781133,0.366797678951053,0.));
#7921=DIRECTION('',(-0.366797678951053,-0.930300737781133,0.));
#7922=DIRECTION('',(0.366797678951053,0.930300737781133,0.));
#7923=DIRECTION('',(0.,0.,-1.));
#7924=DIRECTION('',(0.,0.,-1.));
#7925=DIRECTION('',(0.,0.,-1.));
#7926=DIRECTION('',(0.,0.,-1.));
#7927=DIRECTION('',(1.,0.,0.));
#7928=DIRECTION('',(0.,0.,-1.));
#7929=DIRECTION('',(0.,-1.,0.));
#7930=DIRECTION('',(0.,0.,-1.));
#7931=DIRECTION('',(0.,0.,-1.));
#7932=DIRECTION('',(-1.,0.,0.));
#7933=DIRECTION('',(0.,0.,-1.));
#7934=DIRECTION('',(-1.,0.,0.));
#7935=DIRECTION('',(0.,0.,-1.));
#7936=DIRECTION('',(0.,0.,-1.));
#7937=DIRECTION('',(0.920917203017399,-0.389758265065169,0.));
#7938=DIRECTION('',(0.389758265065169,0.920917203017399,0.));
#7939=DIRECTION('',(-0.389758265065169,-0.920917203017399,0.));
#7940=DIRECTION('',(0.,0.,-1.));
#7941=DIRECTION('',(0.930670322635907,0.365858921668963,0.));
#7942=DIRECTION('',(-0.365858921668963,0.930670322635907,0.));
#7943=DIRECTION('',(0.365858921668963,-0.930670322635907,0.));
#7944=DIRECTION('',(0.,0.,-1.));
#7945=DIRECTION('',(0.,-1.,0.));
#7946=DIRECTION('',(0.,0.,-1.));
#7947=DIRECTION('',(-1.,0.,0.));
#7948=DIRECTION('',(0.,0.,-1.));
#7949=DIRECTION('',(-0.944557460429242,-0.328346164813084,0.));
#7950=DIRECTION('',(0.328346164813084,-0.944557460429242,0.));
#7951=DIRECTION('',(-0.328346164813084,0.944557460429242,0.));
#7952=DIRECTION('',(0.,0.,-1.));
#7953=DIRECTION('',(-0.967617272386139,-0.252421897188036,0.));
#7954=DIRECTION('',(0.252421897188036,-0.967617272386139,0.));
#7955=DIRECTION('',(-0.252421897188036,0.967617272386139,0.));
#7956=DIRECTION('',(0.,0.,-1.));
#7957=DIRECTION('',(0.,-1.,0.));
#7958=DIRECTION('',(0.,0.,-1.));
#7959=DIRECTION('',(-1.,0.,0.));
#7960=DIRECTION('',(0.,0.,-1.));
#7961=DIRECTION('',(0.966658635086174,-0.256068512733086,0.));
#7962=DIRECTION('',(0.256068512733086,0.966658635086174,0.));
#7963=DIRECTION('',(0.256068512733086,0.966658635086174,0.));
#7964=DIRECTION('',(0.940093110399828,-0.340917796218937,0.));
#7965=DIRECTION('',(0.340917796218937,0.940093110399828,0.));
#7966=DIRECTION('',(-0.340917796218937,-0.940093110399828,0.));
#7967=DIRECTION('',(0.,0.,-1.));
#7968=DIRECTION('',(0.,-1.,0.));
#7969=DIRECTION('',(0.,0.,-1.));
#7970=DIRECTION('',(-1.,0.,0.));
#7971=DIRECTION('',(0.,0.,-1.));
#7972=DIRECTION('',(-1.,0.,0.));
#7973=DIRECTION('',(0.,-1.,0.));
#7974=DIRECTION('',(0.,0.,-1.));
#7975=DIRECTION('',(-1.,0.,0.));
#7976=DIRECTION('',(0.,1.,0.));
#7977=DIRECTION('',(0.,0.,-1.));
#7978=DIRECTION('',(-1.,0.,0.));
#7979=DIRECTION('',(0.,0.,-1.));
#7980=DIRECTION('',(0.,0.,-1.));
#7981=DIRECTION('',(-1.,0.,0.));
#7982=DIRECTION('',(0.,0.,-1.));
#7983=DIRECTION('',(-1.,0.,0.));
#7984=DIRECTION('',(0.,0.,-1.));
#7985=DIRECTION('',(0.,0.,-1.));
#7986=DIRECTION('',(0.,0.,-1.));
#7987=DIRECTION('',(0.,0.,-1.));
#7988=DIRECTION('',(0.,0.,-1.));
#7989=DIRECTION('',(0.,0.,-1.));
#7990=DIRECTION('',(-1.,0.,0.));
#7991=DIRECTION('',(0.,0.,1.));
#7992=DIRECTION('',(0.,1.,0.));
#7993=DIRECTION('',(0.,0.,-1.));
#7994=DIRECTION('',(0.,0.,-1.));
#7995=DIRECTION('',(-1.,0.,0.));
#7996=DIRECTION('',(0.,0.,-1.));
#7997=DIRECTION('',(-1.,0.,0.));
#7998=DIRECTION('',(0.,0.,-1.));
#7999=DIRECTION('',(0.,0.,-1.));
#8000=DIRECTION('',(0.,0.,-1.));
#8001=DIRECTION('',(0.,0.,-1.));
#8002=DIRECTION('',(0.,0.,-1.));
#8003=DIRECTION('',(0.,0.,-1.));
#8004=DIRECTION('',(0.,0.,-1.));
#8005=DIRECTION('',(0.,0.,-1.));
#8006=DIRECTION('',(0.,0.,-1.));
#8007=DIRECTION('',(1.,0.,0.));
#8008=DIRECTION('',(0.,0.,-1.));
#8009=DIRECTION('',(0.,-1.,0.));
#8010=DIRECTION('',(0.,0.,-1.));
#8011=DIRECTION('',(0.,0.,-1.));
#8012=DIRECTION('',(-1.,0.,0.));
#8013=DIRECTION('',(-0.99106836629976,-0.133354764893968,0.));
#8014=DIRECTION('',(0.,0.,-1.));
#8015=DIRECTION('',(-1.,0.,0.));
#8016=DIRECTION('',(0.,0.,1.));
#8017=DIRECTION('',(1.,0.,0.));
#8018=DIRECTION('',(0.,0.,1.));
#8019=DIRECTION('',(1.,0.,0.));
#8020=DIRECTION('',(0.,1.,0.));
#8021=DIRECTION('',(0.133354764893968,-0.99106836629976,0.));
#8022=DIRECTION('',(0.99106836629976,0.133354764893968,0.));
#8023=DIRECTION('',(0.,0.,-1.));
#8024=DIRECTION('',(-0.99106836629976,-0.133354764893968,0.));
#8025=DIRECTION('',(0.,0.,-1.));
#8026=DIRECTION('',(1.,0.,0.));
#8027=DIRECTION('',(0.,0.,-1.));
#8028=DIRECTION('',(0.,0.,-1.));
#8029=DIRECTION('',(0.,1.,0.));
#8030=DIRECTION('',(0.,0.,1.));
#8031=DIRECTION('',(1.,0.,0.));
#8032=DIRECTION('',(0.,0.,1.));
#8033=DIRECTION('',(1.,0.,0.));
#8034=DIRECTION('',(0.,0.,1.));
#8035=DIRECTION('',(1.,0.,0.));
#8036=DIRECTION('',(0.,0.,1.));
#8037=DIRECTION('',(1.,0.,0.));
#8038=DIRECTION('',(1.,0.,0.));
#8039=DIRECTION('',(0.,0.,-1.));
#8040=DIRECTION('',(0.,0.,-1.));
#8041=DIRECTION('',(-1.,0.,0.));
#8042=DIRECTION('',(0.,0.,-1.));
#8043=DIRECTION('',(0.,0.,-1.));
#8044=DIRECTION('',(-1.,0.,0.));
#8045=DIRECTION('',(0.,0.,1.));
#8046=DIRECTION('',(0.,1.,0.));
#8047=DIRECTION('',(0.,1.,0.));
#8048=DIRECTION('',(0.,0.,-1.));
#8049=DIRECTION('',(0.,1.,0.));
#8050=DIRECTION('',(0.,0.,1.));
#8051=DIRECTION('',(1.,0.,0.));
#8052=DIRECTION('',(1.,0.,0.));
#8053=DIRECTION('',(0.,0.,-1.));
#8054=DIRECTION('',(1.,0.,0.));
#8055=DIRECTION('',(0.,0.,-1.));
#8056=DIRECTION('',(0.,-1.,0.));
#8057=DIRECTION('',(0.,-1.,0.));
#8058=DIRECTION('',(0.,0.,-1.));
#8059=DIRECTION('',(0.,1.,0.));
#8060=DIRECTION('',(0.,0.,1.));
#8061=DIRECTION('',(1.,0.,0.));
#8062=DIRECTION('',(1.,0.,0.));
#8063=DIRECTION('',(0.,0.,-1.));
#8064=DIRECTION('',(0.,0.,1.));
#8065=DIRECTION('',(-0.337281879692061,-0.941403703854722,0.));
#8066=DIRECTION('',(0.,0.,1.));
#8067=DIRECTION('',(1.,0.,0.));
#8068=DIRECTION('',(0.,0.,1.));
#8069=DIRECTION('',(1.,0.,0.));
#8070=DIRECTION('',(0.,0.,-1.));
#8071=DIRECTION('',(0.,0.,-1.));
#8072=DIRECTION('',(0.138741688482024,-0.99032860398817,0.));
#8073=DIRECTION('',(0.99032860398817,0.138741688482024,0.));
#8074=DIRECTION('',(-0.99032860398817,-0.138741688482024,0.));
#8075=DIRECTION('',(-0.99032860398817,-0.138741688482024,0.));
#8076=DIRECTION('',(0.,0.,-1.));
#8077=DIRECTION('',(0.,0.,-1.));
#8078=DIRECTION('',(0.,0.,-1.));
#8079=DIRECTION('',(1.,0.,0.));
#8080=DIRECTION('',(0.,0.,-1.));
#8081=DIRECTION('',(0.,-1.,0.));
#8082=DIRECTION('',(0.,-1.,0.));
#8083=DIRECTION('',(0.,0.,-1.));
#8084=DIRECTION('',(0.,0.,-1.));
#8085=DIRECTION('',(-1.,0.,0.));
#8086=DIRECTION('',(0.,0.,-1.));
#8087=DIRECTION('',(-1.,0.,0.));
#8088=DIRECTION('',(0.,1.,0.));
#8089=DIRECTION('',(-1.,0.,0.));
#8090=DIRECTION('',(0.,1.,0.));
#8091=DIRECTION('',(1.,0.,0.));
#8092=DIRECTION('',(0.,1.,0.));
#8093=DIRECTION('',(-1.,0.,0.));
#8094=DIRECTION('',(0.,1.,0.));
#8095=DIRECTION('',(1.,0.,0.));
#8096=DIRECTION('',(0.,1.,0.));
#8097=DIRECTION('',(-1.,0.,0.));
#8098=DIRECTION('',(0.,-1.,0.));
#8099=DIRECTION('',(1.,0.,0.));
#8100=DIRECTION('',(0.,1.,0.));
#8101=DIRECTION('',(0.,0.,1.));
#8102=DIRECTION('',(1.,0.,0.));
#8103=DIRECTION('',(0.,0.,-1.));
#8104=DIRECTION('',(0.,0.,-1.));
#8105=DIRECTION('',(1.,0.,0.));
#8106=DIRECTION('',(0.,0.,-1.));
#8107=DIRECTION('',(0.,-1.,0.));
#8108=DIRECTION('',(0.,0.,-1.));
#8109=DIRECTION('',(0.,-1.,0.));
#8110=DIRECTION('',(0.,0.,-1.));
#8111=DIRECTION('',(-1.,0.,0.));
#8112=DIRECTION('',(0.,0.,-1.));
#8113=DIRECTION('',(-1.,0.,0.));
#8114=DIRECTION('',(0.,0.,1.));
#8115=DIRECTION('',(0.,1.,0.));
#8116=DIRECTION('',(0.,0.,-1.));
#8117=DIRECTION('',(0.,1.,0.));
#8118=DIRECTION('',(0.,0.,1.));
#8119=DIRECTION('',(1.,0.,0.));
#8120=DIRECTION('',(0.,0.,-1.));
#8121=DIRECTION('',(-1.,0.,0.));
#8122=DIRECTION('',(0.,0.,1.));
#8123=DIRECTION('',(0.,1.,0.));
#8124=DIRECTION('',(0.,0.,-1.));
#8125=DIRECTION('',(0.,-1.,0.));
#8126=DIRECTION('',(0.,0.,-1.));
#8127=DIRECTION('',(-1.,0.,0.));
#8128=DIRECTION('',(0.,0.,-1.));
#8129=DIRECTION('',(-1.,0.,0.));
#8130=DIRECTION('',(0.,0.,1.));
#8131=DIRECTION('',(0.,1.,0.));
#8132=DIRECTION('',(0.,0.,-1.));
#8133=DIRECTION('',(0.,1.,0.));
#8134=DIRECTION('',(0.,0.,1.));
#8135=DIRECTION('',(1.,0.,0.));
#8136=DIRECTION('',(0.,0.,-1.));
#8137=DIRECTION('',(-1.,0.,0.));
#8138=DIRECTION('',(0.,0.,1.));
#8139=DIRECTION('',(0.,1.,0.));
#8140=DIRECTION('',(0.,0.,-1.));
#8141=DIRECTION('',(0.,-1.,0.));
#8142=DIRECTION('',(0.,0.,-1.));
#8143=DIRECTION('',(-1.,0.,0.));
#8144=DIRECTION('',(0.,0.,-1.));
#8145=DIRECTION('',(-1.,0.,0.));
#8146=DIRECTION('',(0.,0.,1.));
#8147=DIRECTION('',(0.,1.,0.));
#8148=DIRECTION('',(0.,0.,-1.));
#8149=DIRECTION('',(-1.,0.,0.));
#8150=DIRECTION('',(-0.338535034314035,-0.940953787676098,0.));
#8151=DIRECTION('',(1.,0.,0.));
#8152=DIRECTION('',(-0.341603830681942,0.939844041776838,0.));
#8153=DIRECTION('',(-1.,0.,0.));
#8154=DIRECTION('',(0.940953787682634,-0.338535034295869,0.));
#8155=DIRECTION('',(0.338535034295869,0.940953787682634,0.));
#8156=DIRECTION('',(0.,0.,-1.));
#8157=DIRECTION('',(-0.338535034314035,-0.940953787676098,0.));
#8158=DIRECTION('',(0.,0.,-1.));
#8159=DIRECTION('',(0.,0.,-1.));
#8160=DIRECTION('',(0.,-1.,0.));
#8161=DIRECTION('',(0.,0.,-1.));
#8162=DIRECTION('',(0.,0.,-1.));
#8163=DIRECTION('',(-1.,0.,0.));
#8164=DIRECTION('',(0.,0.,-1.));
#8165=DIRECTION('',(-0.939844041776838,-0.341603830681942,0.));
#8166=DIRECTION('',(0.341603830681942,-0.939844041776838,0.));
#8167=DIRECTION('',(0.,0.,-1.));
#8168=DIRECTION('',(-0.341603830681942,0.939844041776838,0.));
#8169=DIRECTION('',(0.,1.,0.));
#8170=DIRECTION('',(0.,0.,1.));
#8171=DIRECTION('',(1.,0.,0.));
#8172=DIRECTION('',(0.,1.,0.));
#8173=DIRECTION('',(0.,0.,1.));
#8174=DIRECTION('',(1.,0.,0.));
#8175=DIRECTION('',(0.,0.,-1.));
#8176=DIRECTION('',(1.,0.,0.));
#8177=DIRECTION('',(0.,0.,-1.));
#8178=DIRECTION('',(0.936975345944086,0.349395479497032,0.));
#8179=DIRECTION('',(-0.349395479497032,0.936975345944086,0.));
#8180=DIRECTION('',(0.349395479469176,-0.936975345954473,0.));
#8181=DIRECTION('',(0.349395479469176,-0.936975345954473,0.));
#8182=DIRECTION('',(0.,0.,-1.));
#8183=DIRECTION('',(0.,1.,0.));
#8184=DIRECTION('',(0.,0.,1.));
#8185=DIRECTION('',(1.,0.,0.));
#8186=DIRECTION('',(1.,0.,0.));
#8187=DIRECTION('',(0.,0.,-1.));
#8188=DIRECTION('',(-0.943445233082565,0.331528418350198,0.));
#8189=DIRECTION('',(-0.331528418350198,-0.943445233082565,0.));
#8190=DIRECTION('',(0.331528418350198,0.943445233082565,0.));
#8191=DIRECTION('',(0.331528418350198,0.943445233082565,0.));
#8192=DIRECTION('',(0.,0.,-1.));
#8193=DIRECTION('',(0.,1.,0.));
#8194=DIRECTION('',(0.,0.,1.));
#8195=DIRECTION('',(1.,0.,0.));
#8196=DIRECTION('',(1.,0.,0.));
#8197=DIRECTION('',(0.,0.,-1.));
#8198=DIRECTION('',(0.934510438743987,-0.355935724363995,0.));
#8199=DIRECTION('',(0.355935724363995,0.934510438743987,0.));
#8200=DIRECTION('',(-0.355935724363995,-0.934510438743987,0.));
#8201=DIRECTION('',(-0.355935724363995,-0.934510438743987,0.));
#8202=DIRECTION('',(0.,0.,-1.));
#8203=DIRECTION('',(0.,-1.,0.));
#8204=DIRECTION('',(0.,0.,-1.));
#8205=DIRECTION('',(-1.,0.,0.));
#8206=DIRECTION('',(-1.,0.,0.));
#8207=DIRECTION('',(0.,0.,-1.));
#8208=DIRECTION('',(-0.934510438741738,-0.3559357243699,0.));
#8209=DIRECTION('',(0.3559357243699,-0.934510438741738,0.));
#8210=DIRECTION('',(-0.3559357243699,0.934510438741738,0.));
#8211=DIRECTION('',(-0.3559357243699,0.934510438741738,0.));
#8212=DIRECTION('',(0.,0.,-1.));
#8213=DIRECTION('',(-1.,0.,0.));
#8214=DIRECTION('',(0.,0.,-1.));
#8215=DIRECTION('',(-1.,0.,0.));
#8216=DIRECTION('',(-1.,0.,0.));
#8217=DIRECTION('',(0.,-1.,0.));
#8218=DIRECTION('',(1.,0.,0.));
#8219=DIRECTION('',(0.,0.,-1.));
#8220=DIRECTION('',(0.,0.,-1.));
#8221=DIRECTION('',(0.,0.,-1.));
#8222=DIRECTION('',(0.,0.,-1.));
#8223=DIRECTION('',(0.,0.,-1.));
#8224=DIRECTION('',(0.,-1.,0.));
#8225=DIRECTION('',(0.,0.,-1.));
#8226=DIRECTION('',(0.,0.,-1.));
#8227=DIRECTION('',(1.,0.,0.));
#8228=DIRECTION('',(1.,0.,0.));
#8229=DIRECTION('',(0.,0.,-1.));
#8230=DIRECTION('',(0.,0.,-1.));
#8231=DIRECTION('',(0.,-1.,0.));
#8232=DIRECTION('',(0.,1.,0.));
#8233=DIRECTION('',(0.,0.,1.));
#8234=DIRECTION('',(-1.,0.,0.));
#8235=DIRECTION('',(1.,0.,0.));
#8236=DIRECTION('',(0.,0.,-1.));
#8237=DIRECTION('',(0.,-1.,0.));
#8238=DIRECTION('',(0.,0.,-1.));
#8239=DIRECTION('',(0.,-1.,0.));
#8240=DIRECTION('',(0.,0.,-1.));
#8241=DIRECTION('',(0.,-1.,0.));
#8242=DIRECTION('',(0.,0.,-1.));
#8243=DIRECTION('',(-1.,0.,0.));
#8244=DIRECTION('',(-1.,0.,0.));
#8245=DIRECTION('',(0.,0.,-1.));
#8246=DIRECTION('',(0.,0.,-1.));
#8247=DIRECTION('',(0.,0.,-1.));
#8248=DIRECTION('',(0.,0.,-1.));
#8249=DIRECTION('',(0.,0.,-1.));
#8250=DIRECTION('',(0.,1.,0.));
#8251=DIRECTION('',(0.,0.,1.));
#8252=DIRECTION('',(1.,0.,0.));
#8253=DIRECTION('',(1.,0.,0.));
#8254=DIRECTION('',(0.,0.,-1.));
#8255=DIRECTION('',(-1.,0.,0.));
#8256=DIRECTION('',(0.,0.,-1.));
#8257=DIRECTION('',(-1.,0.,0.));
#8258=DIRECTION('',(0.,1.,0.));
#8259=DIRECTION('',(-1.,0.,0.));
#8260=DIRECTION('',(0.,1.,0.));
#8261=DIRECTION('',(1.,0.,0.));
#8262=DIRECTION('',(0.,1.,0.));
#8263=DIRECTION('',(-1.,0.,0.));
#8264=DIRECTION('',(0.,1.,0.));
#8265=DIRECTION('',(1.,0.,0.));
#8266=DIRECTION('',(0.,1.,0.));
#8267=DIRECTION('',(-1.,0.,0.));
#8268=DIRECTION('',(0.,-1.,0.));
#8269=DIRECTION('',(1.,0.,0.));
#8270=DIRECTION('',(0.,1.,0.));
#8271=DIRECTION('',(0.,0.,1.));
#8272=DIRECTION('',(1.,0.,0.));
#8273=DIRECTION('',(0.,0.,-1.));
#8274=DIRECTION('',(0.,0.,-1.));
#8275=DIRECTION('',(1.,0.,0.));
#8276=DIRECTION('',(0.,0.,-1.));
#8277=DIRECTION('',(0.,-1.,0.));
#8278=DIRECTION('',(0.,0.,-1.));
#8279=DIRECTION('',(0.,-1.,0.));
#8280=DIRECTION('',(0.,0.,-1.));
#8281=DIRECTION('',(-1.,0.,0.));
#8282=DIRECTION('',(0.,0.,-1.));
#8283=DIRECTION('',(-1.,0.,0.));
#8284=DIRECTION('',(0.,0.,1.));
#8285=DIRECTION('',(0.,1.,0.));
#8286=DIRECTION('',(0.,0.,-1.));
#8287=DIRECTION('',(0.,1.,0.));
#8288=DIRECTION('',(0.,0.,1.));
#8289=DIRECTION('',(1.,0.,0.));
#8290=DIRECTION('',(0.,0.,-1.));
#8291=DIRECTION('',(-1.,0.,0.));
#8292=DIRECTION('',(0.,0.,1.));
#8293=DIRECTION('',(0.,1.,0.));
#8294=DIRECTION('',(0.,0.,-1.));
#8295=DIRECTION('',(0.,-1.,0.));
#8296=DIRECTION('',(0.,0.,-1.));
#8297=DIRECTION('',(-1.,0.,0.));
#8298=DIRECTION('',(0.,0.,-1.));
#8299=DIRECTION('',(-1.,0.,0.));
#8300=DIRECTION('',(0.,0.,1.));
#8301=DIRECTION('',(0.,1.,0.));
#8302=DIRECTION('',(0.,0.,-1.));
#8303=DIRECTION('',(0.,1.,0.));
#8304=DIRECTION('',(0.,0.,1.));
#8305=DIRECTION('',(1.,0.,0.));
#8306=DIRECTION('',(0.,0.,-1.));
#8307=DIRECTION('',(-1.,0.,0.));
#8308=DIRECTION('',(0.,0.,1.));
#8309=DIRECTION('',(0.,1.,0.));
#8310=DIRECTION('',(0.,0.,-1.));
#8311=DIRECTION('',(0.,-1.,0.));
#8312=DIRECTION('',(0.,0.,-1.));
#8313=DIRECTION('',(-1.,0.,0.));
#8314=DIRECTION('',(0.,0.,-1.));
#8315=DIRECTION('',(-1.,0.,0.));
#8316=DIRECTION('',(0.,0.,1.));
#8317=DIRECTION('',(0.,1.,0.));
#8318=DIRECTION('',(0.,0.,-1.));
#8319=DIRECTION('',(-1.,0.,0.));
#8320=DIRECTION('',(0.,1.,0.));
#8321=DIRECTION('',(0.,1.,0.));
#8322=DIRECTION('',(0.,0.,-1.));
#8323=DIRECTION('',(0.,0.,-1.));
#8324=DIRECTION('',(0.,0.,-1.));
#8325=DIRECTION('',(0.,0.,-1.));
#8326=DIRECTION('',(0.,0.,-1.));
#8327=DIRECTION('',(0.,0.,-1.));
#8328=DIRECTION('',(-1.,0.,0.));
#8329=DIRECTION('',(0.,0.,1.));
#8330=DIRECTION('',(0.,1.,0.));
#8331=DIRECTION('',(0.,0.,-1.));
#8332=DIRECTION('',(0.,0.,-1.));
#8333=DIRECTION('',(0.,0.,-1.));
#8334=DIRECTION('',(0.,0.,-1.));
#8335=DIRECTION('',(0.,0.,-1.));
#8336=DIRECTION('',(0.,0.,-1.));
#8337=DIRECTION('',(0.,0.,-1.));
#8338=DIRECTION('',(-1.,0.,0.));
#8339=DIRECTION('',(0.,0.,1.));
#8340=DIRECTION('',(0.,1.,0.));
#8341=DIRECTION('',(0.,0.,-1.));
#8342=DIRECTION('',(0.,0.,-1.));
#8343=DIRECTION('',(-1.,0.,0.));
#8344=DIRECTION('',(0.,1.,0.));
#8345=DIRECTION('',(-1.,0.,0.));
#8346=DIRECTION('',(0.,1.,0.));
#8347=DIRECTION('',(-1.,0.,0.));
#8348=DIRECTION('',(0.,-1.,0.));
#8349=DIRECTION('',(1.,0.,0.));
#8350=DIRECTION('',(0.,1.,0.));
#8351=DIRECTION('',(0.,0.,1.));
#8352=DIRECTION('',(1.,0.,0.));
#8353=DIRECTION('',(0.,0.,-1.));
#8354=DIRECTION('',(0.,0.,-1.));
#8355=DIRECTION('',(1.,0.,0.));
#8356=DIRECTION('',(0.,0.,-1.));
#8357=DIRECTION('',(0.,-1.,0.));
#8358=DIRECTION('',(0.,0.,-1.));
#8359=DIRECTION('',(0.,-1.,0.));
#8360=DIRECTION('',(0.,0.,-1.));
#8361=DIRECTION('',(-1.,0.,0.));
#8362=DIRECTION('',(0.,0.,-1.));
#8363=DIRECTION('',(-1.,0.,0.));
#8364=DIRECTION('',(0.,0.,1.));
#8365=DIRECTION('',(0.,1.,0.));
#8366=DIRECTION('',(0.,0.,-1.));
#8367=DIRECTION('',(0.,-1.,0.));
#8368=DIRECTION('',(0.,0.,-1.));
#8369=DIRECTION('',(-1.,0.,0.));
#8370=DIRECTION('',(0.,0.,-1.));
#8371=DIRECTION('',(-1.,0.,0.));
#8372=DIRECTION('',(0.,0.,1.));
#8373=DIRECTION('',(0.,1.,0.));
#8374=DIRECTION('',(0.573576436351011,-0.819152044289016,0.));
#8375=DIRECTION('',(0.819152044289016,0.573576436351011,0.));
#8376=DIRECTION('',(0.,0.,-1.));
#8377=DIRECTION('',(-0.819152044289016,-0.573576436351011,-1.98999301881104E-16));
#8378=DIRECTION('',(0.,-8.326672684689E-17,-1.));
#8379=DIRECTION('',(-0.819152044289016,-0.573576436351011,0.));
#8380=DIRECTION('',(1.,0.,0.));
#8381=DIRECTION('',(0.,1.,0.));
#8382=DIRECTION('',(0.,0.,-1.));
#8383=DIRECTION('',(-5.421010862428E-16,-1.,-3.469446951954E-16));
#8384=DIRECTION('',(-5.421010862428E-16,-1.,0.));
#8385=DIRECTION('',(0.,1.,0.));
#8386=DIRECTION('',(0.,0.,1.));
#8387=DIRECTION('',(0.,0.,-1.));
#8388=DIRECTION('',(1.,0.,0.));
#8389=DIRECTION('',(1.,0.,0.));
#8390=DIRECTION('',(-1.,0.,0.));
#8391=DIRECTION('',(0.,0.,1.));
#8392=DIRECTION('',(0.,0.,-1.));
#8393=DIRECTION('',(0.,1.,3.469446951954E-16));
#8394=DIRECTION('',(0.,1.,0.));
#8395=DIRECTION('',(-0.573576436351011,-0.819152044289016,0.));
#8396=DIRECTION('',(0.819152044289016,-0.573576436351011,0.));
#8397=DIRECTION('',(0.,8.326672684689E-17,1.));
#8398=DIRECTION('',(-0.819152044289016,0.573576436351011,1.98999301881104E-16));
#8399=DIRECTION('',(-0.819152044289016,0.573576436351011,0.));
#8400=DIRECTION('',(-1.,0.,0.));
#8401=DIRECTION('',(-1.,0.,0.));
#8402=DIRECTION('',(1.,0.,0.));
#8403=DIRECTION('',(1.,0.,0.));
#8404=DIRECTION('',(0.,0.,1.));
#8405=DIRECTION('',(1.,0.,0.));
#8406=DIRECTION('',(1.,0.,0.));
#8407=DIRECTION('',(0.,1.,0.));
#8408=DIRECTION('',(0.,1.,0.));
#8409=DIRECTION('',(0.,0.,-1.));
#8410=DIRECTION('',(-1.,0.,0.));
#8411=DIRECTION('',(-1.,1.284980352575E-16,0.));
#8412=DIRECTION('',(0.,1.,0.));
#8413=DIRECTION('',(0.,1.,0.));
#8414=DIRECTION('',(-1.,0.,0.));
#8415=DIRECTION('',(0.,0.,1.));
#8416=DIRECTION('',(0.,1.,3.469446951954E-16));
#8417=DIRECTION('',(0.,0.,1.));
#8418=DIRECTION('',(0.,1.,0.));
#8419=DIRECTION('',(0.,1.,3.469446951954E-16));
#8420=DIRECTION('',(0.,0.,1.));
#8421=DIRECTION('',(0.,-1.,0.));
#8422=DIRECTION('',(0.,1.,3.469446951954E-16));
#8423=DIRECTION('',(1.,0.,0.));
#8424=DIRECTION('',(0.,0.,-1.));
#8425=DIRECTION('',(0.,1.,3.469446951954E-16));
#8426=DIRECTION('',(0.,-1.,0.));
#8427=DIRECTION('',(0.,0.,-1.));
#8428=DIRECTION('',(0.,0.,-1.));
#8429=DIRECTION('',(0.,1.,0.));
#8430=DIRECTION('',(-1.284980352575E-16,-1.,0.));
#8431=DIRECTION('',(1.,-1.284980352575E-16,0.));
#8432=DIRECTION('',(-1.,1.284980352575E-16,0.));
#8433=DIRECTION('',(0.,0.,-1.));
#8434=DIRECTION('',(-1.,1.284980352575E-16,0.));
#8435=DIRECTION('',(0.,0.,-1.));
#8436=DIRECTION('',(-1.,1.284980352575E-16,0.));
#8437=DIRECTION('',(0.,0.,-1.));
#8438=DIRECTION('',(-1.,0.,0.));
#8439=DIRECTION('',(0.,-1.,0.));
#8440=DIRECTION('',(1.,0.,0.));
#8441=DIRECTION('',(9.130123557773E-17,1.,0.));
#8442=DIRECTION('',(1.,0.,0.));
#8443=DIRECTION('',(0.,1.,0.));
#8444=DIRECTION('',(1.156482317318E-16,-1.,0.));
#8445=DIRECTION('',(0.,0.,-1.));
#8446=DIRECTION('',(9.130123557773E-17,1.,0.));
#8447=DIRECTION('',(0.,0.,-1.));
#8448=DIRECTION('',(1.284980352575E-16,-1.,0.));
#8449=DIRECTION('',(1.,1.284980352575E-16,0.));
#8450=DIRECTION('',(-1.,-1.284980352575E-16,0.));
#8451=DIRECTION('',(0.,0.,-1.));
#8452=DIRECTION('',(-1.,0.,0.));
#8453=DIRECTION('',(0.,-1.,0.));
#8454=DIRECTION('',(-1.156482317318E-16,1.,0.));
#8455=DIRECTION('',(0.,-1.,0.));
#8456=DIRECTION('',(0.,0.,-1.));
#8457=DIRECTION('',(0.,0.,-1.));
#8458=DIRECTION('',(-1.,0.,0.));
#8459=DIRECTION('',(0.,0.,1.));
#8460=DIRECTION('',(1.,0.,0.));
#8461=DIRECTION('',(0.,0.,1.));
#8462=DIRECTION('',(1.,0.,0.));
#8463=DIRECTION('',(0.,0.,-1.));
#8464=DIRECTION('',(-1.,0.,0.));
#8465=DIRECTION('',(0.,0.,1.));
#8466=DIRECTION('',(1.,0.,0.));
#8467=DIRECTION('',(0.,0.,1.));
#8468=DIRECTION('',(1.,0.,0.));
#8469=DIRECTION('',(0.,0.,-1.));
#8470=DIRECTION('',(-1.,0.,0.));
#8471=DIRECTION('',(0.,0.,1.));
#8472=DIRECTION('',(1.,0.,0.));
#8473=DIRECTION('',(0.,0.,1.));
#8474=DIRECTION('',(1.,0.,0.));
#8475=DIRECTION('',(0.,0.,-1.));
#8476=DIRECTION('',(-1.,0.,0.));
#8477=DIRECTION('',(0.,0.,1.));
#8478=DIRECTION('',(1.,0.,0.));
#8479=DIRECTION('',(0.,0.,1.));
#8480=DIRECTION('',(1.,0.,0.));
#8481=DIRECTION('',(0.,0.,-1.));
#8482=DIRECTION('',(-1.,0.,0.));
#8483=DIRECTION('',(0.,0.,1.));
#8484=DIRECTION('',(1.,0.,0.));
#8485=DIRECTION('',(0.,0.,1.));
#8486=DIRECTION('',(1.,0.,0.));
#8487=DIRECTION('',(0.,0.,-1.));
#8488=DIRECTION('',(-1.,0.,0.));
#8489=DIRECTION('',(0.,0.,1.));
#8490=DIRECTION('',(1.,0.,0.));
#8491=DIRECTION('',(0.,0.,1.));
#8492=DIRECTION('',(1.,0.,0.));
#8493=DIRECTION('',(0.,0.,-1.));
#8494=DIRECTION('',(-1.,0.,0.));
#8495=DIRECTION('',(0.,0.,1.));
#8496=DIRECTION('',(1.,0.,0.));
#8497=DIRECTION('',(0.,0.,1.));
#8498=DIRECTION('',(1.,0.,0.));
#8499=DIRECTION('',(0.,0.,-1.));
#8500=DIRECTION('',(-1.,0.,0.));
#8501=DIRECTION('',(0.,0.,1.));
#8502=DIRECTION('',(1.,0.,0.));
#8503=DIRECTION('',(0.,0.,1.));
#8504=DIRECTION('',(1.,0.,0.));
#8505=DIRECTION('',(0.,0.,-1.));
#8506=DIRECTION('',(-1.,0.,0.));
#8507=DIRECTION('',(0.,0.,1.));
#8508=DIRECTION('',(-1.,0.,0.));
#8509=DIRECTION('',(0.,0.,1.));
#8510=DIRECTION('',(-1.,0.,0.));
#8511=DIRECTION('',(0.,0.,-1.));
#8512=DIRECTION('',(-1.,0.,0.));
#8513=DIRECTION('',(0.,0.,1.));
#8514=DIRECTION('',(-1.,0.,0.));
#8515=DIRECTION('',(0.,0.,1.));
#8516=DIRECTION('',(-1.,0.,0.));
#8517=DIRECTION('',(0.,0.,-1.));
#8518=DIRECTION('',(-1.,0.,0.));
#8519=DIRECTION('',(0.,0.,1.));
#8520=DIRECTION('',(1.,0.,0.));
#8521=DIRECTION('',(0.,0.,1.));
#8522=DIRECTION('',(1.,0.,0.));
#8523=DIRECTION('',(0.,0.,-1.));
#8524=DIRECTION('',(-1.,0.,0.));
#8525=DIRECTION('',(0.,0.,1.));
#8526=DIRECTION('',(1.,0.,0.));
#8527=DIRECTION('',(0.,0.,1.));
#8528=DIRECTION('',(1.,0.,0.));
#8529=DIRECTION('',(0.,0.,-1.));
#8530=DIRECTION('',(-1.,0.,0.));
#8531=DIRECTION('',(0.,0.,1.));
#8532=DIRECTION('',(-1.,0.,0.));
#8533=DIRECTION('',(0.,0.,1.));
#8534=DIRECTION('',(-1.,0.,0.));
#8535=DIRECTION('',(0.,0.,-1.));
#8536=DIRECTION('',(-1.,0.,0.));
#8537=DIRECTION('',(0.,0.,1.));
#8538=DIRECTION('',(-1.,0.,0.));
#8539=DIRECTION('',(0.,0.,1.));
#8540=DIRECTION('',(-1.,0.,0.));
#8541=DIRECTION('',(0.,0.,-1.));
#8542=DIRECTION('',(-1.,0.,0.));
#8543=DIRECTION('',(0.,0.,1.));
#8544=DIRECTION('',(1.,0.,0.));
#8545=DIRECTION('',(0.,0.,1.));
#8546=DIRECTION('',(1.,0.,0.));
#8547=DIRECTION('',(0.,0.,-1.));
#8548=DIRECTION('',(-1.,0.,0.));
#8549=DIRECTION('',(0.,0.,1.));
#8550=DIRECTION('',(1.,0.,0.));
#8551=DIRECTION('',(0.,0.,1.));
#8552=DIRECTION('',(1.,0.,0.));
#8553=DIRECTION('',(1.,0.,0.));
#8554=DIRECTION('',(0.,1.,0.));
#8555=DIRECTION('',(-3.035766082959E-15,-1.,0.));
#8556=DIRECTION('',(0.,0.,-1.));
#8557=DIRECTION('',(-3.035766082959E-15,-1.,0.));
#8558=DIRECTION('',(0.,0.,-1.));
#8559=DIRECTION('',(0.,1.,0.));
#8560=DIRECTION('',(0.,0.,1.));
#8561=DIRECTION('',(1.,0.,0.));
#8562=DIRECTION('',(1.,0.,0.));
#8563=DIRECTION('',(0.,0.,-1.));
#8564=DIRECTION('',(-1.,0.,0.));
#8565=DIRECTION('',(0.,-1.,0.));
#8566=DIRECTION('',(3.035766082959E-15,1.,0.));
#8567=DIRECTION('',(3.035766082959E-15,1.,0.));
#8568=DIRECTION('',(0.,0.,-1.));
#8569=DIRECTION('',(0.,1.,0.));
#8570=DIRECTION('',(0.,0.,1.));
#8571=DIRECTION('',(1.,0.,0.));
#8572=DIRECTION('',(1.,0.,0.));
#8573=DIRECTION('',(0.,0.,-1.));
#8574=DIRECTION('',(1.,0.,0.));
#8575=DIRECTION('',(0.,0.,-1.));
#8576=DIRECTION('',(0.,-1.,0.));
#8577=DIRECTION('',(0.,-1.,0.));
#8578=DIRECTION('',(0.,0.,-1.));
#8579=DIRECTION('',(0.,-1.,0.));
#8580=DIRECTION('',(0.,0.,-1.));
#8581=DIRECTION('',(-1.,0.,0.));
#8582=DIRECTION('',(-1.,0.,0.));
#8583=DIRECTION('',(0.,0.,-1.));
#8584=DIRECTION('',(-1.,0.,0.));
#8585=DIRECTION('',(0.,0.,1.));
#8586=DIRECTION('',(0.,1.,0.));
#8587=DIRECTION('',(0.,1.,0.));
#8588=DIRECTION('',(0.,0.,-1.));
#8589=DIRECTION('',(0.,1.,0.));
#8590=DIRECTION('',(0.,0.,1.));
#8591=DIRECTION('',(1.,0.,0.));
#8592=DIRECTION('',(1.,0.,0.));
#8593=DIRECTION('',(0.,0.,-1.));
#8594=DIRECTION('',(-1.,0.,0.));
#8595=DIRECTION('',(0.,0.,1.));
#8596=DIRECTION('',(-1.,0.,0.));
#8597=DIRECTION('',(0.,0.,1.));
#8598=DIRECTION('',(-1.,0.,0.));
#8599=DIRECTION('',(0.,0.,1.));
#8600=DIRECTION('',(-1.,0.,0.));
#8601=DIRECTION('',(0.,0.,1.));
#8602=DIRECTION('',(-1.,0.,0.));
#8603=DIRECTION('',(0.,0.,1.));
#8604=DIRECTION('',(-1.,0.,0.));
#8605=DIRECTION('',(0.,0.,1.));
#8606=DIRECTION('',(-1.,0.,0.));
#8607=DIRECTION('',(0.,0.,1.));
#8608=DIRECTION('',(-1.,0.,0.));
#8609=DIRECTION('',(0.,0.,1.));
#8610=DIRECTION('',(-1.,0.,0.));
#8611=DIRECTION('',(0.,0.,-1.));
#8612=DIRECTION('',(-1.,0.,0.));
#8613=DIRECTION('',(1.,1.284980352575E-16,0.));
#8614=DIRECTION('',(0.,0.,-1.));
#8615=DIRECTION('',(-1.,0.,0.));
#8616=DIRECTION('',(1.,1.284980352575E-16,0.));
#8617=DIRECTION('',(-1.284980352575E-16,1.,0.));
#8618=DIRECTION('',(-1.,-1.284980352575E-16,0.));
#8619=DIRECTION('',(1.,1.284980352575E-16,0.));
#8620=DIRECTION('',(0.,0.,-1.));
#8621=DIRECTION('',(-1.,0.,0.));
#8622=DIRECTION('',(0.,0.,1.));
#8623=DIRECTION('',(-1.,0.,0.));
#8624=DIRECTION('',(0.,0.,1.));
#8625=DIRECTION('',(-1.,0.,0.));
#8626=DIRECTION('',(0.,0.,1.));
#8627=DIRECTION('',(-1.,0.,0.));
#8628=DIRECTION('',(0.,0.,1.));
#8629=DIRECTION('',(-1.,0.,0.));
#8630=DIRECTION('',(0.,0.,1.));
#8631=DIRECTION('',(-1.,0.,0.));
#8632=DIRECTION('',(0.,0.,1.));
#8633=DIRECTION('',(-1.,0.,0.));
#8634=DIRECTION('',(0.,0.,1.));
#8635=DIRECTION('',(-1.,0.,0.));
#8636=DIRECTION('',(0.,0.,1.));
#8637=DIRECTION('',(-1.,0.,0.));
#8638=DIRECTION('',(0.,0.,-1.));
#8639=DIRECTION('',(-1.,0.,0.));
#8640=DIRECTION('',(0.,0.,-1.));
#8641=DIRECTION('',(-1.,0.,0.));
#8642=DIRECTION('',(0.,0.,-1.));
#8643=DIRECTION('',(-1.,0.,0.));
#8644=DIRECTION('',(0.,0.,-1.));
#8645=DIRECTION('',(-1.,0.,0.));
#8646=DIRECTION('',(0.,0.,-1.));
#8647=DIRECTION('',(-1.,0.,0.));
#8648=DIRECTION('',(0.,0.,-1.));
#8649=DIRECTION('',(-1.,0.,0.));
#8650=DIRECTION('',(0.,0.,-1.));
#8651=DIRECTION('',(-1.,0.,0.));
#8652=DIRECTION('',(0.,0.,-1.));
#8653=DIRECTION('',(-1.,0.,0.));
#8654=DIRECTION('',(0.,0.,-1.));
#8655=DIRECTION('',(-1.,0.,0.));
#8656=DIRECTION('',(0.,0.,-1.));
#8657=DIRECTION('',(-1.,0.,0.));
#8658=DIRECTION('',(0.,0.,-1.));
#8659=DIRECTION('',(-1.,0.,0.));
#8660=DIRECTION('',(0.,0.,-1.));
#8661=DIRECTION('',(-1.,0.,0.));
#8662=DIRECTION('',(0.,0.,-1.));
#8663=DIRECTION('',(-1.,0.,0.));
#8664=DIRECTION('',(0.,0.,-1.));
#8665=DIRECTION('',(-1.,0.,0.));
#8666=DIRECTION('',(0.,0.,-1.));
#8667=DIRECTION('',(-1.,0.,0.));
#8668=DIRECTION('',(0.,0.,-1.));
#8669=DIRECTION('',(-1.,0.,0.));
#8670=DIRECTION('',(0.,0.,-1.));
#8671=DIRECTION('',(-1.,0.,0.));
#8672=DIRECTION('',(0.,0.,-1.));
#8673=DIRECTION('',(-1.,0.,0.));
#8674=DIRECTION('',(0.,0.,-1.));
#8675=DIRECTION('',(-1.,0.,0.));
#8676=DIRECTION('',(0.,0.,-1.));
#8677=DIRECTION('',(-1.,0.,0.));
#8678=DIRECTION('',(0.,0.,-1.));
#8679=DIRECTION('',(-1.,0.,0.));
#8680=DIRECTION('',(0.,0.,-1.));
#8681=DIRECTION('',(-1.,0.,0.));
#8682=DIRECTION('',(0.,0.,-1.));
#8683=DIRECTION('',(-1.,0.,0.));
#8684=DIRECTION('',(0.,0.,-1.));
#8685=DIRECTION('',(-1.,0.,0.));
#8686=DIRECTION('',(0.,0.,1.));
#8687=DIRECTION('',(1.,0.,0.));
#8688=CARTESIAN_POINT('',(0.,0.,0.));
#8689=CARTESIAN_POINT('',(0.,0.,0.0041));
#8690=CARTESIAN_POINT('',(-0.00872176264726,0.011550949060032,0.0041));
#8691=CARTESIAN_POINT('',(-0.008782494119455,0.011550949060032,0.0041));
#8692=CARTESIAN_POINT('',(-0.008834549635533,0.011501785474168,0.0041));
#8693=CARTESIAN_POINT('',(-0.008834549635533,0.01137453855903,0.0041));
#8694=CARTESIAN_POINT('',(-0.008782494119455,0.011325374973167,0.0041));
#8695=CARTESIAN_POINT('',(-0.00872176264726,0.011325374973167,0.0041));
#8696=CARTESIAN_POINT('',(-0.00872176264726,0.011550949060032,0.0041));
#8697=CARTESIAN_POINT('',(-0.00872176264726,0.011325374973167,0.0041));
#8698=CARTESIAN_POINT('',(-0.00872176264726,0.011325374973167,0.0041));
#8699=CARTESIAN_POINT('',(-0.008658139244852,0.011325374973167,0.0041));
#8700=CARTESIAN_POINT('',(-0.008608975658988,0.011377430599563,0.0041));
#8701=CARTESIAN_POINT('',(-0.008608975658988,0.011438162016599,0.0041));
#8702=CARTESIAN_POINT('',(-0.008608975658988,0.011501785474168,0.0041));
#8703=CARTESIAN_POINT('',(-0.008661031175064,0.011550949060032,0.0041));
#8704=CARTESIAN_POINT('',(-0.00872176264726,0.011550949060032,0.0041));
#8705=CARTESIAN_POINT('',(-0.00872176264726,0.011550949060032,0.004101));
#8706=CARTESIAN_POINT('',(-0.00872176264726,0.011550949060032,0.0041));
#8707=CARTESIAN_POINT('',(-0.008782494119455,0.011550949060032,0.004101));
#8708=CARTESIAN_POINT('',(-0.008782494119455,0.011550949060032,0.0041));
#8709=CARTESIAN_POINT('',(-0.008834549635533,0.011501785474168,0.004101));
#8710=CARTESIAN_POINT('',(-0.008834549635533,0.011501785474168,0.0041));
#8711=CARTESIAN_POINT('',(-0.008834549635533,0.01137453855903,0.004101));
#8712=CARTESIAN_POINT('',(-0.008834549635533,0.01137453855903,0.0041));
#8713=CARTESIAN_POINT('',(-0.008782494119455,0.011325374973167,0.004101));
#8714=CARTESIAN_POINT('',(-0.008782494119455,0.011325374973167,0.0041));
#8715=CARTESIAN_POINT('',(-0.00872176264726,0.011325374973167,0.004101));
#8716=CARTESIAN_POINT('',(-0.00872176264726,0.011325374973167,0.0041));
#8717=CARTESIAN_POINT('',(-0.00872176264726,0.011550949060032,0.004101));
#8718=CARTESIAN_POINT('',(-0.00872176264726,0.011550949060032,0.004101));
#8719=CARTESIAN_POINT('',(-0.00872176264726,0.011550949060032,0.004101));
#8720=CARTESIAN_POINT('',(-0.008782494119455,0.011550949060032,0.004101));
#8721=CARTESIAN_POINT('',(-0.008834549635533,0.011501785474168,0.004101));
#8722=CARTESIAN_POINT('',(-0.008834549635533,0.01137453855903,0.004101));
#8723=CARTESIAN_POINT('',(-0.008782494119455,0.011325374973167,0.004101));
#8724=CARTESIAN_POINT('',(-0.00872176264726,0.011325374973167,0.004101));
#8725=CARTESIAN_POINT('',(-0.00872176264726,0.011325374973167,0.004101));
#8726=CARTESIAN_POINT('',(-0.00872176264726,0.011325374973167,0.004101));
#8727=CARTESIAN_POINT('',(-0.00872176264726,0.011325374973167,0.004101));
#8728=CARTESIAN_POINT('',(-0.00872176264726,0.011325374973167,0.0041));
#8729=CARTESIAN_POINT('',(-0.008658139244852,0.011325374973167,0.004101));
#8730=CARTESIAN_POINT('',(-0.008658139244852,0.011325374973167,0.0041));
#8731=CARTESIAN_POINT('',(-0.008608975658988,0.011377430599563,0.004101));
#8732=CARTESIAN_POINT('',(-0.008608975658988,0.011377430599563,0.0041));
#8733=CARTESIAN_POINT('',(-0.008608975658988,0.011438162016599,0.004101));
#8734=CARTESIAN_POINT('',(-0.008608975658988,0.011438162016599,0.0041));
#8735=CARTESIAN_POINT('',(-0.008608975658988,0.011501785474168,0.004101));
#8736=CARTESIAN_POINT('',(-0.008608975658988,0.011501785474168,0.0041));
#8737=CARTESIAN_POINT('',(-0.008661031175064,0.011550949060032,0.004101));
#8738=CARTESIAN_POINT('',(-0.008661031175064,0.011550949060032,0.0041));
#8739=CARTESIAN_POINT('',(-0.00872176264726,0.011550949060032,0.004101));
#8740=CARTESIAN_POINT('',(-0.00872176264726,0.011550949060032,0.0041));
#8741=CARTESIAN_POINT('',(-0.00872176264726,0.011325374973167,0.004101));
#8742=CARTESIAN_POINT('',(-0.008658139244852,0.011325374973167,0.004101));
#8743=CARTESIAN_POINT('',(-0.008608975658988,0.011377430599563,0.004101));
#8744=CARTESIAN_POINT('',(-0.008608975658988,0.011438162016599,0.004101));
#8745=CARTESIAN_POINT('',(-0.008608975658988,0.011501785474168,0.004101));
#8746=CARTESIAN_POINT('',(-0.008661031175064,0.011550949060032,0.004101));
#8747=CARTESIAN_POINT('',(-0.00872176264726,0.011550949060032,0.004101));
#8748=CARTESIAN_POINT('',(-0.007608352581079,0.011472865841078,0.004101));
#8749=CARTESIAN_POINT('',(-0.007608352581079,0.011472865841078,0.0041));
#8750=CARTESIAN_POINT('',(-0.007538945152763,0.011548057129819,0.004101));
#8751=CARTESIAN_POINT('',(-0.007538945152763,0.011548057129819,0.0041));
#8752=CARTESIAN_POINT('',(-0.007501349508392,0.011646384301547,0.004101));
#8753=CARTESIAN_POINT('',(-0.007501349508392,0.011646384301547,0.0041));
#8754=CARTESIAN_POINT('',(-0.007501349508392,0.011747603403486,0.004101));
#8755=CARTESIAN_POINT('',(-0.007501349508392,0.011747603403486,0.0041));
#8756=CARTESIAN_POINT('',(-0.007608352581079,0.011472865841078,0.0041));
#8757=CARTESIAN_POINT('',(-0.007538945152763,0.011548057129819,0.0041));
#8758=CARTESIAN_POINT('',(-0.007501349508392,0.011646384301547,0.0041));
#8759=CARTESIAN_POINT('',(-0.007501349508392,0.011747603403486,0.0041));
#8760=CARTESIAN_POINT('',(-0.007608352581079,0.011472865841078,0.0041));
#8761=CARTESIAN_POINT('',(-0.007501349508392,0.011747603403486,0.0041));
#8762=CARTESIAN_POINT('',(-0.007501349508392,0.011747603403486,0.004101));
#8763=CARTESIAN_POINT('',(-0.007501349508392,0.011747603403486,0.004101));
#8764=CARTESIAN_POINT('',(-0.007608352581079,0.011472865841078,0.004101));
#8765=CARTESIAN_POINT('',(-0.007538945152763,0.011548057129819,0.004101));
#8766=CARTESIAN_POINT('',(-0.007501349508392,0.011646384301547,0.004101));
#8767=CARTESIAN_POINT('',(-0.007501349508392,0.011747603403486,0.004101));
#8768=CARTESIAN_POINT('',(-0.007608352581079,0.011472865841078,0.004101));
#8769=CARTESIAN_POINT('',(-0.007608352581079,0.011472865841078,0.004101));
#8770=CARTESIAN_POINT('',(-0.007871522201994,0.011342726995725,0.004101));
#8771=CARTESIAN_POINT('',(-0.007871522201994,0.011342726995725,0.0041));
#8772=CARTESIAN_POINT('',(-0.007770303100055,0.011351402896685,0.004101));
#8773=CARTESIAN_POINT('',(-0.007770303100055,0.011351402896685,0.0041));
#8774=CARTESIAN_POINT('',(-0.007677759899073,0.011397674552336,0.004101));
#8775=CARTESIAN_POINT('',(-0.007677759899073,0.011397674552336,0.0041));
#8776=CARTESIAN_POINT('',(-0.007608352581079,0.011472865841078,0.004101));
#8777=CARTESIAN_POINT('',(-0.007608352581079,0.011472865841078,0.0041));
#8778=CARTESIAN_POINT('',(-0.007871522201994,0.011342726995725,0.0041));
#8779=CARTESIAN_POINT('',(-0.007770303100055,0.011351402896685,0.0041));
#8780=CARTESIAN_POINT('',(-0.007677759899073,0.011397674552336,0.0041));
#8781=CARTESIAN_POINT('',(-0.007608352581079,0.011472865841078,0.0041));
#8782=CARTESIAN_POINT('',(-0.007871522201994,0.011342726995725,0.0041));
#8783=CARTESIAN_POINT('',(-0.007871522201994,0.011342726995725,0.004101));
#8784=CARTESIAN_POINT('',(-0.007770303100055,0.011351402896685,0.004101));
#8785=CARTESIAN_POINT('',(-0.007677759899073,0.011397674552336,0.004101));
#8786=CARTESIAN_POINT('',(-0.007608352581079,0.011472865841078,0.004101));
#8787=CARTESIAN_POINT('',(-0.007871522201994,0.011342726995725,0.004101));
#8788=CARTESIAN_POINT('',(-0.007871522201994,0.011342726995725,0.004101));
#8789=CARTESIAN_POINT('',(-0.007880198102954,0.011342726995725,0.004101));
#8790=CARTESIAN_POINT('',(-0.007880198102954,0.011342726995725,0.0041));
#8791=CARTESIAN_POINT('',(-0.00804214862193,0.011342726995725,0.0041));
#8792=CARTESIAN_POINT('',(-0.00804214862193,0.011342726995725,0.004101));
#8793=CARTESIAN_POINT('',(-0.00804214862193,0.011342726995725,0.004101));
#8794=CARTESIAN_POINT('',(-0.00804214862193,0.011342726995725,0.004101));
#8795=CARTESIAN_POINT('',(-0.008126015921951,0.011432378156174,0.004101));
#8796=CARTESIAN_POINT('',(-0.008126015921951,0.011432378156174,0.0041));
#8797=CARTESIAN_POINT('',(-0.008126015921951,0.011386106610843,0.004101));
#8798=CARTESIAN_POINT('',(-0.008126015921951,0.011386106610843,0.0041));
#8799=CARTESIAN_POINT('',(-0.008088420277581,0.011345618925937,0.004101));
#8800=CARTESIAN_POINT('',(-0.008088420277581,0.011345618925937,0.0041));
#8801=CARTESIAN_POINT('',(-0.00804214862193,0.011342726995725,0.004101));
#8802=CARTESIAN_POINT('',(-0.00804214862193,0.011342726995725,0.0041));
#8803=CARTESIAN_POINT('',(-0.008126015921951,0.011432378156174,0.0041));
#8804=CARTESIAN_POINT('',(-0.008126015921951,0.011386106610843,0.0041));
#8805=CARTESIAN_POINT('',(-0.008088420277581,0.011345618925937,0.0041));
#8806=CARTESIAN_POINT('',(-0.00804214862193,0.011342726995725,0.0041));
#8807=CARTESIAN_POINT('',(-0.0081260175950694,0.0114323781640635,0.0041));
#8808=CARTESIAN_POINT('',(-0.008126015921951,0.011432378156174,0.004101));
#8809=CARTESIAN_POINT('',(-0.008126015921951,0.011386106610843,0.004101));
#8810=CARTESIAN_POINT('',(-0.008088420277581,0.011345618925937,0.004101));
#8811=CARTESIAN_POINT('',(-0.00804214862193,0.011342726995725,0.004101));
#8812=CARTESIAN_POINT('',(-0.0081260175950694,0.0114323781640635,0.004101));
#8813=CARTESIAN_POINT('',(-0.008126015921951,0.011432378156174,0.004101));
#8814=CARTESIAN_POINT('',(-0.0080358539282352,0.0114319530038638,0.0041008));
#8815=CARTESIAN_POINT('',(-0.0080358539282352,0.0114319530038638,0.0041));
#8816=CARTESIAN_POINT('',(-0.008036364761504,0.011522029316621,0.0041));
#8817=CARTESIAN_POINT('',(-0.0080358539282352,0.0114319530038638,0.004101));
#8818=CARTESIAN_POINT('',(-0.008036364761504,0.011522029316621,0.004101));
#8819=CARTESIAN_POINT('',(-0.00803636526384983,0.0115221178963251,0.004101));
#8820=CARTESIAN_POINT('',(-0.00803636526384983,0.0115221178963251,0.00410066666666667));
#8821=CARTESIAN_POINT('',(-0.00803636526384983,0.0115221178963251,0.00410033333333333));
#8822=CARTESIAN_POINT('',(-0.00803636526384983,0.0115221178963251,0.0041));
#8823=CARTESIAN_POINT('',(-0.008019012959585,0.011519137386409,0.004101));
#8824=CARTESIAN_POINT('',(-0.008019012959585,0.011519137386409,0.0041));
#8825=CARTESIAN_POINT('',(-0.008024796930331,0.011519137386409,0.004101));
#8826=CARTESIAN_POINT('',(-0.008024796930331,0.011519137386409,0.0041));
#8827=CARTESIAN_POINT('',(-0.008030580901077,0.011522029316621,0.004101));
#8828=CARTESIAN_POINT('',(-0.008030580901077,0.011522029316621,0.0041));
#8829=CARTESIAN_POINT('',(-0.008036364761504,0.011522029316621,0.004101));
#8830=CARTESIAN_POINT('',(-0.008036364761504,0.011522029316621,0.0041));
#8831=CARTESIAN_POINT('',(-0.008019012959585,0.011519137386409,0.0041));
#8832=CARTESIAN_POINT('',(-0.008024796930331,0.011519137386409,0.0041));
#8833=CARTESIAN_POINT('',(-0.008030580901077,0.011522029316621,0.0041));
#8834=CARTESIAN_POINT('',(-0.008036364761504,0.011522029316621,0.0041));
#8835=CARTESIAN_POINT('',(-0.008019012959585,0.011519137386409,0.0041));
#8836=CARTESIAN_POINT('',(-0.008019012959585,0.011519137386409,0.004101));
#8837=CARTESIAN_POINT('',(-0.008024796930331,0.011519137386409,0.004101));
#8838=CARTESIAN_POINT('',(-0.008030580901077,0.011522029316621,0.004101));
#8839=CARTESIAN_POINT('',(-0.008036364761504,0.011522029316621,0.004101));
#8840=CARTESIAN_POINT('',(-0.008019012959585,0.011519137386409,0.004101));
#8841=CARTESIAN_POINT('',(-0.008019012959585,0.011519137386409,0.004101));
#8842=CARTESIAN_POINT('',(-0.007888874114233,0.011519137386409,0.004101));
#8843=CARTESIAN_POINT('',(-0.007888874114233,0.011519137386409,0.0041));
#8844=CARTESIAN_POINT('',(-0.007888874114233,0.011519137386409,0.0041));
#8845=CARTESIAN_POINT('',(-0.007888874114233,0.011519137386409,0.004101));
#8846=CARTESIAN_POINT('',(-0.007888874114233,0.011519137386409,0.004101));
#8847=CARTESIAN_POINT('',(-0.007888874114233,0.011519137386409,0.004101));
#8848=CARTESIAN_POINT('',(-0.007680651939607,0.011744711362954,0.004101));
#8849=CARTESIAN_POINT('',(-0.007680651939607,0.011744711362954,0.0041));
#8850=CARTESIAN_POINT('',(-0.007680651939607,0.011626140403934,0.004101));
#8851=CARTESIAN_POINT('',(-0.007680651939607,0.011626140403934,0.0041));
#8852=CARTESIAN_POINT('',(-0.007770303100055,0.011527813287369,0.004101));
#8853=CARTESIAN_POINT('',(-0.007770303100055,0.011527813287369,0.0041));
#8854=CARTESIAN_POINT('',(-0.007888874114233,0.011519137386409,0.004101));
#8855=CARTESIAN_POINT('',(-0.007888874114233,0.011519137386409,0.0041));
#8856=CARTESIAN_POINT('',(-0.007680651939607,0.011744711362954,0.0041));
#8857=CARTESIAN_POINT('',(-0.007680651939607,0.011626140403934,0.0041));
#8858=CARTESIAN_POINT('',(-0.007770303100055,0.011527813287369,0.0041));
#8859=CARTESIAN_POINT('',(-0.007888874114233,0.011519137386409,0.0041));
#8860=CARTESIAN_POINT('',(-0.007680651939607,0.011744711362954,0.0041));
#8861=CARTESIAN_POINT('',(-0.007680651939607,0.011744711362954,0.004101));
#8862=CARTESIAN_POINT('',(-0.007680651939607,0.011626140403934,0.004101));
#8863=CARTESIAN_POINT('',(-0.007770303100055,0.011527813287369,0.004101));
#8864=CARTESIAN_POINT('',(-0.007888874114233,0.011519137386409,0.004101));
#8865=CARTESIAN_POINT('',(-0.007680651939607,0.011744711362954,0.004101));
#8866=CARTESIAN_POINT('',(-0.00768070864141056,0.0117447113366355,0.0041));
#8867=CARTESIAN_POINT('',(-0.00768070864141056,0.0117447113366355,0.00410033333333333));
#8868=CARTESIAN_POINT('',(-0.00768070864141056,0.0117447113366355,0.00410066666666667));
#8869=CARTESIAN_POINT('',(-0.00768070864141056,0.0117447113366355,0.004101));
#8870=CARTESIAN_POINT('',(-0.00790647342613913,0.0117446065464261,0.0041008));
#8871=CARTESIAN_POINT('',(-0.00790647342613913,0.0117446065464261,0.0041));
#8872=CARTESIAN_POINT('',(-0.00790622586905806,0.0119703282795975,0.0041));
#8873=CARTESIAN_POINT('',(-0.00790647342613913,0.0117446065464261,0.004101));
#8874=CARTESIAN_POINT('',(-0.00790622586905806,0.0119703282795975,0.004101));
#8875=CARTESIAN_POINT('',(-0.007906225916152,0.011970285339499,0.0041));
#8876=CARTESIAN_POINT('',(-0.007906225916152,0.011970285339499,0.00410033333333333));
#8877=CARTESIAN_POINT('',(-0.007906225916152,0.011970285339499,0.00410066666666667));
#8878=CARTESIAN_POINT('',(-0.007906225916152,0.011970285339499,0.004101));
#8879=CARTESIAN_POINT('',(-0.007929361688818,0.011970285339499,0.004101));
#8880=CARTESIAN_POINT('',(-0.007929361688818,0.011970285339499,0.0041));
#8881=CARTESIAN_POINT('',(-0.007929361688818,0.011970285339499,0.0041));
#8882=CARTESIAN_POINT('',(0.,0.011970285339499,0.004101));
#8883=CARTESIAN_POINT('',(-0.00792936154011254,0.0119702855061657,0.004101));
#8884=CARTESIAN_POINT('',(-0.007929361688818,0.011970285339499,0.004101));
#8885=CARTESIAN_POINT('',(-0.008334238096578,0.012331782132142,0.004101));
#8886=CARTESIAN_POINT('',(-0.008334238096578,0.012331782132142,0.0041));
#8887=CARTESIAN_POINT('',(-0.008126015921951,0.012331782132142,0.004101));
#8888=CARTESIAN_POINT('',(-0.008126015921951,0.012331782132142,0.0041));
#8889=CARTESIAN_POINT('',(-0.007952497461483,0.012172723543378,0.004101));
#8890=CARTESIAN_POINT('',(-0.007952497461483,0.012172723543378,0.0041));
#8891=CARTESIAN_POINT('',(-0.007929361688818,0.011970285339499,0.004101));
#8892=CARTESIAN_POINT('',(-0.007929361688818,0.011970285339499,0.0041));
#8893=CARTESIAN_POINT('',(-0.008334238096578,0.012331782132142,0.0041));
#8894=CARTESIAN_POINT('',(-0.008126015921951,0.012331782132142,0.0041));
#8895=CARTESIAN_POINT('',(-0.007952497461483,0.012172723543378,0.0041));
#8896=CARTESIAN_POINT('',(-0.007929361688818,0.011970285339499,0.0041));
#8897=CARTESIAN_POINT('',(-0.008334238096578,0.012331782132142,0.0041));
#8898=CARTESIAN_POINT('',(-0.008334238096578,0.012331782132142,0.004101));
#8899=CARTESIAN_POINT('',(-0.008126015921951,0.012331782132142,0.004101));
#8900=CARTESIAN_POINT('',(-0.007952497461483,0.012172723543378,0.004101));
#8901=CARTESIAN_POINT('',(-0.007929361688818,0.011970285339499,0.004101));
#8902=CARTESIAN_POINT('',(-0.008334238096578,0.012331782132142,0.004101));
#8903=CARTESIAN_POINT('',(-0.008334238096578,0.012331782132142,0.004101));
#8904=CARTESIAN_POINT('',(-0.0087217625921,0.012054152749838,0.004101));
#8905=CARTESIAN_POINT('',(-0.0087217625921,0.012054152749838,0.0041));
#8906=CARTESIAN_POINT('',(-0.00866681514581,0.012216103158497,0.004101));
#8907=CARTESIAN_POINT('',(-0.00866681514581,0.012216103158497,0.0041));
#8908=CARTESIAN_POINT('',(-0.008516432458007,0.012331782132142,0.004101));
#8909=CARTESIAN_POINT('',(-0.008516432458007,0.012331782132142,0.0041));
#8910=CARTESIAN_POINT('',(-0.008334238096578,0.012331782132142,0.004101));
#8911=CARTESIAN_POINT('',(-0.008334238096578,0.012331782132142,0.0041));
#8912=CARTESIAN_POINT('',(-0.0087217625921,0.012054152749838,0.0041));
#8913=CARTESIAN_POINT('',(-0.00866681514581,0.012216103158497,0.0041));
#8914=CARTESIAN_POINT('',(-0.008516432458007,0.012331782132142,0.0041));
#8915=CARTESIAN_POINT('',(-0.008334238096578,0.012331782132142,0.0041));
#8916=CARTESIAN_POINT('',(-0.0087217625921,0.012054152749838,0.0041));
#8917=CARTESIAN_POINT('',(-0.0087217625921,0.012054152749838,0.004101));
#8918=CARTESIAN_POINT('',(-0.00866681514581,0.012216103158497,0.004101));
#8919=CARTESIAN_POINT('',(-0.008516432458007,0.012331782132142,0.004101));
#8920=CARTESIAN_POINT('',(-0.008334238096578,0.012331782132142,0.004101));
#8921=CARTESIAN_POINT('',(-0.00872176268353881,0.0120541529990662,0.004101));
#8922=CARTESIAN_POINT('',(-0.0087217625921,0.012054152749838,0.004101));
#8923=CARTESIAN_POINT('',(-0.008875037210118,0.012097532364957,0.004101));
#8924=CARTESIAN_POINT('',(-0.008875037210118,0.012097532364957,0.0041));
#8925=CARTESIAN_POINT('',(-0.008820089708666,0.012097532364957,0.004101));
#8926=CARTESIAN_POINT('',(-0.008820089708666,0.012097532364957,0.0041));
#8927=CARTESIAN_POINT('',(-0.008765142207216,0.012080180507879,0.004101));
#8928=CARTESIAN_POINT('',(-0.008765142207216,0.012080180507879,0.0041));
#8929=CARTESIAN_POINT('',(-0.0087217625921,0.012054152749838,0.004101));
#8930=CARTESIAN_POINT('',(-0.0087217625921,0.012054152749838,0.0041));
#8931=CARTESIAN_POINT('',(-0.008875037210118,0.012097532364957,0.0041));
#8932=CARTESIAN_POINT('',(-0.008820089708666,0.012097532364957,0.0041));
#8933=CARTESIAN_POINT('',(-0.008765142207216,0.012080180507879,0.0041));
#8934=CARTESIAN_POINT('',(-0.0087217625921,0.012054152749838,0.0041));
#8935=CARTESIAN_POINT('',(-0.008875037210118,0.012097532364957,0.0041));
#8936=CARTESIAN_POINT('',(-0.008875037210118,0.012097532364957,0.004101));
#8937=CARTESIAN_POINT('',(-0.008820089708666,0.012097532364957,0.004101));
#8938=CARTESIAN_POINT('',(-0.008765142207216,0.012080180507879,0.004101));
#8939=CARTESIAN_POINT('',(-0.0087217625921,0.012054152749838,0.004101));
#8940=CARTESIAN_POINT('',(-0.008875037210118,0.012097532364957,0.004101));
#8941=CARTESIAN_POINT('',(-0.008875037210118,0.012097532364957,0.004101));
#8942=CARTESIAN_POINT('',(-0.009164234644232,0.011808334930843,0.004101));
#8943=CARTESIAN_POINT('',(-0.009164234644232,0.011808334930843,0.0041));
#8944=CARTESIAN_POINT('',(-0.009164234644232,0.011967393519606,0.004101));
#8945=CARTESIAN_POINT('',(-0.009164234644232,0.011967393519606,0.0041));
#8946=CARTESIAN_POINT('',(-0.00903409579888,0.012097532364957,0.004101));
#8947=CARTESIAN_POINT('',(-0.00903409579888,0.012097532364957,0.0041));
#8948=CARTESIAN_POINT('',(-0.008875037210118,0.012097532364957,0.004101));
#8949=CARTESIAN_POINT('',(-0.008875037210118,0.012097532364957,0.0041));
#8950=CARTESIAN_POINT('',(-0.009164234644232,0.011808334930843,0.0041));
#8951=CARTESIAN_POINT('',(-0.009164234644232,0.011967393519606,0.0041));
#8952=CARTESIAN_POINT('',(-0.00903409579888,0.012097532364957,0.0041));
#8953=CARTESIAN_POINT('',(-0.008875037210118,0.012097532364957,0.0041));
#8954=CARTESIAN_POINT('',(-0.009164234644232,0.011808334930843,0.0041));
#8955=CARTESIAN_POINT('',(-0.009164234644232,0.011808334930843,0.004101));
#8956=CARTESIAN_POINT('',(-0.009164234644232,0.011967393519606,0.004101));
#8957=CARTESIAN_POINT('',(-0.00903409579888,0.012097532364957,0.004101));
#8958=CARTESIAN_POINT('',(-0.008875037210118,0.012097532364957,0.004101));
#8959=CARTESIAN_POINT('',(-0.009164234644232,0.011808334930843,0.004101));
#8960=CARTESIAN_POINT('',(-0.009164234644232,0.011808334930843,0.004101));
#8961=CARTESIAN_POINT('',(-0.008990716183763,0.011542273269394,0.004101));
#8962=CARTESIAN_POINT('',(-0.008990716183763,0.011542273269394,0.0041));
#8963=CARTESIAN_POINT('',(-0.009091935285702,0.011588544869883,0.004101));
#8964=CARTESIAN_POINT('',(-0.009091935285702,0.011588544869883,0.0041));
#8965=CARTESIAN_POINT('',(-0.009164234644232,0.011689763971822,0.004101));
#8966=CARTESIAN_POINT('',(-0.009164234644232,0.011689763971822,0.0041));
#8967=CARTESIAN_POINT('',(-0.009164234644232,0.011808334930843,0.004101));
#8968=CARTESIAN_POINT('',(-0.009164234644232,0.011808334930843,0.0041));
#8969=CARTESIAN_POINT('',(-0.008990716183763,0.011542273269394,0.0041));
#8970=CARTESIAN_POINT('',(-0.009091935285702,0.011588544869883,0.0041));
#8971=CARTESIAN_POINT('',(-0.009164234644232,0.011689763971822,0.0041));
#8972=CARTESIAN_POINT('',(-0.009164234644232,0.011808334930843,0.0041));
#8973=CARTESIAN_POINT('',(-0.008990716183763,0.011542273269394,0.0041));
#8974=CARTESIAN_POINT('',(-0.008990716183763,0.011542273269394,0.004101));
#8975=CARTESIAN_POINT('',(-0.009091935285702,0.011588544869883,0.004101));
#8976=CARTESIAN_POINT('',(-0.009164234644232,0.011689763971822,0.004101));
#8977=CARTESIAN_POINT('',(-0.009164234644232,0.011808334930843,0.004101));
#8978=CARTESIAN_POINT('',(-0.00899071627799494,0.0115422734957277,0.004101));
#8979=CARTESIAN_POINT('',(-0.008990716183763,0.011542273269394,0.004101));
#8980=CARTESIAN_POINT('',(-0.008718870606727,0.011733143586941,0.004101));
#8981=CARTESIAN_POINT('',(-0.008718870606727,0.011733143586941,0.0041));
#8982=CARTESIAN_POINT('',(-0.008843225536492,0.011733143586941,0.004101));
#8983=CARTESIAN_POINT('',(-0.008843225536492,0.011733143586941,0.0041));
#8984=CARTESIAN_POINT('',(-0.008950228554018,0.011652168327454,0.004101));
#8985=CARTESIAN_POINT('',(-0.008950228554018,0.011652168327454,0.0041));
#8986=CARTESIAN_POINT('',(-0.008990716183763,0.011542273269394,0.004101));
#8987=CARTESIAN_POINT('',(-0.008990716183763,0.011542273269394,0.0041));
#8988=CARTESIAN_POINT('',(-0.008718870606727,0.011733143586941,0.0041));
#8989=CARTESIAN_POINT('',(-0.008843225536492,0.011733143586941,0.0041));
#8990=CARTESIAN_POINT('',(-0.008950228554018,0.011652168327454,0.0041));
#8991=CARTESIAN_POINT('',(-0.008990716183763,0.011542273269394,0.0041));
#8992=CARTESIAN_POINT('',(-0.008718870606727,0.011733143586941,0.0041));
#8993=CARTESIAN_POINT('',(-0.008718870606727,0.011733143586941,0.004101));
#8994=CARTESIAN_POINT('',(-0.008843225536492,0.011733143586941,0.004101));
#8995=CARTESIAN_POINT('',(-0.008950228554018,0.011652168327454,0.004101));
#8996=CARTESIAN_POINT('',(-0.008990716183763,0.011542273269394,0.004101));
#8997=CARTESIAN_POINT('',(-0.008718870606727,0.011733143586941,0.004101));
#8998=CARTESIAN_POINT('',(-0.008718870606727,0.011733143586941,0.004101));
#8999=CARTESIAN_POINT('',(-0.00850197253114,0.011634816470374,0.004101));
#9000=CARTESIAN_POINT('',(-0.00850197253114,0.011634816470374,0.0041));
#9001=CARTESIAN_POINT('',(-0.008554028047218,0.01169554794257,0.004101));
#9002=CARTESIAN_POINT('',(-0.008554028047218,0.01169554794257,0.0041));
#9003=CARTESIAN_POINT('',(-0.008632111376492,0.011733143586941,0.004101));
#9004=CARTESIAN_POINT('',(-0.008632111376492,0.011733143586941,0.0041));
#9005=CARTESIAN_POINT('',(-0.008718870606727,0.011733143586941,0.004101));
#9006=CARTESIAN_POINT('',(-0.008718870606727,0.011733143586941,0.0041));
#9007=CARTESIAN_POINT('',(-0.00850197253114,0.011634816470374,0.0041));
#9008=CARTESIAN_POINT('',(-0.008554028047218,0.01169554794257,0.0041));
#9009=CARTESIAN_POINT('',(-0.008632111376492,0.011733143586941,0.0041));
#9010=CARTESIAN_POINT('',(-0.008718870606727,0.011733143586941,0.0041));
#9011=CARTESIAN_POINT('',(-0.00850197253114,0.011634816470374,0.0041));
#9012=CARTESIAN_POINT('',(-0.00850197253114,0.011634816470374,0.004101));
#9013=CARTESIAN_POINT('',(-0.008554028047218,0.01169554794257,0.004101));
#9014=CARTESIAN_POINT('',(-0.008632111376492,0.011733143586941,0.004101));
#9015=CARTESIAN_POINT('',(-0.008718870606727,0.011733143586941,0.004101));
#9016=CARTESIAN_POINT('',(-0.00850197253113993,0.0116348164703739,0.004101));
#9017=CARTESIAN_POINT('',(-0.00850197253114,0.011634816470374,0.004101));
#9018=CARTESIAN_POINT('',(-0.008114447980459,0.011837254674253,0.004101));
#9019=CARTESIAN_POINT('',(-0.008114447980459,0.011837254674253,0.0041));
#9020=CARTESIAN_POINT('',(-0.008114447980459,0.011837254674253,0.0041));
#9021=CARTESIAN_POINT('',(-0.008114447980459,0.011837254674253,0.004101));
#9022=CARTESIAN_POINT('',(-0.00811444798045921,0.0118372546742529,0.004101));
#9023=CARTESIAN_POINT('',(-0.008114447980459,0.011837254674253,0.004101));
#9024=CARTESIAN_POINT('',(-0.008024796820011,0.011683980001077,0.004101));
#9025=CARTESIAN_POINT('',(-0.008024796820011,0.011683980001077,0.0041));
#9026=CARTESIAN_POINT('',(-0.008024796820011,0.011683980001077,0.0041));
#9027=CARTESIAN_POINT('',(-0.008024796820011,0.011683980001077,0.004101));
#9028=CARTESIAN_POINT('',(-0.00802479682001103,0.0116839800010771,0.004101));
#9029=CARTESIAN_POINT('',(-0.008024796820011,0.011683980001077,0.004101));
#9030=CARTESIAN_POINT('',(-0.008429673227771,0.011469973910865,0.004101));
#9031=CARTESIAN_POINT('',(-0.008429673227771,0.011469973910865,0.0041));
#9032=CARTESIAN_POINT('',(-0.008429673227771,0.011469973910865,0.0041));
#9033=CARTESIAN_POINT('',(-0.008429673227771,0.011469973910865,0.004101));
#9034=CARTESIAN_POINT('',(-0.008429673227771,0.011469973910865,0.004101));
#9035=CARTESIAN_POINT('',(-0.008429673227771,0.011469973910865,0.004101));
#9036=CARTESIAN_POINT('',(-0.008429673227771,0.011441054167452,0.004101));
#9037=CARTESIAN_POINT('',(-0.008429673227771,0.011441054167452,0.0041));
#9038=CARTESIAN_POINT('',(-0.008429673227771,0.011441054167452,0.0041));
#9039=CARTESIAN_POINT('',(-0.008429673227771,0.,0.004101));
#9040=CARTESIAN_POINT('',(-0.008429673227771,0.011441054167452,0.004101));
#9041=CARTESIAN_POINT('',(-0.008429673227771,0.011441054167452,0.004101));
#9042=CARTESIAN_POINT('',(-0.008718870661887,0.011151856733338,0.004101));
#9043=CARTESIAN_POINT('',(-0.008718870661887,0.011151856733338,0.0041));
#9044=CARTESIAN_POINT('',(-0.008559812073124,0.011151856733338,0.004101));
#9045=CARTESIAN_POINT('',(-0.008559812073124,0.011151856733338,0.0041));
#9046=CARTESIAN_POINT('',(-0.008429673227771,0.011281995578688,0.004101));
#9047=CARTESIAN_POINT('',(-0.008429673227771,0.011281995578688,0.0041));
#9048=CARTESIAN_POINT('',(-0.008429673227771,0.011441054167452,0.004101));
#9049=CARTESIAN_POINT('',(-0.008429673227771,0.011441054167452,0.0041));
#9050=CARTESIAN_POINT('',(-0.008718870661887,0.011151856733338,0.0041));
#9051=CARTESIAN_POINT('',(-0.008559812073124,0.011151856733338,0.0041));
#9052=CARTESIAN_POINT('',(-0.008429673227771,0.011281995578688,0.0041));
#9053=CARTESIAN_POINT('',(-0.008429673227771,0.011441054167452,0.0041));
#9054=CARTESIAN_POINT('',(-0.008718870661887,0.011151856733338,0.0041));
#9055=CARTESIAN_POINT('',(-0.008718870661887,0.011151856733338,0.004101));
#9056=CARTESIAN_POINT('',(-0.008559812073124,0.011151856733338,0.004101));
#9057=CARTESIAN_POINT('',(-0.008429673227771,0.011281995578688,0.004101));
#9058=CARTESIAN_POINT('',(-0.008429673227771,0.011441054167452,0.004101));
#9059=CARTESIAN_POINT('',(-0.008718870661887,0.011151856733338,0.004101));
#9060=CARTESIAN_POINT('',(-0.008718870661887,0.011151856733338,0.004101));
#9061=CARTESIAN_POINT('',(-0.008993608251877,0.011348510966472,0.004101));
#9062=CARTESIAN_POINT('',(-0.008993608251877,0.011348510966472,0.0041));
#9063=CARTESIAN_POINT('',(-0.008956012579926,0.011232831992825,0.004101));
#9064=CARTESIAN_POINT('',(-0.008956012579926,0.011232831992825,0.0041));
#9065=CARTESIAN_POINT('',(-0.008846117577026,0.011151856733338,0.004101));
#9066=CARTESIAN_POINT('',(-0.008846117577026,0.011151856733338,0.0041));
#9067=CARTESIAN_POINT('',(-0.008718870661887,0.011151856733338,0.004101));
#9068=CARTESIAN_POINT('',(-0.008718870661887,0.011151856733338,0.0041));
#9069=CARTESIAN_POINT('',(-0.008993608251877,0.011348510966472,0.0041));
#9070=CARTESIAN_POINT('',(-0.008956012579926,0.011232831992825,0.0041));
#9071=CARTESIAN_POINT('',(-0.008846117577026,0.011151856733338,0.0041));
#9072=CARTESIAN_POINT('',(-0.008718870661887,0.011151856733338,0.0041));
#9073=CARTESIAN_POINT('',(-0.008993608251877,0.011348510966472,0.0041));
#9074=CARTESIAN_POINT('',(-0.008993608251877,0.011348510966472,0.004101));
#9075=CARTESIAN_POINT('',(-0.008956012579926,0.011232831992825,0.004101));
#9076=CARTESIAN_POINT('',(-0.008846117577026,0.011151856733338,0.004101));
#9077=CARTESIAN_POINT('',(-0.008718870661887,0.011151856733338,0.004101));
#9078=CARTESIAN_POINT('',(-0.00899360838203888,0.011348510827745,0.004101));
#9079=CARTESIAN_POINT('',(-0.00899358061237912,0.0113486209380769,0.0041));
#9080=CARTESIAN_POINT('',(-0.00899358061237912,0.0113486209380769,0.00410033333333333));
#9081=CARTESIAN_POINT('',(-0.00899358061237912,0.0113486209380769,0.00410066666666667));
#9082=CARTESIAN_POINT('',(-0.00899358061237912,0.0113486209380769,0.004101));
#9083=CARTESIAN_POINT('',(-0.00888022902460247,0.0117996224748929,0.0041008));
#9084=CARTESIAN_POINT('',(-0.00888022902460247,0.0117996224748929,0.0041));
#9085=CARTESIAN_POINT('',(-0.009224966199167,0.011487325712783,0.0041));
#9086=CARTESIAN_POINT('',(-0.00888022902460247,0.0117996224748929,0.004101));
#9087=CARTESIAN_POINT('',(-0.009224966199167,0.011487325712783,0.004101));
#9088=CARTESIAN_POINT('',(-0.00922486898222297,0.0114874137814309,0.004101));
#9089=CARTESIAN_POINT('',(-0.00922486898222297,0.0114874137814309,0.00410066666666667));
#9090=CARTESIAN_POINT('',(-0.00922486898222297,0.0114874137814309,0.00410033333333333));
#9091=CARTESIAN_POINT('',(-0.00922486898222297,0.0114874137814309,0.0041));
#9092=CARTESIAN_POINT('',(-0.009346429115979,0.011802550849778,0.004101));
#9093=CARTESIAN_POINT('',(-0.009346429115979,0.011802550849778,0.0041));
#9094=CARTESIAN_POINT('',(-0.009346429115979,0.01168687187613,0.004101));
#9095=CARTESIAN_POINT('',(-0.009346429115979,0.01168687187613,0.0041));
#9096=CARTESIAN_POINT('',(-0.009303049500864,0.011574084832697,0.004101));
#9097=CARTESIAN_POINT('',(-0.009303049500864,0.011574084832697,0.0041));
#9098=CARTESIAN_POINT('',(-0.009224966199167,0.011487325712783,0.004101));
#9099=CARTESIAN_POINT('',(-0.009224966199167,0.011487325712783,0.0041));
#9100=CARTESIAN_POINT('',(-0.009346429115979,0.011802550849778,0.0041));
#9101=CARTESIAN_POINT('',(-0.009346429115979,0.01168687187613,0.0041));
#9102=CARTESIAN_POINT('',(-0.009303049500864,0.011574084832697,0.0041));
#9103=CARTESIAN_POINT('',(-0.009224966199167,0.011487325712783,0.0041));
#9104=CARTESIAN_POINT('',(-0.009346429115979,0.011802550849778,0.0041));
#9105=CARTESIAN_POINT('',(-0.009346429115979,0.011802550849778,0.004101));
#9106=CARTESIAN_POINT('',(-0.009346429115979,0.01168687187613,0.004101));
#9107=CARTESIAN_POINT('',(-0.009303049500864,0.011574084832697,0.004101));
#9108=CARTESIAN_POINT('',(-0.009224966199167,0.011487325712783,0.004101));
#9109=CARTESIAN_POINT('',(-0.009346429115979,0.011802550849778,0.004101));
#9110=CARTESIAN_POINT('',(-0.009346429115979,0.011802550849778,0.004101));
#9111=CARTESIAN_POINT('',(-0.009210506244721,0.012132235886055,0.004101));
#9112=CARTESIAN_POINT('',(-0.009210506244721,0.012132235886055,0.0041));
#9113=CARTESIAN_POINT('',(-0.009297265550801,0.0120454766834,0.004101));
#9114=CARTESIAN_POINT('',(-0.009297265550801,0.0120454766834,0.0041));
#9115=CARTESIAN_POINT('',(-0.009346429115979,0.01192690572438,0.004101));
#9116=CARTESIAN_POINT('',(-0.009346429115979,0.01192690572438,0.0041));
#9117=CARTESIAN_POINT('',(-0.009346429115979,0.011802550849778,0.004101));
#9118=CARTESIAN_POINT('',(-0.009346429115979,0.011802550849778,0.0041));
#9119=CARTESIAN_POINT('',(-0.009210506244721,0.012132235886055,0.0041));
#9120=CARTESIAN_POINT('',(-0.009297265550801,0.0120454766834,0.0041));
#9121=CARTESIAN_POINT('',(-0.009346429115979,0.01192690572438,0.0041));
#9122=CARTESIAN_POINT('',(-0.009346429115979,0.011802550849778,0.0041));
#9123=CARTESIAN_POINT('',(-0.009210506244721,0.012132235886055,0.0041));
#9124=CARTESIAN_POINT('',(-0.009210506244721,0.012132235886055,0.004101));
#9125=CARTESIAN_POINT('',(-0.009297265550801,0.0120454766834,0.004101));
#9126=CARTESIAN_POINT('',(-0.009346429115979,0.01192690572438,0.004101));
#9127=CARTESIAN_POINT('',(-0.009346429115979,0.011802550849778,0.004101));
#9128=CARTESIAN_POINT('',(-0.009210506244721,0.012132235886055,0.004101));
#9129=CARTESIAN_POINT('',(-0.009210506244721,0.012132235886055,0.004101));
#9130=CARTESIAN_POINT('',(-0.00887792919549,0.012271050659945,0.004101));
#9131=CARTESIAN_POINT('',(-0.00887792919549,0.012271050659945,0.0041));
#9132=CARTESIAN_POINT('',(-0.009002284097675,0.012271050659945,0.004101));
#9133=CARTESIAN_POINT('',(-0.009002284097675,0.012271050659945,0.0041));
#9134=CARTESIAN_POINT('',(-0.009120855029114,0.012221887101665,0.004101));
#9135=CARTESIAN_POINT('',(-0.009120855029114,0.012221887101665,0.0041));
#9136=CARTESIAN_POINT('',(-0.009210506244721,0.012132235886055,0.004101));
#9137=CARTESIAN_POINT('',(-0.009210506244721,0.012132235886055,0.0041));
#9138=CARTESIAN_POINT('',(-0.00887792919549,0.012271050659945,0.0041));
#9139=CARTESIAN_POINT('',(-0.009002284097675,0.012271050659945,0.0041));
#9140=CARTESIAN_POINT('',(-0.009120855029114,0.012221887101665,0.0041));
#9141=CARTESIAN_POINT('',(-0.009210506244721,0.012132235886055,0.0041));
#9142=CARTESIAN_POINT('',(-0.00887792919549,0.012271050659945,0.0041));
#9143=CARTESIAN_POINT('',(-0.00887792919549,0.012271050659945,0.004101));
#9144=CARTESIAN_POINT('',(-0.009002284097675,0.012271050659945,0.004101));
#9145=CARTESIAN_POINT('',(-0.009120855029114,0.012221887101665,0.004101));
#9146=CARTESIAN_POINT('',(-0.009210506244721,0.012132235886055,0.004101));
#9147=CARTESIAN_POINT('',(-0.00887792919549,0.012271050659945,0.004101));
#9148=CARTESIAN_POINT('',(-0.00887792555294814,0.0122711892037575,0.0041));
#9149=CARTESIAN_POINT('',(-0.00887792555294814,0.0122711892037575,0.00410033333333333));
#9150=CARTESIAN_POINT('',(-0.00887792555294814,0.0122711892037575,0.00410066666666666));
#9151=CARTESIAN_POINT('',(-0.00887792555294814,0.0122711892037575,0.004101));
#9152=CARTESIAN_POINT('',(-0.00889147406585265,0.0117558725093686,0.0041005));
#9153=CARTESIAN_POINT('',(-0.00889147406585265,0.0117558725093686,0.0041));
#9154=CARTESIAN_POINT('',(-0.008811413807707,0.01226526671678,0.0041));
#9155=CARTESIAN_POINT('',(-0.00889147406585265,0.0117558725093686,0.004101));
#9156=CARTESIAN_POINT('',(-0.00881141388197762,0.0122652668940282,0.004101));
#9157=CARTESIAN_POINT('',(-0.00881143748460049,0.0122651160693468,0.004101));
#9158=CARTESIAN_POINT('',(-0.00881143748460049,0.0122651160693468,0.00410066666666666));
#9159=CARTESIAN_POINT('',(-0.00881143748460049,0.0122651160693468,0.00410033333333333));
#9160=CARTESIAN_POINT('',(-0.00881143748460049,0.0122651160693468,0.0041));
#9161=CARTESIAN_POINT('',(-0.00868416694773,0.012392513590547,0.004101));
#9162=CARTESIAN_POINT('',(-0.00868416694773,0.012392513590547,0.0041));
#9163=CARTESIAN_POINT('',(-0.008733330533593,0.01235780989018,0.004101));
#9164=CARTESIAN_POINT('',(-0.008733330533593,0.01235780989018,0.0041));
#9165=CARTESIAN_POINT('',(-0.008773818163337,0.012314430275064,0.004101));
#9166=CARTESIAN_POINT('',(-0.008773818163337,0.012314430275064,0.0041));
#9167=CARTESIAN_POINT('',(-0.008811413807707,0.01226526671678,0.004101));
#9168=CARTESIAN_POINT('',(-0.008811413807707,0.01226526671678,0.0041));
#9169=CARTESIAN_POINT('',(-0.00868416694773,0.012392513590547,0.0041));
#9170=CARTESIAN_POINT('',(-0.008733330533593,0.01235780989018,0.0041));
#9171=CARTESIAN_POINT('',(-0.008773818163337,0.012314430275064,0.0041));
#9172=CARTESIAN_POINT('',(-0.008811413807707,0.01226526671678,0.0041));
#9173=CARTESIAN_POINT('',(-0.00868416694773,0.012392513590547,0.0041));
#9174=CARTESIAN_POINT('',(-0.00868416694773,0.012392513590547,0.004101));
#9175=CARTESIAN_POINT('',(-0.008733330533593,0.01235780989018,0.004101));
#9176=CARTESIAN_POINT('',(-0.008773818163337,0.012314430275064,0.004101));
#9177=CARTESIAN_POINT('',(-0.008811413807707,0.01226526671678,0.004101));
#9178=CARTESIAN_POINT('',(-0.00868416694773,0.012392513590547,0.004101));
#9179=CARTESIAN_POINT('',(-0.00868416694773,0.012392513590547,0.004101));
#9180=CARTESIAN_POINT('',(-0.008337130026792,0.012505300592611,0.004101));
#9181=CARTESIAN_POINT('',(-0.008337130026792,0.012505300592611,0.0041));
#9182=CARTESIAN_POINT('',(-0.00846437688677,0.012505300592611,0.004101));
#9183=CARTESIAN_POINT('',(-0.00846437688677,0.012505300592611,0.0041));
#9184=CARTESIAN_POINT('',(-0.008582947845788,0.012464812952525,0.004101));
#9185=CARTESIAN_POINT('',(-0.008582947845788,0.012464812952525,0.0041));
#9186=CARTESIAN_POINT('',(-0.00868416694773,0.012392513590547,0.004101));
#9187=CARTESIAN_POINT('',(-0.00868416694773,0.012392513590547,0.0041));
#9188=CARTESIAN_POINT('',(-0.008337130026792,0.012505300592611,0.0041));
#9189=CARTESIAN_POINT('',(-0.00846437688677,0.012505300592611,0.0041));
#9190=CARTESIAN_POINT('',(-0.008582947845788,0.012464812952525,0.0041));
#9191=CARTESIAN_POINT('',(-0.00868416694773,0.012392513590547,0.0041));
#9192=CARTESIAN_POINT('',(-0.008337130026792,0.012505300592611,0.0041));
#9193=CARTESIAN_POINT('',(-0.008337130026792,0.012505300592611,0.004101));
#9194=CARTESIAN_POINT('',(-0.00846437688677,0.012505300592611,0.004101));
#9195=CARTESIAN_POINT('',(-0.008582947845788,0.012464812952525,0.004101));
#9196=CARTESIAN_POINT('',(-0.00868416694773,0.012392513590547,0.004101));
#9197=CARTESIAN_POINT('',(-0.008337130026792,0.012505300592611,0.004101));
#9198=CARTESIAN_POINT('',(-0.008337130026792,0.012505300592611,0.004101));
#9199=CARTESIAN_POINT('',(-0.007943821560523,0.012354917918596,0.004101));
#9200=CARTESIAN_POINT('',(-0.007943821560523,0.012354917918596,0.0041));
#9201=CARTESIAN_POINT('',(-0.008053716563423,0.012450353080819,0.004101));
#9202=CARTESIAN_POINT('',(-0.008053716563423,0.012450353080819,0.0041));
#9203=CARTESIAN_POINT('',(-0.008192531309735,0.012505300592611,0.004101));
#9204=CARTESIAN_POINT('',(-0.008192531309735,0.012505300592611,0.0041));
#9205=CARTESIAN_POINT('',(-0.008337130026792,0.012505300592611,0.004101));
#9206=CARTESIAN_POINT('',(-0.008337130026792,0.012505300592611,0.0041));
#9207=CARTESIAN_POINT('',(-0.007943821560523,0.012354917918596,0.0041));
#9208=CARTESIAN_POINT('',(-0.008053716563423,0.012450353080819,0.0041));
#9209=CARTESIAN_POINT('',(-0.008192531309735,0.012505300592611,0.0041));
#9210=CARTESIAN_POINT('',(-0.008337130026792,0.012505300592611,0.0041));
#9211=CARTESIAN_POINT('',(-0.007943821560523,0.012354917918596,0.0041));
#9212=CARTESIAN_POINT('',(-0.007943821560523,0.012354917918596,0.004101));
#9213=CARTESIAN_POINT('',(-0.008053716563423,0.012450353080819,0.004101));
#9214=CARTESIAN_POINT('',(-0.008192531309735,0.012505300592611,0.004101));
#9215=CARTESIAN_POINT('',(-0.008337130026792,0.012505300592611,0.004101));
#9216=CARTESIAN_POINT('',(-0.007943821560523,0.012354917918596,0.004101));
#9217=CARTESIAN_POINT('',(-0.007943821560523,0.012354917918596,0.004101));
#9218=CARTESIAN_POINT('',(-0.007787654901973,0.01212645194289,0.004101));
#9219=CARTESIAN_POINT('',(-0.007787654901973,0.01212645194289,0.0041));
#9220=CARTESIAN_POINT('',(-0.007819466575598,0.012213211173122,0.004101));
#9221=CARTESIAN_POINT('',(-0.007819466575598,0.012213211173122,0.0041));
#9222=CARTESIAN_POINT('',(-0.007874414132208,0.012291294474819,0.004101));
#9223=CARTESIAN_POINT('',(-0.007874414132208,0.012291294474819,0.0041));
#9224=CARTESIAN_POINT('',(-0.007943821560523,0.012354917918596,0.004101));
#9225=CARTESIAN_POINT('',(-0.007943821560523,0.012354917918596,0.0041));
#9226=CARTESIAN_POINT('',(-0.007787654901973,0.01212645194289,0.0041));
#9227=CARTESIAN_POINT('',(-0.007819466575598,0.012213211173122,0.0041));
#9228=CARTESIAN_POINT('',(-0.007874414132208,0.012291294474819,0.0041));
#9229=CARTESIAN_POINT('',(-0.007943821560523,0.012354917918596,0.0041));
#9230=CARTESIAN_POINT('',(-0.007787654901973,0.01212645194289,0.0041));
#9231=CARTESIAN_POINT('',(-0.007787654901973,0.01212645194289,0.004101));
#9232=CARTESIAN_POINT('',(-0.007819466575598,0.012213211173122,0.004101));
#9233=CARTESIAN_POINT('',(-0.007874414132208,0.012291294474819,0.004101));
#9234=CARTESIAN_POINT('',(-0.007943821560523,0.012354917918596,0.004101));
#9235=CARTESIAN_POINT('',(-0.00778765477373729,0.012126452077295,0.004101));
#9236=CARTESIAN_POINT('',(-0.007787654901973,0.01212645194289,0.004101));
#9237=CARTESIAN_POINT('',(-0.007501349508392,0.011747603403486,0.004101));
#9238=CARTESIAN_POINT('',(-0.007501349508392,0.011747603403486,0.0041));
#9239=CARTESIAN_POINT('',(-0.007504241438606,0.011921121753635,0.004101));
#9240=CARTESIAN_POINT('',(-0.007504241438606,0.011921121753635,0.0041));
#9241=CARTESIAN_POINT('',(-0.007622812452785,0.012074396426811,0.004101));
#9242=CARTESIAN_POINT('',(-0.007622812452785,0.012074396426811,0.0041));
#9243=CARTESIAN_POINT('',(-0.007787654901973,0.01212645194289,0.004101));
#9244=CARTESIAN_POINT('',(-0.007787654901973,0.01212645194289,0.0041));
#9245=CARTESIAN_POINT('',(-0.007501349508392,0.011747603403486,0.0041));
#9246=CARTESIAN_POINT('',(-0.007504241438606,0.011921121753635,0.0041));
#9247=CARTESIAN_POINT('',(-0.007622812452785,0.012074396426811,0.0041));
#9248=CARTESIAN_POINT('',(-0.007787654901973,0.01212645194289,0.0041));
#9249=CARTESIAN_POINT('',(-0.007501349508392,0.011747603403486,0.004101));
#9250=CARTESIAN_POINT('',(-0.007504241438606,0.011921121753635,0.004101));
#9251=CARTESIAN_POINT('',(-0.007622812452785,0.012074396426811,0.004101));
#9252=CARTESIAN_POINT('',(-0.007787654901973,0.01212645194289,0.004101));
#9253=CARTESIAN_POINT('',(0.,0.,0.004101));
#9254=CARTESIAN_POINT('',(0.,0.,0.0041));
#9255=CARTESIAN_POINT('',(-0.005217848548375,0.01167041371675,0.0041));
#9256=CARTESIAN_POINT('',(-0.005217848548375,0.01167041371675,0.0041));
#9257=CARTESIAN_POINT('',(-0.005278674386477,0.011501349079555,0.0041));
#9258=CARTESIAN_POINT('',(-0.005278674386477,0.011501349079555,0.0041));
#9259=CARTESIAN_POINT('',(-0.005142154172065,0.011501349079555,0.0041));
#9260=CARTESIAN_POINT('',(-0.005142154172065,0.011501349079555,0.0041));
#9261=CARTESIAN_POINT('',(-0.005203603864921,0.01167041371675,0.0041));
#9262=CARTESIAN_POINT('',(-0.005203603864921,0.01167041371675,0.0041));
#9263=CARTESIAN_POINT('',(-0.00520557940496,0.011676028409497,0.0041));
#9264=CARTESIAN_POINT('',(-0.005207658920796,0.011685386230744,0.0041));
#9265=CARTESIAN_POINT('',(-0.005209946388209,0.011698903083655,0.0041));
#9266=CARTESIAN_POINT('',(-0.005209946388209,0.011698903083655,0.0041));
#9267=CARTESIAN_POINT('',(-0.005209946388209,0.011698903083655,0.0041));
#9268=CARTESIAN_POINT('',(-0.00521119409771,0.011698903083655,0.0041));
#9269=CARTESIAN_POINT('',(-0.00521119409771,0.011698903083655,0.0041));
#9270=CARTESIAN_POINT('',(-0.005213169637752,0.011686633940242,0.0041));
#9271=CARTESIAN_POINT('',(-0.005215353129373,0.011677068167412,0.0041));
#9272=CARTESIAN_POINT('',(-0.005217848548375,0.01167041371675,0.0041));
#9273=CARTESIAN_POINT('',(-0.005217848548375,0.01167041371675,0.004101));
#9274=CARTESIAN_POINT('',(-0.005217848548375,0.01167041371675,0.004101));
#9275=CARTESIAN_POINT('',(-0.005217848548375,0.01167041371675,0.004101));
#9276=CARTESIAN_POINT('',(-0.005217848548375,0.01167041371675,0.004101));
#9277=CARTESIAN_POINT('',(-0.005278674386477,0.011501349079555,0.004101));
#9278=CARTESIAN_POINT('',(-0.005278674386477,0.011501349079555,0.004101));
#9279=CARTESIAN_POINT('',(-0.00521119409771,0.011698903083655,0.004101));
#9280=CARTESIAN_POINT('',(-0.00521119409771,0.011698903083655,0.0041));
#9281=CARTESIAN_POINT('',(-0.005213169637752,0.011686633940242,0.004101));
#9282=CARTESIAN_POINT('',(-0.005213169637752,0.011686633940242,0.0041));
#9283=CARTESIAN_POINT('',(-0.005215353129373,0.011677068167412,0.004101));
#9284=CARTESIAN_POINT('',(-0.005215353129373,0.011677068167412,0.0041));
#9285=CARTESIAN_POINT('',(-0.005217848548375,0.01167041371675,0.004101));
#9286=CARTESIAN_POINT('',(-0.005217848548375,0.01167041371675,0.0041));
#9287=CARTESIAN_POINT('',(-0.00521119409771,0.011698903083655,0.004101));
#9288=CARTESIAN_POINT('',(-0.00521119409771,0.011698903083655,0.004101));
#9289=CARTESIAN_POINT('',(-0.00521119409771,0.011698903083655,0.004101));
#9290=CARTESIAN_POINT('',(-0.005213169637752,0.011686633940242,0.004101));
#9291=CARTESIAN_POINT('',(-0.005215353129373,0.011677068167412,0.004101));
#9292=CARTESIAN_POINT('',(-0.005217848548375,0.01167041371675,0.004101));
#9293=CARTESIAN_POINT('',(-0.005209946388209,0.011698903083655,0.004101));
#9294=CARTESIAN_POINT('',(-0.005209946388209,0.011698903083655,0.004101));
#9295=CARTESIAN_POINT('',(-0.005209946388209,0.011698903083655,0.004101));
#9296=CARTESIAN_POINT('',(-0.005209946388209,0.011698903083655,0.004101));
#9297=CARTESIAN_POINT('',(-0.005203603864921,0.01167041371675,0.004101));
#9298=CARTESIAN_POINT('',(-0.005203603864921,0.01167041371675,0.0041));
#9299=CARTESIAN_POINT('',(-0.00520557940496,0.011676028409497,0.004101));
#9300=CARTESIAN_POINT('',(-0.00520557940496,0.011676028409497,0.0041));
#9301=CARTESIAN_POINT('',(-0.005207658920796,0.011685386230744,0.004101));
#9302=CARTESIAN_POINT('',(-0.005207658920796,0.011685386230744,0.0041));
#9303=CARTESIAN_POINT('',(-0.005209946388209,0.011698903083655,0.004101));
#9304=CARTESIAN_POINT('',(-0.005209946388209,0.011698903083655,0.0041));
#9305=CARTESIAN_POINT('',(-0.005203603864921,0.01167041371675,0.004101));
#9306=CARTESIAN_POINT('',(-0.005203603864921,0.01167041371675,0.004101));
#9307=CARTESIAN_POINT('',(-0.005203603864921,0.01167041371675,0.004101));
#9308=CARTESIAN_POINT('',(-0.00520557940496,0.011676028409497,0.004101));
#9309=CARTESIAN_POINT('',(-0.005207658920796,0.011685386230744,0.004101));
#9310=CARTESIAN_POINT('',(-0.005209946388209,0.011698903083655,0.004101));
#9311=CARTESIAN_POINT('',(-0.005142154172065,0.011501349079555,0.004101));
#9312=CARTESIAN_POINT('',(-0.005142154172065,0.011501349079555,0.004101));
#9313=CARTESIAN_POINT('',(-0.005142154172065,0.011501349079555,0.004101));
#9314=CARTESIAN_POINT('',(-0.005142154172065,0.011501349079555,0.004101));
#9315=CARTESIAN_POINT('',(-0.005278674386477,0.011501349079555,0.004101));
#9316=CARTESIAN_POINT('',(-0.005278674386477,0.011501349079555,0.004101));
#9317=CARTESIAN_POINT('',(-0.006949461382209,0.01134413768261,0.004101));
#9318=CARTESIAN_POINT('',(-0.00502642911598,0.01134413768261,0.0041));
#9319=CARTESIAN_POINT('',(-0.005084447607709,0.01134413768261,0.0041));
#9320=CARTESIAN_POINT('',(-0.00502642911598072,0.01134413768261,0.0041));
#9321=CARTESIAN_POINT('',(-0.00502642911598,0.01134413768261,0.004101));
#9322=CARTESIAN_POINT('',(-0.00502642911598072,0.01134413768261,0.004101));
#9323=CARTESIAN_POINT('',(-0.00502642911598,0.01134413768261,0.004101));
#9324=CARTESIAN_POINT('',(-0.005084447607709,0.01134413768261,0.004101));
#9325=CARTESIAN_POINT('',(-0.005084447607709,0.01134413768261,0.004101));
#9326=CARTESIAN_POINT('',(-0.005084447607709,0.01134413768261,0.004101));
#9327=CARTESIAN_POINT('',(-0.005084447607709,0.01134413768261,0.0041));
#9328=CARTESIAN_POINT('',(-0.005125933948572,0.011455391779654,0.0041));
#9329=CARTESIAN_POINT('',(-0.005084447607709,0.01134413768261,0.004101));
#9330=CARTESIAN_POINT('',(-0.005125933948572,0.011455391779654,0.004101));
#9331=CARTESIAN_POINT('',(-0.005125933948572,0.011455391779654,0.004101));
#9332=CARTESIAN_POINT('',(-0.005125933948572,0.011455391779654,0.004101));
#9333=CARTESIAN_POINT('',(-0.005125933948572,0.011455391779654,0.0041));
#9334=CARTESIAN_POINT('',(-0.005295310513141,0.011455391779654,0.0041));
#9335=CARTESIAN_POINT('',(-0.005125933948572,0.011455391779654,0.004101));
#9336=CARTESIAN_POINT('',(-0.005295310513141,0.011455391779654,0.004101));
#9337=CARTESIAN_POINT('',(-0.005295310513141,0.011455391779654,0.004101));
#9338=CARTESIAN_POINT('',(-0.005295310513141,0.011455391779654,0.004101));
#9339=CARTESIAN_POINT('',(-0.005295310513141,0.011455391779654,0.0041));
#9340=CARTESIAN_POINT('',(-0.0053344054107946,0.01134413768261,0.0041));
#9341=CARTESIAN_POINT('',(-0.005295310513141,0.011455391779654,0.004101));
#9342=CARTESIAN_POINT('',(-0.0053344054107946,0.01134413768261,0.004101));
#9343=CARTESIAN_POINT('',(-0.005334405410795,0.01134413768261,0.004101));
#9344=CARTESIAN_POINT('',(-0.006949461382209,0.01134413768261,0.004101));
#9345=CARTESIAN_POINT('',(-0.005334405410795,0.01134413768261,0.0041));
#9346=CARTESIAN_POINT('',(-0.005392423902526,0.01134413768261,0.0041));
#9347=CARTESIAN_POINT('',(-0.005334405410795,0.01134413768261,0.004101));
#9348=CARTESIAN_POINT('',(-0.005392423902526,0.01134413768261,0.004101));
#9349=CARTESIAN_POINT('',(-0.005392423902526,0.01134413768261,0.004101));
#9350=CARTESIAN_POINT('',(-0.005392423902526,0.01134413768261,0.004101));
#9351=CARTESIAN_POINT('',(-0.005392423902526,0.01134413768261,0.0041));
#9352=CARTESIAN_POINT('',(-0.00523749997299376,0.011750890979472,0.0041));
#9353=CARTESIAN_POINT('',(-0.005392423902526,0.01134413768261,0.004101));
#9354=CARTESIAN_POINT('',(-0.00523749997299376,0.011750890979472,0.004101));
#9355=CARTESIAN_POINT('',(-0.005237499972993,0.011750890979472,0.004101));
#9356=CARTESIAN_POINT('',(-0.007168226447802,0.011750890979472,0.004101));
#9357=CARTESIAN_POINT('',(-0.005237499972993,0.011750890979472,0.0041));
#9358=CARTESIAN_POINT('',(-0.00518135304551,0.011750890979472,0.0041));
#9359=CARTESIAN_POINT('',(-0.005237499972993,0.011750890979472,0.004101));
#9360=CARTESIAN_POINT('',(-0.00518135304551,0.011750890979472,0.004101));
#9361=CARTESIAN_POINT('',(-0.00518135304551,0.011750890979472,0.004101));
#9362=CARTESIAN_POINT('',(-0.00518135304551,0.011750890979472,0.004101));
#9363=CARTESIAN_POINT('',(-0.00518135304551,0.011750890979472,0.0041));
#9364=CARTESIAN_POINT('',(-0.00518135304551,0.011750890979472,0.004101));
#9365=CARTESIAN_POINT('',(0.,0.,0.004101));
#9366=CARTESIAN_POINT('',(0.,0.,0.0041));
#9367=CARTESIAN_POINT('',(-0.005514803409275,0.011665838781917,0.0041));
#9368=CARTESIAN_POINT('',(-0.005544540485681,0.011691416826657,0.0041));
#9369=CARTESIAN_POINT('',(-0.005583739359126,0.011704101873239,0.0041));
#9370=CARTESIAN_POINT('',(-0.005632192078027,0.011704101873239,0.0041));
#9371=CARTESIAN_POINT('',(-0.005514803409275,0.011665838781917,0.0041));
#9372=CARTESIAN_POINT('',(-0.005632192078027,0.011704101873239,0.0041));
#9373=CARTESIAN_POINT('',(-0.005632192078027,0.011704101873239,0.0041));
#9374=CARTESIAN_POINT('',(-0.00569364177088,0.011704101873239,0.0041));
#9375=CARTESIAN_POINT('',(-0.00569364177088,0.011704101873239,0.0041));
#9376=CARTESIAN_POINT('',(-0.00569364177088,0.011390510885677,0.0041));
#9377=CARTESIAN_POINT('',(-0.00569364177088,0.011390510885677,0.0041));
#9378=CARTESIAN_POINT('',(-0.005634583521234,0.011390510885677,0.0041));
#9379=CARTESIAN_POINT('',(-0.005634583521234,0.011390510885677,0.0041));
#9380=CARTESIAN_POINT('',(-0.005582907552794,0.011390510885677,0.0041));
#9381=CARTESIAN_POINT('',(-0.00554256494564,0.011404651593337,0.0041));
#9382=CARTESIAN_POINT('',(-0.005513659675566,0.011432933008662,0.0041));
#9383=CARTESIAN_POINT('',(-0.005513659675566,0.011432933008662,0.0041));
#9384=CARTESIAN_POINT('',(-0.005513659675566,0.011432933008662,0.0041));
#9385=CARTESIAN_POINT('',(-0.0054846504297,0.011461006472404,0.0041));
#9386=CARTESIAN_POINT('',(-0.005470197794666,0.011500517273223,0.0041));
#9387=CARTESIAN_POINT('',(-0.005470197794666,0.01155125745954,0.0041));
#9388=CARTESIAN_POINT('',(-0.005470197794666,0.01155125745954,0.0041));
#9389=CARTESIAN_POINT('',(-0.005470197794666,0.01155125745954,0.0041));
#9390=CARTESIAN_POINT('',(-0.005470197794666,0.011601997645856,0.0041));
#9391=CARTESIAN_POINT('',(-0.005485066332869,0.011640260737175,0.0041));
#9392=CARTESIAN_POINT('',(-0.005514803409275,0.011665838781917,0.0041));
#9393=CARTESIAN_POINT('',(-0.005514803409275,0.011665838781917,0.004101));
#9394=CARTESIAN_POINT('',(-0.005514803409275,0.011665838781917,0.0041));
#9395=CARTESIAN_POINT('',(-0.005544540485681,0.011691416826657,0.004101));
#9396=CARTESIAN_POINT('',(-0.005544540485681,0.011691416826657,0.0041));
#9397=CARTESIAN_POINT('',(-0.005583739359126,0.011704101873239,0.004101));
#9398=CARTESIAN_POINT('',(-0.005583739359126,0.011704101873239,0.0041));
#9399=CARTESIAN_POINT('',(-0.005632192078027,0.011704101873239,0.004101));
#9400=CARTESIAN_POINT('',(-0.005632192078027,0.011704101873239,0.0041));
#9401=CARTESIAN_POINT('',(-0.005514803409275,0.011665838781917,0.004101));
#9402=CARTESIAN_POINT('',(-0.005514803409275,0.011665838781917,0.004101));
#9403=CARTESIAN_POINT('',(-0.005514803409275,0.011665838781917,0.004101));
#9404=CARTESIAN_POINT('',(-0.005544540485681,0.011691416826657,0.004101));
#9405=CARTESIAN_POINT('',(-0.005583739359126,0.011704101873239,0.004101));
#9406=CARTESIAN_POINT('',(-0.005632192078027,0.011704101873239,0.004101));
#9407=CARTESIAN_POINT('',(-0.005632192078027,0.011704101873239,0.004101));
#9408=CARTESIAN_POINT('',(-0.005632192078027,0.011704101873239,0.004101));
#9409=CARTESIAN_POINT('',(-0.005470197794666,0.01155125745954,0.004101));
#9410=CARTESIAN_POINT('',(-0.005470197794666,0.01155125745954,0.0041));
#9411=CARTESIAN_POINT('',(-0.005470197794666,0.011601997645856,0.004101));
#9412=CARTESIAN_POINT('',(-0.005470197794666,0.011601997645856,0.0041));
#9413=CARTESIAN_POINT('',(-0.005485066332869,0.011640260737175,0.004101));
#9414=CARTESIAN_POINT('',(-0.005485066332869,0.011640260737175,0.0041));
#9415=CARTESIAN_POINT('',(-0.005514803409275,0.011665838781917,0.004101));
#9416=CARTESIAN_POINT('',(-0.005514803409275,0.011665838781917,0.0041));
#9417=CARTESIAN_POINT('',(-0.005470197794666,0.01155125745954,0.004101));
#9418=CARTESIAN_POINT('',(-0.005470197794666,0.01155125745954,0.004101));
#9419=CARTESIAN_POINT('',(-0.005470197794666,0.01155125745954,0.004101));
#9420=CARTESIAN_POINT('',(-0.005470197794666,0.011601997645856,0.004101));
#9421=CARTESIAN_POINT('',(-0.005485066332869,0.011640260737175,0.004101));
#9422=CARTESIAN_POINT('',(-0.005514803409275,0.011665838781917,0.004101));
#9423=CARTESIAN_POINT('',(-0.005513659675566,0.011432933008662,0.004101));
#9424=CARTESIAN_POINT('',(-0.005513659675566,0.011432933008662,0.0041));
#9425=CARTESIAN_POINT('',(-0.0054846504297,0.011461006472404,0.004101));
#9426=CARTESIAN_POINT('',(-0.0054846504297,0.011461006472404,0.0041));
#9427=CARTESIAN_POINT('',(-0.005470197794666,0.011500517273223,0.004101));
#9428=CARTESIAN_POINT('',(-0.005470197794666,0.011500517273223,0.0041));
#9429=CARTESIAN_POINT('',(-0.005470197794666,0.01155125745954,0.004101));
#9430=CARTESIAN_POINT('',(-0.005470197794666,0.01155125745954,0.0041));
#9431=CARTESIAN_POINT('',(-0.005513659675566,0.011432933008662,0.004101));
#9432=CARTESIAN_POINT('',(-0.005513659675566,0.011432933008662,0.004101));
#9433=CARTESIAN_POINT('',(-0.005513659675566,0.011432933008662,0.004101));
#9434=CARTESIAN_POINT('',(-0.0054846504297,0.011461006472404,0.004101));
#9435=CARTESIAN_POINT('',(-0.005470197794666,0.011500517273223,0.004101));
#9436=CARTESIAN_POINT('',(-0.005470197794666,0.01155125745954,0.004101));
#9437=CARTESIAN_POINT('',(-0.005634583521234,0.011390510885677,0.004101));
#9438=CARTESIAN_POINT('',(-0.005634583521234,0.011390510885677,0.0041));
#9439=CARTESIAN_POINT('',(-0.005582907552794,0.011390510885677,0.004101));
#9440=CARTESIAN_POINT('',(-0.005582907552794,0.011390510885677,0.0041));
#9441=CARTESIAN_POINT('',(-0.00554256494564,0.011404651593337,0.004101));
#9442=CARTESIAN_POINT('',(-0.00554256494564,0.011404651593337,0.0041));
#9443=CARTESIAN_POINT('',(-0.005513659675566,0.011432933008662,0.004101));
#9444=CARTESIAN_POINT('',(-0.005513659675566,0.011432933008662,0.0041));
#9445=CARTESIAN_POINT('',(-0.005634583521234,0.011390510885677,0.004101));
#9446=CARTESIAN_POINT('',(-0.005634583521234,0.011390510885677,0.004101));
#9447=CARTESIAN_POINT('',(-0.005634583521234,0.011390510885677,0.004101));
#9448=CARTESIAN_POINT('',(-0.005582907552794,0.011390510885677,0.004101));
#9449=CARTESIAN_POINT('',(-0.00554256494564,0.011404651593337,0.004101));
#9450=CARTESIAN_POINT('',(-0.005513659675566,0.011432933008662,0.004101));
#9451=CARTESIAN_POINT('',(-0.007115718673028,0.011390510885677,0.004101));
#9452=CARTESIAN_POINT('',(-0.00569364177088,0.011390510885677,0.004101));
#9453=CARTESIAN_POINT('',(-0.00569364177088,0.011390510885677,0.004101));
#9454=CARTESIAN_POINT('',(-0.00569364177088,0.011390510885677,0.004101));
#9455=CARTESIAN_POINT('',(-0.00569364177088,0.011704101873239,0.004101));
#9456=CARTESIAN_POINT('',(-0.00569364177088,0.011704101873239,0.004101));
#9457=CARTESIAN_POINT('',(-0.00569364177088,0.011704101873239,0.004101));
#9458=CARTESIAN_POINT('',(-0.00569364177088,0.011704101873239,0.004101));
#9459=CARTESIAN_POINT('',(-0.006958715227665,0.011704101873239,0.004101));
#9460=CARTESIAN_POINT('',(-0.005632192078027,0.011704101873239,0.004101));
#9461=CARTESIAN_POINT('',(-0.005746149545653,0.01134413768261,0.004101));
#9462=CARTESIAN_POINT('',(-0.005746149545653,0.01134413768261,0.0041));
#9463=CARTESIAN_POINT('',(-0.005746149545653,0.011750890979472,0.0041));
#9464=CARTESIAN_POINT('',(-0.005746149545653,0.01134413768261,0.0041));
#9465=CARTESIAN_POINT('',(-0.005746149545653,0.01134413768261,0.004101));
#9466=CARTESIAN_POINT('',(-0.005746149545653,0.01134413768261,0.004101));
#9467=CARTESIAN_POINT('',(-0.005746149545653,0.01134413768261,0.004101));
#9468=CARTESIAN_POINT('',(-0.005746149545653,0.011750890979472,0.004101));
#9469=CARTESIAN_POINT('',(-0.005746149545653,0.011750890979472,0.004101));
#9470=CARTESIAN_POINT('',(-0.007168226447802,0.011750890979472,0.004101));
#9471=CARTESIAN_POINT('',(-0.005746149545653,0.011750890979472,0.0041));
#9472=CARTESIAN_POINT('',(-0.005630112562194,0.011750890979472,0.0041));
#9473=CARTESIAN_POINT('',(-0.005746149545653,0.011750890979472,0.004101));
#9474=CARTESIAN_POINT('',(-0.005630112562194,0.011750890979472,0.004101));
#9475=CARTESIAN_POINT('',(-0.005630112562194,0.011750890979472,0.004101));
#9476=CARTESIAN_POINT('',(-0.005476332366371,0.011697031519407,0.004101));
#9477=CARTESIAN_POINT('',(-0.005476332366371,0.011697031519407,0.0041));
#9478=CARTESIAN_POINT('',(-0.00551719485248,0.01173300714331,0.004101));
#9479=CARTESIAN_POINT('',(-0.00551719485248,0.01173300714331,0.0041));
#9480=CARTESIAN_POINT('',(-0.005568454917757,0.011750890979472,0.004101));
#9481=CARTESIAN_POINT('',(-0.005568454917757,0.011750890979472,0.0041));
#9482=CARTESIAN_POINT('',(-0.005630112562194,0.011750890979472,0.004101));
#9483=CARTESIAN_POINT('',(-0.005630112562194,0.011750890979472,0.0041));
#9484=CARTESIAN_POINT('',(-0.005476332366371,0.011697031519407,0.0041));
#9485=CARTESIAN_POINT('',(-0.00551719485248,0.01173300714331,0.0041));
#9486=CARTESIAN_POINT('',(-0.005568454917757,0.011750890979472,0.0041));
#9487=CARTESIAN_POINT('',(-0.005630112562194,0.011750890979472,0.0041));
#9488=CARTESIAN_POINT('',(-0.005476332366371,0.011697031519407,0.0041));
#9489=CARTESIAN_POINT('',(-0.005476332366371,0.011697031519407,0.004101));
#9490=CARTESIAN_POINT('',(-0.00551719485248,0.01173300714331,0.004101));
#9491=CARTESIAN_POINT('',(-0.005568454917757,0.011750890979472,0.004101));
#9492=CARTESIAN_POINT('',(-0.005630112562194,0.011750890979472,0.004101));
#9493=CARTESIAN_POINT('',(-0.005476332366371,0.011697031519407,0.004101));
#9494=CARTESIAN_POINT('',(-0.005476332366371,0.011697031519407,0.004101));
#9495=CARTESIAN_POINT('',(-0.005414986649306,0.011552713120621,0.004101));
#9496=CARTESIAN_POINT('',(-0.005414986649306,0.011552713120621,0.0041));
#9497=CARTESIAN_POINT('',(-0.005414986649306,0.011613019079768,0.004101));
#9498=CARTESIAN_POINT('',(-0.005414986649306,0.011613019079768,0.0041));
#9499=CARTESIAN_POINT('',(-0.005435469880259,0.011661055895502,0.004101));
#9500=CARTESIAN_POINT('',(-0.005435469880259,0.011661055895502,0.0041));
#9501=CARTESIAN_POINT('',(-0.005476332366371,0.011697031519407,0.004101));
#9502=CARTESIAN_POINT('',(-0.005476332366371,0.011697031519407,0.0041));
#9503=CARTESIAN_POINT('',(-0.005414986649306,0.011552713120621,0.0041));
#9504=CARTESIAN_POINT('',(-0.005414986649306,0.011613019079768,0.0041));
#9505=CARTESIAN_POINT('',(-0.005435469880259,0.011661055895502,0.0041));
#9506=CARTESIAN_POINT('',(-0.005476332366371,0.011697031519407,0.0041));
#9507=CARTESIAN_POINT('',(-0.005414986649306,0.011552713120621,0.0041));
#9508=CARTESIAN_POINT('',(-0.005414986649306,0.011552713120621,0.004101));
#9509=CARTESIAN_POINT('',(-0.005414986649306,0.011613019079768,0.004101));
#9510=CARTESIAN_POINT('',(-0.005435469880259,0.011661055895502,0.004101));
#9511=CARTESIAN_POINT('',(-0.005476332366371,0.011697031519407,0.004101));
#9512=CARTESIAN_POINT('',(-0.005414986649306,0.011552713120621,0.004101));
#9513=CARTESIAN_POINT('',(-0.005414986649306,0.011552713120621,0.004101));
#9514=CARTESIAN_POINT('',(-0.005476332366371,0.011401116416423,0.004101));
#9515=CARTESIAN_POINT('',(-0.005476332366371,0.011401116416423,0.0041));
#9516=CARTESIAN_POINT('',(-0.005435469880259,0.011439171556161,0.004101));
#9517=CARTESIAN_POINT('',(-0.005435469880259,0.011439171556161,0.0041));
#9518=CARTESIAN_POINT('',(-0.005414986649306,0.011489703790892,0.004101));
#9519=CARTESIAN_POINT('',(-0.005414986649306,0.011489703790892,0.0041));
#9520=CARTESIAN_POINT('',(-0.005414986649306,0.011552713120621,0.004101));
#9521=CARTESIAN_POINT('',(-0.005414986649306,0.011552713120621,0.0041));
#9522=CARTESIAN_POINT('',(-0.005476332366371,0.011401116416423,0.0041));
#9523=CARTESIAN_POINT('',(-0.005435469880259,0.011439171556161,0.0041));
#9524=CARTESIAN_POINT('',(-0.005414986649306,0.011489703790892,0.0041));
#9525=CARTESIAN_POINT('',(-0.005414986649306,0.011552713120621,0.0041));
#9526=CARTESIAN_POINT('',(-0.005476332366371,0.011401116416423,0.0041));
#9527=CARTESIAN_POINT('',(-0.005476332366371,0.011401116416423,0.004101));
#9528=CARTESIAN_POINT('',(-0.005435469880259,0.011439171556161,0.004101));
#9529=CARTESIAN_POINT('',(-0.005414986649306,0.011489703790892,0.004101));
#9530=CARTESIAN_POINT('',(-0.005414986649306,0.011552713120621,0.004101));
#9531=CARTESIAN_POINT('',(-0.005476332366371,0.011401116416423,0.004101));
#9532=CARTESIAN_POINT('',(-0.005476332366371,0.011401116416423,0.004101));
#9533=CARTESIAN_POINT('',(-0.005634271593857,0.01134413768261,0.004101));
#9534=CARTESIAN_POINT('',(-0.005634271593857,0.01134413768261,0.0041));
#9535=CARTESIAN_POINT('',(-0.005569910578838,0.01134413768261,0.004101));
#9536=CARTESIAN_POINT('',(-0.005569910578838,0.01134413768261,0.0041));
#9537=CARTESIAN_POINT('',(-0.00551719485248,0.011363061276684,0.004101));
#9538=CARTESIAN_POINT('',(-0.00551719485248,0.011363061276684,0.0041));
#9539=CARTESIAN_POINT('',(-0.005476332366371,0.011401116416423,0.004101));
#9540=CARTESIAN_POINT('',(-0.005476332366371,0.011401116416423,0.0041));
#9541=CARTESIAN_POINT('',(-0.005634271593857,0.01134413768261,0.0041));
#9542=CARTESIAN_POINT('',(-0.005569910578838,0.01134413768261,0.0041));
#9543=CARTESIAN_POINT('',(-0.00551719485248,0.011363061276684,0.0041));
#9544=CARTESIAN_POINT('',(-0.005476332366371,0.011401116416423,0.0041));
#9545=CARTESIAN_POINT('',(-0.005634271593857,0.01134413768261,0.0041));
#9546=CARTESIAN_POINT('',(-0.005634271593857,0.01134413768261,0.004101));
#9547=CARTESIAN_POINT('',(-0.005569910578838,0.01134413768261,0.004101));
#9548=CARTESIAN_POINT('',(-0.00551719485248,0.011363061276684,0.004101));
#9549=CARTESIAN_POINT('',(-0.005476332366371,0.011401116416423,0.004101));
#9550=CARTESIAN_POINT('',(-0.005634271593857,0.01134413768261,0.004101));
#9551=CARTESIAN_POINT('',(-0.005634271593857,0.01134413768261,0.004101));
#9552=CARTESIAN_POINT('',(-0.006949461382209,0.01134413768261,0.004101));
#9553=CARTESIAN_POINT('',(-0.005634271593857,0.01134413768261,0.0041));
#9554=CARTESIAN_POINT('',(-0.005634271593857,0.01134413768261,0.004101));
#9555=CARTESIAN_POINT('',(0.,0.,0.004101));
#9556=CARTESIAN_POINT('',(0.,0.,0.004101));
#9557=CARTESIAN_POINT('',(-0.00582298765567,0.011390510885677,0.004101));
#9558=CARTESIAN_POINT('',(-0.00582298765567,0.01134413768261,0.004101));
#9559=CARTESIAN_POINT('',(-0.00582298765567,0.011390510885677,0.004101));
#9560=CARTESIAN_POINT('',(-0.005989244946488,0.011390510885677,0.004101));
#9561=CARTESIAN_POINT('',(-0.005989244946488,0.011390510885677,0.004101));
#9562=CARTESIAN_POINT('',(-0.005989244946488,0.011527343027464,0.004101));
#9563=CARTESIAN_POINT('',(-0.005989244946488,0.011527343027464,0.004101));
#9564=CARTESIAN_POINT('',(-0.005843782813997,0.011527343027464,0.004101));
#9565=CARTESIAN_POINT('',(-0.005843782813997,0.011527343027464,0.004101));
#9566=CARTESIAN_POINT('',(-0.005843782813997,0.011573924182114,0.004101));
#9567=CARTESIAN_POINT('',(-0.005843782813997,0.011573924182114,0.004101));
#9568=CARTESIAN_POINT('',(-0.005989244946488,0.011573924182114,0.004101));
#9569=CARTESIAN_POINT('',(-0.005989244946488,0.011573924182114,0.004101));
#9570=CARTESIAN_POINT('',(-0.005989244946488,0.011704101873239,0.004101));
#9571=CARTESIAN_POINT('',(-0.005989244946488,0.011704101873239,0.004101));
#9572=CARTESIAN_POINT('',(-0.005832241501125,0.011704101873239,0.004101));
#9573=CARTESIAN_POINT('',(-0.005832241501125,0.011704101873239,0.004101));
#9574=CARTESIAN_POINT('',(-0.005832241501125,0.011750890979472,0.004101));
#9575=CARTESIAN_POINT('',(-0.005832241501125,0.011750890979472,0.004101));
#9576=CARTESIAN_POINT('',(-0.006041752721263,0.011750890979472,0.004101));
#9577=CARTESIAN_POINT('',(-0.006041752721263,0.011750890979472,0.004101));
#9578=CARTESIAN_POINT('',(-0.006041752721263,0.01134413768261,0.004101));
#9579=CARTESIAN_POINT('',(-0.006041752721263,0.01134413768261,0.004101));
#9580=CARTESIAN_POINT('',(-0.00582298765567,0.01134413768261,0.004101));
#9581=CARTESIAN_POINT('',(-0.006949461382209,0.01134413768261,0.004101));
#9582=CARTESIAN_POINT('',(-0.00582298765567,0.01134413768261,0.0041));
#9583=CARTESIAN_POINT('',(-0.006041752721263,0.01134413768261,0.0041));
#9584=CARTESIAN_POINT('',(-0.00582298765567,0.01134413768261,0.0041));
#9585=CARTESIAN_POINT('',(-0.00582298765567,0.01134413768261,0.004101));
#9586=CARTESIAN_POINT('',(-0.006041752721263,0.01134413768261,0.004101));
#9587=CARTESIAN_POINT('',(-0.006041752721263,0.01134413768261,0.004101));
#9588=CARTESIAN_POINT('',(-0.006041752721263,0.01134413768261,0.0041));
#9589=CARTESIAN_POINT('',(-0.006041752721263,0.011750890979472,0.0041));
#9590=CARTESIAN_POINT('',(-0.006041752721263,0.011750890979472,0.004101));
#9591=CARTESIAN_POINT('',(-0.007168226447802,0.011750890979472,0.004101));
#9592=CARTESIAN_POINT('',(-0.006041752721263,0.011750890979472,0.0041));
#9593=CARTESIAN_POINT('',(-0.005832241501125,0.011750890979472,0.0041));
#9594=CARTESIAN_POINT('',(-0.005832241501125,0.011750890979472,0.004101));
#9595=CARTESIAN_POINT('',(-0.005832241501125,0.011750890979472,0.004101));
#9596=CARTESIAN_POINT('',(-0.005832241501125,0.011750890979472,0.0041));
#9597=CARTESIAN_POINT('',(-0.005832241501125,0.011704101873239,0.0041));
#9598=CARTESIAN_POINT('',(-0.005832241501125,0.011704101873239,0.004101));
#9599=CARTESIAN_POINT('',(-0.006958715227665,0.011704101873239,0.004101));
#9600=CARTESIAN_POINT('',(-0.005832241501125,0.011704101873239,0.0041));
#9601=CARTESIAN_POINT('',(-0.005989244946488,0.011704101873239,0.0041));
#9602=CARTESIAN_POINT('',(-0.005989244946488,0.011704101873239,0.004101));
#9603=CARTESIAN_POINT('',(-0.005989244946488,0.011527343027464,0.004101));
#9604=CARTESIAN_POINT('',(-0.005989244946488,0.011704101873239,0.0041));
#9605=CARTESIAN_POINT('',(-0.005989244946488,0.011573924182114,0.0041));
#9606=CARTESIAN_POINT('',(-0.005989244946488,0.011573924182114,0.004101));
#9607=CARTESIAN_POINT('',(-0.007115718673028,0.011573924182114,0.004101));
#9608=CARTESIAN_POINT('',(-0.005989244946488,0.011573924182114,0.0041));
#9609=CARTESIAN_POINT('',(-0.005843782813997,0.011573924182114,0.0041));
#9610=CARTESIAN_POINT('',(-0.005843782813997,0.011573924182114,0.004101));
#9611=CARTESIAN_POINT('',(-0.005843782813997,0.011573924182114,0.004101));
#9612=CARTESIAN_POINT('',(-0.005843782813997,0.011573924182114,0.0041));
#9613=CARTESIAN_POINT('',(-0.005843782813997,0.011527343027464,0.0041));
#9614=CARTESIAN_POINT('',(-0.005843782813997,0.011527343027464,0.004101));
#9615=CARTESIAN_POINT('',(-0.006970256540535,0.011527343027464,0.004101));
#9616=CARTESIAN_POINT('',(-0.005843782813997,0.011527343027464,0.0041));
#9617=CARTESIAN_POINT('',(-0.005989244946488,0.011527343027464,0.0041));
#9618=CARTESIAN_POINT('',(-0.005989244946488,0.011527343027464,0.004101));
#9619=CARTESIAN_POINT('',(-0.005989244946488,0.011527343027464,0.004101));
#9620=CARTESIAN_POINT('',(-0.005989244946488,0.011527343027464,0.0041));
#9621=CARTESIAN_POINT('',(-0.005989244946488,0.011390510885677,0.0041));
#9622=CARTESIAN_POINT('',(-0.005989244946488,0.011390510885677,0.004101));
#9623=CARTESIAN_POINT('',(-0.007115718673028,0.011390510885677,0.004101));
#9624=CARTESIAN_POINT('',(-0.005989244946488,0.011390510885677,0.0041));
#9625=CARTESIAN_POINT('',(-0.00582298765567,0.011390510885677,0.0041));
#9626=CARTESIAN_POINT('',(-0.00582298765567,0.011390510885677,0.004101));
#9627=CARTESIAN_POINT('',(-0.00582298765567,0.011390510885677,0.004101));
#9628=CARTESIAN_POINT('',(-0.00582298765567,0.011390510885677,0.0041));
#9629=CARTESIAN_POINT('',(0.,0.,0.004101));
#9630=CARTESIAN_POINT('',(-0.006149471641393,0.011634646044427,0.004101));
#9631=CARTESIAN_POINT('',(-0.006096651939246,0.011634646044427,0.004101));
#9632=CARTESIAN_POINT('',(-0.00614947164139299,0.011634646044427,0.004101));
#9633=CARTESIAN_POINT('',(-0.006228805170409,0.011415880978834,0.004101));
#9634=CARTESIAN_POINT('',(-0.00622895074653048,0.011415919542045,0.004101));
#9635=CARTESIAN_POINT('',(-0.00623270426259588,0.0114023381319745,0.004101));
#9636=CARTESIAN_POINT('',(-0.00623534152936553,0.011392382449924,0.004101));
#9637=CARTESIAN_POINT('',(-0.006236395403197,0.011392382449924,0.004101));
#9638=CARTESIAN_POINT('',(-0.00623639540319755,0.011392382449924,0.004101));
#9639=CARTESIAN_POINT('',(-0.006242633950697,0.011416296882,0.004101));
#9640=CARTESIAN_POINT('',(-0.00624263395069829,0.0114162968820049,0.004101));
#9641=CARTESIAN_POINT('',(-0.006318536278587,0.011634646044427,0.004101));
#9642=CARTESIAN_POINT('',(-0.006318536278587,0.011634646044427,0.004101));
#9643=CARTESIAN_POINT('',(-0.006375515012402,0.011634646044427,0.004101));
#9644=CARTESIAN_POINT('',(-0.00637551501240156,0.011634646044427,0.004101));
#9645=CARTESIAN_POINT('',(-0.006261557544773,0.011344761537359,0.004101));
#9646=CARTESIAN_POINT('',(-0.00626155754477275,0.0113447615373584,0.004101));
#9647=CARTESIAN_POINT('',(-0.006283912339974,0.011291941835209,0.004101));
#9648=CARTESIAN_POINT('',(-0.006283912339974,0.011291941835209,0.004101));
#9649=CARTESIAN_POINT('',(-0.006283912339974,0.011291941835209,0.004101));
#9650=CARTESIAN_POINT('',(-0.006295453652845,0.011264492226219,0.004101));
#9651=CARTESIAN_POINT('',(-0.006312817610047,0.011250975373306,0.004101));
#9652=CARTESIAN_POINT('',(-0.006336108187374,0.011250975373306,0.004101));
#9653=CARTESIAN_POINT('',(-0.006336108187374,0.011250975373306,0.004101));
#9654=CARTESIAN_POINT('',(-0.00633588442454147,0.0113244183648527,0.004101));
#9655=CARTESIAN_POINT('',(-0.006365013457446,0.011256798017639,0.004101));
#9656=CARTESIAN_POINT('',(-0.006365013457446,0.011211464572486,0.004101));
#9657=CARTESIAN_POINT('',(-0.006365013457446,0.011211464572486,0.004101));
#9658=CARTESIAN_POINT('',(-0.006365013457446,0.011211464572486,0.004101));
#9659=CARTESIAN_POINT('',(-0.006355967563575,0.011208761201904,0.004101));
#9660=CARTESIAN_POINT('',(-0.006344946129662,0.01120730554082,0.004101));
#9661=CARTESIAN_POINT('',(-0.006332157107291,0.01120730554082,0.004101));
#9662=CARTESIAN_POINT('',(-0.006332157107291,0.01120730554082,0.004101));
#9663=CARTESIAN_POINT('',(-0.006332157107291,0.01120730554082,0.004101));
#9664=CARTESIAN_POINT('',(-0.006287551492682,0.01120730554082,0.004101));
#9665=CARTESIAN_POINT('',(-0.006253031529859,0.011238290326727,0.004101));
#9666=CARTESIAN_POINT('',(-0.006228493243034,0.011300259898541,0.004101));
#9667=CARTESIAN_POINT('',(-0.00622849324303411,0.011300259898541,0.004101));
#9668=CARTESIAN_POINT('',(-0.006096651939246,0.011634646044427,0.004101));
#9669=CARTESIAN_POINT('',(-0.006096651939246,0.011634646044427,0.004101));
#9670=CARTESIAN_POINT('',(-0.006096651939246,0.011634646044427,0.0041));
#9671=CARTESIAN_POINT('',(-0.006228493243034,0.011300259898541,0.0041));
#9672=CARTESIAN_POINT('',(-0.006096651939246,0.011634646044427,0.0041));
#9673=CARTESIAN_POINT('',(-0.006096651939246,0.011634646044427,0.004101));
#9674=CARTESIAN_POINT('',(-0.006228493243034,0.011300259898541,0.004101));
#9675=CARTESIAN_POINT('',(-0.00622849324382375,0.0113002598965465,0.0041));
#9676=CARTESIAN_POINT('',(-0.00622849324382375,0.0113002598965465,0.004101));
#9677=CARTESIAN_POINT('',(-0.00625303152882814,0.011238290330536,0.0041));
#9678=CARTESIAN_POINT('',(-0.00625303152882814,0.011238290330536,0.004101));
#9679=CARTESIAN_POINT('',(-0.00628755148817625,0.0112073055452938,0.0041));
#9680=CARTESIAN_POINT('',(-0.00628755148817625,0.0112073055452938,0.004101));
#9681=CARTESIAN_POINT('',(-0.00633215709763018,0.01120730554082,0.0041));
#9682=CARTESIAN_POINT('',(-0.00633215709763018,0.01120730554082,0.004101));
#9683=CARTESIAN_POINT('',(-0.006332157107291,0.01120730554082,0.0041));
#9684=CARTESIAN_POINT('',(-0.006287551492682,0.01120730554082,0.0041));
#9685=CARTESIAN_POINT('',(-0.006253031529859,0.011238290326727,0.0041));
#9686=CARTESIAN_POINT('',(-0.006228493243034,0.011300259898541,0.0041));
#9687=CARTESIAN_POINT('',(-0.006332157107291,0.01120730554082,0.0041));
#9688=CARTESIAN_POINT('',(-0.006332157107291,0.01120730554082,0.004101));
#9689=CARTESIAN_POINT('',(-0.006365013457446,0.011211464572486,0.004101));
#9690=CARTESIAN_POINT('',(-0.006365013457446,0.011211464572486,0.0041));
#9691=CARTESIAN_POINT('',(-0.006355967563575,0.011208761201904,0.004101));
#9692=CARTESIAN_POINT('',(-0.006355967563575,0.011208761201904,0.0041));
#9693=CARTESIAN_POINT('',(-0.006344946129662,0.01120730554082,0.004101));
#9694=CARTESIAN_POINT('',(-0.006344946129662,0.01120730554082,0.0041));
#9695=CARTESIAN_POINT('',(-0.006332157107291,0.01120730554082,0.004101));
#9696=CARTESIAN_POINT('',(-0.006332157107291,0.01120730554082,0.0041));
#9697=CARTESIAN_POINT('',(-0.006365013457446,0.011211464572486,0.0041));
#9698=CARTESIAN_POINT('',(-0.006355967563575,0.011208761201904,0.0041));
#9699=CARTESIAN_POINT('',(-0.006344946129662,0.01120730554082,0.0041));
#9700=CARTESIAN_POINT('',(-0.006332157107291,0.01120730554082,0.0041));
#9701=CARTESIAN_POINT('',(-0.006365013457446,0.011211464572486,0.0041));
#9702=CARTESIAN_POINT('',(-0.006365013457446,0.011211464572486,0.004101));
#9703=CARTESIAN_POINT('',(-0.006365013457446,0.011211464572486,0.004101));
#9704=CARTESIAN_POINT('',(-0.006365013457446,0.011211464572486,0.0041));
#9705=CARTESIAN_POINT('',(-0.006365013457446,0.011256798017639,0.0041));
#9706=CARTESIAN_POINT('',(-0.006365013457446,0.0112569899615135,0.004101));
#9707=CARTESIAN_POINT('',(-0.00633588442454147,0.0113244183648527,0.0041008));
#9708=CARTESIAN_POINT('',(-0.00633588442454147,0.0113244183648527,0.0041));
#9709=CARTESIAN_POINT('',(-0.006336108187374,0.011250975373306,0.0041));
#9710=CARTESIAN_POINT('',(-0.006336108187374,0.011250975373306,0.004101));
#9711=CARTESIAN_POINT('',(-0.006283912339974,0.011291941835209,0.004101));
#9712=CARTESIAN_POINT('',(-0.006283912339974,0.011291941835209,0.0041));
#9713=CARTESIAN_POINT('',(-0.006295453652845,0.011264492226219,0.004101));
#9714=CARTESIAN_POINT('',(-0.006295453652845,0.011264492226219,0.0041));
#9715=CARTESIAN_POINT('',(-0.006312817610047,0.011250975373306,0.004101));
#9716=CARTESIAN_POINT('',(-0.006312817610047,0.011250975373306,0.0041));
#9717=CARTESIAN_POINT('',(-0.006336108187374,0.011250975373306,0.004101));
#9718=CARTESIAN_POINT('',(-0.006336108187374,0.011250975373306,0.0041));
#9719=CARTESIAN_POINT('',(-0.006283912339974,0.011291941835209,0.0041));
#9720=CARTESIAN_POINT('',(-0.006295453652845,0.011264492226219,0.0041));
#9721=CARTESIAN_POINT('',(-0.006312817610047,0.011250975373306,0.0041));
#9722=CARTESIAN_POINT('',(-0.006336108187374,0.011250975373306,0.0041));
#9723=CARTESIAN_POINT('',(-0.006283912339974,0.011291941835209,0.0041));
#9724=CARTESIAN_POINT('',(-0.006283912339974,0.011291941835209,0.004101));
#9725=CARTESIAN_POINT('',(-0.006283912339974,0.011291941835209,0.004101));
#9726=CARTESIAN_POINT('',(-0.006283912339974,0.011291941835209,0.0041));
#9727=CARTESIAN_POINT('',(-0.006261557544773,0.011344761537359,0.0041));
#9728=CARTESIAN_POINT('',(-0.006261557544773,0.011344761537359,0.004101));
#9729=CARTESIAN_POINT('',(-0.006261557544773,0.011344761537359,0.004101));
#9730=CARTESIAN_POINT('',(-0.006261557544773,0.011344761537359,0.0041));
#9731=CARTESIAN_POINT('',(-0.006375515012402,0.011634646044427,0.0041));
#9732=CARTESIAN_POINT('',(-0.006375515012402,0.011634646044427,0.004101));
#9733=CARTESIAN_POINT('',(-0.006375515012402,0.011634646044427,0.004101));
#9734=CARTESIAN_POINT('',(-0.006375515012402,0.011634646044427,0.0041));
#9735=CARTESIAN_POINT('',(-0.006318536278587,0.011634646044427,0.0041));
#9736=CARTESIAN_POINT('',(-0.006318536278587,0.011634646044427,0.004101));
#9737=CARTESIAN_POINT('',(-0.006318536278587,0.011634646044427,0.004101));
#9738=CARTESIAN_POINT('',(-0.006318536278587,0.011634646044427,0.0041));
#9739=CARTESIAN_POINT('',(-0.006242633950697,0.011416296882,0.0041));
#9740=CARTESIAN_POINT('',(-0.006242633950697,0.011416296882,0.004101));
#9741=CARTESIAN_POINT('',(-0.006242633950697,0.011416296882,0.004101));
#9742=CARTESIAN_POINT('',(-0.006242633950697,0.011416296882,0.0041));
#9743=CARTESIAN_POINT('',(-0.006236395403197,0.011392382449924,0.0041));
#9744=CARTESIAN_POINT('',(-0.006236395403197,0.011392382449924,0.004101));
#9745=CARTESIAN_POINT('',(-0.006236395403197,0.011392382449924,0.004101));
#9746=CARTESIAN_POINT('',(-0.006236395403197,0.011392382449924,0.0041));
#9747=CARTESIAN_POINT('',(-0.00623534152936553,0.011392382449924,0.0041));
#9748=CARTESIAN_POINT('',(-0.00623534152936553,0.011392382449924,0.0041005));
#9749=CARTESIAN_POINT('',(-0.00623270426259588,0.0114023381319745,0.0041005));
#9750=CARTESIAN_POINT('',(-0.00623270426259588,0.0114023381319745,0.0041));
#9751=CARTESIAN_POINT('',(-0.00622895074653048,0.011415919542045,0.0041));
#9752=CARTESIAN_POINT('',(-0.00622909632265196,0.011415958105256,0.004101));
#9753=CARTESIAN_POINT('',(-0.00622909632265196,0.011415958105256,0.00410066666666667));
#9754=CARTESIAN_POINT('',(-0.00622909632265196,0.011415958105256,0.00410033333333333));
#9755=CARTESIAN_POINT('',(-0.00622909632265196,0.011415958105256,0.0041));
#9756=CARTESIAN_POINT('',(-0.006228805170409,0.011415880978834,0.004101));
#9757=CARTESIAN_POINT('',(-0.006228805170409,0.011415880978834,0.0041));
#9758=CARTESIAN_POINT('',(-0.00614947164139299,0.011634646044427,0.0041));
#9759=CARTESIAN_POINT('',(-0.006149471641393,0.011634646044427,0.004101));
#9760=CARTESIAN_POINT('',(-0.006375515012402,0.011634646044427,0.004101));
#9761=CARTESIAN_POINT('',(-0.006149471641393,0.011634646044427,0.0041));
#9762=CARTESIAN_POINT('',(0.,0.,0.004101));
#9763=CARTESIAN_POINT('',(-0.006514426670021,0.011378865597014,0.004101));
#9764=CARTESIAN_POINT('',(-0.006544371698012,0.011378865597014,0.004101));
#9765=CARTESIAN_POINT('',(-0.006572237210169,0.011388223418261,0.004101));
#9766=CARTESIAN_POINT('',(-0.006598231158077,0.011406939060753,0.004101));
#9767=CARTESIAN_POINT('',(-0.006514426670021,0.011378865597014,0.004101));
#9768=CARTESIAN_POINT('',(-0.006598231158077,0.011406939060753,0.004101));
#9769=CARTESIAN_POINT('',(-0.006598231158077,0.011354327310189,0.004101));
#9770=CARTESIAN_POINT('',(-0.006598231158077,0.011354327310189,0.004101));
#9771=CARTESIAN_POINT('',(-0.006598231158077,0.011354327310189,0.004101));
#9772=CARTESIAN_POINT('',(-0.006575772387085,0.011343097924692,0.004101));
#9773=CARTESIAN_POINT('',(-0.006549570487593,0.011337275280361,0.004101));
#9774=CARTESIAN_POINT('',(-0.006519417508019,0.011337275280361,0.004101));
#9775=CARTESIAN_POINT('',(-0.006519417508019,0.011337275280361,0.004101));
#9776=CARTESIAN_POINT('',(-0.006519417508019,0.011337275280361,0.004101));
#9777=CARTESIAN_POINT('',(-0.006484793569407,0.011337275280361,0.004101));
#9778=CARTESIAN_POINT('',(-0.006456512154083,0.011344969488942,0.004101));
#9779=CARTESIAN_POINT('',(-0.006434781213632,0.011360357906102,0.004101));
#9780=CARTESIAN_POINT('',(-0.006434781213632,0.011360357906102,0.004101));
#9781=CARTESIAN_POINT('',(-0.006434781213632,0.011360357906102,0.004101));
#9782=CARTESIAN_POINT('',(-0.006412946297389,0.011375538371683,0.004101));
#9783=CARTESIAN_POINT('',(-0.006402028839268,0.011396541481591,0.004101));
#9784=CARTESIAN_POINT('',(-0.006402028839268,0.011423159284248,0.004101));
#9785=CARTESIAN_POINT('',(-0.006402028839268,0.011423159284248,0.004101));
#9786=CARTESIAN_POINT('',(-0.006402028839268,0.011423159284248,0.004101));
#9787=CARTESIAN_POINT('',(-0.006402028839268,0.011442290829909,0.004101));
#9788=CARTESIAN_POINT('',(-0.006407747507808,0.011458303101821,0.004101));
#9789=CARTESIAN_POINT('',(-0.006419080869096,0.011471196099983,0.004101));
#9790=CARTESIAN_POINT('',(-0.006419080869096,0.011471196099983,0.004101));
#9791=CARTESIAN_POINT('',(-0.006419080869096,0.011471196099983,0.004101));
#9792=CARTESIAN_POINT('',(-0.006430518206174,0.011484089098144,0.004101));
#9793=CARTESIAN_POINT('',(-0.006452353122417,0.011496774144723,0.004101));
#9794=CARTESIAN_POINT('',(-0.006484793569407,0.011508835336552,0.004101));
#9795=CARTESIAN_POINT('',(-0.006484793569407,0.011508835336552,0.004101));
#9796=CARTESIAN_POINT('',(-0.006484793569407,0.011508835336552,0.004101));
#9797=CARTESIAN_POINT('',(-0.006510371614148,0.011518817012549,0.004101));
#9798=CARTESIAN_POINT('',(-0.006526799789225,0.011527135075881,0.004101));
#9799=CARTESIAN_POINT('',(-0.006534286046224,0.011533789526546,0.004101));
#9800=CARTESIAN_POINT('',(-0.006534286046224,0.011533789526546,0.004101));
#9801=CARTESIAN_POINT('',(-0.006534286046224,0.011533789526546,0.004101));
#9802=CARTESIAN_POINT('',(-0.00654166832743,0.011540236025625,0.004101));
#9803=CARTESIAN_POINT('',(-0.006545411455928,0.011549177943707,0.004101));
#9804=CARTESIAN_POINT('',(-0.006545411455928,0.01156082323237,0.004101));
#9805=CARTESIAN_POINT('',(-0.006545411455928,0.01156082323237,0.004101));
#9806=CARTESIAN_POINT('',(-0.006545411455928,0.01156082323237,0.004101));
#9807=CARTESIAN_POINT('',(-0.006545411455928,0.01157246852103,0.004101));
#9808=CARTESIAN_POINT('',(-0.006540212666346,0.011582034293861,0.004101));
#9809=CARTESIAN_POINT('',(-0.006529919062975,0.011589104647692,0.004101));
#9810=CARTESIAN_POINT('',(-0.006529919062975,0.011589104647692,0.004101));
#9811=CARTESIAN_POINT('',(-0.006529919062975,0.011589104647692,0.004101));
#9812=CARTESIAN_POINT('',(-0.006519625459604,0.011596382953106,0.004101));
#9813=CARTESIAN_POINT('',(-0.006506212582482,0.011599918130023,0.004101));
#9814=CARTESIAN_POINT('',(-0.006489784407405,0.011599918130023,0.004101));
#9815=CARTESIAN_POINT('',(-0.006489784407405,0.011599918130023,0.004101));
#9816=CARTESIAN_POINT('',(-0.00648818684002621,0.0114628500462833,0.004101));
#9817=CARTESIAN_POINT('',(-0.006415961595346,0.0115792638401554,0.004101));
#9818=CARTESIAN_POINT('',(-0.006415961595346,0.011628407496928,0.004101));
#9819=CARTESIAN_POINT('',(-0.006415961595346,0.011628407496928,0.004101));
#9820=CARTESIAN_POINT('',(-0.006415961595346,0.011628407496928,0.004101));
#9821=CARTESIAN_POINT('',(-0.00643717265684,0.011637141463427,0.004101));
#9822=CARTESIAN_POINT('',(-0.006460047330999,0.011641300495093,0.004101));
#9823=CARTESIAN_POINT('',(-0.006484793569407,0.011641300495093,0.004101));
#9824=CARTESIAN_POINT('',(-0.006484793569407,0.011641300495093,0.004101));
#9825=CARTESIAN_POINT('',(-0.006484793569407,0.011641300495093,0.004101));
#9826=CARTESIAN_POINT('',(-0.006516610161646,0.011641300495093,0.004101));
#9827=CARTESIAN_POINT('',(-0.006543435915887,0.011633606286512,0.004101));
#9828=CARTESIAN_POINT('',(-0.006565270832129,0.011618217869349,0.004101));
#9829=CARTESIAN_POINT('',(-0.006565270832129,0.011618217869349,0.004101));
#9830=CARTESIAN_POINT('',(-0.006565270832129,0.011618217869349,0.004101));
#9831=CARTESIAN_POINT('',(-0.006587001772581,0.011602621500605,0.004101));
#9832=CARTESIAN_POINT('',(-0.006597919230702,0.011582034293861,0.004101));
#9833=CARTESIAN_POINT('',(-0.006597919230702,0.011556248297538,0.004101));
#9834=CARTESIAN_POINT('',(-0.006597919230702,0.011556248297538,0.004101));
#9835=CARTESIAN_POINT('',(-0.006597919230702,0.011556248297538,0.004101));
#9836=CARTESIAN_POINT('',(-0.006597919230702,0.011538364461375,0.004101));
#9837=CARTESIAN_POINT('',(-0.006593136344287,0.011522976044215,0.004101));
#9838=CARTESIAN_POINT('',(-0.006583466595665,0.011510290997636,0.004101));
#9839=CARTESIAN_POINT('',(-0.006583466595665,0.011510290997636,0.004101));
#9840=CARTESIAN_POINT('',(-0.006583466595665,0.011510290997636,0.004101));
#9841=CARTESIAN_POINT('',(-0.006573900822835,0.011497605951058,0.004101));
#9842=CARTESIAN_POINT('',(-0.006552897712926,0.011484712952894,0.004101));
#9843=CARTESIAN_POINT('',(-0.00652076919331,0.011471819954732,0.004101));
#9844=CARTESIAN_POINT('',(-0.00652076919331,0.011471819954732,0.004101));
#9845=CARTESIAN_POINT('',(-0.00652076919331,0.011471819954732,0.004101));
#9846=CARTESIAN_POINT('',(-0.00649394343907,0.011461838278736,0.004101));
#9847=CARTESIAN_POINT('',(-0.006476163578701,0.011453104312237,0.004101));
#9848=CARTESIAN_POINT('',(-0.006467429612205,0.011445826006823,0.004101));
#9849=CARTESIAN_POINT('',(-0.006467429612205,0.011445826006823,0.004101));
#9850=CARTESIAN_POINT('',(-0.00648864620905499,0.0114186823907176,0.004101));
#9851=CARTESIAN_POINT('',(-0.006454328662459,0.01141816844625,0.004101));
#9852=CARTESIAN_POINT('',(-0.006454328662459,0.01141816844625,0.004101));
#9853=CARTESIAN_POINT('',(-0.006454328662459,0.011391966546758,0.004101));
#9854=CARTESIAN_POINT('',(-0.006474395990243,0.011378865597014,0.004101));
#9855=CARTESIAN_POINT('',(-0.006514426670021,0.011378865597014,0.004101));
#9856=CARTESIAN_POINT('',(-0.006454328662459,0.01141816844625,0.004101));
#9857=CARTESIAN_POINT('',(-0.006454328662459,0.01141816844625,0.0041));
#9858=CARTESIAN_POINT('',(-0.006454328662459,0.0113919665476237,0.004101));
#9859=CARTESIAN_POINT('',(-0.006454328662459,0.0113919665476237,0.0041));
#9860=CARTESIAN_POINT('',(-0.00647439598891691,0.0113788655978797,0.004101));
#9861=CARTESIAN_POINT('',(-0.00647439598891691,0.0113788655978797,0.0041));
#9862=CARTESIAN_POINT('',(-0.00651442666605304,0.011378865597014,0.004101));
#9863=CARTESIAN_POINT('',(-0.00651442666605304,0.011378865597014,0.0041));
#9864=CARTESIAN_POINT('',(-0.006454328662459,0.01141816844625,0.0041));
#9865=CARTESIAN_POINT('',(-0.006454328662459,0.011391966546758,0.0041));
#9866=CARTESIAN_POINT('',(-0.006474395990243,0.011378865597014,0.0041));
#9867=CARTESIAN_POINT('',(-0.006514426670021,0.011378865597014,0.0041));
#9868=CARTESIAN_POINT('',(-0.006454328662459,0.01141816844625,0.0041));
#9869=CARTESIAN_POINT('',(-0.006514426670021,0.011378865597014,0.0041));
#9870=CARTESIAN_POINT('',(-0.006514426670021,0.011378865597014,0.004101));
#9871=CARTESIAN_POINT('',(-0.00645428384314778,0.0114181677750296,0.0041));
#9872=CARTESIAN_POINT('',(-0.00645428384314778,0.0114181677750296,0.00410033333333333));
#9873=CARTESIAN_POINT('',(-0.00645428384314778,0.0114181677750296,0.00410066666666667));
#9874=CARTESIAN_POINT('',(-0.00645428384314778,0.0114181677750296,0.004101));
#9875=CARTESIAN_POINT('',(-0.00648864620905499,0.0114186823907176,0.0041008));
#9876=CARTESIAN_POINT('',(-0.00648864620905499,0.0114186823907176,0.0041));
#9877=CARTESIAN_POINT('',(-0.006467429612205,0.011445826006823,0.0041));
#9878=CARTESIAN_POINT('',(-0.0064674822565546,0.0114457586558701,0.004101));
#9879=CARTESIAN_POINT('',(-0.0064674822565546,0.0114457586558701,0.00410066666666667));
#9880=CARTESIAN_POINT('',(-0.0064674822565546,0.0114457586558701,0.00410033333333333));
#9881=CARTESIAN_POINT('',(-0.0064674822565546,0.0114457586558701,0.0041));
#9882=CARTESIAN_POINT('',(-0.00652076919331,0.011471819954732,0.004101));
#9883=CARTESIAN_POINT('',(-0.00652076919331,0.011471819954732,0.0041));
#9884=CARTESIAN_POINT('',(-0.00649394343907,0.011461838278736,0.004101));
#9885=CARTESIAN_POINT('',(-0.00649394343907,0.011461838278736,0.0041));
#9886=CARTESIAN_POINT('',(-0.006476163578701,0.011453104312237,0.004101));
#9887=CARTESIAN_POINT('',(-0.006476163578701,0.011453104312237,0.0041));
#9888=CARTESIAN_POINT('',(-0.006467429612205,0.011445826006823,0.004101));
#9889=CARTESIAN_POINT('',(-0.006467429612205,0.011445826006823,0.0041));
#9890=CARTESIAN_POINT('',(-0.00652076919331,0.011471819954732,0.0041));
#9891=CARTESIAN_POINT('',(-0.00649394343907,0.011461838278736,0.0041));
#9892=CARTESIAN_POINT('',(-0.006476163578701,0.011453104312237,0.0041));
#9893=CARTESIAN_POINT('',(-0.006467429612205,0.011445826006823,0.0041));
#9894=CARTESIAN_POINT('',(-0.00652076919331,0.011471819954732,0.0041));
#9895=CARTESIAN_POINT('',(-0.00652076919331,0.011471819954732,0.004101));
#9896=CARTESIAN_POINT('',(-0.006583466595665,0.011510290997636,0.004101));
#9897=CARTESIAN_POINT('',(-0.006583466595665,0.011510290997636,0.0041));
#9898=CARTESIAN_POINT('',(-0.006573900822835,0.011497605951058,0.004101));
#9899=CARTESIAN_POINT('',(-0.006573900822835,0.011497605951058,0.0041));
#9900=CARTESIAN_POINT('',(-0.006552897712926,0.011484712952894,0.004101));
#9901=CARTESIAN_POINT('',(-0.006552897712926,0.011484712952894,0.0041));
#9902=CARTESIAN_POINT('',(-0.00652076919331,0.011471819954732,0.004101));
#9903=CARTESIAN_POINT('',(-0.00652076919331,0.011471819954732,0.0041));
#9904=CARTESIAN_POINT('',(-0.006583466595665,0.011510290997636,0.0041));
#9905=CARTESIAN_POINT('',(-0.006573900822835,0.011497605951058,0.0041));
#9906=CARTESIAN_POINT('',(-0.006552897712926,0.011484712952894,0.0041));
#9907=CARTESIAN_POINT('',(-0.00652076919331,0.011471819954732,0.0041));
#9908=CARTESIAN_POINT('',(-0.006583466595665,0.011510290997636,0.0041));
#9909=CARTESIAN_POINT('',(-0.006583466595665,0.011510290997636,0.004101));
#9910=CARTESIAN_POINT('',(-0.006597919230702,0.011556248297538,0.004101));
#9911=CARTESIAN_POINT('',(-0.006597919230702,0.011556248297538,0.0041));
#9912=CARTESIAN_POINT('',(-0.006597919230702,0.011538364461375,0.004101));
#9913=CARTESIAN_POINT('',(-0.006597919230702,0.011538364461375,0.0041));
#9914=CARTESIAN_POINT('',(-0.006593136344287,0.011522976044215,0.004101));
#9915=CARTESIAN_POINT('',(-0.006593136344287,0.011522976044215,0.0041));
#9916=CARTESIAN_POINT('',(-0.006583466595665,0.011510290997636,0.004101));
#9917=CARTESIAN_POINT('',(-0.006583466595665,0.011510290997636,0.0041));
#9918=CARTESIAN_POINT('',(-0.006597919230702,0.011556248297538,0.0041));
#9919=CARTESIAN_POINT('',(-0.006597919230702,0.011538364461375,0.0041));
#9920=CARTESIAN_POINT('',(-0.006593136344287,0.011522976044215,0.0041));
#9921=CARTESIAN_POINT('',(-0.006583466595665,0.011510290997636,0.0041));
#9922=CARTESIAN_POINT('',(-0.006597919230702,0.011556248297538,0.0041));
#9923=CARTESIAN_POINT('',(-0.006597919230702,0.011556248297538,0.004101));
#9924=CARTESIAN_POINT('',(-0.006565270832129,0.011618217869349,0.004101));
#9925=CARTESIAN_POINT('',(-0.006565270832129,0.011618217869349,0.0041));
#9926=CARTESIAN_POINT('',(-0.006587001772581,0.011602621500605,0.004101));
#9927=CARTESIAN_POINT('',(-0.006587001772581,0.011602621500605,0.0041));
#9928=CARTESIAN_POINT('',(-0.006597919230702,0.011582034293861,0.004101));
#9929=CARTESIAN_POINT('',(-0.006597919230702,0.011582034293861,0.0041));
#9930=CARTESIAN_POINT('',(-0.006597919230702,0.011556248297538,0.004101));
#9931=CARTESIAN_POINT('',(-0.006597919230702,0.011556248297538,0.0041));
#9932=CARTESIAN_POINT('',(-0.006565270832129,0.011618217869349,0.0041));
#9933=CARTESIAN_POINT('',(-0.006587001772581,0.011602621500605,0.0041));
#9934=CARTESIAN_POINT('',(-0.006597919230702,0.011582034293861,0.0041));
#9935=CARTESIAN_POINT('',(-0.006597919230702,0.011556248297538,0.0041));
#9936=CARTESIAN_POINT('',(-0.006565270832129,0.011618217869349,0.0041));
#9937=CARTESIAN_POINT('',(-0.006565270832129,0.011618217869349,0.004101));
#9938=CARTESIAN_POINT('',(-0.006484793569407,0.011641300495093,0.004101));
#9939=CARTESIAN_POINT('',(-0.006484793569407,0.011641300495093,0.0041));
#9940=CARTESIAN_POINT('',(-0.006516610161646,0.011641300495093,0.004101));
#9941=CARTESIAN_POINT('',(-0.006516610161646,0.011641300495093,0.0041));
#9942=CARTESIAN_POINT('',(-0.006543435915887,0.011633606286512,0.004101));
#9943=CARTESIAN_POINT('',(-0.006543435915887,0.011633606286512,0.0041));
#9944=CARTESIAN_POINT('',(-0.006565270832129,0.011618217869349,0.004101));
#9945=CARTESIAN_POINT('',(-0.006565270832129,0.011618217869349,0.0041));
#9946=CARTESIAN_POINT('',(-0.006484793569407,0.011641300495093,0.0041));
#9947=CARTESIAN_POINT('',(-0.006516610161646,0.011641300495093,0.0041));
#9948=CARTESIAN_POINT('',(-0.006543435915887,0.011633606286512,0.0041));
#9949=CARTESIAN_POINT('',(-0.006565270832129,0.011618217869349,0.0041));
#9950=CARTESIAN_POINT('',(-0.006484793569407,0.011641300495093,0.0041));
#9951=CARTESIAN_POINT('',(-0.006484793569407,0.011641300495093,0.004101));
#9952=CARTESIAN_POINT('',(-0.006415961595346,0.011628407496928,0.004101));
#9953=CARTESIAN_POINT('',(-0.006415961595346,0.011628407496928,0.0041));
#9954=CARTESIAN_POINT('',(-0.00643717265684,0.011637141463427,0.004101));
#9955=CARTESIAN_POINT('',(-0.00643717265684,0.011637141463427,0.0041));
#9956=CARTESIAN_POINT('',(-0.006460047330999,0.011641300495093,0.004101));
#9957=CARTESIAN_POINT('',(-0.006460047330999,0.011641300495093,0.0041));
#9958=CARTESIAN_POINT('',(-0.006484793569407,0.011641300495093,0.004101));
#9959=CARTESIAN_POINT('',(-0.006484793569407,0.011641300495093,0.0041));
#9960=CARTESIAN_POINT('',(-0.006415961595346,0.011628407496928,0.0041));
#9961=CARTESIAN_POINT('',(-0.00643717265684,0.011637141463427,0.0041));
#9962=CARTESIAN_POINT('',(-0.006460047330999,0.011641300495093,0.0041));
#9963=CARTESIAN_POINT('',(-0.006484793569407,0.011641300495093,0.0041));
#9964=CARTESIAN_POINT('',(-0.006415961595346,0.011628407496928,0.0041));
#9965=CARTESIAN_POINT('',(-0.006415961595346,0.011628407496928,0.004101));
#9966=CARTESIAN_POINT('',(-0.006415961595346,0.011628407496928,0.004101));
#9967=CARTESIAN_POINT('',(-0.006415961595346,0.011628407496928,0.0041));
#9968=CARTESIAN_POINT('',(-0.006415961595346,0.0115792638401554,0.0041));
#9969=CARTESIAN_POINT('',(-0.006415961595346,0.0115792638401554,0.004101));
#9970=CARTESIAN_POINT('',(-0.00648818684002621,0.0114628500462833,0.0041008));
#9971=CARTESIAN_POINT('',(-0.00648818684002621,0.0114628500462833,0.0041));
#9972=CARTESIAN_POINT('',(-0.006489784407405,0.011599918130023,0.0041));
#9973=CARTESIAN_POINT('',(-0.00648978349084979,0.0115998394914204,0.004101));
#9974=CARTESIAN_POINT('',(-0.00648978349084979,0.0115998394914204,0.00410066666666667));
#9975=CARTESIAN_POINT('',(-0.00648978349084979,0.0115998394914204,0.00410033333333333));
#9976=CARTESIAN_POINT('',(-0.00648978349084979,0.0115998394914204,0.0041));
#9977=CARTESIAN_POINT('',(-0.006529919062975,0.011589104647692,0.004101));
#9978=CARTESIAN_POINT('',(-0.006529919062975,0.011589104647692,0.0041));
#9979=CARTESIAN_POINT('',(-0.006519625459604,0.011596382953106,0.004101));
#9980=CARTESIAN_POINT('',(-0.006519625459604,0.011596382953106,0.0041));
#9981=CARTESIAN_POINT('',(-0.006506212582482,0.011599918130023,0.004101));
#9982=CARTESIAN_POINT('',(-0.006506212582482,0.011599918130023,0.0041));
#9983=CARTESIAN_POINT('',(-0.006489784407405,0.011599918130023,0.004101));
#9984=CARTESIAN_POINT('',(-0.006489784407405,0.011599918130023,0.0041));
#9985=CARTESIAN_POINT('',(-0.006529919062975,0.011589104647692,0.0041));
#9986=CARTESIAN_POINT('',(-0.006519625459604,0.011596382953106,0.0041));
#9987=CARTESIAN_POINT('',(-0.006506212582482,0.011599918130023,0.0041));
#9988=CARTESIAN_POINT('',(-0.006489784407405,0.011599918130023,0.0041));
#9989=CARTESIAN_POINT('',(-0.006529919062975,0.011589104647692,0.0041));
#9990=CARTESIAN_POINT('',(-0.006529919062975,0.011589104647692,0.004101));
#9991=CARTESIAN_POINT('',(-0.006545411455928,0.01156082323237,0.004101));
#9992=CARTESIAN_POINT('',(-0.006545411455928,0.01156082323237,0.0041));
#9993=CARTESIAN_POINT('',(-0.006545411455928,0.01157246852103,0.004101));
#9994=CARTESIAN_POINT('',(-0.006545411455928,0.01157246852103,0.0041));
#9995=CARTESIAN_POINT('',(-0.006540212666346,0.011582034293861,0.004101));
#9996=CARTESIAN_POINT('',(-0.006540212666346,0.011582034293861,0.0041));
#9997=CARTESIAN_POINT('',(-0.006529919062975,0.011589104647692,0.004101));
#9998=CARTESIAN_POINT('',(-0.006529919062975,0.011589104647692,0.0041));
#9999=CARTESIAN_POINT('',(-0.006545411455928,0.01156082323237,0.0041));
#10000=CARTESIAN_POINT('',(-0.006545411455928,0.01157246852103,0.0041));
#10001=CARTESIAN_POINT('',(-0.006540212666346,0.011582034293861,0.0041));
#10002=CARTESIAN_POINT('',(-0.006529919062975,0.011589104647692,0.0041));
#10003=CARTESIAN_POINT('',(-0.006545411455928,0.01156082323237,0.0041));
#10004=CARTESIAN_POINT('',(-0.006545411455928,0.01156082323237,0.004101));
#10005=CARTESIAN_POINT('',(-0.006534286046224,0.011533789526546,0.004101));
#10006=CARTESIAN_POINT('',(-0.006534286046224,0.011533789526546,0.0041));
#10007=CARTESIAN_POINT('',(-0.00654166832743,0.011540236025625,0.004101));
#10008=CARTESIAN_POINT('',(-0.00654166832743,0.011540236025625,0.0041));
#10009=CARTESIAN_POINT('',(-0.006545411455928,0.011549177943707,0.004101));
#10010=CARTESIAN_POINT('',(-0.006545411455928,0.011549177943707,0.0041));
#10011=CARTESIAN_POINT('',(-0.006545411455928,0.01156082323237,0.004101));
#10012=CARTESIAN_POINT('',(-0.006545411455928,0.01156082323237,0.0041));
#10013=CARTESIAN_POINT('',(-0.006534286046224,0.011533789526546,0.0041));
#10014=CARTESIAN_POINT('',(-0.00654166832743,0.011540236025625,0.0041));
#10015=CARTESIAN_POINT('',(-0.006545411455928,0.011549177943707,0.0041));
#10016=CARTESIAN_POINT('',(-0.006545411455928,0.01156082323237,0.0041));
#10017=CARTESIAN_POINT('',(-0.006534286046224,0.011533789526546,0.0041));
#10018=CARTESIAN_POINT('',(-0.006534286046224,0.011533789526546,0.004101));
#10019=CARTESIAN_POINT('',(-0.006484793569407,0.011508835336552,0.004101));
#10020=CARTESIAN_POINT('',(-0.006484793569407,0.011508835336552,0.0041));
#10021=CARTESIAN_POINT('',(-0.006510371614148,0.011518817012549,0.004101));
#10022=CARTESIAN_POINT('',(-0.006510371614148,0.011518817012549,0.0041));
#10023=CARTESIAN_POINT('',(-0.006526799789225,0.011527135075881,0.004101));
#10024=CARTESIAN_POINT('',(-0.006526799789225,0.011527135075881,0.0041));
#10025=CARTESIAN_POINT('',(-0.006534286046224,0.011533789526546,0.004101));
#10026=CARTESIAN_POINT('',(-0.006534286046224,0.011533789526546,0.0041));
#10027=CARTESIAN_POINT('',(-0.006484793569407,0.011508835336552,0.0041));
#10028=CARTESIAN_POINT('',(-0.006510371614148,0.011518817012549,0.0041));
#10029=CARTESIAN_POINT('',(-0.006526799789225,0.011527135075881,0.0041));
#10030=CARTESIAN_POINT('',(-0.006534286046224,0.011533789526546,0.0041));
#10031=CARTESIAN_POINT('',(-0.006484793569407,0.011508835336552,0.0041));
#10032=CARTESIAN_POINT('',(-0.006484793569407,0.011508835336552,0.004101));
#10033=CARTESIAN_POINT('',(-0.006419080869096,0.011471196099983,0.004101));
#10034=CARTESIAN_POINT('',(-0.006419080869096,0.011471196099983,0.0041));
#10035=CARTESIAN_POINT('',(-0.006430518206174,0.011484089098144,0.004101));
#10036=CARTESIAN_POINT('',(-0.006430518206174,0.011484089098144,0.0041));
#10037=CARTESIAN_POINT('',(-0.006452353122417,0.011496774144723,0.004101));
#10038=CARTESIAN_POINT('',(-0.006452353122417,0.011496774144723,0.0041));
#10039=CARTESIAN_POINT('',(-0.006484793569407,0.011508835336552,0.004101));
#10040=CARTESIAN_POINT('',(-0.006484793569407,0.011508835336552,0.0041));
#10041=CARTESIAN_POINT('',(-0.006419080869096,0.011471196099983,0.0041));
#10042=CARTESIAN_POINT('',(-0.006430518206174,0.011484089098144,0.0041));
#10043=CARTESIAN_POINT('',(-0.006452353122417,0.011496774144723,0.0041));
#10044=CARTESIAN_POINT('',(-0.006484793569407,0.011508835336552,0.0041));
#10045=CARTESIAN_POINT('',(-0.006419080869096,0.011471196099983,0.0041));
#10046=CARTESIAN_POINT('',(-0.006419080869096,0.011471196099983,0.004101));
#10047=CARTESIAN_POINT('',(-0.006402028839268,0.011423159284248,0.004101));
#10048=CARTESIAN_POINT('',(-0.006402028839268,0.011423159284248,0.0041));
#10049=CARTESIAN_POINT('',(-0.006402028839268,0.011442290829909,0.004101));
#10050=CARTESIAN_POINT('',(-0.006402028839268,0.011442290829909,0.0041));
#10051=CARTESIAN_POINT('',(-0.006407747507808,0.011458303101821,0.004101));
#10052=CARTESIAN_POINT('',(-0.006407747507808,0.011458303101821,0.0041));
#10053=CARTESIAN_POINT('',(-0.006419080869096,0.011471196099983,0.004101));
#10054=CARTESIAN_POINT('',(-0.006419080869096,0.011471196099983,0.0041));
#10055=CARTESIAN_POINT('',(-0.006402028839268,0.011423159284248,0.0041));
#10056=CARTESIAN_POINT('',(-0.006402028839268,0.011442290829909,0.0041));
#10057=CARTESIAN_POINT('',(-0.006407747507808,0.011458303101821,0.0041));
#10058=CARTESIAN_POINT('',(-0.006419080869096,0.011471196099983,0.0041));
#10059=CARTESIAN_POINT('',(-0.006402028839268,0.011423159284248,0.0041));
#10060=CARTESIAN_POINT('',(-0.006402028839268,0.011423159284248,0.004101));
#10061=CARTESIAN_POINT('',(-0.006434781213632,0.011360357906102,0.004101));
#10062=CARTESIAN_POINT('',(-0.006434781213632,0.011360357906102,0.0041));
#10063=CARTESIAN_POINT('',(-0.006412946297389,0.011375538371683,0.004101));
#10064=CARTESIAN_POINT('',(-0.006412946297389,0.011375538371683,0.0041));
#10065=CARTESIAN_POINT('',(-0.006402028839268,0.011396541481591,0.004101));
#10066=CARTESIAN_POINT('',(-0.006402028839268,0.011396541481591,0.0041));
#10067=CARTESIAN_POINT('',(-0.006402028839268,0.011423159284248,0.004101));
#10068=CARTESIAN_POINT('',(-0.006402028839268,0.011423159284248,0.0041));
#10069=CARTESIAN_POINT('',(-0.006434781213632,0.011360357906102,0.0041));
#10070=CARTESIAN_POINT('',(-0.006412946297389,0.011375538371683,0.0041));
#10071=CARTESIAN_POINT('',(-0.006402028839268,0.011396541481591,0.0041));
#10072=CARTESIAN_POINT('',(-0.006402028839268,0.011423159284248,0.0041));
#10073=CARTESIAN_POINT('',(-0.006434781213632,0.011360357906102,0.0041));
#10074=CARTESIAN_POINT('',(-0.006434781213632,0.011360357906102,0.004101));
#10075=CARTESIAN_POINT('',(-0.006519417508019,0.011337275280361,0.004101));
#10076=CARTESIAN_POINT('',(-0.006519417508019,0.011337275280361,0.0041));
#10077=CARTESIAN_POINT('',(-0.006484793569407,0.011337275280361,0.004101));
#10078=CARTESIAN_POINT('',(-0.006484793569407,0.011337275280361,0.0041));
#10079=CARTESIAN_POINT('',(-0.006456512154083,0.011344969488942,0.004101));
#10080=CARTESIAN_POINT('',(-0.006456512154083,0.011344969488942,0.0041));
#10081=CARTESIAN_POINT('',(-0.006434781213632,0.011360357906102,0.004101));
#10082=CARTESIAN_POINT('',(-0.006434781213632,0.011360357906102,0.0041));
#10083=CARTESIAN_POINT('',(-0.006519417508019,0.011337275280361,0.0041));
#10084=CARTESIAN_POINT('',(-0.006484793569407,0.011337275280361,0.0041));
#10085=CARTESIAN_POINT('',(-0.006456512154083,0.011344969488942,0.0041));
#10086=CARTESIAN_POINT('',(-0.006434781213632,0.011360357906102,0.0041));
#10087=CARTESIAN_POINT('',(-0.006519417508019,0.011337275280361,0.0041));
#10088=CARTESIAN_POINT('',(-0.006519417508019,0.011337275280361,0.004101));
#10089=CARTESIAN_POINT('',(-0.006598231158077,0.011354327310189,0.004101));
#10090=CARTESIAN_POINT('',(-0.006598231158077,0.011354327310189,0.0041));
#10091=CARTESIAN_POINT('',(-0.006575772387085,0.011343097924692,0.004101));
#10092=CARTESIAN_POINT('',(-0.006575772387085,0.011343097924692,0.0041));
#10093=CARTESIAN_POINT('',(-0.006549570487593,0.011337275280361,0.004101));
#10094=CARTESIAN_POINT('',(-0.006549570487593,0.011337275280361,0.0041));
#10095=CARTESIAN_POINT('',(-0.006519417508019,0.011337275280361,0.004101));
#10096=CARTESIAN_POINT('',(-0.006519417508019,0.011337275280361,0.0041));
#10097=CARTESIAN_POINT('',(-0.006598231158077,0.011354327310189,0.0041));
#10098=CARTESIAN_POINT('',(-0.006575772387085,0.011343097924692,0.0041));
#10099=CARTESIAN_POINT('',(-0.006549570487593,0.011337275280361,0.0041));
#10100=CARTESIAN_POINT('',(-0.006519417508019,0.011337275280361,0.0041));
#10101=CARTESIAN_POINT('',(-0.006598231158077,0.011354327310189,0.0041));
#10102=CARTESIAN_POINT('',(-0.006598231158077,0.011354327310189,0.004101));
#10103=CARTESIAN_POINT('',(-0.006598231158077,0.011354327310189,0.004101));
#10104=CARTESIAN_POINT('',(-0.006598231158077,0.011354327310189,0.0041));
#10105=CARTESIAN_POINT('',(-0.006598231158077,0.011406939060753,0.0041));
#10106=CARTESIAN_POINT('',(-0.006598231158077,0.011406939060753,0.004101));
#10107=CARTESIAN_POINT('',(-0.006514426670021,0.011378865597014,0.004101));
#10108=CARTESIAN_POINT('',(-0.006514426670021,0.011378865597014,0.0041));
#10109=CARTESIAN_POINT('',(-0.006544371698012,0.011378865597014,0.004101));
#10110=CARTESIAN_POINT('',(-0.006544371698012,0.011378865597014,0.0041));
#10111=CARTESIAN_POINT('',(-0.006572237210169,0.011388223418261,0.004101));
#10112=CARTESIAN_POINT('',(-0.006572237210169,0.011388223418261,0.0041));
#10113=CARTESIAN_POINT('',(-0.006598231158077,0.011406939060753,0.004101));
#10114=CARTESIAN_POINT('',(-0.006598231158077,0.011406939060753,0.0041));
#10115=CARTESIAN_POINT('',(-0.006514426670021,0.011378865597014,0.0041));
#10116=CARTESIAN_POINT('',(-0.006544371698012,0.011378865597014,0.0041));
#10117=CARTESIAN_POINT('',(-0.006572237210169,0.011388223418261,0.0041));
#10118=CARTESIAN_POINT('',(-0.006598231158077,0.011406939060753,0.0041));
#10119=CARTESIAN_POINT('',(0.,0.,0.0041));
#10120=CARTESIAN_POINT('',(-0.00671821922162,0.011489911742478,0.0041));
#10121=CARTESIAN_POINT('',(-0.00671821922162,0.011489911742478,0.0041));
#10122=CARTESIAN_POINT('',(-0.006786219389347,0.011480761872813,0.0041));
#10123=CARTESIAN_POINT('',(-0.006786219389347,0.011480761872813,0.0041));
#10124=CARTESIAN_POINT('',(-0.00681002984563,0.011477434647479,0.0041));
#10125=CARTESIAN_POINT('',(-0.006826458020709,0.011471612003149,0.0041));
#10126=CARTESIAN_POINT('',(-0.00683550391458,0.011462878036651,0.0041));
#10127=CARTESIAN_POINT('',(-0.00683550391458,0.011462878036651,0.0041005));
#10128=CARTESIAN_POINT('',(-0.00680378013224531,0.0114310691807025,0.0041));
#10129=CARTESIAN_POINT('',(-0.006849020767492,0.011426070606414,0.0041005));
#10130=CARTESIAN_POINT('',(-0.00680497253781577,0.0114246540425727,0.0041));
#10131=CARTESIAN_POINT('',(-0.00683425620508,0.011392174498341,0.0041005));
#10132=CARTESIAN_POINT('',(-0.00683425620508,0.011392174498341,0.0041));
#10133=CARTESIAN_POINT('',(-0.006824482480667,0.011383440531846,0.0041));
#10134=CARTESIAN_POINT('',(-0.006811485506714,0.011379073548597,0.0041));
#10135=CARTESIAN_POINT('',(-0.00679536925901,0.011379073548597,0.0041));
#10136=CARTESIAN_POINT('',(-0.00679536925901,0.011379073548597,0.0041));
#10137=CARTESIAN_POINT('',(-0.00679338356248704,0.0114521957735321,0.0041));
#10138=CARTESIAN_POINT('',(-0.006740054137863,0.01140278002909,0.0041));
#10139=CARTESIAN_POINT('',(-0.006740054137863,0.01140278002909,0.0041));
#10140=CARTESIAN_POINT('',(-0.006725497527034,0.011418376397833,0.0041));
#10141=CARTESIAN_POINT('',(-0.00671821922162,0.011438131798243,0.0041));
#10142=CARTESIAN_POINT('',(-0.00671821922162,0.011462046230319,0.0041));
#10143=CARTESIAN_POINT('',(-0.00671821922162,0.011462046230319,0.0041));
#10144=CARTESIAN_POINT('',(-0.00671821922162,0.011462046230319,0.0041));
#10145=CARTESIAN_POINT('',(-0.00671821922162,0.011489911742478,0.004101));
#10146=CARTESIAN_POINT('',(-0.00671821922162,0.011489911742478,0.004101));
#10147=CARTESIAN_POINT('',(-0.00671821922162,0.011489911742478,0.004101));
#10148=CARTESIAN_POINT('',(-0.00671821922162,0.011489911742478,0.004101));
#10149=CARTESIAN_POINT('',(-0.00678621938934703,0.0114807618728132,0.004101));
#10150=CARTESIAN_POINT('',(-0.006786219389347,0.011480761872813,0.004101));
#10151=CARTESIAN_POINT('',(-0.00671821922162,0.01134413768261,0.004101));
#10152=CARTESIAN_POINT('',(-0.00671821922162,0.011462046230319,0.004101));
#10153=CARTESIAN_POINT('',(-0.00671821922162,0.011462046230319,0.004101));
#10154=CARTESIAN_POINT('',(-0.00671821922162,0.011462046230319,0.004101));
#10155=CARTESIAN_POINT('',(-0.006740054137863,0.01140278002909,0.004101));
#10156=CARTESIAN_POINT('',(-0.006740054137863,0.01140278002909,0.0041));
#10157=CARTESIAN_POINT('',(-0.006725497527034,0.011418376397833,0.004101));
#10158=CARTESIAN_POINT('',(-0.006725497527034,0.011418376397833,0.0041));
#10159=CARTESIAN_POINT('',(-0.00671821922162,0.011438131798243,0.004101));
#10160=CARTESIAN_POINT('',(-0.00671821922162,0.011438131798243,0.0041));
#10161=CARTESIAN_POINT('',(-0.00671821922162,0.011462046230319,0.004101));
#10162=CARTESIAN_POINT('',(-0.00671821922162,0.011462046230319,0.0041));
#10163=CARTESIAN_POINT('',(-0.00673983593570529,0.0114025778401082,0.004101));
#10164=CARTESIAN_POINT('',(-0.00673983593570529,0.0114025778401082,0.00410066666666667));
#10165=CARTESIAN_POINT('',(-0.00673983593570529,0.0114025778401082,0.00410033333333333));
#10166=CARTESIAN_POINT('',(-0.00673983593570529,0.0114025778401082,0.0041));
#10167=CARTESIAN_POINT('',(-0.006740054137863,0.01140278002909,0.004101));
#10168=CARTESIAN_POINT('',(-0.006740054137863,0.01140278002909,0.004101));
#10169=CARTESIAN_POINT('',(-0.006725497527034,0.011418376397833,0.004101));
#10170=CARTESIAN_POINT('',(-0.00671821922162,0.011438131798243,0.004101));
#10171=CARTESIAN_POINT('',(-0.00671821922162,0.011462046230319,0.004101));
#10172=CARTESIAN_POINT('',(-0.00679338356248704,0.0114521957735321,0.0041008));
#10173=CARTESIAN_POINT('',(-0.00679536526283119,0.0113792207057695,0.0041));
#10174=CARTESIAN_POINT('',(-0.00679536526283119,0.0113792207057695,0.00410033333333333));
#10175=CARTESIAN_POINT('',(-0.00679536526283119,0.0113792207057695,0.00410066666666667));
#10176=CARTESIAN_POINT('',(-0.00679536526283119,0.0113792207057695,0.004101));
#10177=CARTESIAN_POINT('',(-0.00679536925901,0.011379073548597,0.004101));
#10178=CARTESIAN_POINT('',(-0.00679338356248704,0.0114521957735321,0.004101));
#10179=CARTESIAN_POINT('',(-0.00683425620508,0.011392174498341,0.004101));
#10180=CARTESIAN_POINT('',(-0.00683425620508,0.011392174498341,0.0041));
#10181=CARTESIAN_POINT('',(-0.006824482480667,0.011383440531846,0.004101));
#10182=CARTESIAN_POINT('',(-0.006824482480667,0.011383440531846,0.0041));
#10183=CARTESIAN_POINT('',(-0.006811485506714,0.011379073548597,0.004101));
#10184=CARTESIAN_POINT('',(-0.006811485506714,0.011379073548597,0.0041));
#10185=CARTESIAN_POINT('',(-0.00679536925901,0.011379073548597,0.004101));
#10186=CARTESIAN_POINT('',(-0.00679536925901,0.011379073548597,0.0041));
#10187=CARTESIAN_POINT('',(-0.00683425620508,0.011392174498341,0.004101));
#10188=CARTESIAN_POINT('',(-0.006824482480667,0.011383440531846,0.004101));
#10189=CARTESIAN_POINT('',(-0.006811485506714,0.011379073548597,0.004101));
#10190=CARTESIAN_POINT('',(-0.00679536925901,0.011379073548597,0.004101));
#10191=CARTESIAN_POINT('',(-0.00680497253781577,0.0114246540425727,0.0041008));
#10192=CARTESIAN_POINT('',(-0.00680497253781577,0.0114246540425727,0.004101));
#10193=CARTESIAN_POINT('',(-0.00680378013224531,0.0114310691807025,0.00410060970702749));
#10194=CARTESIAN_POINT('',(-0.00680378013224531,0.0114310691807025,0.004101));
#10195=CARTESIAN_POINT('',(-0.006786219389347,0.011480761872813,0.004101));
#10196=CARTESIAN_POINT('',(-0.006786219389347,0.011480761872813,0.0041));
#10197=CARTESIAN_POINT('',(-0.00681002984563,0.011477434647479,0.004101));
#10198=CARTESIAN_POINT('',(-0.00681002984563,0.011477434647479,0.0041));
#10199=CARTESIAN_POINT('',(-0.006826458020709,0.011471612003149,0.004101));
#10200=CARTESIAN_POINT('',(-0.006826458020709,0.011471612003149,0.0041));
#10201=CARTESIAN_POINT('',(-0.00683550391458,0.011462878036651,0.004101));
#10202=CARTESIAN_POINT('',(-0.00683550391458,0.011462878036651,0.0041));
#10203=CARTESIAN_POINT('',(-0.006786219389347,0.011480761872813,0.004101));
#10204=CARTESIAN_POINT('',(-0.00681002984563,0.011477434647479,0.004101));
#10205=CARTESIAN_POINT('',(-0.006826458020709,0.011471612003149,0.004101));
#10206=CARTESIAN_POINT('',(-0.00683550391458,0.011462878036651,0.004101));
#10207=CARTESIAN_POINT('',(-0.0067722866333249,0.011641300495093,0.0041));
#10208=CARTESIAN_POINT('',(-0.0067722866333249,0.011641300495093,0.004101));
#10209=CARTESIAN_POINT('',(-0.00670231092554961,0.0116413004951128,0.0041));
#10210=CARTESIAN_POINT('',(-0.00670231092554961,0.0116413004951128,0.004101));
#10211=CARTESIAN_POINT('',(-0.00666727108375065,0.01160470101649,0.0041));
#10212=CARTESIAN_POINT('',(-0.00666727108375065,0.01160470101649,0.004101));
#10213=CARTESIAN_POINT('',(-0.00666727108372,0.0115310861560576,0.0041));
#10214=CARTESIAN_POINT('',(-0.00666727108372,0.0115310861560576,0.004101));
#10215=CARTESIAN_POINT('',(-0.00666727108372,0.011531086155961,0.0041));
#10216=CARTESIAN_POINT('',(-0.00666727108372,0.011604701016438,0.0041));
#10217=CARTESIAN_POINT('',(-0.0067023109255,0.011641300495093,0.0041));
#10218=CARTESIAN_POINT('',(-0.006772286633268,0.011641300495093,0.0041));
#10219=CARTESIAN_POINT('',(-0.00666727108372,0.011531086155961,0.0041));
#10220=CARTESIAN_POINT('',(-0.006772286633268,0.011641300495093,0.0041));
#10221=CARTESIAN_POINT('',(-0.006772286633268,0.011641300495093,0.004101));
#10222=CARTESIAN_POINT('',(-0.006772286633268,0.011641300495093,0.004101));
#10223=CARTESIAN_POINT('',(-0.00666727108372,0.011531086155961,0.004101));
#10224=CARTESIAN_POINT('',(-0.00666727108372,0.011604701016438,0.004101));
#10225=CARTESIAN_POINT('',(-0.0067023109255,0.011641300495093,0.004101));
#10226=CARTESIAN_POINT('',(-0.006772286633268,0.011641300495093,0.004101));
#10227=CARTESIAN_POINT('',(-0.00666727108372,0.011531086155961,0.004101));
#10228=CARTESIAN_POINT('',(-0.00666727108372,0.011531086155961,0.004101));
#10229=CARTESIAN_POINT('',(-0.00666727108372,0.011531086155961,0.004101));
#10230=CARTESIAN_POINT('',(-0.00666727108372,0.011531086155961,0.0041));
#10231=CARTESIAN_POINT('',(-0.00666727108372,0.01134413768261,0.0041));
#10232=CARTESIAN_POINT('',(-0.00666727108372,0.011531086155961,0.004101));
#10233=CARTESIAN_POINT('',(-0.00666727108372,0.01134413768261,0.004101));
#10234=CARTESIAN_POINT('',(-0.00666727108372,0.01134413768261,0.004101));
#10235=CARTESIAN_POINT('',(-0.006949461382209,0.01134413768261,0.004101));
#10236=CARTESIAN_POINT('',(-0.00666727108372,0.01134413768261,0.0041));
#10237=CARTESIAN_POINT('',(-0.00671821922162,0.01134413768261,0.0041));
#10238=CARTESIAN_POINT('',(-0.00666727108372,0.01134413768261,0.004101));
#10239=CARTESIAN_POINT('',(-0.00671821922162,0.01134413768261,0.004101));
#10240=CARTESIAN_POINT('',(-0.00671821922162,0.01134413768261,0.004101));
#10241=CARTESIAN_POINT('',(-0.00671821922162,0.01134413768261,0.004101));
#10242=CARTESIAN_POINT('',(-0.00671821922162,0.01134413768261,0.0041));
#10243=CARTESIAN_POINT('',(-0.00671821922162,0.011389055224593,0.0041));
#10244=CARTESIAN_POINT('',(-0.00671821922162,0.01134413768261,0.004101));
#10245=CARTESIAN_POINT('',(-0.00671821922162,0.011389055224593,0.004101));
#10246=CARTESIAN_POINT('',(-0.00671821922162,0.011389055224593,0.004101));
#10247=CARTESIAN_POINT('',(-0.00671821922162,0.011389055224593,0.004101));
#10248=CARTESIAN_POINT('',(-0.00671821922162,0.011389055224593,0.0041));
#10249=CARTESIAN_POINT('',(-0.006719570906911,0.011389055224593,0.0041));
#10250=CARTESIAN_POINT('',(-0.00671821922162,0.011389055224593,0.004101));
#10251=CARTESIAN_POINT('',(-0.006719570906911,0.011389055224593,0.004101));
#10252=CARTESIAN_POINT('',(-0.006719570906911,0.011389055224593,0.004101));
#10253=CARTESIAN_POINT('',(-0.006808574184548,0.011337275280361,0.004101));
#10254=CARTESIAN_POINT('',(-0.006808574184548,0.011337275280361,0.0041));
#10255=CARTESIAN_POINT('',(-0.006769375311103,0.011337275280361,0.004101));
#10256=CARTESIAN_POINT('',(-0.006769375311103,0.011337275280361,0.0041));
#10257=CARTESIAN_POINT('',(-0.006739638234695,0.011354535261772,0.004101));
#10258=CARTESIAN_POINT('',(-0.006739638234695,0.011354535261772,0.0041));
#10259=CARTESIAN_POINT('',(-0.006719570906911,0.011389055224593,0.004101));
#10260=CARTESIAN_POINT('',(-0.006719570906911,0.011389055224593,0.0041));
#10261=CARTESIAN_POINT('',(-0.006808574184548,0.011337275280361,0.0041));
#10262=CARTESIAN_POINT('',(-0.006769375311103,0.011337275280361,0.0041));
#10263=CARTESIAN_POINT('',(-0.006739638234695,0.011354535261772,0.0041));
#10264=CARTESIAN_POINT('',(-0.006719570906911,0.011389055224593,0.0041));
#10265=CARTESIAN_POINT('',(-0.006808574184548,0.011337275280361,0.0041));
#10266=CARTESIAN_POINT('',(-0.006808574184548,0.011337275280361,0.004101));
#10267=CARTESIAN_POINT('',(-0.006769375311103,0.011337275280361,0.004101));
#10268=CARTESIAN_POINT('',(-0.006739638234695,0.011354535261772,0.004101));
#10269=CARTESIAN_POINT('',(-0.006719570906911,0.011389055224593,0.004101));
#10270=CARTESIAN_POINT('',(-0.006808574184548,0.011337275280361,0.004101));
#10271=CARTESIAN_POINT('',(-0.00680859118207628,0.0113375748418204,0.0041));
#10272=CARTESIAN_POINT('',(-0.00680859118207628,0.0113375748418204,0.00410033333333333));
#10273=CARTESIAN_POINT('',(-0.00680859118207628,0.0113375748418204,0.00410066666666666));
#10274=CARTESIAN_POINT('',(-0.00680859118207628,0.0113375748418204,0.004101));
#10275=CARTESIAN_POINT('',(-0.00681403895570156,0.0114335854494472,0.0041005));
#10276=CARTESIAN_POINT('',(-0.00681403895570156,0.0114335854494472,0.0041));
#10277=CARTESIAN_POINT('',(-0.006875742545941,0.011360149954519,0.0041));
#10278=CARTESIAN_POINT('',(-0.00681403895570156,0.0114335854494472,0.004101));
#10279=CARTESIAN_POINT('',(-0.006875742545941,0.011360149954519,0.004101));
#10280=CARTESIAN_POINT('',(-0.00687590199630815,0.011359960187334,0.004101));
#10281=CARTESIAN_POINT('',(-0.00687590199630815,0.011359960187334,0.00410066666666666));
#10282=CARTESIAN_POINT('',(-0.00687590199630815,0.011359960187334,0.00410033333333333));
#10283=CARTESIAN_POINT('',(-0.00687590199630815,0.011359960187334,0.0041));
#10284=CARTESIAN_POINT('',(-0.006900696735934,0.01142191157475,0.004101));
#10285=CARTESIAN_POINT('',(-0.006900696735934,0.01142191157475,0.0041));
#10286=CARTESIAN_POINT('',(-0.006900696735934,0.011395917626841,0.004101));
#10287=CARTESIAN_POINT('',(-0.006900696735934,0.011395917626841,0.0041));
#10288=CARTESIAN_POINT('',(-0.006892378672603,0.011375330420097,0.004101));
#10289=CARTESIAN_POINT('',(-0.006892378672603,0.011375330420097,0.0041));
#10290=CARTESIAN_POINT('',(-0.006875742545941,0.011360149954519,0.004101));
#10291=CARTESIAN_POINT('',(-0.006875742545941,0.011360149954519,0.0041));
#10292=CARTESIAN_POINT('',(-0.006900696735934,0.01142191157475,0.0041));
#10293=CARTESIAN_POINT('',(-0.006900696735934,0.011395917626841,0.0041));
#10294=CARTESIAN_POINT('',(-0.006892378672603,0.011375330420097,0.0041));
#10295=CARTESIAN_POINT('',(-0.006875742545941,0.011360149954519,0.0041));
#10296=CARTESIAN_POINT('',(-0.006900696735934,0.01142191157475,0.0041));
#10297=CARTESIAN_POINT('',(-0.006900696735934,0.01142191157475,0.004101));
#10298=CARTESIAN_POINT('',(-0.006900696735934,0.011395917626841,0.004101));
#10299=CARTESIAN_POINT('',(-0.006892378672603,0.011375330420097,0.004101));
#10300=CARTESIAN_POINT('',(-0.006875742545941,0.011360149954519,0.004101));
#10301=CARTESIAN_POINT('',(-0.006900696735934,0.01142191157475,0.004101));
#10302=CARTESIAN_POINT('',(-0.006900696735934,0.01142191157475,0.004101));
#10303=CARTESIAN_POINT('',(-0.006900696735934,0.0114219115899215,0.0041));
#10304=CARTESIAN_POINT('',(-0.006900696735934,0.0114219115899215,0.004101));
#10305=CARTESIAN_POINT('',(-0.0069006967299468,0.0114761869436855,0.0041));
#10306=CARTESIAN_POINT('',(-0.0069006967299468,0.0114761869436855,0.004101));
#10307=CARTESIAN_POINT('',(-0.00686856821055179,0.0115077955792537,0.0041));
#10308=CARTESIAN_POINT('',(-0.00686856821055179,0.0115077955792537,0.004101));
#10309=CARTESIAN_POINT('',(-0.00680431117775099,0.0115167374966261,0.0041));
#10310=CARTESIAN_POINT('',(-0.00680431117775099,0.0115167374966261,0.004101));
#10311=CARTESIAN_POINT('',(-0.006804311177091,0.011516737496718,0.0041));
#10312=CARTESIAN_POINT('',(-0.006868568216319,0.011507795578637,0.0041));
#10313=CARTESIAN_POINT('',(-0.006900696735934,0.011476186937981,0.0041));
#10314=CARTESIAN_POINT('',(-0.006900696735934,0.01142191157475,0.0041));
#10315=CARTESIAN_POINT('',(-0.006804311177091,0.011516737496718,0.0041));
#10316=CARTESIAN_POINT('',(-0.006804311177091,0.011516737496718,0.004101));
#10317=CARTESIAN_POINT('',(-0.006868568216319,0.011507795578637,0.004101));
#10318=CARTESIAN_POINT('',(-0.006900696735934,0.011476186937981,0.004101));
#10319=CARTESIAN_POINT('',(-0.006900696735934,0.01142191157475,0.004101));
#10320=CARTESIAN_POINT('',(-0.006804311177091,0.011516737496718,0.004101));
#10321=CARTESIAN_POINT('',(-0.006804311177091,0.011516737496718,0.004101));
#10322=CARTESIAN_POINT('',(-0.006804311177091,0.011516737496718,0.004101));
#10323=CARTESIAN_POINT('',(-0.006804311177091,0.011516737496718,0.0041));
#10324=CARTESIAN_POINT('',(-0.00671821922162,0.011528798688548,0.0041));
#10325=CARTESIAN_POINT('',(-0.006804311177091,0.011516737496718,0.004101));
#10326=CARTESIAN_POINT('',(-0.00671821922161997,0.0115287986885478,0.004101));
#10327=CARTESIAN_POINT('',(-0.00671821922162,0.011528798688548,0.004101));
#10328=CARTESIAN_POINT('',(-0.00677706950550146,0.011599918130023,0.004101));
#10329=CARTESIAN_POINT('',(-0.00677706950550146,0.011599918130023,0.0041));
#10330=CARTESIAN_POINT('',(-0.00673787064176203,0.0115999181243053,0.004101));
#10331=CARTESIAN_POINT('',(-0.00673787064176203,0.0115999181243053,0.0041));
#10332=CARTESIAN_POINT('',(-0.00671821922188445,0.0115762116441323,0.004101));
#10333=CARTESIAN_POINT('',(-0.00671821922188445,0.0115762116441323,0.0041));
#10334=CARTESIAN_POINT('',(-0.00671821922162,0.0115287986895051,0.004101));
#10335=CARTESIAN_POINT('',(-0.00671821922162,0.0115287986895051,0.0041));
#10336=CARTESIAN_POINT('',(-0.006777069519683,0.011599918130023,0.0041));
#10337=CARTESIAN_POINT('',(-0.006737870646238,0.011599918130023,0.0041));
#10338=CARTESIAN_POINT('',(-0.00671821922162,0.011576211649531,0.0041));
#10339=CARTESIAN_POINT('',(-0.00671821922162,0.011528798688548,0.0041));
#10340=CARTESIAN_POINT('',(-0.006777069519683,0.011599918130023,0.0041));
#10341=CARTESIAN_POINT('',(-0.006777069519683,0.011599918130023,0.004101));
#10342=CARTESIAN_POINT('',(-0.006737870646238,0.011599918130023,0.004101));
#10343=CARTESIAN_POINT('',(-0.00671821922162,0.011576211649531,0.004101));
#10344=CARTESIAN_POINT('',(-0.00671821922162,0.011528798688548,0.004101));
#10345=CARTESIAN_POINT('',(-0.006777069519683,0.011599918130023,0.004101));
#10346=CARTESIAN_POINT('',(-0.006777069519683,0.011599918130023,0.004101));
#10347=CARTESIAN_POINT('',(-0.006872311344819,0.01156477431245,0.004101));
#10348=CARTESIAN_POINT('',(-0.006872311344819,0.01156477431245,0.0041));
#10349=CARTESIAN_POINT('',(-0.006843614026328,0.011588064889777,0.004101));
#10350=CARTESIAN_POINT('',(-0.006843614026328,0.011588064889777,0.0041));
#10351=CARTESIAN_POINT('',(-0.00681190140988,0.011599918130023,0.004101));
#10352=CARTESIAN_POINT('',(-0.00681190140988,0.011599918130023,0.0041));
#10353=CARTESIAN_POINT('',(-0.006777069519683,0.011599918130023,0.004101));
#10354=CARTESIAN_POINT('',(-0.006777069519683,0.011599918130023,0.0041));
#10355=CARTESIAN_POINT('',(-0.006872311344819,0.01156477431245,0.0041));
#10356=CARTESIAN_POINT('',(-0.006843614026328,0.011588064889777,0.0041));
#10357=CARTESIAN_POINT('',(-0.00681190140988,0.011599918130023,0.0041));
#10358=CARTESIAN_POINT('',(-0.006777069519683,0.011599918130023,0.0041));
#10359=CARTESIAN_POINT('',(-0.006872311344819,0.01156477431245,0.0041));
#10360=CARTESIAN_POINT('',(-0.006872311344819,0.01156477431245,0.004101));
#10361=CARTESIAN_POINT('',(-0.006843614026328,0.011588064889777,0.004101));
#10362=CARTESIAN_POINT('',(-0.00681190140988,0.011599918130023,0.004101));
#10363=CARTESIAN_POINT('',(-0.006777069519683,0.011599918130023,0.004101));
#10364=CARTESIAN_POINT('',(-0.006872311344819,0.01156477431245,0.004101));
#10365=CARTESIAN_POINT('',(-0.006872311344819,0.01156477431245,0.004101));
#10366=CARTESIAN_POINT('',(-0.006872311344819,0.01156477431245,0.004101));
#10367=CARTESIAN_POINT('',(-0.006872311344819,0.01156477431245,0.0041));
#10368=CARTESIAN_POINT('',(-0.006872311344819,0.011614266789269,0.0041));
#10369=CARTESIAN_POINT('',(-0.006872311344819,0.01156477431245,0.004101));
#10370=CARTESIAN_POINT('',(-0.006872311344819,0.011614266789269,0.004101));
#10371=CARTESIAN_POINT('',(-0.006872311344819,0.011614266789269,0.004101));
#10372=CARTESIAN_POINT('',(-0.006772286633268,0.011641300495093,0.004101));
#10373=CARTESIAN_POINT('',(-0.006772286633268,0.011641300495093,0.0041));
#10374=CARTESIAN_POINT('',(-0.006810133821422,0.011641300495093,0.004101));
#10375=CARTESIAN_POINT('',(-0.006810133821422,0.011641300495093,0.0041));
#10376=CARTESIAN_POINT('',(-0.006843510050536,0.011632358577011,0.004101));
#10377=CARTESIAN_POINT('',(-0.006843510050536,0.011632358577011,0.0041));
#10378=CARTESIAN_POINT('',(-0.006872311344819,0.011614266789269,0.004101));
#10379=CARTESIAN_POINT('',(-0.006872311344819,0.011614266789269,0.0041));
#10380=CARTESIAN_POINT('',(-0.006772286633268,0.011641300495093,0.0041));
#10381=CARTESIAN_POINT('',(-0.006810133821422,0.011641300495093,0.0041));
#10382=CARTESIAN_POINT('',(-0.006843510050536,0.011632358577011,0.0041));
#10383=CARTESIAN_POINT('',(-0.006872311344819,0.011614266789269,0.0041));
#10384=CARTESIAN_POINT('',(-0.006772286633268,0.011641300495093,0.004101));
#10385=CARTESIAN_POINT('',(-0.006810133821422,0.011641300495093,0.004101));
#10386=CARTESIAN_POINT('',(-0.006843510050536,0.011632358577011,0.004101));
#10387=CARTESIAN_POINT('',(-0.006872311344819,0.011614266789269,0.004101));
#10388=CARTESIAN_POINT('',(0.,0.,0.004101));
#10389=CARTESIAN_POINT('',(0.,0.,0.004101));
#10390=CARTESIAN_POINT('',(-0.006949461382209,0.011390510885677,0.004101));
#10391=CARTESIAN_POINT('',(-0.006949461382209,0.01134413768261,0.004101));
#10392=CARTESIAN_POINT('',(-0.006949461382209,0.011390510885677,0.004101));
#10393=CARTESIAN_POINT('',(-0.007115718673028,0.011390510885677,0.004101));
#10394=CARTESIAN_POINT('',(-0.007115718673028,0.011390510885677,0.004101));
#10395=CARTESIAN_POINT('',(-0.007115718673028,0.011527343027464,0.004101));
#10396=CARTESIAN_POINT('',(-0.007115718673028,0.011527343027464,0.004101));
#10397=CARTESIAN_POINT('',(-0.006970256540535,0.011527343027464,0.004101));
#10398=CARTESIAN_POINT('',(-0.006970256540535,0.011527343027464,0.004101));
#10399=CARTESIAN_POINT('',(-0.006970256540535,0.011573924182114,0.004101));
#10400=CARTESIAN_POINT('',(-0.006970256540535,0.011573924182114,0.004101));
#10401=CARTESIAN_POINT('',(-0.007115718673028,0.011573924182114,0.004101));
#10402=CARTESIAN_POINT('',(-0.007115718673028,0.011573924182114,0.004101));
#10403=CARTESIAN_POINT('',(-0.007115718673028,0.011704101873239,0.004101));
#10404=CARTESIAN_POINT('',(-0.007115718673028,0.011704101873239,0.004101));
#10405=CARTESIAN_POINT('',(-0.006958715227665,0.011704101873239,0.004101));
#10406=CARTESIAN_POINT('',(-0.006958715227665,0.011704101873239,0.004101));
#10407=CARTESIAN_POINT('',(-0.006958715227665,0.011750890979472,0.004101));
#10408=CARTESIAN_POINT('',(-0.006958715227665,0.011750890979472,0.004101));
#10409=CARTESIAN_POINT('',(-0.007168226447802,0.011750890979472,0.004101));
#10410=CARTESIAN_POINT('',(-0.007168226447802,0.011750890979472,0.004101));
#10411=CARTESIAN_POINT('',(-0.007168226447802,0.01134413768261,0.004101));
#10412=CARTESIAN_POINT('',(-0.007168226447802,0.01134413768261,0.004101));
#10413=CARTESIAN_POINT('',(-0.006949461382209,0.01134413768261,0.004101));
#10414=CARTESIAN_POINT('',(-0.006949461382209,0.01134413768261,0.004101));
#10415=CARTESIAN_POINT('',(-0.006949461382209,0.01134413768261,0.0041));
#10416=CARTESIAN_POINT('',(-0.007168226447802,0.01134413768261,0.0041));
#10417=CARTESIAN_POINT('',(-0.006949461382209,0.01134413768261,0.0041));
#10418=CARTESIAN_POINT('',(-0.006949461382209,0.01134413768261,0.004101));
#10419=CARTESIAN_POINT('',(-0.007168226447802,0.01134413768261,0.004101));
#10420=CARTESIAN_POINT('',(-0.007168226447802,0.01134413768261,0.004101));
#10421=CARTESIAN_POINT('',(-0.007168226447802,0.01134413768261,0.0041));
#10422=CARTESIAN_POINT('',(-0.007168226447802,0.011750890979472,0.0041));
#10423=CARTESIAN_POINT('',(-0.007168226447802,0.011750890979472,0.004101));
#10424=CARTESIAN_POINT('',(-0.007168226447802,0.011750890979472,0.004101));
#10425=CARTESIAN_POINT('',(-0.007168226447802,0.011750890979472,0.0041));
#10426=CARTESIAN_POINT('',(-0.006958715227665,0.011750890979472,0.0041));
#10427=CARTESIAN_POINT('',(-0.006958715227665,0.011750890979472,0.004101));
#10428=CARTESIAN_POINT('',(-0.006958715227665,0.011750890979472,0.004101));
#10429=CARTESIAN_POINT('',(-0.006958715227665,0.011750890979472,0.0041));
#10430=CARTESIAN_POINT('',(-0.006958715227665,0.011704101873239,0.0041));
#10431=CARTESIAN_POINT('',(-0.006958715227665,0.011704101873239,0.004101));
#10432=CARTESIAN_POINT('',(-0.006958715227665,0.011704101873239,0.004101));
#10433=CARTESIAN_POINT('',(-0.006958715227665,0.011704101873239,0.0041));
#10434=CARTESIAN_POINT('',(-0.007115718673028,0.011704101873239,0.0041));
#10435=CARTESIAN_POINT('',(-0.007115718673028,0.011704101873239,0.004101));
#10436=CARTESIAN_POINT('',(-0.007115718673028,0.012396164742338,0.004101));
#10437=CARTESIAN_POINT('',(-0.007115718673028,0.011704101873239,0.0041));
#10438=CARTESIAN_POINT('',(-0.007115718673028,0.011573924182114,0.0041));
#10439=CARTESIAN_POINT('',(-0.007115718673028,0.011573924182114,0.004101));
#10440=CARTESIAN_POINT('',(-0.007115718673028,0.011573924182114,0.004101));
#10441=CARTESIAN_POINT('',(-0.007115718673028,0.011573924182114,0.0041));
#10442=CARTESIAN_POINT('',(-0.006970256540535,0.011573924182114,0.0041));
#10443=CARTESIAN_POINT('',(-0.006970256540535,0.011573924182114,0.004101));
#10444=CARTESIAN_POINT('',(-0.006970256540535,0.011573924182114,0.004101));
#10445=CARTESIAN_POINT('',(-0.006970256540535,0.011573924182114,0.0041));
#10446=CARTESIAN_POINT('',(-0.006970256540535,0.011527343027464,0.0041));
#10447=CARTESIAN_POINT('',(-0.006970256540535,0.011527343027464,0.004101));
#10448=CARTESIAN_POINT('',(-0.006970256540535,0.011527343027464,0.004101));
#10449=CARTESIAN_POINT('',(-0.006970256540535,0.011527343027464,0.0041));
#10450=CARTESIAN_POINT('',(-0.007115718673028,0.011527343027464,0.0041));
#10451=CARTESIAN_POINT('',(-0.007115718673028,0.011527343027464,0.004101));
#10452=CARTESIAN_POINT('',(-0.007115718673028,0.012396164742338,0.004101));
#10453=CARTESIAN_POINT('',(-0.007115718673028,0.011527343027464,0.0041));
#10454=CARTESIAN_POINT('',(-0.007115718673028,0.011390510885677,0.0041));
#10455=CARTESIAN_POINT('',(-0.007115718673028,0.011390510885677,0.004101));
#10456=CARTESIAN_POINT('',(-0.007115718673028,0.011390510885677,0.004101));
#10457=CARTESIAN_POINT('',(-0.007115718673028,0.011390510885677,0.0041));
#10458=CARTESIAN_POINT('',(-0.006949461382209,0.011390510885677,0.0041));
#10459=CARTESIAN_POINT('',(-0.006949461382209,0.011390510885677,0.004101));
#10460=CARTESIAN_POINT('',(-0.006949461382209,0.011390510885677,0.004101));
#10461=CARTESIAN_POINT('',(-0.006949461382209,0.011390510885677,0.0041));
#10462=CARTESIAN_POINT('',(0.,0.,0.0041));
#10463=CARTESIAN_POINT('',(-0.005727225951578,0.012315687479615,0.0041));
#10464=CARTESIAN_POINT('',(-0.005727225951578,0.012315687479615,0.0041));
#10465=CARTESIAN_POINT('',(-0.00578805178968239,0.012146622842423,0.0041));
#10466=CARTESIAN_POINT('',(-0.005788051789682,0.012146622842423,0.0041));
#10467=CARTESIAN_POINT('',(-0.00565153157527,0.012146622842423,0.0041));
#10468=CARTESIAN_POINT('',(-0.00565153157527,0.012146622842423,0.0041));
#10469=CARTESIAN_POINT('',(-0.005712981268124,0.012315687479615,0.0041));
#10470=CARTESIAN_POINT('',(-0.005712981268124,0.012315687479615,0.0041));
#10471=CARTESIAN_POINT('',(-0.005714956808165,0.012321302172363,0.0041));
#10472=CARTESIAN_POINT('',(-0.005717036323998,0.01233065999361,0.0041));
#10473=CARTESIAN_POINT('',(-0.005719323791415,0.012344176846523,0.0041));
#10474=CARTESIAN_POINT('',(-0.005719323791415,0.012344176846523,0.0041));
#10475=CARTESIAN_POINT('',(-0.005719323791415,0.012344176846523,0.0041));
#10476=CARTESIAN_POINT('',(-0.005720571500913,0.012344176846523,0.0041));
#10477=CARTESIAN_POINT('',(-0.005720571500913,0.012344176846523,0.0041));
#10478=CARTESIAN_POINT('',(-0.005722547040954,0.012331907703111,0.0041));
#10479=CARTESIAN_POINT('',(-0.005724730532579,0.01232234193028,0.0041));
#10480=CARTESIAN_POINT('',(-0.005727225951578,0.012315687479615,0.0041));
#10481=CARTESIAN_POINT('',(-0.00572722595157963,0.0123156874796156,0.004101));
#10482=CARTESIAN_POINT('',(-0.005727225951578,0.012315687479615,0.004101));
#10483=CARTESIAN_POINT('',(-0.005727225951578,0.012315687479615,0.004101));
#10484=CARTESIAN_POINT('',(-0.005727225951578,0.012315687479615,0.004101));
#10485=CARTESIAN_POINT('',(-0.00578805178968239,0.012146622842423,0.004101));
#10486=CARTESIAN_POINT('',(-0.005788051789682,0.012146622842423,0.004101));
#10487=CARTESIAN_POINT('',(-0.005720571500913,0.012344176846523,0.004101));
#10488=CARTESIAN_POINT('',(-0.005720571500913,0.012344176846523,0.0041));
#10489=CARTESIAN_POINT('',(-0.005722547040954,0.012331907703111,0.004101));
#10490=CARTESIAN_POINT('',(-0.005722547040954,0.012331907703111,0.0041));
#10491=CARTESIAN_POINT('',(-0.005724730532579,0.01232234193028,0.004101));
#10492=CARTESIAN_POINT('',(-0.005724730532579,0.01232234193028,0.0041));
#10493=CARTESIAN_POINT('',(-0.005727225951578,0.012315687479615,0.004101));
#10494=CARTESIAN_POINT('',(-0.005727225951578,0.012315687479615,0.0041));
#10495=CARTESIAN_POINT('',(-0.005720571500913,0.012344176846523,0.004101));
#10496=CARTESIAN_POINT('',(-0.005720571500913,0.012344176846523,0.004101));
#10497=CARTESIAN_POINT('',(-0.005720571500913,0.012344176846523,0.004101));
#10498=CARTESIAN_POINT('',(-0.005722547040954,0.012331907703111,0.004101));
#10499=CARTESIAN_POINT('',(-0.005724730532579,0.01232234193028,0.004101));
#10500=CARTESIAN_POINT('',(-0.005727225951578,0.012315687479615,0.004101));
#10501=CARTESIAN_POINT('',(-0.005719323791415,0.012344176846523,0.004101));
#10502=CARTESIAN_POINT('',(-0.005719323791415,0.012344176846523,0.004101));
#10503=CARTESIAN_POINT('',(-0.005719323791415,0.012344176846523,0.004101));
#10504=CARTESIAN_POINT('',(-0.005719323791415,0.012344176846523,0.004101));
#10505=CARTESIAN_POINT('',(-0.005712981268124,0.012315687479615,0.004101));
#10506=CARTESIAN_POINT('',(-0.005712981268124,0.012315687479615,0.0041));
#10507=CARTESIAN_POINT('',(-0.005714956808165,0.012321302172363,0.004101));
#10508=CARTESIAN_POINT('',(-0.005714956808165,0.012321302172363,0.0041));
#10509=CARTESIAN_POINT('',(-0.005717036323998,0.01233065999361,0.004101));
#10510=CARTESIAN_POINT('',(-0.005717036323998,0.01233065999361,0.0041));
#10511=CARTESIAN_POINT('',(-0.005719323791415,0.012344176846523,0.004101));
#10512=CARTESIAN_POINT('',(-0.005719323791415,0.012344176846523,0.0041));
#10513=CARTESIAN_POINT('',(-0.005712981268124,0.012315687479615,0.004101));
#10514=CARTESIAN_POINT('',(-0.005712981268124,0.012315687479615,0.004101));
#10515=CARTESIAN_POINT('',(-0.005712981268124,0.012315687479615,0.004101));
#10516=CARTESIAN_POINT('',(-0.005714956808165,0.012321302172363,0.004101));
#10517=CARTESIAN_POINT('',(-0.005717036323998,0.01233065999361,0.004101));
#10518=CARTESIAN_POINT('',(-0.005719323791415,0.012344176846523,0.004101));
#10519=CARTESIAN_POINT('',(-0.00565153157527,0.012146622842423,0.004101));
#10520=CARTESIAN_POINT('',(-0.00565153157527,0.012146622842423,0.004101));
#10521=CARTESIAN_POINT('',(-0.00565153157527,0.012146622842423,0.004101));
#10522=CARTESIAN_POINT('',(-0.00565153157527,0.012146622842423,0.004101));
#10523=CARTESIAN_POINT('',(-0.005788051789682,0.012146622842423,0.004101));
#10524=CARTESIAN_POINT('',(-0.005788051789682,0.012146622842423,0.004101));
#10525=CARTESIAN_POINT('',(-0.006332365058875,0.011989411445475,0.004101));
#10526=CARTESIAN_POINT('',(-0.005535806519183,0.011989411445475,0.0041));
#10527=CARTESIAN_POINT('',(-0.005593825010914,0.011989411445475,0.0041));
#10528=CARTESIAN_POINT('',(-0.00553580651918283,0.011989411445475,0.0041));
#10529=CARTESIAN_POINT('',(-0.005535806519183,0.011989411445475,0.004101));
#10530=CARTESIAN_POINT('',(-0.00553580651918283,0.011989411445475,0.004101));
#10531=CARTESIAN_POINT('',(-0.005535806519183,0.011989411445475,0.004101));
#10532=CARTESIAN_POINT('',(-0.005593825010914,0.011989411445475,0.004101));
#10533=CARTESIAN_POINT('',(-0.005593825010914,0.011989411445475,0.004101));
#10534=CARTESIAN_POINT('',(-0.00559382501091235,0.0119894114454756,0.004101));
#10535=CARTESIAN_POINT('',(-0.005593825010914,0.011989411445475,0.0041));
#10536=CARTESIAN_POINT('',(-0.00563531135177502,0.012100665542522,0.0041));
#10537=CARTESIAN_POINT('',(-0.005593825010914,0.011989411445475,0.004101));
#10538=CARTESIAN_POINT('',(-0.00563531135177502,0.012100665542522,0.004101));
#10539=CARTESIAN_POINT('',(-0.005635311351775,0.012100665542522,0.004101));
#10540=CARTESIAN_POINT('',(-0.005635311351775,0.012100665542522,0.004101));
#10541=CARTESIAN_POINT('',(-0.005635311351775,0.012100665542522,0.0041));
#10542=CARTESIAN_POINT('',(-0.005804687916344,0.012100665542522,0.0041));
#10543=CARTESIAN_POINT('',(-0.005635311351775,0.012100665542522,0.004101));
#10544=CARTESIAN_POINT('',(-0.005804687916344,0.012100665542522,0.004101));
#10545=CARTESIAN_POINT('',(-0.005804687916344,0.012100665542522,0.004101));
#10546=CARTESIAN_POINT('',(-0.005804687916344,0.012100665542522,0.004101));
#10547=CARTESIAN_POINT('',(-0.005804687916344,0.012100665542522,0.0041));
#10548=CARTESIAN_POINT('',(-0.00584378281399728,0.011989411445475,0.0041));
#10549=CARTESIAN_POINT('',(-0.005804687916344,0.012100665542522,0.004101));
#10550=CARTESIAN_POINT('',(-0.00584378281399728,0.011989411445475,0.004101));
#10551=CARTESIAN_POINT('',(-0.005843782813997,0.011989411445475,0.004101));
#10552=CARTESIAN_POINT('',(-0.006332365058875,0.011989411445475,0.004101));
#10553=CARTESIAN_POINT('',(-0.005843782813997,0.011989411445475,0.0041));
#10554=CARTESIAN_POINT('',(-0.005901801305725,0.011989411445475,0.0041));
#10555=CARTESIAN_POINT('',(-0.005843782813997,0.011989411445475,0.004101));
#10556=CARTESIAN_POINT('',(-0.005901801305725,0.011989411445475,0.004101));
#10557=CARTESIAN_POINT('',(-0.005901801305725,0.011989411445475,0.004101));
#10558=CARTESIAN_POINT('',(-0.005901801305725,0.011989411445475,0.004101));
#10559=CARTESIAN_POINT('',(-0.005901801305725,0.011989411445475,0.0041));
#10560=CARTESIAN_POINT('',(-0.0057468773761958,0.012396164742338,0.0041));
#10561=CARTESIAN_POINT('',(-0.005901801305725,0.011989411445475,0.004101));
#10562=CARTESIAN_POINT('',(-0.0057468773761958,0.012396164742338,0.004101));
#10563=CARTESIAN_POINT('',(-0.005746877376196,0.012396164742338,0.004101));
#10564=CARTESIAN_POINT('',(-0.006551130124467,0.012396164742338,0.004101));
#10565=CARTESIAN_POINT('',(-0.005746877376196,0.012396164742338,0.0041));
#10566=CARTESIAN_POINT('',(-0.005690730448715,0.012396164742338,0.0041));
#10567=CARTESIAN_POINT('',(-0.005746877376196,0.012396164742338,0.004101));
#10568=CARTESIAN_POINT('',(-0.005690730448715,0.012396164742338,0.004101));
#10569=CARTESIAN_POINT('',(-0.005690730448715,0.012396164742338,0.004101));
#10570=CARTESIAN_POINT('',(-0.005690730448715,0.012396164742338,0.004101));
#10571=CARTESIAN_POINT('',(-0.005690730448715,0.012396164742338,0.0041));
#10572=CARTESIAN_POINT('',(-0.005690730448715,0.012396164742338,0.004101));
#10573=CARTESIAN_POINT('',(0.,0.,0.004101));
#10574=CARTESIAN_POINT('',(0.,0.,0.0041));
#10575=CARTESIAN_POINT('',(-0.006024180812478,0.012311112544783,0.0041));
#10576=CARTESIAN_POINT('',(-0.006053917888887,0.012336690589526,0.0041));
#10577=CARTESIAN_POINT('',(-0.006093116762331,0.012349375636104,0.0041));
#10578=CARTESIAN_POINT('',(-0.006141569481232,0.012349375636104,0.0041));
#10579=CARTESIAN_POINT('',(-0.006024180812478,0.012311112544783,0.0041));
#10580=CARTESIAN_POINT('',(-0.006141569481232,0.012349375636104,0.0041));
#10581=CARTESIAN_POINT('',(-0.006141569481232,0.012349375636104,0.0041));
#10582=CARTESIAN_POINT('',(-0.006203019174083,0.012349375636104,0.0041));
#10583=CARTESIAN_POINT('',(-0.006203019174083,0.012349375636104,0.0041));
#10584=CARTESIAN_POINT('',(-0.006203019174083,0.012035784648543,0.0041));
#10585=CARTESIAN_POINT('',(-0.006203019174083,0.012035784648543,0.0041));
#10586=CARTESIAN_POINT('',(-0.006143960924437,0.012035784648543,0.0041));
#10587=CARTESIAN_POINT('',(-0.006143960924437,0.012035784648543,0.0041));
#10588=CARTESIAN_POINT('',(-0.006092284955997,0.012035784648543,0.0041));
#10589=CARTESIAN_POINT('',(-0.006051942348842,0.012049925356205,0.0041));
#10590=CARTESIAN_POINT('',(-0.006023037078768,0.012078206771527,0.0041));
#10591=CARTESIAN_POINT('',(-0.006023037078768,0.012078206771527,0.0041));
#10592=CARTESIAN_POINT('',(-0.006023037078768,0.012078206771527,0.0041));
#10593=CARTESIAN_POINT('',(-0.005994027832903,0.012106280235269,0.0041));
#10594=CARTESIAN_POINT('',(-0.005979575197866,0.012145791036089,0.0041));
#10595=CARTESIAN_POINT('',(-0.005979575197866,0.012196531222405,0.0041));
#10596=CARTESIAN_POINT('',(-0.005979575197866,0.012196531222405,0.0041));
#10597=CARTESIAN_POINT('',(-0.005979575197866,0.012196531222405,0.0041));
#10598=CARTESIAN_POINT('',(-0.005979575197866,0.012247271408722,0.0041));
#10599=CARTESIAN_POINT('',(-0.005994443736072,0.012285534500043,0.0041));
#10600=CARTESIAN_POINT('',(-0.006024180812478,0.012311112544783,0.0041));
#10601=CARTESIAN_POINT('',(-0.006024180812478,0.012311112544783,0.004101));
#10602=CARTESIAN_POINT('',(-0.006024180812478,0.012311112544783,0.0041));
#10603=CARTESIAN_POINT('',(-0.006053917888887,0.012336690589526,0.004101));
#10604=CARTESIAN_POINT('',(-0.006053917888887,0.012336690589526,0.0041));
#10605=CARTESIAN_POINT('',(-0.006093116762331,0.012349375636104,0.004101));
#10606=CARTESIAN_POINT('',(-0.006093116762331,0.012349375636104,0.0041));
#10607=CARTESIAN_POINT('',(-0.006141569481232,0.012349375636104,0.004101));
#10608=CARTESIAN_POINT('',(-0.006141569481232,0.012349375636104,0.0041));
#10609=CARTESIAN_POINT('',(-0.006024180812478,0.012311112544783,0.004101));
#10610=CARTESIAN_POINT('',(-0.006024180812478,0.012311112544783,0.004101));
#10611=CARTESIAN_POINT('',(-0.006024180812478,0.012311112544783,0.004101));
#10612=CARTESIAN_POINT('',(-0.006053917888887,0.012336690589526,0.004101));
#10613=CARTESIAN_POINT('',(-0.006093116762331,0.012349375636104,0.004101));
#10614=CARTESIAN_POINT('',(-0.006141569481232,0.012349375636104,0.004101));
#10615=CARTESIAN_POINT('',(-0.006141569481232,0.012349375636104,0.004101));
#10616=CARTESIAN_POINT('',(-0.006141569481232,0.012349375636104,0.004101));
#10617=CARTESIAN_POINT('',(-0.005979575197866,0.012196531222405,0.004101));
#10618=CARTESIAN_POINT('',(-0.005979575197866,0.012196531222405,0.0041));
#10619=CARTESIAN_POINT('',(-0.005979575197866,0.012247271408722,0.004101));
#10620=CARTESIAN_POINT('',(-0.005979575197866,0.012247271408722,0.0041));
#10621=CARTESIAN_POINT('',(-0.005994443736072,0.012285534500043,0.004101));
#10622=CARTESIAN_POINT('',(-0.005994443736072,0.012285534500043,0.0041));
#10623=CARTESIAN_POINT('',(-0.006024180812478,0.012311112544783,0.004101));
#10624=CARTESIAN_POINT('',(-0.006024180812478,0.012311112544783,0.0041));
#10625=CARTESIAN_POINT('',(-0.005979575197866,0.012196531222405,0.004101));
#10626=CARTESIAN_POINT('',(-0.005979575197866,0.012196531222405,0.004101));
#10627=CARTESIAN_POINT('',(-0.005979575197866,0.012196531222405,0.004101));
#10628=CARTESIAN_POINT('',(-0.005979575197866,0.012247271408722,0.004101));
#10629=CARTESIAN_POINT('',(-0.005994443736072,0.012285534500043,0.004101));
#10630=CARTESIAN_POINT('',(-0.006024180812478,0.012311112544783,0.004101));
#10631=CARTESIAN_POINT('',(-0.006023037078768,0.012078206771527,0.004101));
#10632=CARTESIAN_POINT('',(-0.006023037078768,0.012078206771527,0.0041));
#10633=CARTESIAN_POINT('',(-0.005994027832903,0.012106280235269,0.004101));
#10634=CARTESIAN_POINT('',(-0.005994027832903,0.012106280235269,0.0041));
#10635=CARTESIAN_POINT('',(-0.005979575197866,0.012145791036089,0.004101));
#10636=CARTESIAN_POINT('',(-0.005979575197866,0.012145791036089,0.0041));
#10637=CARTESIAN_POINT('',(-0.005979575197866,0.012196531222405,0.004101));
#10638=CARTESIAN_POINT('',(-0.005979575197866,0.012196531222405,0.0041));
#10639=CARTESIAN_POINT('',(-0.006023037078768,0.012078206771527,0.004101));
#10640=CARTESIAN_POINT('',(-0.006023037078768,0.012078206771527,0.004101));
#10641=CARTESIAN_POINT('',(-0.006023037078768,0.012078206771527,0.004101));
#10642=CARTESIAN_POINT('',(-0.005994027832903,0.012106280235269,0.004101));
#10643=CARTESIAN_POINT('',(-0.005979575197866,0.012145791036089,0.004101));
#10644=CARTESIAN_POINT('',(-0.005979575197866,0.012196531222405,0.004101));
#10645=CARTESIAN_POINT('',(-0.006143960924437,0.012035784648543,0.004101));
#10646=CARTESIAN_POINT('',(-0.006143960924437,0.012035784648543,0.0041));
#10647=CARTESIAN_POINT('',(-0.006092284955997,0.012035784648543,0.004101));
#10648=CARTESIAN_POINT('',(-0.006092284955997,0.012035784648543,0.0041));
#10649=CARTESIAN_POINT('',(-0.006051942348842,0.012049925356205,0.004101));
#10650=CARTESIAN_POINT('',(-0.006051942348842,0.012049925356205,0.0041));
#10651=CARTESIAN_POINT('',(-0.006023037078768,0.012078206771527,0.004101));
#10652=CARTESIAN_POINT('',(-0.006023037078768,0.012078206771527,0.0041));
#10653=CARTESIAN_POINT('',(-0.006143960924437,0.012035784648543,0.004101));
#10654=CARTESIAN_POINT('',(-0.006143960924437,0.012035784648543,0.004101));
#10655=CARTESIAN_POINT('',(-0.006143960924437,0.012035784648543,0.004101));
#10656=CARTESIAN_POINT('',(-0.006092284955997,0.012035784648543,0.004101));
#10657=CARTESIAN_POINT('',(-0.006051942348842,0.012049925356205,0.004101));
#10658=CARTESIAN_POINT('',(-0.006023037078768,0.012078206771527,0.004101));
#10659=CARTESIAN_POINT('',(-0.007115718673028,0.012035784648543,0.004101));
#10660=CARTESIAN_POINT('',(-0.006203019174083,0.012035784648543,0.004101));
#10661=CARTESIAN_POINT('',(-0.006203019174083,0.012035784648543,0.004101));
#10662=CARTESIAN_POINT('',(-0.006203019174083,0.012035784648543,0.004101));
#10663=CARTESIAN_POINT('',(-0.006203019174083,0.012349375636104,0.004101));
#10664=CARTESIAN_POINT('',(-0.006203019174083,0.012349375636104,0.004101));
#10665=CARTESIAN_POINT('',(-0.006203019174083,0.012349375636104,0.004101));
#10666=CARTESIAN_POINT('',(-0.006203019174083,0.012349375636104,0.004101));
#10667=CARTESIAN_POINT('',(-0.006341618904329,0.012349375636104,0.004101));
#10668=CARTESIAN_POINT('',(-0.006141569481232,0.012349375636104,0.004101));
#10669=CARTESIAN_POINT('',(-0.006255526948858,0.011989411445475,0.004101));
#10670=CARTESIAN_POINT('',(-0.006255526948858,0.011989411445475,0.0041));
#10671=CARTESIAN_POINT('',(-0.006255526948858,0.012396164742338,0.0041));
#10672=CARTESIAN_POINT('',(-0.006255526948858,0.011989411445475,0.0041));
#10673=CARTESIAN_POINT('',(-0.006255526948858,0.011989411445475,0.004101));
#10674=CARTESIAN_POINT('',(-0.006255526948858,0.011989411445475,0.004101));
#10675=CARTESIAN_POINT('',(-0.006255526948858,0.011989411445475,0.004101));
#10676=CARTESIAN_POINT('',(-0.006255526948858,0.012396164742338,0.004101));
#10677=CARTESIAN_POINT('',(-0.006255526948858,0.012396164742338,0.004101));
#10678=CARTESIAN_POINT('',(-0.006551130124467,0.012396164742338,0.004101));
#10679=CARTESIAN_POINT('',(-0.006255526948858,0.012396164742338,0.0041));
#10680=CARTESIAN_POINT('',(-0.006139489965396,0.012396164742338,0.0041));
#10681=CARTESIAN_POINT('',(-0.006255526948858,0.012396164742338,0.004101));
#10682=CARTESIAN_POINT('',(-0.006139489965396,0.012396164742338,0.004101));
#10683=CARTESIAN_POINT('',(-0.006139489965396,0.012396164742338,0.004101));
#10684=CARTESIAN_POINT('',(-0.005985709769574,0.012342305282273,0.004101));
#10685=CARTESIAN_POINT('',(-0.005985709769574,0.012342305282273,0.0041));
#10686=CARTESIAN_POINT('',(-0.006026572255685,0.012378280906178,0.004101));
#10687=CARTESIAN_POINT('',(-0.006026572255685,0.012378280906178,0.0041));
#10688=CARTESIAN_POINT('',(-0.00607783232096,0.012396164742338,0.004101));
#10689=CARTESIAN_POINT('',(-0.00607783232096,0.012396164742338,0.0041));
#10690=CARTESIAN_POINT('',(-0.006139489965396,0.012396164742338,0.004101));
#10691=CARTESIAN_POINT('',(-0.006139489965396,0.012396164742338,0.0041));
#10692=CARTESIAN_POINT('',(-0.005985709769574,0.012342305282273,0.0041));
#10693=CARTESIAN_POINT('',(-0.006026572255685,0.012378280906178,0.0041));
#10694=CARTESIAN_POINT('',(-0.00607783232096,0.012396164742338,0.0041));
#10695=CARTESIAN_POINT('',(-0.006139489965396,0.012396164742338,0.0041));
#10696=CARTESIAN_POINT('',(-0.005985709769574,0.012342305282273,0.0041));
#10697=CARTESIAN_POINT('',(-0.005985709769574,0.012342305282273,0.004101));
#10698=CARTESIAN_POINT('',(-0.006026572255685,0.012378280906178,0.004101));
#10699=CARTESIAN_POINT('',(-0.00607783232096,0.012396164742338,0.004101));
#10700=CARTESIAN_POINT('',(-0.006139489965396,0.012396164742338,0.004101));
#10701=CARTESIAN_POINT('',(-0.005985709769574,0.012342305282273,0.004101));
#10702=CARTESIAN_POINT('',(-0.005985709769574,0.012342305282273,0.004101));
#10703=CARTESIAN_POINT('',(-0.005924364052511,0.012197986883489,0.004101));
#10704=CARTESIAN_POINT('',(-0.005924364052511,0.012197986883489,0.0041));
#10705=CARTESIAN_POINT('',(-0.005924364052511,0.012258292842633,0.004101));
#10706=CARTESIAN_POINT('',(-0.005924364052511,0.012258292842633,0.0041));
#10707=CARTESIAN_POINT('',(-0.005944847283462,0.012306329658368,0.004101));
#10708=CARTESIAN_POINT('',(-0.005944847283462,0.012306329658368,0.0041));
#10709=CARTESIAN_POINT('',(-0.005985709769574,0.012342305282273,0.004101));
#10710=CARTESIAN_POINT('',(-0.005985709769574,0.012342305282273,0.0041));
#10711=CARTESIAN_POINT('',(-0.005924364052511,0.012197986883489,0.0041));
#10712=CARTESIAN_POINT('',(-0.005924364052511,0.012258292842633,0.0041));
#10713=CARTESIAN_POINT('',(-0.005944847283462,0.012306329658368,0.0041));
#10714=CARTESIAN_POINT('',(-0.005985709769574,0.012342305282273,0.0041));
#10715=CARTESIAN_POINT('',(-0.005924364052511,0.012197986883489,0.0041));
#10716=CARTESIAN_POINT('',(-0.005924364052511,0.012197986883489,0.004101));
#10717=CARTESIAN_POINT('',(-0.005924364052511,0.012258292842633,0.004101));
#10718=CARTESIAN_POINT('',(-0.005944847283462,0.012306329658368,0.004101));
#10719=CARTESIAN_POINT('',(-0.005985709769574,0.012342305282273,0.004101));
#10720=CARTESIAN_POINT('',(-0.005924364052511,0.012197986883489,0.004101));
#10721=CARTESIAN_POINT('',(-0.005924364052511,0.012197986883489,0.004101));
#10722=CARTESIAN_POINT('',(-0.005985709769574,0.012046390179288,0.004101));
#10723=CARTESIAN_POINT('',(-0.005985709769574,0.012046390179288,0.0041));
#10724=CARTESIAN_POINT('',(-0.005944847283462,0.012084445319027,0.004101));
#10725=CARTESIAN_POINT('',(-0.005944847283462,0.012084445319027,0.0041));
#10726=CARTESIAN_POINT('',(-0.005924364052511,0.01213497755376,0.004101));
#10727=CARTESIAN_POINT('',(-0.005924364052511,0.01213497755376,0.0041));
#10728=CARTESIAN_POINT('',(-0.005924364052511,0.012197986883489,0.004101));
#10729=CARTESIAN_POINT('',(-0.005924364052511,0.012197986883489,0.0041));
#10730=CARTESIAN_POINT('',(-0.005985709769574,0.012046390179288,0.0041));
#10731=CARTESIAN_POINT('',(-0.005944847283462,0.012084445319027,0.0041));
#10732=CARTESIAN_POINT('',(-0.005924364052511,0.01213497755376,0.0041));
#10733=CARTESIAN_POINT('',(-0.005924364052511,0.012197986883489,0.0041));
#10734=CARTESIAN_POINT('',(-0.005985709769574,0.012046390179288,0.0041));
#10735=CARTESIAN_POINT('',(-0.005985709769574,0.012046390179288,0.004101));
#10736=CARTESIAN_POINT('',(-0.005944847283462,0.012084445319027,0.004101));
#10737=CARTESIAN_POINT('',(-0.005924364052511,0.01213497755376,0.004101));
#10738=CARTESIAN_POINT('',(-0.005924364052511,0.012197986883489,0.004101));
#10739=CARTESIAN_POINT('',(-0.005985709769574,0.012046390179288,0.004101));
#10740=CARTESIAN_POINT('',(-0.005985709769574,0.012046390179288,0.004101));
#10741=CARTESIAN_POINT('',(-0.006143648997062,0.011989411445475,0.004101));
#10742=CARTESIAN_POINT('',(-0.006143648997062,0.011989411445475,0.0041));
#10743=CARTESIAN_POINT('',(-0.006079287982044,0.011989411445475,0.004101));
#10744=CARTESIAN_POINT('',(-0.006079287982044,0.011989411445475,0.0041));
#10745=CARTESIAN_POINT('',(-0.006026572255685,0.012008335039553,0.004101));
#10746=CARTESIAN_POINT('',(-0.006026572255685,0.012008335039553,0.0041));
#10747=CARTESIAN_POINT('',(-0.005985709769574,0.012046390179288,0.004101));
#10748=CARTESIAN_POINT('',(-0.005985709769574,0.012046390179288,0.0041));
#10749=CARTESIAN_POINT('',(-0.006143648997062,0.011989411445475,0.0041));
#10750=CARTESIAN_POINT('',(-0.006079287982044,0.011989411445475,0.0041));
#10751=CARTESIAN_POINT('',(-0.006026572255685,0.012008335039553,0.0041));
#10752=CARTESIAN_POINT('',(-0.005985709769574,0.012046390179288,0.0041));
#10753=CARTESIAN_POINT('',(-0.006143648997062,0.011989411445475,0.0041));
#10754=CARTESIAN_POINT('',(-0.006143648997062,0.011989411445475,0.004101));
#10755=CARTESIAN_POINT('',(-0.006079287982044,0.011989411445475,0.004101));
#10756=CARTESIAN_POINT('',(-0.006026572255685,0.012008335039553,0.004101));
#10757=CARTESIAN_POINT('',(-0.005985709769574,0.012046390179288,0.004101));
#10758=CARTESIAN_POINT('',(-0.006143648997062,0.011989411445475,0.004101));
#10759=CARTESIAN_POINT('',(-0.006143648997062,0.011989411445475,0.004101));
#10760=CARTESIAN_POINT('',(-0.006332365058875,0.011989411445475,0.004101));
#10761=CARTESIAN_POINT('',(-0.006143648997062,0.011989411445475,0.0041));
#10762=CARTESIAN_POINT('',(-0.006143648997062,0.011989411445475,0.004101));
#10763=CARTESIAN_POINT('',(0.,0.,0.004101));
#10764=CARTESIAN_POINT('',(0.,0.,0.004101));
#10765=CARTESIAN_POINT('',(-0.006332365058875,0.012035784648543,0.004101));
#10766=CARTESIAN_POINT('',(-0.006332365058875,0.011989411445475,0.004101));
#10767=CARTESIAN_POINT('',(-0.006332365058875,0.012035784648543,0.004101));
#10768=CARTESIAN_POINT('',(-0.006498622349693,0.012035784648543,0.004101));
#10769=CARTESIAN_POINT('',(-0.006498622349693,0.012035784648543,0.004101));
#10770=CARTESIAN_POINT('',(-0.006498622349693,0.01217261679033,0.004101));
#10771=CARTESIAN_POINT('',(-0.006498622349693,0.01217261679033,0.004101));
#10772=CARTESIAN_POINT('',(-0.006353160217201,0.01217261679033,0.004101));
#10773=CARTESIAN_POINT('',(-0.006353160217201,0.01217261679033,0.004101));
#10774=CARTESIAN_POINT('',(-0.006353160217201,0.01221919794498,0.004101));
#10775=CARTESIAN_POINT('',(-0.006353160217201,0.01221919794498,0.004101));
#10776=CARTESIAN_POINT('',(-0.006498622349693,0.01221919794498,0.004101));
#10777=CARTESIAN_POINT('',(-0.006498622349693,0.01221919794498,0.004101));
#10778=CARTESIAN_POINT('',(-0.006498622349693,0.012349375636104,0.004101));
#10779=CARTESIAN_POINT('',(-0.006498622349693,0.012349375636104,0.004101));
#10780=CARTESIAN_POINT('',(-0.006341618904329,0.012349375636104,0.004101));
#10781=CARTESIAN_POINT('',(-0.006341618904329,0.012349375636104,0.004101));
#10782=CARTESIAN_POINT('',(-0.006341618904329,0.012396164742338,0.004101));
#10783=CARTESIAN_POINT('',(-0.006341618904329,0.012396164742338,0.004101));
#10784=CARTESIAN_POINT('',(-0.006551130124467,0.012396164742338,0.004101));
#10785=CARTESIAN_POINT('',(-0.006551130124467,0.012396164742338,0.004101));
#10786=CARTESIAN_POINT('',(-0.006551130124467,0.011989411445475,0.004101));
#10787=CARTESIAN_POINT('',(-0.006551130124467,0.011989411445475,0.004101));
#10788=CARTESIAN_POINT('',(-0.006332365058875,0.011989411445475,0.004101));
#10789=CARTESIAN_POINT('',(-0.006332365058875,0.011989411445475,0.004101));
#10790=CARTESIAN_POINT('',(-0.006332365058875,0.011989411445475,0.0041));
#10791=CARTESIAN_POINT('',(-0.006551130124467,0.011989411445475,0.0041));
#10792=CARTESIAN_POINT('',(-0.006332365058875,0.011989411445475,0.0041));
#10793=CARTESIAN_POINT('',(-0.006332365058875,0.011989411445475,0.004101));
#10794=CARTESIAN_POINT('',(-0.006551130124467,0.011989411445475,0.004101));
#10795=CARTESIAN_POINT('',(-0.006551130124467,0.011989411445475,0.004101));
#10796=CARTESIAN_POINT('',(-0.006551130124467,0.011989411445475,0.0041));
#10797=CARTESIAN_POINT('',(-0.006551130124467,0.012396164742338,0.0041));
#10798=CARTESIAN_POINT('',(-0.006551130124467,0.012396164742338,0.004101));
#10799=CARTESIAN_POINT('',(-0.006551130124467,0.012396164742338,0.004101));
#10800=CARTESIAN_POINT('',(-0.006551130124467,0.012396164742338,0.0041));
#10801=CARTESIAN_POINT('',(-0.006341618904329,0.012396164742338,0.0041));
#10802=CARTESIAN_POINT('',(-0.006341618904329,0.012396164742338,0.004101));
#10803=CARTESIAN_POINT('',(-0.006341618904329,0.012396164742338,0.004101));
#10804=CARTESIAN_POINT('',(-0.006341618904329,0.012396164742338,0.0041));
#10805=CARTESIAN_POINT('',(-0.006341618904329,0.012349375636104,0.0041));
#10806=CARTESIAN_POINT('',(-0.006341618904329,0.012349375636104,0.004101));
#10807=CARTESIAN_POINT('',(-0.006341618904329,0.012349375636104,0.004101));
#10808=CARTESIAN_POINT('',(-0.006341618904329,0.012349375636104,0.0041));
#10809=CARTESIAN_POINT('',(-0.006498622349693,0.012349375636104,0.0041));
#10810=CARTESIAN_POINT('',(-0.006498622349693,0.012349375636104,0.004101));
#10811=CARTESIAN_POINT('',(-0.006498622349693,0.01217261679033,0.004101));
#10812=CARTESIAN_POINT('',(-0.006498622349693,0.012349375636104,0.0041));
#10813=CARTESIAN_POINT('',(-0.006498622349693,0.01221919794498,0.0041));
#10814=CARTESIAN_POINT('',(-0.006498622349693,0.01221919794498,0.004101));
#10815=CARTESIAN_POINT('',(-0.006498622349693,0.01221919794498,0.004101));
#10816=CARTESIAN_POINT('',(-0.006498622349693,0.01221919794498,0.0041));
#10817=CARTESIAN_POINT('',(-0.006353160217201,0.01221919794498,0.0041));
#10818=CARTESIAN_POINT('',(-0.006353160217201,0.01221919794498,0.004101));
#10819=CARTESIAN_POINT('',(-0.006353160217201,0.01221919794498,0.004101));
#10820=CARTESIAN_POINT('',(-0.006353160217201,0.01221919794498,0.0041));
#10821=CARTESIAN_POINT('',(-0.006353160217201,0.01217261679033,0.0041));
#10822=CARTESIAN_POINT('',(-0.006353160217201,0.01217261679033,0.004101));
#10823=CARTESIAN_POINT('',(-0.006353160217201,0.01217261679033,0.004101));
#10824=CARTESIAN_POINT('',(-0.006353160217201,0.01217261679033,0.0041));
#10825=CARTESIAN_POINT('',(-0.006498622349693,0.01217261679033,0.0041));
#10826=CARTESIAN_POINT('',(-0.006498622349693,0.01217261679033,0.004101));
#10827=CARTESIAN_POINT('',(-0.006498622349693,0.01217261679033,0.004101));
#10828=CARTESIAN_POINT('',(-0.006498622349693,0.01217261679033,0.0041));
#10829=CARTESIAN_POINT('',(-0.006498622349693,0.012035784648543,0.0041));
#10830=CARTESIAN_POINT('',(-0.006498622349693,0.012035784648543,0.004101));
#10831=CARTESIAN_POINT('',(-0.007115718673028,0.012035784648543,0.004101));
#10832=CARTESIAN_POINT('',(-0.006498622349693,0.012035784648543,0.0041));
#10833=CARTESIAN_POINT('',(-0.006332365058875,0.012035784648543,0.0041));
#10834=CARTESIAN_POINT('',(-0.006332365058875,0.012035784648543,0.004101));
#10835=CARTESIAN_POINT('',(-0.006332365058875,0.012035784648543,0.004101));
#10836=CARTESIAN_POINT('',(-0.006332365058875,0.012035784648543,0.0041));
#10837=CARTESIAN_POINT('',(0.,0.,0.004101));
#10838=CARTESIAN_POINT('',(-0.006745148951652,0.011982549043227,0.004101));
#10839=CARTESIAN_POINT('',(-0.006700023458084,0.011982549043227,0.004101));
#10840=CARTESIAN_POINT('',(-0.006662488197305,0.01199045120339,0.004101));
#10841=CARTESIAN_POINT('',(-0.006632543169315,0.01200625552372,0.004101));
#10842=CARTESIAN_POINT('',(-0.006745148951652,0.011982549043227,0.004101));
#10843=CARTESIAN_POINT('',(-0.006632543169315,0.01200625552372,0.004101));
#10844=CARTESIAN_POINT('',(-0.006632543169315,0.01205657980687,0.004101));
#10845=CARTESIAN_POINT('',(-0.006632543169315,0.01205657980687,0.004101));
#10846=CARTESIAN_POINT('',(-0.006632543169315,0.01205657980687,0.004101));
#10847=CARTESIAN_POINT('',(-0.006662280245722,0.012038488019125,0.004101));
#10848=CARTESIAN_POINT('',(-0.006697320087502,0.012029338149461,0.004101));
#10849=CARTESIAN_POINT('',(-0.006737558718864,0.012029338149461,0.004101));
#10850=CARTESIAN_POINT('',(-0.006737558718864,0.012029338149461,0.004101));
#10851=CARTESIAN_POINT('',(-0.006737558718864,0.012029338149461,0.004101));
#10852=CARTESIAN_POINT('',(-0.006780604696599,0.012029338149461,0.004101));
#10853=CARTESIAN_POINT('',(-0.006815436586796,0.012043686808706,0.004101));
#10854=CARTESIAN_POINT('',(-0.006842054389454,0.012072176175614,0.004101));
#10855=CARTESIAN_POINT('',(-0.006842054389454,0.012072176175614,0.004101));
#10856=CARTESIAN_POINT('',(-0.006842054389454,0.012072176175614,0.004101));
#10857=CARTESIAN_POINT('',(-0.006868672192112,0.012100873494105,0.004101));
#10858=CARTESIAN_POINT('',(-0.006881981093439,0.012139552488592,0.004101));
#10859=CARTESIAN_POINT('',(-0.006881981093439,0.012188213159076,0.004101));
#10860=CARTESIAN_POINT('',(-0.006881981093439,0.012188213159076,0.004101));
#10861=CARTESIAN_POINT('',(-0.006881981093439,0.012188213159076,0.004101));
#10862=CARTESIAN_POINT('',(-0.006881981093439,0.012239369248559,0.004101));
#10863=CARTESIAN_POINT('',(-0.006867736409987,0.012280127758876,0.004101));
#10864=CARTESIAN_POINT('',(-0.006839247043079,0.012310488690034,0.004101));
#10865=CARTESIAN_POINT('',(-0.006839247043079,0.012310488690034,0.004101));
#10866=CARTESIAN_POINT('',(-0.006839247043079,0.012310488690034,0.004101));
#10867=CARTESIAN_POINT('',(-0.006810653700381,0.012340641669606,0.004101));
#10868=CARTESIAN_POINT('',(-0.00677374229435,0.012355614183601,0.004101));
#10869=CARTESIAN_POINT('',(-0.006728408849199,0.012355614183601,0.004101));
#10870=CARTESIAN_POINT('',(-0.006728408849199,0.012355614183601,0.004101));
#10871=CARTESIAN_POINT('',(-0.006728408849199,0.012355614183601,0.004101));
#10872=CARTESIAN_POINT('',(-0.006693576959004,0.012355614183601,0.004101));
#10873=CARTESIAN_POINT('',(-0.006661656390972,0.012347712023437,0.004101));
#10874=CARTESIAN_POINT('',(-0.006632543169315,0.012331491799945,0.004101));
#10875=CARTESIAN_POINT('',(-0.006632543169315,0.012331491799945,0.004101));
#10876=CARTESIAN_POINT('',(-0.006632543169315,0.012386391017925,0.004101));
#10877=CARTESIAN_POINT('',(-0.006632543169315,0.012386391017925,0.004101));
#10878=CARTESIAN_POINT('',(-0.006632543169315,0.012386391017925,0.004101));
#10879=CARTESIAN_POINT('',(-0.006657913262473,0.012397412451839,0.004101));
#10880=CARTESIAN_POINT('',(-0.006690041782088,0.012403027144586,0.004101));
#10881=CARTESIAN_POINT('',(-0.006728928728158,0.012403027144586,0.004101));
#10882=CARTESIAN_POINT('',(-0.006728928728158,0.012403027144586,0.004101));
#10883=CARTESIAN_POINT('',(-0.006728928728158,0.012403027144586,0.004101));
#10884=CARTESIAN_POINT('',(-0.006789338663095,0.012403027144586,0.004101));
#10885=CARTESIAN_POINT('',(-0.006839143067287,0.012383063792593,0.004101));
#10886=CARTESIAN_POINT('',(-0.006878341940733,0.012343137088605,0.004101));
#10887=CARTESIAN_POINT('',(-0.006878341940733,0.012343137088605,0.004101));
#10888=CARTESIAN_POINT('',(-0.006878341940733,0.012343137088605,0.004101));
#10889=CARTESIAN_POINT('',(-0.006917540814178,0.01230321038462,0.004101));
#10890=CARTESIAN_POINT('',(-0.006937088263005,0.012250598634053,0.004101));
#10891=CARTESIAN_POINT('',(-0.006937088263005,0.012185093885325,0.004101));
#10892=CARTESIAN_POINT('',(-0.006937088263005,0.012185093885325,0.004101));
#10893=CARTESIAN_POINT('',(-0.006937088263005,0.012185093885325,0.004101));
#10894=CARTESIAN_POINT('',(-0.006937088263005,0.012124164071429,0.004101));
#10895=CARTESIAN_POINT('',(-0.006919724305803,0.012075087497779,0.004101));
#10896=CARTESIAN_POINT('',(-0.006884892415606,0.012038072115959,0.004101));
#10897=CARTESIAN_POINT('',(-0.006884892415606,0.012038072115959,0.004101));
#10898=CARTESIAN_POINT('',(-0.006884892415606,0.012038072115959,0.004101));
#10899=CARTESIAN_POINT('',(-0.006850060525408,0.012001056734139,0.004101));
#10900=CARTESIAN_POINT('',(-0.006803479370758,0.011982549043227,0.004101));
#10901=CARTESIAN_POINT('',(-0.006745148951652,0.011982549043227,0.004101));
#10902=CARTESIAN_POINT('',(-0.006884892415606,0.012038072115959,0.004101));
#10903=CARTESIAN_POINT('',(-0.006884892415606,0.012038072115959,0.0041));
#10904=CARTESIAN_POINT('',(-0.006850060525408,0.012001056734139,0.004101));
#10905=CARTESIAN_POINT('',(-0.006850060525408,0.012001056734139,0.0041));
#10906=CARTESIAN_POINT('',(-0.006803479370758,0.011982549043227,0.004101));
#10907=CARTESIAN_POINT('',(-0.006803479370758,0.011982549043227,0.0041));
#10908=CARTESIAN_POINT('',(-0.006745148951652,0.011982549043227,0.004101));
#10909=CARTESIAN_POINT('',(-0.006745148951652,0.011982549043227,0.0041));
#10910=CARTESIAN_POINT('',(-0.006884892415606,0.012038072115959,0.0041));
#10911=CARTESIAN_POINT('',(-0.006850060525408,0.012001056734139,0.0041));
#10912=CARTESIAN_POINT('',(-0.006803479370758,0.011982549043227,0.0041));
#10913=CARTESIAN_POINT('',(-0.006745148951652,0.011982549043227,0.0041));
#10914=CARTESIAN_POINT('',(-0.006884892415606,0.012038072115959,0.0041));
#10915=CARTESIAN_POINT('',(-0.006745148951652,0.011982549043227,0.0041));
#10916=CARTESIAN_POINT('',(-0.006745148951652,0.011982549043227,0.004101));
#10917=CARTESIAN_POINT('',(-0.006884892415606,0.012038072115959,0.004101));
#10918=CARTESIAN_POINT('',(-0.006937088263005,0.012185093885325,0.004101));
#10919=CARTESIAN_POINT('',(-0.006937088263005,0.012185093885325,0.0041));
#10920=CARTESIAN_POINT('',(-0.006937088263005,0.012124164071429,0.004101));
#10921=CARTESIAN_POINT('',(-0.006937088263005,0.012124164071429,0.0041));
#10922=CARTESIAN_POINT('',(-0.006919724305803,0.012075087497779,0.004101));
#10923=CARTESIAN_POINT('',(-0.006919724305803,0.012075087497779,0.0041));
#10924=CARTESIAN_POINT('',(-0.006884892415606,0.012038072115959,0.004101));
#10925=CARTESIAN_POINT('',(-0.006884892415606,0.012038072115959,0.0041));
#10926=CARTESIAN_POINT('',(-0.006937088263005,0.012185093885325,0.0041));
#10927=CARTESIAN_POINT('',(-0.006937088263005,0.012124164071429,0.0041));
#10928=CARTESIAN_POINT('',(-0.006919724305803,0.012075087497779,0.0041));
#10929=CARTESIAN_POINT('',(-0.006884892415606,0.012038072115959,0.0041));
#10930=CARTESIAN_POINT('',(-0.006937088263005,0.012185093885325,0.0041));
#10931=CARTESIAN_POINT('',(-0.006937088263005,0.012185093885325,0.004101));
#10932=CARTESIAN_POINT('',(-0.006878341940733,0.012343137088605,0.004101));
#10933=CARTESIAN_POINT('',(-0.006878341940733,0.012343137088605,0.0041));
#10934=CARTESIAN_POINT('',(-0.006917540814178,0.01230321038462,0.004101));
#10935=CARTESIAN_POINT('',(-0.006917540814178,0.01230321038462,0.0041));
#10936=CARTESIAN_POINT('',(-0.006937088263005,0.012250598634053,0.004101));
#10937=CARTESIAN_POINT('',(-0.006937088263005,0.012250598634053,0.0041));
#10938=CARTESIAN_POINT('',(-0.006937088263005,0.012185093885325,0.004101));
#10939=CARTESIAN_POINT('',(-0.006937088263005,0.012185093885325,0.0041));
#10940=CARTESIAN_POINT('',(-0.006878341940733,0.012343137088605,0.0041));
#10941=CARTESIAN_POINT('',(-0.006917540814178,0.01230321038462,0.0041));
#10942=CARTESIAN_POINT('',(-0.006937088263005,0.012250598634053,0.0041));
#10943=CARTESIAN_POINT('',(-0.006937088263005,0.012185093885325,0.0041));
#10944=CARTESIAN_POINT('',(-0.006878341940733,0.012343137088605,0.0041));
#10945=CARTESIAN_POINT('',(-0.006878341940733,0.012343137088605,0.004101));
#10946=CARTESIAN_POINT('',(-0.006728928728158,0.012403027144586,0.004101));
#10947=CARTESIAN_POINT('',(-0.006728928728158,0.012403027144586,0.0041));
#10948=CARTESIAN_POINT('',(-0.006789338663095,0.012403027144586,0.004101));
#10949=CARTESIAN_POINT('',(-0.006789338663095,0.012403027144586,0.0041));
#10950=CARTESIAN_POINT('',(-0.006839143067287,0.012383063792593,0.004101));
#10951=CARTESIAN_POINT('',(-0.006839143067287,0.012383063792593,0.0041));
#10952=CARTESIAN_POINT('',(-0.006878341940733,0.012343137088605,0.004101));
#10953=CARTESIAN_POINT('',(-0.006878341940733,0.012343137088605,0.0041));
#10954=CARTESIAN_POINT('',(-0.006728928728158,0.012403027144586,0.0041));
#10955=CARTESIAN_POINT('',(-0.006789338663095,0.012403027144586,0.0041));
#10956=CARTESIAN_POINT('',(-0.006839143067287,0.012383063792593,0.0041));
#10957=CARTESIAN_POINT('',(-0.006878341940733,0.012343137088605,0.0041));
#10958=CARTESIAN_POINT('',(-0.006728928728158,0.012403027144586,0.0041));
#10959=CARTESIAN_POINT('',(-0.006728928728158,0.012403027144586,0.004101));
#10960=CARTESIAN_POINT('',(-0.006632543169315,0.012386391017925,0.004101));
#10961=CARTESIAN_POINT('',(-0.006632543169315,0.012386391017925,0.0041));
#10962=CARTESIAN_POINT('',(-0.006657913262473,0.012397412451839,0.004101));
#10963=CARTESIAN_POINT('',(-0.006657913262473,0.012397412451839,0.0041));
#10964=CARTESIAN_POINT('',(-0.006690041782088,0.012403027144586,0.004101));
#10965=CARTESIAN_POINT('',(-0.006690041782088,0.012403027144586,0.0041));
#10966=CARTESIAN_POINT('',(-0.006728928728158,0.012403027144586,0.004101));
#10967=CARTESIAN_POINT('',(-0.006728928728158,0.012403027144586,0.0041));
#10968=CARTESIAN_POINT('',(-0.006632543169315,0.012386391017925,0.0041));
#10969=CARTESIAN_POINT('',(-0.006657913262473,0.012397412451839,0.0041));
#10970=CARTESIAN_POINT('',(-0.006690041782088,0.012403027144586,0.0041));
#10971=CARTESIAN_POINT('',(-0.006728928728158,0.012403027144586,0.0041));
#10972=CARTESIAN_POINT('',(-0.006632543169315,0.012386391017925,0.0041));
#10973=CARTESIAN_POINT('',(-0.006632543169315,0.012386391017925,0.004101));
#10974=CARTESIAN_POINT('',(-0.006632543169315,0.01205657980687,0.004101));
#10975=CARTESIAN_POINT('',(-0.006632543169315,0.012386391017925,0.0041));
#10976=CARTESIAN_POINT('',(-0.006632543169315,0.012331491799945,0.0041));
#10977=CARTESIAN_POINT('',(-0.006632543169315,0.012331491799945,0.004101));
#10978=CARTESIAN_POINT('',(-0.006728408849199,0.012355614183601,0.004101));
#10979=CARTESIAN_POINT('',(-0.006728408849199,0.012355614183601,0.0041));
#10980=CARTESIAN_POINT('',(-0.006693576959004,0.012355614183601,0.004101));
#10981=CARTESIAN_POINT('',(-0.006693576959004,0.012355614183601,0.0041));
#10982=CARTESIAN_POINT('',(-0.006661656390972,0.012347712023437,0.004101));
#10983=CARTESIAN_POINT('',(-0.006661656390972,0.012347712023437,0.0041));
#10984=CARTESIAN_POINT('',(-0.006632543169315,0.012331491799945,0.004101));
#10985=CARTESIAN_POINT('',(-0.006632543169315,0.012331491799945,0.0041));
#10986=CARTESIAN_POINT('',(-0.006728408849199,0.012355614183601,0.0041));
#10987=CARTESIAN_POINT('',(-0.006693576959004,0.012355614183601,0.0041));
#10988=CARTESIAN_POINT('',(-0.006661656390972,0.012347712023437,0.0041));
#10989=CARTESIAN_POINT('',(-0.006632543169315,0.012331491799945,0.0041));
#10990=CARTESIAN_POINT('',(-0.006728408849199,0.012355614183601,0.0041));
#10991=CARTESIAN_POINT('',(-0.006728408849199,0.012355614183601,0.004101));
#10992=CARTESIAN_POINT('',(-0.006839247043079,0.012310488690034,0.004101));
#10993=CARTESIAN_POINT('',(-0.006839247043079,0.012310488690034,0.0041));
#10994=CARTESIAN_POINT('',(-0.006810653700381,0.012340641669606,0.004101));
#10995=CARTESIAN_POINT('',(-0.006810653700381,0.012340641669606,0.0041));
#10996=CARTESIAN_POINT('',(-0.00677374229435,0.012355614183601,0.004101));
#10997=CARTESIAN_POINT('',(-0.00677374229435,0.012355614183601,0.0041));
#10998=CARTESIAN_POINT('',(-0.006728408849199,0.012355614183601,0.004101));
#10999=CARTESIAN_POINT('',(-0.006728408849199,0.012355614183601,0.0041));
#11000=CARTESIAN_POINT('',(-0.006839247043079,0.012310488690034,0.0041));
#11001=CARTESIAN_POINT('',(-0.006810653700381,0.012340641669606,0.0041));
#11002=CARTESIAN_POINT('',(-0.00677374229435,0.012355614183601,0.0041));
#11003=CARTESIAN_POINT('',(-0.006728408849199,0.012355614183601,0.0041));
#11004=CARTESIAN_POINT('',(-0.006839247043079,0.012310488690034,0.0041));
#11005=CARTESIAN_POINT('',(-0.006839247043079,0.012310488690034,0.004101));
#11006=CARTESIAN_POINT('',(-0.006881981093439,0.012188213159076,0.004101));
#11007=CARTESIAN_POINT('',(-0.006881981093439,0.012188213159076,0.0041));
#11008=CARTESIAN_POINT('',(-0.006881981093439,0.012239369248559,0.004101));
#11009=CARTESIAN_POINT('',(-0.006881981093439,0.012239369248559,0.0041));
#11010=CARTESIAN_POINT('',(-0.006867736409987,0.012280127758876,0.004101));
#11011=CARTESIAN_POINT('',(-0.006867736409987,0.012280127758876,0.0041));
#11012=CARTESIAN_POINT('',(-0.006839247043079,0.012310488690034,0.004101));
#11013=CARTESIAN_POINT('',(-0.006839247043079,0.012310488690034,0.0041));
#11014=CARTESIAN_POINT('',(-0.006881981093439,0.012188213159076,0.0041));
#11015=CARTESIAN_POINT('',(-0.006881981093439,0.012239369248559,0.0041));
#11016=CARTESIAN_POINT('',(-0.006867736409987,0.012280127758876,0.0041));
#11017=CARTESIAN_POINT('',(-0.006839247043079,0.012310488690034,0.0041));
#11018=CARTESIAN_POINT('',(-0.006881981093439,0.012188213159076,0.0041));
#11019=CARTESIAN_POINT('',(-0.006881981093439,0.012188213159076,0.004101));
#11020=CARTESIAN_POINT('',(-0.006842054389454,0.012072176175614,0.004101));
#11021=CARTESIAN_POINT('',(-0.006842054389454,0.012072176175614,0.0041));
#11022=CARTESIAN_POINT('',(-0.006868672192112,0.012100873494105,0.004101));
#11023=CARTESIAN_POINT('',(-0.006868672192112,0.012100873494105,0.0041));
#11024=CARTESIAN_POINT('',(-0.006881981093439,0.012139552488592,0.004101));
#11025=CARTESIAN_POINT('',(-0.006881981093439,0.012139552488592,0.0041));
#11026=CARTESIAN_POINT('',(-0.006881981093439,0.012188213159076,0.004101));
#11027=CARTESIAN_POINT('',(-0.006881981093439,0.012188213159076,0.0041));
#11028=CARTESIAN_POINT('',(-0.006842054389454,0.012072176175614,0.0041));
#11029=CARTESIAN_POINT('',(-0.006868672192112,0.012100873494105,0.0041));
#11030=CARTESIAN_POINT('',(-0.006881981093439,0.012139552488592,0.0041));
#11031=CARTESIAN_POINT('',(-0.006881981093439,0.012188213159076,0.0041));
#11032=CARTESIAN_POINT('',(-0.006842054389454,0.012072176175614,0.0041));
#11033=CARTESIAN_POINT('',(-0.006842054389454,0.012072176175614,0.004101));
#11034=CARTESIAN_POINT('',(-0.006737558718864,0.012029338149461,0.004101));
#11035=CARTESIAN_POINT('',(-0.006737558718864,0.012029338149461,0.0041));
#11036=CARTESIAN_POINT('',(-0.006780604696599,0.012029338149461,0.004101));
#11037=CARTESIAN_POINT('',(-0.006780604696599,0.012029338149461,0.0041));
#11038=CARTESIAN_POINT('',(-0.006815436586796,0.012043686808706,0.004101));
#11039=CARTESIAN_POINT('',(-0.006815436586796,0.012043686808706,0.0041));
#11040=CARTESIAN_POINT('',(-0.006842054389454,0.012072176175614,0.004101));
#11041=CARTESIAN_POINT('',(-0.006842054389454,0.012072176175614,0.0041));
#11042=CARTESIAN_POINT('',(-0.006737558718864,0.012029338149461,0.0041));
#11043=CARTESIAN_POINT('',(-0.006780604696599,0.012029338149461,0.0041));
#11044=CARTESIAN_POINT('',(-0.006815436586796,0.012043686808706,0.0041));
#11045=CARTESIAN_POINT('',(-0.006842054389454,0.012072176175614,0.0041));
#11046=CARTESIAN_POINT('',(-0.006737558718864,0.012029338149461,0.0041));
#11047=CARTESIAN_POINT('',(-0.006737558718864,0.012029338149461,0.004101));
#11048=CARTESIAN_POINT('',(-0.006632543169315,0.01205657980687,0.004101));
#11049=CARTESIAN_POINT('',(-0.006632543169315,0.01205657980687,0.0041));
#11050=CARTESIAN_POINT('',(-0.006662280245722,0.012038488019125,0.004101));
#11051=CARTESIAN_POINT('',(-0.006662280245722,0.012038488019125,0.0041));
#11052=CARTESIAN_POINT('',(-0.006697320087502,0.012029338149461,0.004101));
#11053=CARTESIAN_POINT('',(-0.006697320087502,0.012029338149461,0.0041));
#11054=CARTESIAN_POINT('',(-0.006737558718864,0.012029338149461,0.004101));
#11055=CARTESIAN_POINT('',(-0.006737558718864,0.012029338149461,0.0041));
#11056=CARTESIAN_POINT('',(-0.006632543169315,0.01205657980687,0.0041));
#11057=CARTESIAN_POINT('',(-0.006662280245722,0.012038488019125,0.0041));
#11058=CARTESIAN_POINT('',(-0.006697320087502,0.012029338149461,0.0041));
#11059=CARTESIAN_POINT('',(-0.006737558718864,0.012029338149461,0.0041));
#11060=CARTESIAN_POINT('',(-0.006632543169315,0.01205657980687,0.0041));
#11061=CARTESIAN_POINT('',(-0.006632543169315,0.01205657980687,0.004101));
#11062=CARTESIAN_POINT('',(-0.006632543169315,0.01205657980687,0.004101));
#11063=CARTESIAN_POINT('',(-0.006632543169315,0.01205657980687,0.0041));
#11064=CARTESIAN_POINT('',(-0.006632543169315,0.01200625552372,0.0041));
#11065=CARTESIAN_POINT('',(-0.006632543169315,0.01200625552372,0.004101));
#11066=CARTESIAN_POINT('',(-0.006745148951652,0.011982549043227,0.004101));
#11067=CARTESIAN_POINT('',(-0.006745148951652,0.011982549043227,0.0041));
#11068=CARTESIAN_POINT('',(-0.006700023458084,0.011982549043227,0.004101));
#11069=CARTESIAN_POINT('',(-0.006700023458084,0.011982549043227,0.0041));
#11070=CARTESIAN_POINT('',(-0.006662488197305,0.01199045120339,0.004101));
#11071=CARTESIAN_POINT('',(-0.006662488197305,0.01199045120339,0.0041));
#11072=CARTESIAN_POINT('',(-0.006632543169315,0.01200625552372,0.004101));
#11073=CARTESIAN_POINT('',(-0.006632543169315,0.01200625552372,0.0041));
#11074=CARTESIAN_POINT('',(-0.006745148951652,0.011982549043227,0.0041));
#11075=CARTESIAN_POINT('',(-0.006700023458084,0.011982549043227,0.0041));
#11076=CARTESIAN_POINT('',(-0.006662488197305,0.01199045120339,0.0041));
#11077=CARTESIAN_POINT('',(-0.006632543169315,0.01200625552372,0.0041));
#11078=CARTESIAN_POINT('',(0.,0.,0.004101));
#11079=CARTESIAN_POINT('',(-0.006953724389665,0.012035784648543,0.004101));
#11080=CARTESIAN_POINT('',(-0.006953724389665,0.011989411445475,0.004101));
#11081=CARTESIAN_POINT('',(-0.006953724389665,0.012035784648543,0.004101));
#11082=CARTESIAN_POINT('',(-0.007115718673028,0.012035784648543,0.004101));
#11083=CARTESIAN_POINT('',(-0.007115718673028,0.012035784648543,0.004101));
#11084=CARTESIAN_POINT('',(-0.007115718673028,0.012396164742338,0.004101));
#11085=CARTESIAN_POINT('',(-0.007115718673028,0.012396164742338,0.004101));
#11086=CARTESIAN_POINT('',(-0.007168226447802,0.012396164742338,0.004101));
#11087=CARTESIAN_POINT('',(-0.007168226447802,0.012396164742338,0.004101));
#11088=CARTESIAN_POINT('',(-0.007168226447802,0.011989411445475,0.004101));
#11089=CARTESIAN_POINT('',(-0.007168226447802,0.011989411445475,0.004101));
#11090=CARTESIAN_POINT('',(-0.006953724389665,0.011989411445475,0.004101));
#11091=CARTESIAN_POINT('',(-0.006332365058875,0.011989411445475,0.004101));
#11092=CARTESIAN_POINT('',(-0.006953724389665,0.011989411445475,0.0041));
#11093=CARTESIAN_POINT('',(-0.007168226447802,0.011989411445475,0.0041));
#11094=CARTESIAN_POINT('',(-0.006953724389665,0.011989411445475,0.0041));
#11095=CARTESIAN_POINT('',(-0.006953724389665,0.011989411445475,0.004101));
#11096=CARTESIAN_POINT('',(-0.007168226447802,0.011989411445475,0.004101));
#11097=CARTESIAN_POINT('',(-0.007168226447802,0.01134413768261,0.004101));
#11098=CARTESIAN_POINT('',(-0.007168226447802,0.011989411445475,0.0041));
#11099=CARTESIAN_POINT('',(-0.007168226447802,0.012396164742338,0.0041));
#11100=CARTESIAN_POINT('',(-0.007168226447802,0.012396164742338,0.004101));
#11101=CARTESIAN_POINT('',(-0.006551130124467,0.012396164742338,0.004101));
#11102=CARTESIAN_POINT('',(-0.007168226447802,0.012396164742338,0.0041));
#11103=CARTESIAN_POINT('',(-0.007115718673028,0.012396164742338,0.0041));
#11104=CARTESIAN_POINT('',(-0.007115718673028,0.012396164742338,0.004101));
#11105=CARTESIAN_POINT('',(-0.007115718673028,0.012396164742338,0.004101));
#11106=CARTESIAN_POINT('',(-0.007115718673028,0.012396164742338,0.0041));
#11107=CARTESIAN_POINT('',(-0.007115718673028,0.012035784648543,0.0041));
#11108=CARTESIAN_POINT('',(-0.007115718673028,0.012035784648543,0.004101));
#11109=CARTESIAN_POINT('',(-0.007115718673028,0.012035784648543,0.004101));
#11110=CARTESIAN_POINT('',(-0.007115718673028,0.012035784648543,0.0041));
#11111=CARTESIAN_POINT('',(-0.006953724389665,0.012035784648543,0.0041));
#11112=CARTESIAN_POINT('',(-0.006953724389665,0.012035784648543,0.004101));
#11113=CARTESIAN_POINT('',(-0.006953724389665,0.012035784648543,0.004101));
#11114=CARTESIAN_POINT('',(-0.006953724389665,0.012035784648543,0.0041));
#11115=CARTESIAN_POINT('',(0.006,-0.009601786577375,0.023358341867415));
#11116=CARTESIAN_POINT('',(0.009998814418878,-0.006801786577375,0.023358341867415));
#11117=CARTESIAN_POINT('',(0.009998814418878,-0.00680178657737513,0.00248));
#11118=CARTESIAN_POINT('',(0.009998814418878,-0.00680178657737513,0.00238));
#11119=CARTESIAN_POINT('',(0.006,-0.009601786577375,0.00248));
#11120=CARTESIAN_POINT('',(0.006,-0.009601786577375,0.00248));
#11121=CARTESIAN_POINT('',(0.006,-0.009601786577375,0.00248));
#11122=CARTESIAN_POINT('',(0.006,-0.009601786577375,0.00238));
#11123=CARTESIAN_POINT('',(0.006,-0.009601786577375,0.00238));
#11124=CARTESIAN_POINT('',(0.009998814418878,-0.006801786577375,0.023358341867415));
#11125=CARTESIAN_POINT('',(0.009998814418878,-0.003601786577375,0.023358341867415));
#11126=CARTESIAN_POINT('',(0.009998814418878,-0.003601786577375,0.00248));
#11127=CARTESIAN_POINT('',(0.009998814418878,-0.003601786577375,0.00238));
#11128=CARTESIAN_POINT('',(0.009998814418878,-0.006801786577375,0.00248));
#11129=CARTESIAN_POINT('',(0.009998814418878,-0.006801786577375,0.00238));
#11130=CARTESIAN_POINT('',(0.009998814418878,-0.003601786577375,0.023358341867415));
#11131=CARTESIAN_POINT('',(-0.009998814418878,-0.003601786577375,0.023358341867415));
#11132=CARTESIAN_POINT('',(-0.009998814418878,-0.003601786577375,0.00248));
#11133=CARTESIAN_POINT('',(-0.009998814418878,-0.003601786577375,0.00238));
#11134=CARTESIAN_POINT('',(0.009998814418878,-0.003601786577375,0.00248));
#11135=CARTESIAN_POINT('',(0.009998814418878,-0.003601786577375,0.00238));
#11136=CARTESIAN_POINT('',(-0.009998814418878,-0.003601786577375,0.023358341867415));
#11137=CARTESIAN_POINT('',(-0.009998814418878,-0.006801786577375,0.023358341867415));
#11138=CARTESIAN_POINT('',(-0.009998814418878,-0.006801786577375,0.00248));
#11139=CARTESIAN_POINT('',(-0.009998814418878,-0.006801786577375,0.00238));
#11140=CARTESIAN_POINT('',(-0.009998814418878,-0.003601786577375,0.00248));
#11141=CARTESIAN_POINT('',(-0.009998814418878,-0.003601786577375,0.00238));
#11142=CARTESIAN_POINT('',(-0.009998814418878,-0.006801786577375,0.023358341867415));
#11143=CARTESIAN_POINT('',(-0.006,-0.009601786577375,0.00248));
#11144=CARTESIAN_POINT('',(-0.006,-0.00960178657737487,0.00238));
#11145=CARTESIAN_POINT('',(-0.006,-0.0096017865773749,0.00248));
#11146=CARTESIAN_POINT('',(-0.009998814418878,-0.006801786577375,0.00248));
#11147=CARTESIAN_POINT('',(-0.009998814418878,-0.006801786577375,0.00238));
#11148=CARTESIAN_POINT('',(0.006,-0.01210178657737,0.0048));
#11149=CARTESIAN_POINT('',(0.006,-0.01221554809159,0.0048));
#11150=CARTESIAN_POINT('',(0.006,-0.01243344690286,0.004783986311112));
#11151=CARTESIAN_POINT('',(0.006,-0.01274091691331,0.004709268866088));
#11152=CARTESIAN_POINT('',(0.006,-0.01300914083734,0.004591609382174));
#11153=CARTESIAN_POINT('',(0.006,-0.01323535708811,0.004437622548343));
#11154=CARTESIAN_POINT('',(0.006,-0.01341673725844,0.004253880048773));
#11155=CARTESIAN_POINT('',(0.006,-0.01355036233824,0.004046894004023));
#11156=CARTESIAN_POINT('',(0.006,-0.0136330959468,0.003823093151967));
#11157=CARTESIAN_POINT('',(0.006,-0.01366103151324,0.00359));
#11158=CARTESIAN_POINT('',(0.006,-0.0136330959468,0.003356906848033));
#11159=CARTESIAN_POINT('',(0.006,-0.01355036233824,0.003133105995977));
#11160=CARTESIAN_POINT('',(0.006,-0.01341673725844,0.002926119951227));
#11161=CARTESIAN_POINT('',(0.006,-0.01323535708811,0.002742377451657));
#11162=CARTESIAN_POINT('',(0.006,-0.01300914083734,0.002588390617826));
#11163=CARTESIAN_POINT('',(0.006,-0.01274091691331,0.002470731133912));
#11164=CARTESIAN_POINT('',(0.006,-0.01243344690286,0.002396013688888));
#11165=CARTESIAN_POINT('',(0.006,-0.01221554809159,0.00238));
#11166=CARTESIAN_POINT('',(0.006,-0.01210178657737,0.00238));
#11167=CARTESIAN_POINT('',(0.002,-0.01210178657737,0.0048));
#11168=CARTESIAN_POINT('',(0.002,-0.01242715582808,0.0048));
#11169=CARTESIAN_POINT('',(0.002,-0.01234370804537,0.004783986311112));
#11170=CARTESIAN_POINT('',(0.002,-0.01276208870019,0.004709268866088));
#11171=CARTESIAN_POINT('',(0.002,-0.01300407910984,0.004591609382174));
#11172=CARTESIAN_POINT('',(0.002,-0.01323658393468,0.004437622548343));
#11173=CARTESIAN_POINT('',(0.002,-0.01341643530659,0.004253880048773));
#11174=CARTESIAN_POINT('',(0.002,-0.01355043839585,0.004046894004023));
#11175=CARTESIAN_POINT('',(0.002,-0.01363307507594,0.003823093151967));
#11176=CARTESIAN_POINT('',(0.002,-0.01366104183659,0.00359));
#11177=CARTESIAN_POINT('',(0.002,-0.01363307507594,0.003356906848033));
#11178=CARTESIAN_POINT('',(0.002,-0.01355043839585,0.003133105995977));
#11179=CARTESIAN_POINT('',(0.002,-0.01341643530659,0.002926119951227));
#11180=CARTESIAN_POINT('',(0.002,-0.01323658393468,0.002742377451657));
#11181=CARTESIAN_POINT('',(0.002,-0.01300407910984,0.002588390617826));
#11182=CARTESIAN_POINT('',(0.002,-0.01276208870019,0.002470731133912));
#11183=CARTESIAN_POINT('',(0.002,-0.01234370804537,0.002396013688888));
#11184=CARTESIAN_POINT('',(0.002,-0.01242715582808,0.00238));
#11185=CARTESIAN_POINT('',(0.002,-0.01210178657737,0.00238));
#11186=CARTESIAN_POINT('',(-0.002,-0.01210178657737,0.0048));
#11187=CARTESIAN_POINT('',(-0.002,-0.0124280230729,0.0048));
#11188=CARTESIAN_POINT('',(-0.002,-0.01234334026317,0.004783986311112));
#11189=CARTESIAN_POINT('',(-0.002,-0.01276217546981,0.004709268866088));
#11190=CARTESIAN_POINT('',(-0.002,-0.01300405836506,0.004591609382174));
#11191=CARTESIAN_POINT('',(-0.002,-0.01323658896274,0.004437622548343));
#11192=CARTESIAN_POINT('',(-0.002,-0.01341643406908,0.004253880048773));
#11193=CARTESIAN_POINT('',(-0.002,-0.01355043870756,0.004046894004023));
#11194=CARTESIAN_POINT('',(-0.002,-0.0136330749904,0.003823093151967));
#11195=CARTESIAN_POINT('',(-0.002,-0.01366104187889,0.00359));
#11196=CARTESIAN_POINT('',(-0.002,-0.0136330749904,0.003356906848033));
#11197=CARTESIAN_POINT('',(-0.002,-0.01355043870756,0.003133105995977));
#11198=CARTESIAN_POINT('',(-0.002,-0.01341643406908,0.002926119951227));
#11199=CARTESIAN_POINT('',(-0.002,-0.01323658896274,0.002742377451657));
#11200=CARTESIAN_POINT('',(-0.002,-0.01300405836506,0.002588390617826));
#11201=CARTESIAN_POINT('',(-0.002,-0.01276217546981,0.002470731133912));
#11202=CARTESIAN_POINT('',(-0.002,-0.01234334026317,0.002396013688888));
#11203=CARTESIAN_POINT('',(-0.002,-0.0124280230729,0.00238));
#11204=CARTESIAN_POINT('',(-0.002,-0.01210178657737,0.00238));
#11205=CARTESIAN_POINT('',(-0.006,-0.01210178657737,0.0048));
#11206=CARTESIAN_POINT('',(-0.006,-0.01221554809159,0.0048));
#11207=CARTESIAN_POINT('',(-0.006,-0.01243344690286,0.004783986311112));
#11208=CARTESIAN_POINT('',(-0.006,-0.01274091691331,0.004709268866088));
#11209=CARTESIAN_POINT('',(-0.006,-0.01300914083734,0.004591609382174));
#11210=CARTESIAN_POINT('',(-0.006,-0.01323535708811,0.004437622548343));
#11211=CARTESIAN_POINT('',(-0.006,-0.01341673725844,0.004253880048773));
#11212=CARTESIAN_POINT('',(-0.006,-0.01355036233824,0.004046894004023));
#11213=CARTESIAN_POINT('',(-0.006,-0.0136330959468,0.003823093151967));
#11214=CARTESIAN_POINT('',(-0.006,-0.01366103151324,0.00359));
#11215=CARTESIAN_POINT('',(-0.006,-0.0136330959468,0.003356906848033));
#11216=CARTESIAN_POINT('',(-0.006,-0.01355036233824,0.003133105995977));
#11217=CARTESIAN_POINT('',(-0.006,-0.01341673725844,0.002926119951227));
#11218=CARTESIAN_POINT('',(-0.006,-0.01323535708811,0.002742377451657));
#11219=CARTESIAN_POINT('',(-0.006,-0.01300914083734,0.002588390617826));
#11220=CARTESIAN_POINT('',(-0.006,-0.01274091691331,0.002470731133912));
#11221=CARTESIAN_POINT('',(-0.006,-0.01243344690286,0.002396013688888));
#11222=CARTESIAN_POINT('',(-0.006,-0.01221554809159,0.00238));
#11223=CARTESIAN_POINT('',(-0.006,-0.01210178657737,0.00238));
#11224=CARTESIAN_POINT('',(-0.006,-0.01210178657737,0.0048));
#11225=CARTESIAN_POINT('',(0.006,-0.01210178657737,0.0048));
#11226=CARTESIAN_POINT('',(-0.006,-0.01210178657737,0.0048));
#11227=CARTESIAN_POINT('',(-0.006,-0.01210178657737,0.0048));
#11228=CARTESIAN_POINT('',(-0.006,-0.01221554809159,0.0048));
#11229=CARTESIAN_POINT('',(-0.006,-0.01243344690286,0.004783986311112));
#11230=CARTESIAN_POINT('',(-0.006,-0.01274091691331,0.004709268866088));
#11231=CARTESIAN_POINT('',(-0.006,-0.01300914083734,0.004591609382174));
#11232=CARTESIAN_POINT('',(-0.006,-0.01323535708811,0.004437622548343));
#11233=CARTESIAN_POINT('',(-0.006,-0.01341673725844,0.004253880048773));
#11234=CARTESIAN_POINT('',(-0.006,-0.01355036233824,0.004046894004023));
#11235=CARTESIAN_POINT('',(-0.006,-0.0136330959468,0.003823093151967));
#11236=CARTESIAN_POINT('',(-0.006,-0.01366103151324,0.00359));
#11237=CARTESIAN_POINT('',(-0.006,-0.0136330959468,0.003356906848033));
#11238=CARTESIAN_POINT('',(-0.006,-0.01355036233824,0.003133105995977));
#11239=CARTESIAN_POINT('',(-0.006,-0.01341673725844,0.002926119951227));
#11240=CARTESIAN_POINT('',(-0.006,-0.01323535708811,0.002742377451657));
#11241=CARTESIAN_POINT('',(-0.006,-0.01300914083734,0.002588390617826));
#11242=CARTESIAN_POINT('',(-0.006,-0.01274091691331,0.002470731133912));
#11243=CARTESIAN_POINT('',(-0.006,-0.01243344690286,0.002396013688888));
#11244=CARTESIAN_POINT('',(-0.006,-0.01221554809159,0.00238));
#11245=CARTESIAN_POINT('',(-0.006,-0.01210178657737,0.00238));
#11246=CARTESIAN_POINT('',(-0.006,-0.01210178657737,0.00238));
#11247=CARTESIAN_POINT('',(-0.006,-0.01210178657737,0.00238));
#11248=CARTESIAN_POINT('',(0.006,-0.01210178657737,0.00238));
#11249=CARTESIAN_POINT('',(0.006,-0.01210178657737,0.0048));
#11250=CARTESIAN_POINT('',(0.006,-0.01221554809159,0.0048));
#11251=CARTESIAN_POINT('',(0.006,-0.01243344690286,0.004783986311112));
#11252=CARTESIAN_POINT('',(0.006,-0.01274091691331,0.004709268866088));
#11253=CARTESIAN_POINT('',(0.006,-0.01300914083734,0.004591609382174));
#11254=CARTESIAN_POINT('',(0.006,-0.01323535708811,0.004437622548343));
#11255=CARTESIAN_POINT('',(0.006,-0.01341673725844,0.004253880048773));
#11256=CARTESIAN_POINT('',(0.006,-0.01355036233824,0.004046894004023));
#11257=CARTESIAN_POINT('',(0.006,-0.0136330959468,0.003823093151967));
#11258=CARTESIAN_POINT('',(0.006,-0.01366103151324,0.00359));
#11259=CARTESIAN_POINT('',(0.006,-0.0136330959468,0.003356906848033));
#11260=CARTESIAN_POINT('',(0.006,-0.01355036233824,0.003133105995977));
#11261=CARTESIAN_POINT('',(0.006,-0.01341673725844,0.002926119951227));
#11262=CARTESIAN_POINT('',(0.006,-0.01323535708811,0.002742377451657));
#11263=CARTESIAN_POINT('',(0.006,-0.01300914083734,0.002588390617826));
#11264=CARTESIAN_POINT('',(0.006,-0.01274091691331,0.002470731133912));
#11265=CARTESIAN_POINT('',(0.006,-0.01243344690286,0.002396013688888));
#11266=CARTESIAN_POINT('',(0.006,-0.01221554809159,0.00238));
#11267=CARTESIAN_POINT('',(0.006,-0.01210178657737,0.00238));
#11268=CARTESIAN_POINT('',(-0.006,-0.01210178657737,0.0047));
#11269=CARTESIAN_POINT('',(-0.006,-0.01221022862867,0.0047));
#11270=CARTESIAN_POINT('',(-0.006,-0.01241854901721,0.004684668671026));
#11271=CARTESIAN_POINT('',(-0.006,-0.01270916908072,0.00461389010109));
#11272=CARTESIAN_POINT('',(-0.006,-0.01296086664408,0.004503392080493));
#11273=CARTESIAN_POINT('',(-0.006,-0.01317128929589,0.004360020775809));
#11274=CARTESIAN_POINT('',(-0.006,-0.01333847323642,0.004190508286107));
#11275=CARTESIAN_POINT('',(-0.006,-0.01346040085235,0.004001406196876));
#11276=CARTESIAN_POINT('',(-0.006,-0.01353506239934,0.003799121079892));
#11277=CARTESIAN_POINT('',(-0.006,-0.01356005884795,0.00359));
#11278=CARTESIAN_POINT('',(-0.006,-0.01353506239934,0.003380878920108));
#11279=CARTESIAN_POINT('',(-0.006,-0.01346040085235,0.003178593803124));
#11280=CARTESIAN_POINT('',(-0.006,-0.01333847323642,0.002989491713893));
#11281=CARTESIAN_POINT('',(-0.006,-0.01317128929589,0.002819979224191));
#11282=CARTESIAN_POINT('',(-0.006,-0.01296086664408,0.002676607919507));
#11283=CARTESIAN_POINT('',(-0.006,-0.01270916908072,0.00256610989891));
#11284=CARTESIAN_POINT('',(-0.006,-0.01241854901721,0.002495331328974));
#11285=CARTESIAN_POINT('',(-0.006,-0.01221022862867,0.00248));
#11286=CARTESIAN_POINT('',(-0.006,-0.01210178657737,0.00248));
#11287=CARTESIAN_POINT('',(-0.002,-0.01210178657737,0.0047));
#11288=CARTESIAN_POINT('',(-0.002,-0.01199862089219,0.0047));
#11289=CARTESIAN_POINT('',(-0.002,-0.0125082878747,0.004684668671026));
#11290=CARTESIAN_POINT('',(-0.002,-0.01268799729384,0.00461389010109));
#11291=CARTESIAN_POINT('',(-0.002,-0.01296592837158,0.004503392080493));
#11292=CARTESIAN_POINT('',(-0.002,-0.01317006244933,0.004360020775809));
#11293=CARTESIAN_POINT('',(-0.002,-0.01333877518826,0.004190508286107));
#11294=CARTESIAN_POINT('',(-0.002,-0.01346032479473,0.004001406196876));
#11295=CARTESIAN_POINT('',(-0.002,-0.0135350832702,0.003799121079892));
#11296=CARTESIAN_POINT('',(-0.002,-0.01356004852461,0.00359));
#11297=CARTESIAN_POINT('',(-0.002,-0.0135350832702,0.003380878920108));
#11298=CARTESIAN_POINT('',(-0.002,-0.01346032479473,0.003178593803124));
#11299=CARTESIAN_POINT('',(-0.002,-0.01333877518826,0.002989491713893));
#11300=CARTESIAN_POINT('',(-0.002,-0.01317006244933,0.002819979224191));
#11301=CARTESIAN_POINT('',(-0.002,-0.01296592837158,0.002676607919507));
#11302=CARTESIAN_POINT('',(-0.002,-0.01268799729384,0.00256610989891));
#11303=CARTESIAN_POINT('',(-0.002,-0.0125082878747,0.002495331328974));
#11304=CARTESIAN_POINT('',(-0.002,-0.01199862089219,0.00248));
#11305=CARTESIAN_POINT('',(-0.002,-0.01210178657737,0.00248));
#11306=CARTESIAN_POINT('',(0.002,-0.01210178657737,0.0047));
#11307=CARTESIAN_POINT('',(0.002,-0.01210442476043,0.0047));
#11308=CARTESIAN_POINT('',(0.002,-0.01246341844595,0.004684668671026));
#11309=CARTESIAN_POINT('',(0.002,-0.01269858318728,0.00461389010109));
#11310=CARTESIAN_POINT('',(0.002,-0.01296339750783,0.004503392080493));
#11311=CARTESIAN_POINT('',(0.002,-0.01317067587261,0.004360020775809));
#11312=CARTESIAN_POINT('',(0.002,-0.01333862421234,0.004190508286107));
#11313=CARTESIAN_POINT('',(0.002,-0.01346036282354,0.004001406196876));
#11314=CARTESIAN_POINT('',(0.002,-0.01353507283477,0.003799121079892));
#11315=CARTESIAN_POINT('',(0.002,-0.01356005368628,0.00359));
#11316=CARTESIAN_POINT('',(0.002,-0.01353507283477,0.003380878920108));
#11317=CARTESIAN_POINT('',(0.002,-0.01346036282354,0.003178593803124));
#11318=CARTESIAN_POINT('',(0.002,-0.01333862421234,0.002989491713893));
#11319=CARTESIAN_POINT('',(0.002,-0.01317067587261,0.002819979224191));
#11320=CARTESIAN_POINT('',(0.002,-0.01296339750783,0.002676607919507));
#11321=CARTESIAN_POINT('',(0.002,-0.01269858318728,0.00256610989891));
#11322=CARTESIAN_POINT('',(0.002,-0.01246341844595,0.002495331328974));
#11323=CARTESIAN_POINT('',(0.002,-0.01210442476043,0.00248));
#11324=CARTESIAN_POINT('',(0.002,-0.01210178657737,0.00248));
#11325=CARTESIAN_POINT('',(0.006,-0.01210178657737,0.0047));
#11326=CARTESIAN_POINT('',(0.006,-0.01221022862867,0.0047));
#11327=CARTESIAN_POINT('',(0.006,-0.01241854901721,0.004684668671026));
#11328=CARTESIAN_POINT('',(0.006,-0.01270916908072,0.00461389010109));
#11329=CARTESIAN_POINT('',(0.006,-0.01296086664408,0.004503392080493));
#11330=CARTESIAN_POINT('',(0.006,-0.01317128929589,0.004360020775809));
#11331=CARTESIAN_POINT('',(0.006,-0.01333847323642,0.004190508286107));
#11332=CARTESIAN_POINT('',(0.006,-0.01346040085235,0.004001406196876));
#11333=CARTESIAN_POINT('',(0.006,-0.01353506239934,0.003799121079892));
#11334=CARTESIAN_POINT('',(0.006,-0.01356005884795,0.00359));
#11335=CARTESIAN_POINT('',(0.006,-0.01353506239934,0.003380878920108));
#11336=CARTESIAN_POINT('',(0.006,-0.01346040085235,0.003178593803124));
#11337=CARTESIAN_POINT('',(0.006,-0.01333847323642,0.002989491713893));
#11338=CARTESIAN_POINT('',(0.006,-0.01317128929589,0.002819979224191));
#11339=CARTESIAN_POINT('',(0.006,-0.01296086664408,0.002676607919507));
#11340=CARTESIAN_POINT('',(0.006,-0.01270916908072,0.00256610989891));
#11341=CARTESIAN_POINT('',(0.006,-0.01241854901721,0.002495331328974));
#11342=CARTESIAN_POINT('',(0.006,-0.01221022862867,0.00248));
#11343=CARTESIAN_POINT('',(0.006,-0.01210178657737,0.00248));
#11344=CARTESIAN_POINT('',(-0.006,-0.01210178657737,0.0047));
#11345=CARTESIAN_POINT('',(-0.006,-0.01210178657737,0.0047));
#11346=CARTESIAN_POINT('',(0.006,-0.01210178657737,0.0047));
#11347=CARTESIAN_POINT('',(0.006,-0.01210178657737,0.0047));
#11348=CARTESIAN_POINT('',(0.006,-0.01221022862867,0.0047));
#11349=CARTESIAN_POINT('',(0.006,-0.01241854901721,0.004684668671026));
#11350=CARTESIAN_POINT('',(0.006,-0.01270916908072,0.00461389010109));
#11351=CARTESIAN_POINT('',(0.006,-0.01296086664408,0.004503392080493));
#11352=CARTESIAN_POINT('',(0.006,-0.01317128929589,0.004360020775809));
#11353=CARTESIAN_POINT('',(0.006,-0.01333847323642,0.004190508286107));
#11354=CARTESIAN_POINT('',(0.006,-0.01346040085235,0.004001406196876));
#11355=CARTESIAN_POINT('',(0.006,-0.01353506239934,0.003799121079892));
#11356=CARTESIAN_POINT('',(0.006,-0.01356005884795,0.00359));
#11357=CARTESIAN_POINT('',(0.006,-0.01353506239934,0.003380878920108));
#11358=CARTESIAN_POINT('',(0.006,-0.01346040085235,0.003178593803124));
#11359=CARTESIAN_POINT('',(0.006,-0.01333847323642,0.002989491713893));
#11360=CARTESIAN_POINT('',(0.006,-0.01317128929589,0.002819979224191));
#11361=CARTESIAN_POINT('',(0.006,-0.01296086664408,0.002676607919507));
#11362=CARTESIAN_POINT('',(0.006,-0.01270916908072,0.00256610989891));
#11363=CARTESIAN_POINT('',(0.006,-0.01241854901721,0.002495331328974));
#11364=CARTESIAN_POINT('',(0.006,-0.01221022862867,0.00248));
#11365=CARTESIAN_POINT('',(0.006,-0.01210178657737,0.00248));
#11366=CARTESIAN_POINT('',(0.006,-0.01210178657737,0.00248));
#11367=CARTESIAN_POINT('',(-0.006,-0.01210178657737,0.00248));
#11368=CARTESIAN_POINT('',(-0.006,-0.01210178657737,0.00248));
#11369=CARTESIAN_POINT('',(-0.006,-0.01210178657737,0.0047));
#11370=CARTESIAN_POINT('',(-0.006,-0.01221022862867,0.0047));
#11371=CARTESIAN_POINT('',(-0.006,-0.01241854901721,0.004684668671026));
#11372=CARTESIAN_POINT('',(-0.006,-0.01270916908072,0.00461389010109));
#11373=CARTESIAN_POINT('',(-0.006,-0.01296086664408,0.004503392080493));
#11374=CARTESIAN_POINT('',(-0.006,-0.01317128929589,0.004360020775809));
#11375=CARTESIAN_POINT('',(-0.006,-0.01333847323642,0.004190508286107));
#11376=CARTESIAN_POINT('',(-0.006,-0.01346040085235,0.004001406196876));
#11377=CARTESIAN_POINT('',(-0.006,-0.01353506239934,0.003799121079892));
#11378=CARTESIAN_POINT('',(-0.006,-0.01356005884795,0.00359));
#11379=CARTESIAN_POINT('',(-0.006,-0.01353506239934,0.003380878920108));
#11380=CARTESIAN_POINT('',(-0.006,-0.01346040085235,0.003178593803124));
#11381=CARTESIAN_POINT('',(-0.006,-0.01333847323642,0.002989491713893));
#11382=CARTESIAN_POINT('',(-0.006,-0.01317128929589,0.002819979224191));
#11383=CARTESIAN_POINT('',(-0.006,-0.01296086664408,0.002676607919507));
#11384=CARTESIAN_POINT('',(-0.006,-0.01270916908072,0.00256610989891));
#11385=CARTESIAN_POINT('',(-0.006,-0.01241854901721,0.002495331328974));
#11386=CARTESIAN_POINT('',(-0.006,-0.01221022862867,0.00248));
#11387=CARTESIAN_POINT('',(-0.006,-0.01210178657737,0.00248));
#11388=CARTESIAN_POINT('',(-0.006,-0.01210178657737,0.0047));
#11389=CARTESIAN_POINT('',(-0.006,-0.0051,0.0047));
#11390=CARTESIAN_POINT('',(-0.006,-0.0051,0.0047));
#11391=CARTESIAN_POINT('',(0.006,-0.0051,0.0047));
#11392=CARTESIAN_POINT('',(0.006,-0.01210178657737,0.0047));
#11393=CARTESIAN_POINT('',(-0.006,-0.01210178657737,0.0047));
#11394=CARTESIAN_POINT('',(0.,0.,0.0048));
#11395=CARTESIAN_POINT('',(-0.0135,-0.0091,0.0048));
#11396=CARTESIAN_POINT('',(0.006,-0.0091,0.0048));
#11397=CARTESIAN_POINT('',(-0.006,-0.0091,0.0048));
#11398=CARTESIAN_POINT('',(-0.006,-0.01210178657737,0.0048));
#11399=CARTESIAN_POINT('',(0.006,-0.01210178657737,0.0048));
#11400=CARTESIAN_POINT('',(0.006,-0.01210178657737,0.0047));
#11401=CARTESIAN_POINT('',(0.006,-0.01210178657737,0.00248));
#11402=CARTESIAN_POINT('',(0.006,-0.0051,0.0047));
#11403=CARTESIAN_POINT('',(0.006,-0.0051,0.0048));
#11404=CARTESIAN_POINT('',(0.006,0.,0.0048));
#11405=CARTESIAN_POINT('',(0.006,-0.01210178657737,0.00238));
#11406=CARTESIAN_POINT('',(-0.006,-0.01210178657737,0.00248));
#11407=CARTESIAN_POINT('',(-0.006,-0.01210178657737,0.00248));
#11408=CARTESIAN_POINT('',(-0.006,-0.01210178657737,0.0047));
#11409=CARTESIAN_POINT('',(-0.006,-0.01210178657737,0.00238));
#11410=CARTESIAN_POINT('',(-0.006,0.,0.0048));
#11411=CARTESIAN_POINT('',(-0.006,-0.0051,0.0048));
#11412=CARTESIAN_POINT('',(-0.006,-0.0051,0.0047));
#11413=CARTESIAN_POINT('',(-0.006,-0.01210178657737,0.00238));
#11414=CARTESIAN_POINT('',(-0.0135,-0.0091,0.0055));
#11415=CARTESIAN_POINT('',(-0.0135,-0.0091,0.0048));
#11416=CARTESIAN_POINT('',(0.0135,-0.0091,0.0048));
#11417=CARTESIAN_POINT('',(0.0135,-0.0091,0.0055));
#11418=CARTESIAN_POINT('',(0.0135,-0.0091,0.0055));
#11419=CARTESIAN_POINT('',(-0.0135,-0.0091,0.0055));
#11420=CARTESIAN_POINT('',(-0.0135,-0.0091,0.0055));
#11421=CARTESIAN_POINT('',(-0.0135,-0.0091,0.0055));
#11422=CARTESIAN_POINT('',(-0.0135,-0.0091,0.0048));
#11423=CARTESIAN_POINT('',(-0.0135,-0.0091,0.0048));
#11424=CARTESIAN_POINT('',(0.,0.,0.0055));
#11425=CARTESIAN_POINT('',(0.0135,-0.0091,0.0055));
#11426=CARTESIAN_POINT('',(0.0135,0.0099,0.0055));
#11427=CARTESIAN_POINT('',(-0.0135,0.0099,0.0055));
#11428=CARTESIAN_POINT('',(-0.0135,0.0099,0.0055));
#11429=CARTESIAN_POINT('',(-0.0135,-0.0091,0.0055));
#11430=CARTESIAN_POINT('',(-0.0135,0.0099,0.0048));
#11431=CARTESIAN_POINT('',(-0.0135,0.0099,0.0041));
#11432=CARTESIAN_POINT('',(-0.0135,0.0099,0.0041));
#11433=CARTESIAN_POINT('',(-0.0135,-0.0051,0.0041));
#11434=CARTESIAN_POINT('',(-0.0135,-0.0051,0.0048));
#11435=CARTESIAN_POINT('',(-0.0135,-0.0051,0.0048));
#11436=CARTESIAN_POINT('',(-0.0135,-0.0091,0.0048));
#11437=CARTESIAN_POINT('',(-0.0135,0.0099,0.0048));
#11438=CARTESIAN_POINT('',(-0.0135,0.0099,0.0048));
#11439=CARTESIAN_POINT('',(-0.0135,0.0099,0.0041));
#11440=CARTESIAN_POINT('',(0.0135,0.0099,0.0041));
#11441=CARTESIAN_POINT('',(0.0135,0.0099,0.0048));
#11442=CARTESIAN_POINT('',(0.0135,0.0099,0.0048));
#11443=CARTESIAN_POINT('',(0.0135,0.0099,0.0041));
#11444=CARTESIAN_POINT('',(0.0135,-0.0051,0.0041));
#11445=CARTESIAN_POINT('',(0.0135,-0.0091,0.0048));
#11446=CARTESIAN_POINT('',(0.0135,-0.0051,0.0048));
#11447=CARTESIAN_POINT('',(0.0135,-0.0051,0.0048));
#11448=CARTESIAN_POINT('',(-0.0116,-0.0119,0.00415));
#11449=CARTESIAN_POINT('',(0.00381,0.0119,0.00415));
#11450=CARTESIAN_POINT('',(0.00431,0.0119,0.00415));
#11451=CARTESIAN_POINT('',(0.00381,0.0119,0.00415));
#11452=CARTESIAN_POINT('',(0.00471,0.0119,0.00415));
#11453=CARTESIAN_POINT('',(-0.0116,-0.0119,0.00245));
#11454=CARTESIAN_POINT('',(0.00381,0.0119,0.00245));
#11455=CARTESIAN_POINT('',(0.00471,0.0119,0.00245));
#11456=CARTESIAN_POINT('',(0.00381,0.0119,0.00245));
#11457=CARTESIAN_POINT('',(0.00431,0.0119,0.00245));
#11458=CARTESIAN_POINT('',(-0.0116,-0.0119,0.00415));
#11459=CARTESIAN_POINT('',(0.00127,0.0119,0.00415));
#11460=CARTESIAN_POINT('',(0.00177,0.0119,0.00415));
#11461=CARTESIAN_POINT('',(0.00127,0.0119,0.00415));
#11462=CARTESIAN_POINT('',(0.00217,0.0119,0.00415));
#11463=CARTESIAN_POINT('',(-0.0116,-0.0119,0.00245));
#11464=CARTESIAN_POINT('',(0.00127,0.0119,0.00245));
#11465=CARTESIAN_POINT('',(0.00217,0.0119,0.00245));
#11466=CARTESIAN_POINT('',(0.00127,0.0119,0.00245));
#11467=CARTESIAN_POINT('',(0.00177,0.0119,0.00245));
#11468=CARTESIAN_POINT('',(-0.0116,-0.0119,0.00415));
#11469=CARTESIAN_POINT('',(-0.00127,0.0119,0.00415));
#11470=CARTESIAN_POINT('',(-0.00077,0.0119,0.00415));
#11471=CARTESIAN_POINT('',(-0.00127,0.0119,0.00415));
#11472=CARTESIAN_POINT('',(-0.00037,0.0119,0.00415));
#11473=CARTESIAN_POINT('',(-0.0116,-0.0119,0.00245));
#11474=CARTESIAN_POINT('',(-0.00127,0.0119,0.00245));
#11475=CARTESIAN_POINT('',(-0.00037,0.0119,0.00245));
#11476=CARTESIAN_POINT('',(-0.00127,0.0119,0.00245));
#11477=CARTESIAN_POINT('',(-0.00077,0.0119,0.00245));
#11478=CARTESIAN_POINT('',(-0.0116,-0.0119,0.00415));
#11479=CARTESIAN_POINT('',(-0.00381,0.0119,0.00415));
#11480=CARTESIAN_POINT('',(-0.00331,0.0119,0.00415));
#11481=CARTESIAN_POINT('',(-0.00381,0.0119,0.00415));
#11482=CARTESIAN_POINT('',(-0.00291,0.0119,0.00415));
#11483=CARTESIAN_POINT('',(-0.0116,-0.0119,0.00245));
#11484=CARTESIAN_POINT('',(-0.00381,0.0119,0.00245));
#11485=CARTESIAN_POINT('',(-0.00291,0.0119,0.00245));
#11486=CARTESIAN_POINT('',(-0.00381,0.0119,0.00245));
#11487=CARTESIAN_POINT('',(-0.00331,0.0119,0.00245));
#11488=CARTESIAN_POINT('',(-0.0116,-0.0119,0.00415));
#11489=CARTESIAN_POINT('',(-0.0116,-0.0119,0.00415));
#11490=CARTESIAN_POINT('',(-0.01295,-0.0119,0.00415));
#11491=CARTESIAN_POINT('',(-0.0116,-0.0119,0.00415));
#11492=CARTESIAN_POINT('',(-0.01345,-0.0119,0.00415));
#11493=CARTESIAN_POINT('',(-0.0116,-0.0119,0.00245));
#11494=CARTESIAN_POINT('',(-0.0116,-0.0119,0.00245));
#11495=CARTESIAN_POINT('',(-0.01345,-0.0119,0.00245));
#11496=CARTESIAN_POINT('',(-0.0116,-0.0119,0.00245));
#11497=CARTESIAN_POINT('',(-0.01295,-0.0119,0.00245));
#11498=CARTESIAN_POINT('',(-0.0116,-0.0119,0.00415));
#11499=CARTESIAN_POINT('',(0.0116,-0.0119,0.00415));
#11500=CARTESIAN_POINT('',(0.01295,-0.0119,0.00415));
#11501=CARTESIAN_POINT('',(0.0116,-0.0119,0.00415));
#11502=CARTESIAN_POINT('',(0.01345,-0.0119,0.00415));
#11503=CARTESIAN_POINT('',(-0.0116,-0.0119,0.00245));
#11504=CARTESIAN_POINT('',(0.0116,-0.0119,0.00245));
#11505=CARTESIAN_POINT('',(0.01345,-0.0119,0.00245));
#11506=CARTESIAN_POINT('',(0.0116,-0.0119,0.00245));
#11507=CARTESIAN_POINT('',(0.01295,-0.0119,0.00245));
#11508=CARTESIAN_POINT('',(-0.0116,-0.0119,0.00415));
#11509=CARTESIAN_POINT('',(0.0116,0.0119,0.00415));
#11510=CARTESIAN_POINT('',(0.01025,0.0119,0.00415));
#11511=CARTESIAN_POINT('',(0.0116,0.0119,0.00415));
#11512=CARTESIAN_POINT('',(0.00975,0.0119,0.00415));
#11513=CARTESIAN_POINT('',(-0.0116,-0.0119,0.00245));
#11514=CARTESIAN_POINT('',(0.0116,0.0119,0.00245));
#11515=CARTESIAN_POINT('',(0.00975,0.0119,0.00245));
#11516=CARTESIAN_POINT('',(0.0116,0.0119,0.00245));
#11517=CARTESIAN_POINT('',(0.01025,0.0119,0.00245));
#11518=CARTESIAN_POINT('',(-0.0116,-0.0119,0.00415));
#11519=CARTESIAN_POINT('',(-0.0116,0.0119,0.00415));
#11520=CARTESIAN_POINT('',(-0.01025,0.0119,0.00415));
#11521=CARTESIAN_POINT('',(-0.0116,0.0119,0.00415));
#11522=CARTESIAN_POINT('',(-0.00975,0.0119,0.00415));
#11523=CARTESIAN_POINT('',(-0.0116,-0.0119,0.00245));
#11524=CARTESIAN_POINT('',(-0.0116,0.0119,0.00245));
#11525=CARTESIAN_POINT('',(-0.00975,0.0119,0.00245));
#11526=CARTESIAN_POINT('',(-0.0116,0.0119,0.00245));
#11527=CARTESIAN_POINT('',(-0.01025,0.0119,0.00245));
#11528=CARTESIAN_POINT('',(0.007,-0.0119,0.0041));
#11529=CARTESIAN_POINT('',(0.007,-0.0119,0.0025));
#11530=CARTESIAN_POINT('',(0.007,-0.0119,0.0025));
#11531=CARTESIAN_POINT('',(0.007,-0.0139,0.0025));
#11532=CARTESIAN_POINT('',(0.007,-0.0139,0.0041));
#11533=CARTESIAN_POINT('',(0.007,-0.0139,0.0041));
#11534=CARTESIAN_POINT('',(0.007,-0.0119,0.0041));
#11535=CARTESIAN_POINT('',(0.007,-0.0119,0.0041));
#11536=CARTESIAN_POINT('',(0.007,-0.0119,0.0041));
#11537=CARTESIAN_POINT('',(-0.007,-0.0119,0.0041));
#11538=CARTESIAN_POINT('',(-0.007,-0.0119,0.0025));
#11539=CARTESIAN_POINT('',(-0.007,-0.0119,0.0025));
#11540=CARTESIAN_POINT('',(-0.007,-0.0119,0.0041));
#11541=CARTESIAN_POINT('',(-0.007,-0.0119,0.0041));
#11542=CARTESIAN_POINT('',(-0.007,-0.0119,0.0041));
#11543=CARTESIAN_POINT('',(-0.007,-0.0119,0.0041));
#11544=CARTESIAN_POINT('',(-0.007,-0.0119,0.0025));
#11545=CARTESIAN_POINT('',(-0.007,-0.0139,0.0025));
#11546=CARTESIAN_POINT('',(-0.007,-0.0119,0.0041));
#11547=CARTESIAN_POINT('',(-0.007,-0.0139,0.0041));
#11548=CARTESIAN_POINT('',(-0.007,-0.0139,0.0041));
#11549=CARTESIAN_POINT('',(-0.0136,-0.0139,0.0041));
#11550=CARTESIAN_POINT('',(-0.0136,-0.0139,0.0025));
#11551=CARTESIAN_POINT('',(-0.0136,-0.0139,0.0025));
#11552=CARTESIAN_POINT('',(-0.0136,-0.0139,0.0041));
#11553=CARTESIAN_POINT('',(-0.0136,-0.0139,0.0041));
#11554=CARTESIAN_POINT('',(-0.0136,-0.0139,0.0041));
#11555=CARTESIAN_POINT('',(-0.0136,0.0139,0.0041));
#11556=CARTESIAN_POINT('',(-0.0136,0.0139,0.0025));
#11557=CARTESIAN_POINT('',(-0.0136,0.0139,0.0025));
#11558=CARTESIAN_POINT('',(-0.0136,0.0139,0.0041));
#11559=CARTESIAN_POINT('',(-0.0136,0.0139,0.0041));
#11560=CARTESIAN_POINT('',(-0.0136,0.0139,0.0041));
#11561=CARTESIAN_POINT('',(-0.0136,0.0139,0.0041));
#11562=CARTESIAN_POINT('',(-0.0136,0.0139,0.0025));
#11563=CARTESIAN_POINT('',(0.0136,0.0139,0.0025));
#11564=CARTESIAN_POINT('',(-0.0136,0.0139,0.0041));
#11565=CARTESIAN_POINT('',(0.0136,0.0139,0.0041));
#11566=CARTESIAN_POINT('',(0.0136,0.0139,0.0041));
#11567=CARTESIAN_POINT('',(0.0136,0.0139,0.0041));
#11568=CARTESIAN_POINT('',(0.0136,0.0139,0.0025));
#11569=CARTESIAN_POINT('',(0.0136,-0.0139,0.0025));
#11570=CARTESIAN_POINT('',(0.0136,0.0139,0.0041));
#11571=CARTESIAN_POINT('',(0.0136,-0.0139,0.0041));
#11572=CARTESIAN_POINT('',(0.0136,-0.0139,0.0041));
#11573=CARTESIAN_POINT('',(-0.0136,-0.0139,0.0041));
#11574=CARTESIAN_POINT('',(0.007,-0.0139,0.0025));
#11575=CARTESIAN_POINT('',(0.007,-0.0139,0.0041));
#11576=CARTESIAN_POINT('',(0.,0.,0.0025));
#11577=CARTESIAN_POINT('',(0.00381,0.0119,0.0025));
#11578=CARTESIAN_POINT('',(0.00291,0.0119,0.0025));
#11579=CARTESIAN_POINT('',(-0.00127,0.0119,0.0025));
#11580=CARTESIAN_POINT('',(-0.00217,0.0119,0.0025));
#11581=CARTESIAN_POINT('',(-0.0116,-0.0119,0.0025));
#11582=CARTESIAN_POINT('',(-0.01345,-0.0119,0.0025));
#11583=CARTESIAN_POINT('',(0.0116,0.0119,0.0025));
#11584=CARTESIAN_POINT('',(0.00975,0.0119,0.0025));
#11585=CARTESIAN_POINT('',(-0.0116,0.0119,0.0025));
#11586=CARTESIAN_POINT('',(-0.01345,0.0119,0.0025));
#11587=CARTESIAN_POINT('',(0.0116,-0.0119,0.0025));
#11588=CARTESIAN_POINT('',(0.00975,-0.0119,0.0025));
#11589=CARTESIAN_POINT('',(-0.00381,0.0119,0.0025));
#11590=CARTESIAN_POINT('',(-0.00471,0.0119,0.0025));
#11591=CARTESIAN_POINT('',(0.00127,0.0119,0.0025));
#11592=CARTESIAN_POINT('',(0.00037,0.0119,0.0025));
#11593=CARTESIAN_POINT('',(0.,0.,0.0048));
#11594=CARTESIAN_POINT('',(-0.0135,-0.0051,0.0048));
#11595=CARTESIAN_POINT('',(0.,0.,0.0048));
#11596=CARTESIAN_POINT('',(-0.0135,-0.0051,0.0048));
#11597=CARTESIAN_POINT('',(-0.0135,-0.0051,0.0048));
#11598=CARTESIAN_POINT('',(-0.0135,-0.0051,0.0041));
#11599=CARTESIAN_POINT('',(0.,0.,0.0041));
#11600=CARTESIAN_POINT('',(0.00381,0.0119,0.0041));
#11601=CARTESIAN_POINT('',(0.00291,0.0119,0.0041));
#11602=CARTESIAN_POINT('',(-0.00127,0.0119,0.0041));
#11603=CARTESIAN_POINT('',(-0.00217,0.0119,0.0041));
#11604=CARTESIAN_POINT('',(-0.0116,-0.0119,0.0041));
#11605=CARTESIAN_POINT('',(-0.01345,-0.0119,0.0041));
#11606=CARTESIAN_POINT('',(0.0116,0.0119,0.0041));
#11607=CARTESIAN_POINT('',(0.00975,0.0119,0.0041));
#11608=CARTESIAN_POINT('',(-0.0116,0.0119,0.0041));
#11609=CARTESIAN_POINT('',(-0.01345,0.0119,0.0041));
#11610=CARTESIAN_POINT('',(0.0116,-0.0119,0.0041));
#11611=CARTESIAN_POINT('',(0.00975,-0.0119,0.0041));
#11612=CARTESIAN_POINT('',(-0.00381,0.0119,0.0041));
#11613=CARTESIAN_POINT('',(-0.00471,0.0119,0.0041));
#11614=CARTESIAN_POINT('',(0.00127,0.0119,0.0041));
#11615=CARTESIAN_POINT('',(0.00037,0.0119,0.0041));
#11616=CARTESIAN_POINT('',(-0.0116,0.0119,0.00415));
#11617=CARTESIAN_POINT('',(-0.0116,0.0119,0.0041));
#11618=CARTESIAN_POINT('',(-0.0116,0.0119,0.00415));
#11619=CARTESIAN_POINT('',(0.0116,0.0119,0.00415));
#11620=CARTESIAN_POINT('',(0.0116,0.0119,0.0041));
#11621=CARTESIAN_POINT('',(0.0116,0.0119,0.00415));
#11622=CARTESIAN_POINT('',(0.0116,-0.0119,0.00415));
#11623=CARTESIAN_POINT('',(0.0116,-0.0119,0.0041));
#11624=CARTESIAN_POINT('',(0.0116,-0.0119,0.00415));
#11625=CARTESIAN_POINT('',(-0.0116,-0.0119,0.00415));
#11626=CARTESIAN_POINT('',(-0.0116,-0.0119,0.0041));
#11627=CARTESIAN_POINT('',(-0.0116,-0.0119,0.00415));
#11628=CARTESIAN_POINT('',(-0.00381,0.0119,0.00415));
#11629=CARTESIAN_POINT('',(-0.00381,0.0119,0.0041));
#11630=CARTESIAN_POINT('',(-0.00381,0.0119,0.00415));
#11631=CARTESIAN_POINT('',(-0.00127,0.0119,0.00415));
#11632=CARTESIAN_POINT('',(-0.00127,0.0119,0.0041));
#11633=CARTESIAN_POINT('',(-0.00127,0.0119,0.00415));
#11634=CARTESIAN_POINT('',(0.00127,0.0119,0.00415));
#11635=CARTESIAN_POINT('',(0.00127,0.0119,0.0041));
#11636=CARTESIAN_POINT('',(0.00127,0.0119,0.00415));
#11637=CARTESIAN_POINT('',(0.00381,0.0119,0.00415));
#11638=CARTESIAN_POINT('',(0.00381,0.0119,0.0041));
#11639=CARTESIAN_POINT('',(0.00381,0.0119,0.00415));
#11640=CARTESIAN_POINT('',(0.,0.,0.));
#11641=MECHANICAL_DESIGN_GEOMETRIC_PRESENTATION_REPRESENTATION('',(#5600,
#5012,#5013,#5014,#5015,#5016,#5017,#5018,#5019,#5020,#5021,#5022,#5023,
#5024,#5025,#5026,#5027,#5028,#5029,#5030,#5031,#5032,#5033,#5034,#5035,
#5036,#5037,#5038,#5039,#5040,#5041,#5042,#5043,#5044,#5045,#5046,#5047,
#5048,#5049,#5050,#5051,#5052,#5053,#5054,#5055,#5056,#5057,#5058,#5059,
#5060,#5061,#5062,#5063,#5064,#5065,#5066,#5067,#5068,#5069,#5070,#5071,
#5072,#5073,#5074,#5075,#5076,#5077,#5078,#5079,#5080,#5081,#5082,#5083,
#5084,#5085,#5086,#5087,#5088,#5089,#5090,#5091,#5092,#5093,#5094,#5095,
#5096,#5097,#5098,#5099,#5100,#5101,#5102,#5103,#5104,#5105,#5106,#5107,
#5108,#5109,#5110,#5111,#5112,#5113,#5114,#5115,#5116,#5117,#5118,#5119,
#5120,#5121,#5122,#5123,#5124,#5125,#5126,#5127,#5128,#5129,#5130,#5131,
#5132,#5133,#5134,#5135,#5136,#5137,#5138,#5139,#5140,#5141,#5142,#5143,
#5144,#5145,#5146,#5147,#5148,#5149,#5150,#5151,#5152,#5153,#5154,#5155,
#5156,#5157,#5158,#5159,#5160,#5161,#5162,#5163,#5164,#5165,#5166,#5167,
#5168,#5169,#5170,#5171,#5172,#5173,#5174,#5175,#5176,#5177,#5178,#5179,
#5180,#5181,#5182,#5183,#5184,#5185,#5186,#5187,#5188,#5189,#5190,#5191,
#5192,#5193,#5194,#5195,#5196,#5197,#5198,#5199,#5200,#5201,#5202,#5203,
#5204,#5205,#5206,#5207,#5208,#5209,#5210,#5211,#5212,#5213,#5214,#5215,
#5216,#5217,#5218,#5219,#5220,#5221,#5222,#5223,#5224,#5225,#5226,#5227,
#5228,#5229,#5230,#5231,#5232,#5233,#5234,#5235,#5236,#5237,#5238,#5239,
#5240,#5241,#5242,#5243,#5244,#5245,#5246,#5247,#5248,#5249,#5250,#5251,
#5252,#5253,#5254,#5255,#5256,#5257,#5258,#5259,#5260,#5261,#5262,#5263,
#5264,#5265,#5266,#5267,#5268,#5269,#5270,#5271,#5272,#5273,#5274,#5275,
#5276,#5277,#5278,#5279,#5280,#5281,#5282,#5283,#5284,#5285,#5286,#5287,
#5288,#5289,#5290,#5291,#5292,#5293,#5294,#5295,#5296,#5297,#5298,#5299,
#5300,#5301,#5302,#5303),#11642);
#11642=(
GEOMETRIC_REPRESENTATION_CONTEXT(3)
GLOBAL_UNCERTAINTY_ASSIGNED_CONTEXT((#11644))
GLOBAL_UNIT_ASSIGNED_CONTEXT((#11648,#11647,#11646))
REPRESENTATION_CONTEXT('OLED-TH_L27.8-W27.2-P2.54_C9900033791',
'TOP_LEVEL_ASSEMBLY_PART')
);
#11643=(
GEOMETRIC_REPRESENTATION_CONTEXT(3)
GLOBAL_UNCERTAINTY_ASSIGNED_CONTEXT((#11645))
GLOBAL_UNIT_ASSIGNED_CONTEXT((#11648,#11647,#11646))
REPRESENTATION_CONTEXT('OLED-TH_L27.8-W27.2-P2.54_C9900033791',
'COMPONENT_PART')
);
#11644=UNCERTAINTY_MEASURE_WITH_UNIT(LENGTH_MEASURE(1.E-8),#11648,
'DISTANCE_ACCURACY_VALUE','Maximum Tolerance applied to model');
#11645=UNCERTAINTY_MEASURE_WITH_UNIT(LENGTH_MEASURE(2.E-5),#11648,
'DISTANCE_ACCURACY_VALUE','Maximum Tolerance applied to model');
#11646=(
NAMED_UNIT(*)
SI_UNIT($,.STERADIAN.)
SOLID_ANGLE_UNIT()
);
#11647=(
NAMED_UNIT(*)
PLANE_ANGLE_UNIT()
SI_UNIT($,.RADIAN.)
);
#11648=(
LENGTH_UNIT()
NAMED_UNIT(*)
SI_UNIT($,.METRE.)
);
#11649=PRODUCT_DEFINITION_SHAPE('','',#11652);
#11650=PRODUCT_DEFINITION_SHAPE('','',#11653);
#11651=PRODUCT_DEFINITION_SHAPE(' ','NAUO PRDDFN',#11);
#11652=PRODUCT_DEFINITION('','',#11656,#11654);
#11653=PRODUCT_DEFINITION('','',#11657,#11655);
#11654=PRODUCT_DEFINITION_CONTEXT('',#11667,'design');
#11655=PRODUCT_DEFINITION_CONTEXT('',#11667,'design');
#11656=PRODUCT_DEFINITION_FORMATION_WITH_SPECIFIED_SOURCE('','',#11660,
 .NOT_KNOWN.);
#11657=PRODUCT_DEFINITION_FORMATION_WITH_SPECIFIED_SOURCE('','',#11661,
 .NOT_KNOWN.);
#11658=PRODUCT_RELATED_PRODUCT_CATEGORY('','',(#11660));
#11659=PRODUCT_RELATED_PRODUCT_CATEGORY('','',(#11661));
#11660=PRODUCT('OLED-TH_L27.8-W27.2-P2.54_C9900033791',
'OLED-TH_L27.8-W27.2-P2.54_C9900033791',
'OLED-TH_L27.8-W27.2-P2.54_C9900033791',(#11664));
#11661=PRODUCT('OLED-TH_L27.8-W27.2-P2.54_C9900033791',
'OLED-TH_L27.8-W27.2-P2.54_C9900033791',
'OLED-TH_L27.8-W27.2-P2.54_C9900033791',(#11665));
#11662=PRODUCT_CATEGORY('','');
#11663=PRODUCT_CATEGORY('','');
#11664=PRODUCT_CONTEXT('',#11667,'mechanical');
#11665=PRODUCT_CONTEXT('',#11667,'mechanical');
#11666=APPLICATION_PROTOCOL_DEFINITION('international standard',
'ap242_managed_model_based_3d_engineering',2020,#11667);
#11667=APPLICATION_CONTEXT('managed model based 3d engineering');
ENDSEC;
END-ISO-10303-21;
