ISO-10303-21;
HEADER;
/* Generated by software containing ST-Developer
 * from STEP Tools, Inc. (www.steptools.com) 
 */
/* OPTION: using custom renumber hook */

FILE_DESCRIPTION(
/* description */ ('STEP AP242 Edition 2',
'CAx-IF Rec.Pracs.---Representation and Presentation of Product Manufa
cturing Information (PMI)---4.0---2014-10-13',
'CAx-IF Rec.Pracs.---3D Tessellated Geometry---0.4---2014-09-14','2;1',
'CAx-IF Rec.Pracs.---User Defined Attributes---1.5---2016-08-15'),
/* implementation_level */ '2;1');

FILE_NAME(
/* name */ '6a3753545227bd451e49e849',
/* time_stamp */ '2026-06-21T02:58:28Z',
/* author */ (''),
/* organization */ (''),
/* preprocessor_version */ 'ST-DEVELOPER v20',
/* originating_system */ 'ONSHAPE BY PTC INC, 1.216',
/* authorisation */ '  ');

FILE_SCHEMA (('AP242_MANAGED_MODEL_BASED_3D_ENGINEERING_MIM_LF { 1 0 10303 442 3 1 4 }'));
ENDSEC;

DATA;
#10=CONICAL_SURFACE('',#5682,0.01124999999997,0.785398163397);
#11=OVER_RIDING_STYLED_ITEM('',(#4843),#4673,#4821);
#12=OVER_RIDING_STYLED_ITEM('',(#4844),#4674,#4821);
#13=OVER_RIDING_STYLED_ITEM('',(#4845),#4675,#4821);
#14=OVER_RIDING_STYLED_ITEM('',(#4846),#4676,#4821);
#15=OVER_RIDING_STYLED_ITEM('',(#4847),#4677,#4821);
#16=OVER_RIDING_STYLED_ITEM('',(#4848),#4678,#4821);
#17=OVER_RIDING_STYLED_ITEM('',(#4849),#4679,#4821);
#18=OVER_RIDING_STYLED_ITEM('',(#4850),#4680,#4821);
#19=OVER_RIDING_STYLED_ITEM('',(#4851),#4681,#4821);
#20=OVER_RIDING_STYLED_ITEM('',(#4852),#4682,#4821);
#21=OVER_RIDING_STYLED_ITEM('',(#4853),#4683,#4821);
#22=OVER_RIDING_STYLED_ITEM('',(#4854),#4684,#4821);
#23=OVER_RIDING_STYLED_ITEM('',(#4855),#4685,#4821);
#24=OVER_RIDING_STYLED_ITEM('',(#4856),#4686,#4821);
#25=OVER_RIDING_STYLED_ITEM('',(#4857),#4687,#4821);
#26=OVER_RIDING_STYLED_ITEM('',(#4858),#4688,#4821);
#27=OVER_RIDING_STYLED_ITEM('',(#4859),#4689,#4821);
#28=OVER_RIDING_STYLED_ITEM('',(#4860),#4690,#4821);
#29=OVER_RIDING_STYLED_ITEM('',(#4861),#4691,#4821);
#30=OVER_RIDING_STYLED_ITEM('',(#4862),#4692,#4821);
#31=OVER_RIDING_STYLED_ITEM('',(#4863),#4693,#4821);
#32=OVER_RIDING_STYLED_ITEM('',(#4864),#4694,#4821);
#33=OVER_RIDING_STYLED_ITEM('',(#4865),#4695,#4821);
#34=OVER_RIDING_STYLED_ITEM('',(#4866),#4696,#4821);
#35=OVER_RIDING_STYLED_ITEM('',(#4867),#4697,#4821);
#36=OVER_RIDING_STYLED_ITEM('',(#4868),#4698,#4821);
#37=OVER_RIDING_STYLED_ITEM('',(#4869),#4699,#4821);
#38=OVER_RIDING_STYLED_ITEM('',(#4870),#4700,#4821);
#39=OVER_RIDING_STYLED_ITEM('',(#4871),#4701,#4821);
#40=OVER_RIDING_STYLED_ITEM('',(#4872),#4702,#4821);
#41=OVER_RIDING_STYLED_ITEM('',(#4873),#4703,#4821);
#42=OVER_RIDING_STYLED_ITEM('',(#4874),#4704,#4821);
#43=OVER_RIDING_STYLED_ITEM('',(#4875),#4705,#4821);
#44=OVER_RIDING_STYLED_ITEM('',(#4876),#4706,#4821);
#45=OVER_RIDING_STYLED_ITEM('',(#4877),#4707,#4821);
#46=OVER_RIDING_STYLED_ITEM('',(#4878),#4708,#4821);
#47=OVER_RIDING_STYLED_ITEM('',(#4879),#4709,#4821);
#48=OVER_RIDING_STYLED_ITEM('',(#4880),#4710,#4821);
#49=OVER_RIDING_STYLED_ITEM('',(#4881),#4711,#4821);
#50=OVER_RIDING_STYLED_ITEM('',(#4882),#4712,#4821);
#51=OVER_RIDING_STYLED_ITEM('',(#4883),#4713,#4821);
#52=OVER_RIDING_STYLED_ITEM('',(#4884),#4714,#4821);
#53=OVER_RIDING_STYLED_ITEM('',(#4885),#4715,#4821);
#54=OVER_RIDING_STYLED_ITEM('',(#4886),#4716,#4821);
#55=OVER_RIDING_STYLED_ITEM('',(#4887),#4717,#4821);
#56=OVER_RIDING_STYLED_ITEM('',(#4888),#4718,#4821);
#57=OVER_RIDING_STYLED_ITEM('',(#4889),#4719,#4821);
#58=OVER_RIDING_STYLED_ITEM('',(#4890),#4720,#4821);
#59=OVER_RIDING_STYLED_ITEM('',(#4891),#4721,#4821);
#60=OVER_RIDING_STYLED_ITEM('',(#4892),#4722,#4821);
#61=OVER_RIDING_STYLED_ITEM('',(#4893),#4723,#4821);
#62=OVER_RIDING_STYLED_ITEM('',(#4894),#4724,#4821);
#63=OVER_RIDING_STYLED_ITEM('',(#4895),#4725,#4821);
#64=OVER_RIDING_STYLED_ITEM('',(#4896),#4726,#4821);
#65=OVER_RIDING_STYLED_ITEM('',(#4897),#4727,#4821);
#66=OVER_RIDING_STYLED_ITEM('',(#4898),#4728,#4821);
#67=OVER_RIDING_STYLED_ITEM('',(#4899),#4729,#4821);
#68=OVER_RIDING_STYLED_ITEM('',(#4900),#4730,#4821);
#69=OVER_RIDING_STYLED_ITEM('',(#4901),#4731,#4821);
#70=OVER_RIDING_STYLED_ITEM('',(#4902),#4732,#4821);
#71=OVER_RIDING_STYLED_ITEM('',(#4903),#4733,#4821);
#72=B_SPLINE_CURVE_WITH_KNOTS('',3,(#7152,#7153,#7154,#7155,#7156,#7157,
#7158,#7159),.UNSPECIFIED.,.F.,.F.,(4,1,1,1,1,4),(0.,0.04798572530125,0.306998003974,
0.563293993043,0.806086507655,1.),.UNSPECIFIED.);
#73=B_SPLINE_CURVE_WITH_KNOTS('',3,(#7161,#7162,#7163,#7164),
 .UNSPECIFIED.,.F.,.F.,(4,4),(0.,1.),.UNSPECIFIED.);
#74=B_SPLINE_CURVE_WITH_KNOTS('',3,(#7166,#7167,#7168,#7169,#7170,#7171,
#7172,#7173),.UNSPECIFIED.,.F.,.F.,(4,1,1,1,1,4),(0.,0.04798572530125,0.306998003974,
0.563293993043,0.806086507655,1.),.UNSPECIFIED.);
#75=B_SPLINE_CURVE_WITH_KNOTS('',3,(#7187,#7188,#7189,#7190,#7191,#7192),
 .UNSPECIFIED.,.F.,.F.,(4,1,1,4),(0.,0.435522124518,0.962721382933,1.),
 .UNSPECIFIED.);
#76=B_SPLINE_CURVE_WITH_KNOTS('',3,(#7193,#7194,#7195,#7196,#7197,#7198),
 .UNSPECIFIED.,.F.,.F.,(4,1,1,4),(0.,0.435522124518,0.962721382933,1.),
 .UNSPECIFIED.);
#77=B_SPLINE_CURVE_WITH_KNOTS('',3,(#7230,#7231,#7232,#7233,#7234),
 .UNSPECIFIED.,.F.,.F.,(4,1,4),(0.,0.417573356196,1.),.UNSPECIFIED.);
#78=B_SPLINE_CURVE_WITH_KNOTS('',3,(#7235,#7236,#7237,#7238,#7239),
 .UNSPECIFIED.,.F.,.F.,(4,1,4),(0.,0.417573356196,1.),.UNSPECIFIED.);
#79=B_SPLINE_CURVE_WITH_KNOTS('',3,(#7257,#7258,#7259,#7260,#7261,#7262),
 .UNSPECIFIED.,.F.,.F.,(4,1,1,4),(0.,0.358544361144,0.820193686264,1.),
 .UNSPECIFIED.);
#80=B_SPLINE_CURVE_WITH_KNOTS('',3,(#7263,#7264,#7265,#7266,#7267,#7268),
 .UNSPECIFIED.,.F.,.F.,(4,1,1,4),(0.,0.358544361144,0.820193686264,1.),
 .UNSPECIFIED.);
#81=B_SPLINE_CURVE_WITH_KNOTS('',3,(#7282,#7283,#7284,#7285,#7286),
 .UNSPECIFIED.,.F.,.F.,(4,1,4),(0.,0.46759926364,1.),.UNSPECIFIED.);
#82=B_SPLINE_CURVE_WITH_KNOTS('',3,(#7287,#7288,#7289,#7290,#7291),
 .UNSPECIFIED.,.F.,.F.,(4,1,4),(0.,0.46759926364,1.),.UNSPECIFIED.);
#83=B_SPLINE_CURVE_WITH_KNOTS('',3,(#7305,#7306,#7307,#7308,#7309,#7310),
 .UNSPECIFIED.,.F.,.F.,(4,1,1,4),(0.,0.03564114353987,0.527082402725,1.),
 .UNSPECIFIED.);
#84=B_SPLINE_CURVE_WITH_KNOTS('',3,(#7311,#7312,#7313,#7314,#7315,#7316),
 .UNSPECIFIED.,.F.,.F.,(4,1,1,4),(0.,0.03564114353987,0.527082402725,1.),
 .UNSPECIFIED.);
#85=B_SPLINE_CURVE_WITH_KNOTS('',3,(#7338,#7339,#7340,#7341,#7342,#7343),
 .UNSPECIFIED.,.F.,.F.,(4,1,1,4),(0.,0.06584959150851,0.54045201852,1.),
 .UNSPECIFIED.);
#86=B_SPLINE_CURVE_WITH_KNOTS('',3,(#7344,#7345,#7346,#7347,#7348,#7349),
 .UNSPECIFIED.,.F.,.F.,(4,1,1,4),(0.,0.06584959150851,0.54045201852,1.),
 .UNSPECIFIED.);
#87=B_SPLINE_CURVE_WITH_KNOTS('',3,(#7378,#7379,#7380,#7381),
 .UNSPECIFIED.,.F.,.F.,(4,4),(0.,1.),.UNSPECIFIED.);
#88=B_SPLINE_CURVE_WITH_KNOTS('',3,(#7384,#7385,#7386,#7387,#7388,#7389),
 .UNSPECIFIED.,.F.,.F.,(4,1,1,4),(0.,0.27611261164,0.55340158594,1.),
 .UNSPECIFIED.);
#89=B_SPLINE_CURVE_WITH_KNOTS('',3,(#7390,#7391,#7392,#7393,#7394,#7395),
 .UNSPECIFIED.,.F.,.F.,(4,1,1,4),(0.,0.27611261164,0.55340158594,1.),
 .UNSPECIFIED.);
#90=B_SPLINE_CURVE_WITH_KNOTS('',3,(#7453,#7454,#7455,#7456),
 .UNSPECIFIED.,.F.,.F.,(4,4),(2.49999999868421E-5,0.999975000000013),
 .UNSPECIFIED.);
#91=B_SPLINE_CURVE_WITH_KNOTS('',3,(#7466,#7467,#7468,#7469),
 .UNSPECIFIED.,.F.,.F.,(4,4),(2.49999999868421E-5,1.),.UNSPECIFIED.);
#92=B_SPLINE_CURVE_WITH_KNOTS('',3,(#7500,#7501,#7502,#7503,#7504,#7505,
#7506),.UNSPECIFIED.,.F.,.F.,(4,1,1,1,4),(0.,0.25783764102,0.508973269675,
0.749784722618,1.),.UNSPECIFIED.);
#93=B_SPLINE_CURVE_WITH_KNOTS('',3,(#7510,#7511,#7512,#7513,#7514,#7515,
#7516),.UNSPECIFIED.,.F.,.F.,(4,1,1,1,4),(0.,0.250215277382,0.491026730325,
0.74216235898,1.),.UNSPECIFIED.);
#94=B_SPLINE_CURVE_WITH_KNOTS('',3,(#7549,#7550,#7551,#7552,#7553,#7554,
#7555),.UNSPECIFIED.,.F.,.F.,(4,1,1,1,4),(0.,0.246624797426,0.49223130539,
0.744023097512,1.),.UNSPECIFIED.);
#95=B_SPLINE_CURVE_WITH_KNOTS('',3,(#7559,#7560,#7561,#7562,#7563,#7564,
#7565),.UNSPECIFIED.,.F.,.F.,(4,1,1,1,4),(0.,0.255976902488,0.50776869461,
0.753375202574,1.),.UNSPECIFIED.);
#96=B_SPLINE_CURVE_WITH_KNOTS('',3,(#7691,#7692,#7693,#7694,#7695),
 .UNSPECIFIED.,.F.,.F.,(4,1,4),(0.,0.692337445652,1.),.UNSPECIFIED.);
#97=B_SPLINE_CURVE_WITH_KNOTS('',3,(#7696,#7697,#7698,#7699,#7700),
 .UNSPECIFIED.,.F.,.F.,(4,1,4),(0.,0.307662554348,1.),.UNSPECIFIED.);
#98=B_SPLINE_CURVE_WITH_KNOTS('',3,(#7718,#7719,#7720,#7721,#7722),
 .UNSPECIFIED.,.F.,.F.,(4,1,4),(0.,0.192153357734,1.),.UNSPECIFIED.);
#99=B_SPLINE_CURVE_WITH_KNOTS('',3,(#7723,#7724,#7725,#7726,#7727),
 .UNSPECIFIED.,.F.,.F.,(4,1,4),(0.,0.807846642266,1.),.UNSPECIFIED.);
#100=B_SPLINE_CURVE_WITH_KNOTS('',3,(#7741,#7742,#7743,#7744),
 .UNSPECIFIED.,.F.,.F.,(4,4),(0.,1.),.UNSPECIFIED.);
#101=B_SPLINE_CURVE_WITH_KNOTS('',3,(#7750,#7751,#7752,#7753),
 .UNSPECIFIED.,.F.,.F.,(4,4),(0.,1.),.UNSPECIFIED.);
#102=B_SPLINE_CURVE_WITH_KNOTS('',3,(#7784,#7785,#7786,#7787,#7788,#7789,
#7790,#7791,#7792,#7793,#7794,#7795,#7796),.UNSPECIFIED.,.F.,.F.,(4,1,1,
1,1,1,1,1,1,1,4),(0.,0.134144481219,0.280083973547,0.397911731053,0.482709116855,
0.608688370353,0.700895209311,0.74952670485,0.803170946464,0.872318071602,
1.),.UNSPECIFIED.);
#103=B_SPLINE_CURVE_WITH_KNOTS('',3,(#7800,#7801,#7802,#7803,#7804,#7805,
#7806,#7807,#7808,#7809,#7810,#7811,#7812),.UNSPECIFIED.,.F.,.F.,(4,1,1,
1,1,1,1,1,1,1,4),(0.,0.127681928398,0.196829053536,0.25047329515,0.299104790689,
0.391311629647,0.517290883145,0.602088268947,0.719916026453,0.865855518781,
1.),.UNSPECIFIED.);
#104=B_SPLINE_CURVE_WITH_KNOTS('',3,(#7842,#7843,#7844,#7845,#7846,#7847,
#7848,#7849,#7850,#7851,#7852,#7853),.UNSPECIFIED.,.F.,.F.,(4,1,1,1,1,1,
1,1,1,4),(0.,0.11756532928,0.25811870292,0.375708910018,0.456587583228,
0.580079665355,0.679693894312,0.731071319767,0.851624254962,1.),
 .UNSPECIFIED.);
#105=B_SPLINE_CURVE_WITH_KNOTS('',3,(#7854,#7855,#7856,#7857,#7858,#7859,
#7860,#7861,#7862,#7863,#7864,#7865),.UNSPECIFIED.,.F.,.F.,(4,1,1,1,1,1,
1,1,1,4),(0.,0.148375745038,0.268928680233,0.320306105688,0.419920334645,
0.543412416772,0.624291089983,0.74188129708,0.88243467072,1.),
 .UNSPECIFIED.);
#106=B_SPLINE_CURVE_WITH_KNOTS('',3,(#7882,#7883,#7884,#7885,#7886),
 .UNSPECIFIED.,.F.,.F.,(4,1,4),(0.,0.52375242835,1.),.UNSPECIFIED.);
#107=B_SPLINE_CURVE_WITH_KNOTS('',3,(#7890,#7891,#7892,#7893,#7894),
 .UNSPECIFIED.,.F.,.F.,(4,1,4),(0.,0.47624757165,1.),.UNSPECIFIED.);
#108=B_SPLINE_CURVE_WITH_KNOTS('',3,(#7911,#7912,#7913,#7914,#7915),
 .UNSPECIFIED.,.F.,.F.,(4,1,4),(0.,0.595019872679,1.),.UNSPECIFIED.);
#109=B_SPLINE_CURVE_WITH_KNOTS('',3,(#7919,#7920,#7921,#7922,#7923),
 .UNSPECIFIED.,.F.,.F.,(4,1,4),(0.,0.404980127321,1.),.UNSPECIFIED.);
#110=B_SPLINE_CURVE_WITH_KNOTS('',3,(#7951,#7952,#7953,#7954,#7955,#7956,
#7957),.UNSPECIFIED.,.F.,.F.,(4,1,1,1,4),(0.,0.358726546763,0.535454424545,
0.723707863464,1.),.UNSPECIFIED.);
#111=B_SPLINE_CURVE_WITH_KNOTS('',3,(#7961,#7962,#7963,#7964,#7965,#7966,
#7967),.UNSPECIFIED.,.F.,.F.,(4,1,1,1,4),(0.,0.276292136536,0.464545575455,
0.641273453237,1.),.UNSPECIFIED.);
#112=B_SPLINE_CURVE_WITH_KNOTS('',3,(#7997,#7998,#7999,#8000,#8001,#8002,
#8003,#8004,#8005),.UNSPECIFIED.,.F.,.F.,(4,1,1,1,1,1,4),(0.,0.215573612415,
0.420978136755,0.561033334916,0.68722325342,0.821054229668,1.),
 .UNSPECIFIED.);
#113=B_SPLINE_CURVE_WITH_KNOTS('',3,(#8006,#8007,#8008,#8009,#8010,#8011,
#8012,#8013,#8014),.UNSPECIFIED.,.F.,.F.,(4,1,1,1,1,1,4),(0.,0.178945770332,
0.31277674658,0.438966665084,0.579021863245,0.784426387585,1.),
 .UNSPECIFIED.);
#114=B_SPLINE_CURVE_WITH_KNOTS('',3,(#8144,#8145,#8146,#8147),
 .UNSPECIFIED.,.F.,.F.,(4,4),(2.49999999868422E-5,0.999975000000013),
 .UNSPECIFIED.);
#115=B_SPLINE_CURVE_WITH_KNOTS('',3,(#8157,#8158,#8159,#8160),
 .UNSPECIFIED.,.F.,.F.,(4,4),(2.49999999868422E-5,1.),.UNSPECIFIED.);
#116=B_SPLINE_CURVE_WITH_KNOTS('',3,(#8191,#8192,#8193,#8194,#8195,#8196,
#8197),.UNSPECIFIED.,.F.,.F.,(4,1,1,1,4),(0.,0.257837641022,0.508973269679,
0.749784722616,1.),.UNSPECIFIED.);
#117=B_SPLINE_CURVE_WITH_KNOTS('',3,(#8201,#8202,#8203,#8204,#8205,#8206,
#8207),.UNSPECIFIED.,.F.,.F.,(4,1,1,1,4),(0.,0.250215277384,0.491026730321,
0.742162358978,1.),.UNSPECIFIED.);
#118=B_SPLINE_CURVE_WITH_KNOTS('',3,(#8240,#8241,#8242,#8243,#8244,#8245,
#8246),.UNSPECIFIED.,.F.,.F.,(4,1,1,1,4),(0.,0.246624797429,0.492231305398,
0.744023097515,1.),.UNSPECIFIED.);
#119=B_SPLINE_CURVE_WITH_KNOTS('',3,(#8250,#8251,#8252,#8253,#8254,#8255,
#8256),.UNSPECIFIED.,.F.,.F.,(4,1,1,1,4),(0.,0.255976902485,0.507768694602,
0.753375202571,1.),.UNSPECIFIED.);
#120=B_SPLINE_CURVE_WITH_KNOTS('',3,(#8361,#8362,#8363,#8364,#8365,#8366,
#8367,#8368,#8369),.UNSPECIFIED.,.F.,.F.,(4,1,1,1,1,1,4),(0.,0.156735232353,
0.319890926344,0.497173310921,0.684299766482,0.857187619029,1.),
 .UNSPECIFIED.);
#121=B_SPLINE_CURVE_WITH_KNOTS('',3,(#8373,#8374,#8375,#8376,#8377,#8378,
#8379,#8380,#8381),.UNSPECIFIED.,.F.,.F.,(4,1,1,1,1,1,4),(0.,0.142812380971,
0.315700233518,0.502826689079,0.680109073656,0.843264767647,1.),
 .UNSPECIFIED.);
#122=B_SPLINE_CURVE_WITH_KNOTS('',3,(#8405,#8406,#8407,#8408,#8409,#8410,
#8411,#8412,#8413),.UNSPECIFIED.,.F.,.F.,(4,1,1,1,1,1,4),(0.,0.115228078502,
0.304861561164,0.503494384662,0.687288006854,0.864434357472,1.),
 .UNSPECIFIED.);
#123=B_SPLINE_CURVE_WITH_KNOTS('',3,(#8414,#8415,#8416,#8417,#8418,#8419,
#8420,#8421,#8422),.UNSPECIFIED.,.F.,.F.,(4,1,1,1,1,1,4),(0.,0.135565642528,
0.312711993146,0.496505615338,0.695138438836,0.884771921498,1.),
 .UNSPECIFIED.);
#124=LINE('',#7149,#503);
#125=LINE('',#7184,#504);
#126=LINE('',#7200,#505);
#127=LINE('',#7203,#506);
#128=LINE('',#7204,#507);
#129=LINE('',#7206,#508);
#130=LINE('',#7209,#509);
#131=LINE('',#7210,#510);
#132=LINE('',#7212,#511);
#133=LINE('',#7215,#512);
#134=LINE('',#7216,#513);
#135=LINE('',#7227,#514);
#136=LINE('',#7254,#515);
#137=LINE('',#7279,#516);
#138=LINE('',#7302,#517);
#139=LINE('',#7318,#518);
#140=LINE('',#7321,#519);
#141=LINE('',#7322,#520);
#142=LINE('',#7335,#521);
#143=LINE('',#7351,#522);
#144=LINE('',#7354,#523);
#145=LINE('',#7355,#524);
#146=LINE('',#7357,#525);
#147=LINE('',#7360,#526);
#148=LINE('',#7361,#527);
#149=LINE('',#7363,#528);
#150=LINE('',#7366,#529);
#151=LINE('',#7367,#530);
#152=LINE('',#7400,#531);
#153=LINE('',#7403,#532);
#154=LINE('',#7405,#533);
#155=LINE('',#7407,#534);
#156=LINE('',#7409,#535);
#157=LINE('',#7412,#536);
#158=LINE('',#7413,#537);
#159=LINE('',#7415,#538);
#160=LINE('',#7418,#539);
#161=LINE('',#7419,#540);
#162=LINE('',#7421,#541);
#163=LINE('',#7424,#542);
#164=LINE('',#7425,#543);
#165=LINE('',#7427,#544);
#166=LINE('',#7430,#545);
#167=LINE('',#7431,#546);
#168=LINE('',#7433,#547);
#169=LINE('',#7436,#548);
#170=LINE('',#7437,#549);
#171=LINE('',#7439,#550);
#172=LINE('',#7442,#551);
#173=LINE('',#7443,#552);
#174=LINE('',#7445,#553);
#175=LINE('',#7446,#554);
#176=LINE('',#7448,#555);
#177=LINE('',#7451,#556);
#178=LINE('',#7458,#557);
#179=LINE('',#7460,#558);
#180=LINE('',#7463,#559);
#181=LINE('',#7464,#560);
#182=LINE('',#7472,#561);
#183=LINE('',#7473,#562);
#184=LINE('',#7475,#563);
#185=LINE('',#7497,#564);
#186=LINE('',#7508,#565);
#187=LINE('',#7518,#566);
#188=LINE('',#7521,#567);
#189=LINE('',#7522,#568);
#190=LINE('',#7524,#569);
#191=LINE('',#7527,#570);
#192=LINE('',#7528,#571);
#193=LINE('',#7530,#572);
#194=LINE('',#7531,#573);
#195=LINE('',#7546,#574);
#196=LINE('',#7557,#575);
#197=LINE('',#7567,#576);
#198=LINE('',#7570,#577);
#199=LINE('',#7571,#578);
#200=LINE('',#7573,#579);
#201=LINE('',#7576,#580);
#202=LINE('',#7577,#581);
#203=LINE('',#7579,#582);
#204=LINE('',#7580,#583);
#205=LINE('',#7582,#584);
#206=LINE('',#7585,#585);
#207=LINE('',#7587,#586);
#208=LINE('',#7589,#587);
#209=LINE('',#7591,#588);
#210=LINE('',#7594,#589);
#211=LINE('',#7595,#590);
#212=LINE('',#7597,#591);
#213=LINE('',#7600,#592);
#214=LINE('',#7601,#593);
#215=LINE('',#7603,#594);
#216=LINE('',#7606,#595);
#217=LINE('',#7607,#596);
#218=LINE('',#7609,#597);
#219=LINE('',#7612,#598);
#220=LINE('',#7613,#599);
#221=LINE('',#7615,#600);
#222=LINE('',#7618,#601);
#223=LINE('',#7619,#602);
#224=LINE('',#7621,#603);
#225=LINE('',#7624,#604);
#226=LINE('',#7625,#605);
#227=LINE('',#7627,#606);
#228=LINE('',#7630,#607);
#229=LINE('',#7631,#608);
#230=LINE('',#7633,#609);
#231=LINE('',#7636,#610);
#232=LINE('',#7637,#611);
#233=LINE('',#7639,#612);
#234=LINE('',#7642,#613);
#235=LINE('',#7643,#614);
#236=LINE('',#7645,#615);
#237=LINE('',#7648,#616);
#238=LINE('',#7649,#617);
#239=LINE('',#7651,#618);
#240=LINE('',#7652,#619);
#241=LINE('',#7654,#620);
#242=LINE('',#7657,#621);
#243=LINE('',#7659,#622);
#244=LINE('',#7661,#623);
#245=LINE('',#7663,#624);
#246=LINE('',#7666,#625);
#247=LINE('',#7667,#626);
#248=LINE('',#7669,#627);
#249=LINE('',#7672,#628);
#250=LINE('',#7673,#629);
#251=LINE('',#7675,#630);
#252=LINE('',#7678,#631);
#253=LINE('',#7679,#632);
#254=LINE('',#7688,#633);
#255=LINE('',#7702,#634);
#256=LINE('',#7705,#635);
#257=LINE('',#7706,#636);
#258=LINE('',#7715,#637);
#259=LINE('',#7729,#638);
#260=LINE('',#7732,#639);
#261=LINE('',#7733,#640);
#262=LINE('',#7735,#641);
#263=LINE('',#7738,#642);
#264=LINE('',#7739,#643);
#265=LINE('',#7747,#644);
#266=LINE('',#7748,#645);
#267=LINE('',#7756,#646);
#268=LINE('',#7757,#647);
#269=LINE('',#7759,#648);
#270=LINE('',#7760,#649);
#271=LINE('',#7781,#650);
#272=LINE('',#7798,#651);
#273=LINE('',#7814,#652);
#274=LINE('',#7817,#653);
#275=LINE('',#7818,#654);
#276=LINE('',#7839,#655);
#277=LINE('',#7867,#656);
#278=LINE('',#7868,#657);
#279=LINE('',#7879,#658);
#280=LINE('',#7888,#659);
#281=LINE('',#7896,#660);
#282=LINE('',#7898,#661);
#283=LINE('',#7900,#662);
#284=LINE('',#7917,#663);
#285=LINE('',#7925,#664);
#286=LINE('',#7927,#665);
#287=LINE('',#7929,#666);
#288=LINE('',#7931,#667);
#289=LINE('',#7933,#668);
#290=LINE('',#7935,#669);
#291=LINE('',#7948,#670);
#292=LINE('',#7959,#671);
#293=LINE('',#7969,#672);
#294=LINE('',#7970,#673);
#295=LINE('',#7972,#674);
#296=LINE('',#7975,#675);
#297=LINE('',#7977,#676);
#298=LINE('',#7979,#677);
#299=LINE('',#7994,#678);
#300=LINE('',#8016,#679);
#301=LINE('',#8017,#680);
#302=LINE('',#8019,#681);
#303=LINE('',#8022,#682);
#304=LINE('',#8024,#683);
#305=LINE('',#8026,#684);
#306=LINE('',#8028,#685);
#307=LINE('',#8031,#686);
#308=LINE('',#8032,#687);
#309=LINE('',#8034,#688);
#310=LINE('',#8037,#689);
#311=LINE('',#8038,#690);
#312=LINE('',#8040,#691);
#313=LINE('',#8043,#692);
#314=LINE('',#8044,#693);
#315=LINE('',#8046,#694);
#316=LINE('',#8049,#695);
#317=LINE('',#8050,#696);
#318=LINE('',#8052,#697);
#319=LINE('',#8055,#698);
#320=LINE('',#8056,#699);
#321=LINE('',#8058,#700);
#322=LINE('',#8061,#701);
#323=LINE('',#8062,#702);
#324=LINE('',#8064,#703);
#325=LINE('',#8067,#704);
#326=LINE('',#8068,#705);
#327=LINE('',#8070,#706);
#328=LINE('',#8073,#707);
#329=LINE('',#8074,#708);
#330=LINE('',#8076,#709);
#331=LINE('',#8079,#710);
#332=LINE('',#8080,#711);
#333=LINE('',#8082,#712);
#334=LINE('',#8085,#713);
#335=LINE('',#8086,#714);
#336=LINE('',#8088,#715);
#337=LINE('',#8089,#716);
#338=LINE('',#8091,#717);
#339=LINE('',#8094,#718);
#340=LINE('',#8096,#719);
#341=LINE('',#8098,#720);
#342=LINE('',#8100,#721);
#343=LINE('',#8103,#722);
#344=LINE('',#8104,#723);
#345=LINE('',#8106,#724);
#346=LINE('',#8109,#725);
#347=LINE('',#8110,#726);
#348=LINE('',#8112,#727);
#349=LINE('',#8115,#728);
#350=LINE('',#8116,#729);
#351=LINE('',#8118,#730);
#352=LINE('',#8121,#731);
#353=LINE('',#8122,#732);
#354=LINE('',#8124,#733);
#355=LINE('',#8127,#734);
#356=LINE('',#8128,#735);
#357=LINE('',#8130,#736);
#358=LINE('',#8133,#737);
#359=LINE('',#8134,#738);
#360=LINE('',#8136,#739);
#361=LINE('',#8137,#740);
#362=LINE('',#8139,#741);
#363=LINE('',#8142,#742);
#364=LINE('',#8149,#743);
#365=LINE('',#8151,#744);
#366=LINE('',#8154,#745);
#367=LINE('',#8155,#746);
#368=LINE('',#8163,#747);
#369=LINE('',#8164,#748);
#370=LINE('',#8166,#749);
#371=LINE('',#8188,#750);
#372=LINE('',#8199,#751);
#373=LINE('',#8209,#752);
#374=LINE('',#8212,#753);
#375=LINE('',#8213,#754);
#376=LINE('',#8215,#755);
#377=LINE('',#8218,#756);
#378=LINE('',#8219,#757);
#379=LINE('',#8221,#758);
#380=LINE('',#8222,#759);
#381=LINE('',#8237,#760);
#382=LINE('',#8248,#761);
#383=LINE('',#8258,#762);
#384=LINE('',#8261,#763);
#385=LINE('',#8262,#764);
#386=LINE('',#8264,#765);
#387=LINE('',#8267,#766);
#388=LINE('',#8268,#767);
#389=LINE('',#8270,#768);
#390=LINE('',#8271,#769);
#391=LINE('',#8273,#770);
#392=LINE('',#8276,#771);
#393=LINE('',#8278,#772);
#394=LINE('',#8280,#773);
#395=LINE('',#8282,#774);
#396=LINE('',#8285,#775);
#397=LINE('',#8286,#776);
#398=LINE('',#8288,#777);
#399=LINE('',#8291,#778);
#400=LINE('',#8292,#779);
#401=LINE('',#8294,#780);
#402=LINE('',#8297,#781);
#403=LINE('',#8298,#782);
#404=LINE('',#8300,#783);
#405=LINE('',#8303,#784);
#406=LINE('',#8304,#785);
#407=LINE('',#8306,#786);
#408=LINE('',#8309,#787);
#409=LINE('',#8310,#788);
#410=LINE('',#8312,#789);
#411=LINE('',#8315,#790);
#412=LINE('',#8316,#791);
#413=LINE('',#8318,#792);
#414=LINE('',#8321,#793);
#415=LINE('',#8322,#794);
#416=LINE('',#8324,#795);
#417=LINE('',#8327,#796);
#418=LINE('',#8328,#797);
#419=LINE('',#8330,#798);
#420=LINE('',#8333,#799);
#421=LINE('',#8334,#800);
#422=LINE('',#8336,#801);
#423=LINE('',#8339,#802);
#424=LINE('',#8340,#803);
#425=LINE('',#8342,#804);
#426=LINE('',#8343,#805);
#427=LINE('',#8358,#806);
#428=LINE('',#8371,#807);
#429=LINE('',#8383,#808);
#430=LINE('',#8386,#809);
#431=LINE('',#8387,#810);
#432=LINE('',#8402,#811);
#433=LINE('',#8424,#812);
#434=LINE('',#8425,#813);
#435=LINE('',#8427,#814);
#436=LINE('',#8430,#815);
#437=LINE('',#8432,#816);
#438=LINE('',#8434,#817);
#439=LINE('',#8436,#818);
#440=LINE('',#8439,#819);
#441=LINE('',#8440,#820);
#442=LINE('',#8442,#821);
#443=LINE('',#8445,#822);
#444=LINE('',#8446,#823);
#445=LINE('',#8448,#824);
#446=LINE('',#8451,#825);
#447=LINE('',#8452,#826);
#448=LINE('',#8454,#827);
#449=LINE('',#8457,#828);
#450=LINE('',#8458,#829);
#451=LINE('',#8460,#830);
#452=LINE('',#8461,#831);
#453=LINE('',#8471,#832);
#454=LINE('',#8579,#833);
#455=LINE('',#8582,#834);
#456=LINE('',#8584,#835);
#457=LINE('',#8586,#836);
#458=LINE('',#8588,#837);
#459=LINE('',#8591,#838);
#460=LINE('',#8592,#839);
#461=LINE('',#8594,#840);
#462=LINE('',#8597,#841);
#463=LINE('',#8598,#842);
#464=LINE('',#8600,#843);
#465=LINE('',#8601,#844);
#466=LINE('',#8604,#845);
#467=LINE('',#8607,#846);
#468=LINE('',#8609,#847);
#469=LINE('',#8611,#848);
#470=LINE('',#8613,#849);
#471=LINE('',#8615,#850);
#472=LINE('',#8617,#851);
#473=LINE('',#8619,#852);
#474=LINE('',#8621,#853);
#475=LINE('',#8623,#854);
#476=LINE('',#8625,#855);
#477=LINE('',#8627,#856);
#478=LINE('',#8629,#857);
#479=LINE('',#8631,#858);
#480=LINE('',#8633,#859);
#481=LINE('',#8635,#860);
#482=LINE('',#8637,#861);
#483=LINE('',#8639,#862);
#484=LINE('',#8641,#863);
#485=LINE('',#8643,#864);
#486=LINE('',#8645,#865);
#487=LINE('',#8647,#866);
#488=LINE('',#8649,#867);
#489=LINE('',#8651,#868);
#490=LINE('',#8653,#869);
#491=LINE('',#8655,#870);
#492=LINE('',#8657,#871);
#493=LINE('',#8659,#872);
#494=LINE('',#8661,#873);
#495=LINE('',#8663,#874);
#496=LINE('',#8665,#875);
#497=LINE('',#8667,#876);
#498=LINE('',#8669,#877);
#499=LINE('',#8671,#878);
#500=LINE('',#8673,#879);
#501=LINE('',#8675,#880);
#502=LINE('',#8728,#881);
#503=VECTOR('',#5920,1.);
#504=VECTOR('',#5921,1.);
#505=VECTOR('',#5924,1.);
#506=VECTOR('',#5925,1.);
#507=VECTOR('',#5926,1.);
#508=VECTOR('',#5929,1.);
#509=VECTOR('',#5930,1.);
#510=VECTOR('',#5931,1.);
#511=VECTOR('',#5934,1.);
#512=VECTOR('',#5935,1.);
#513=VECTOR('',#5936,1.);
#514=VECTOR('',#5937,1.);
#515=VECTOR('',#5938,1.);
#516=VECTOR('',#5939,1.);
#517=VECTOR('',#5940,1.);
#518=VECTOR('',#5943,1.);
#519=VECTOR('',#5944,1.);
#520=VECTOR('',#5945,1.);
#521=VECTOR('',#5946,1.);
#522=VECTOR('',#5949,1.);
#523=VECTOR('',#5950,1.);
#524=VECTOR('',#5951,1.);
#525=VECTOR('',#5954,1.);
#526=VECTOR('',#5955,1.);
#527=VECTOR('',#5956,1.);
#528=VECTOR('',#5959,1.);
#529=VECTOR('',#5960,1.);
#530=VECTOR('',#5961,1.);
#531=VECTOR('',#5970,1.);
#532=VECTOR('',#5971,1.);
#533=VECTOR('',#5972,1.);
#534=VECTOR('',#5973,1.);
#535=VECTOR('',#5976,1.);
#536=VECTOR('',#5977,1.);
#537=VECTOR('',#5978,1.);
#538=VECTOR('',#5981,1.);
#539=VECTOR('',#5982,1.);
#540=VECTOR('',#5983,1.);
#541=VECTOR('',#5986,1.);
#542=VECTOR('',#5987,1.);
#543=VECTOR('',#5988,1.);
#544=VECTOR('',#5991,1.);
#545=VECTOR('',#5992,1.);
#546=VECTOR('',#5993,1.);
#547=VECTOR('',#5996,1.);
#548=VECTOR('',#5997,1.);
#549=VECTOR('',#5998,1.);
#550=VECTOR('',#6001,1.);
#551=VECTOR('',#6002,1.);
#552=VECTOR('',#6003,1.);
#553=VECTOR('',#6006,1.);
#554=VECTOR('',#6007,1.);
#555=VECTOR('',#6010,1.);
#556=VECTOR('',#6011,1.);
#557=VECTOR('',#6012,1.);
#558=VECTOR('',#6015,1.);
#559=VECTOR('',#6016,1.);
#560=VECTOR('',#6017,1.);
#561=VECTOR('',#6020,1.);
#562=VECTOR('',#6021,1.);
#563=VECTOR('',#6024,1.);
#564=VECTOR('',#6035,1.);
#565=VECTOR('',#6036,1.);
#566=VECTOR('',#6039,1.);
#567=VECTOR('',#6040,1.);
#568=VECTOR('',#6041,1.);
#569=VECTOR('',#6044,1.);
#570=VECTOR('',#6045,1.);
#571=VECTOR('',#6046,1.);
#572=VECTOR('',#6049,1.);
#573=VECTOR('',#6050,1.);
#574=VECTOR('',#6051,1.);
#575=VECTOR('',#6052,1.);
#576=VECTOR('',#6055,1.);
#577=VECTOR('',#6056,1.);
#578=VECTOR('',#6057,1.);
#579=VECTOR('',#6060,1.);
#580=VECTOR('',#6061,1.);
#581=VECTOR('',#6062,1.);
#582=VECTOR('',#6065,1.);
#583=VECTOR('',#6066,1.);
#584=VECTOR('',#6069,1.);
#585=VECTOR('',#6070,1.);
#586=VECTOR('',#6071,1.);
#587=VECTOR('',#6072,1.);
#588=VECTOR('',#6075,1.);
#589=VECTOR('',#6076,1.);
#590=VECTOR('',#6077,1.);
#591=VECTOR('',#6080,1.);
#592=VECTOR('',#6081,1.);
#593=VECTOR('',#6082,1.);
#594=VECTOR('',#6085,1.);
#595=VECTOR('',#6086,1.);
#596=VECTOR('',#6087,1.);
#597=VECTOR('',#6090,1.);
#598=VECTOR('',#6091,1.);
#599=VECTOR('',#6092,1.);
#600=VECTOR('',#6095,1.);
#601=VECTOR('',#6096,1.);
#602=VECTOR('',#6097,1.);
#603=VECTOR('',#6100,1.);
#604=VECTOR('',#6101,1.);
#605=VECTOR('',#6102,1.);
#606=VECTOR('',#6105,1.);
#607=VECTOR('',#6106,1.);
#608=VECTOR('',#6107,1.);
#609=VECTOR('',#6110,1.);
#610=VECTOR('',#6111,1.);
#611=VECTOR('',#6112,1.);
#612=VECTOR('',#6115,1.);
#613=VECTOR('',#6116,1.);
#614=VECTOR('',#6117,1.);
#615=VECTOR('',#6120,1.);
#616=VECTOR('',#6121,1.);
#617=VECTOR('',#6122,1.);
#618=VECTOR('',#6125,1.);
#619=VECTOR('',#6126,1.);
#620=VECTOR('',#6129,1.);
#621=VECTOR('',#6130,1.);
#622=VECTOR('',#6131,1.);
#623=VECTOR('',#6132,1.);
#624=VECTOR('',#6135,1.);
#625=VECTOR('',#6136,1.);
#626=VECTOR('',#6137,1.);
#627=VECTOR('',#6140,1.);
#628=VECTOR('',#6141,1.);
#629=VECTOR('',#6142,1.);
#630=VECTOR('',#6145,1.);
#631=VECTOR('',#6146,1.);
#632=VECTOR('',#6147,1.);
#633=VECTOR('',#6148,1.);
#634=VECTOR('',#6151,1.);
#635=VECTOR('',#6152,1.);
#636=VECTOR('',#6153,1.);
#637=VECTOR('',#6154,1.);
#638=VECTOR('',#6157,1.);
#639=VECTOR('',#6158,1.);
#640=VECTOR('',#6159,1.);
#641=VECTOR('',#6162,1.);
#642=VECTOR('',#6163,1.);
#643=VECTOR('',#6164,1.);
#644=VECTOR('',#6167,1.);
#645=VECTOR('',#6168,1.);
#646=VECTOR('',#6171,1.);
#647=VECTOR('',#6172,1.);
#648=VECTOR('',#6175,1.);
#649=VECTOR('',#6176,1.);
#650=VECTOR('',#6177,1.);
#651=VECTOR('',#6178,1.);
#652=VECTOR('',#6181,1.);
#653=VECTOR('',#6182,1.);
#654=VECTOR('',#6183,1.);
#655=VECTOR('',#6184,1.);
#656=VECTOR('',#6187,1.);
#657=VECTOR('',#6188,1.);
#658=VECTOR('',#6189,1.);
#659=VECTOR('',#6190,1.);
#660=VECTOR('',#6193,1.);
#661=VECTOR('',#6194,1.);
#662=VECTOR('',#6195,1.);
#663=VECTOR('',#6196,1.);
#664=VECTOR('',#6199,1.);
#665=VECTOR('',#6200,1.);
#666=VECTOR('',#6201,1.);
#667=VECTOR('',#6204,1.);
#668=VECTOR('',#6205,1.);
#669=VECTOR('',#6206,1.);
#670=VECTOR('',#6207,1.);
#671=VECTOR('',#6208,1.);
#672=VECTOR('',#6211,1.);
#673=VECTOR('',#6212,1.);
#674=VECTOR('',#6215,1.);
#675=VECTOR('',#6216,1.);
#676=VECTOR('',#6217,1.);
#677=VECTOR('',#6218,1.);
#678=VECTOR('',#6219,1.);
#679=VECTOR('',#6222,1.);
#680=VECTOR('',#6223,1.);
#681=VECTOR('',#6226,1.);
#682=VECTOR('',#6227,1.);
#683=VECTOR('',#6228,1.);
#684=VECTOR('',#6229,1.);
#685=VECTOR('',#6232,1.);
#686=VECTOR('',#6233,1.);
#687=VECTOR('',#6234,1.);
#688=VECTOR('',#6237,1.);
#689=VECTOR('',#6238,1.);
#690=VECTOR('',#6239,1.);
#691=VECTOR('',#6242,1.);
#692=VECTOR('',#6243,1.);
#693=VECTOR('',#6244,1.);
#694=VECTOR('',#6247,1.);
#695=VECTOR('',#6248,1.);
#696=VECTOR('',#6249,1.);
#697=VECTOR('',#6252,1.);
#698=VECTOR('',#6253,1.);
#699=VECTOR('',#6254,1.);
#700=VECTOR('',#6257,1.);
#701=VECTOR('',#6258,1.);
#702=VECTOR('',#6259,1.);
#703=VECTOR('',#6262,1.);
#704=VECTOR('',#6263,1.);
#705=VECTOR('',#6264,1.);
#706=VECTOR('',#6267,1.);
#707=VECTOR('',#6268,1.);
#708=VECTOR('',#6269,1.);
#709=VECTOR('',#6272,1.);
#710=VECTOR('',#6273,1.);
#711=VECTOR('',#6274,1.);
#712=VECTOR('',#6277,1.);
#713=VECTOR('',#6278,1.);
#714=VECTOR('',#6279,1.);
#715=VECTOR('',#6282,1.);
#716=VECTOR('',#6283,1.);
#717=VECTOR('',#6286,1.);
#718=VECTOR('',#6287,1.);
#719=VECTOR('',#6288,1.);
#720=VECTOR('',#6289,1.);
#721=VECTOR('',#6292,1.);
#722=VECTOR('',#6293,1.);
#723=VECTOR('',#6294,1.);
#724=VECTOR('',#6297,1.);
#725=VECTOR('',#6298,1.);
#726=VECTOR('',#6299,1.);
#727=VECTOR('',#6302,1.);
#728=VECTOR('',#6303,1.);
#729=VECTOR('',#6304,1.);
#730=VECTOR('',#6307,1.);
#731=VECTOR('',#6308,1.);
#732=VECTOR('',#6309,1.);
#733=VECTOR('',#6312,1.);
#734=VECTOR('',#6313,1.);
#735=VECTOR('',#6314,1.);
#736=VECTOR('',#6317,1.);
#737=VECTOR('',#6318,1.);
#738=VECTOR('',#6319,1.);
#739=VECTOR('',#6322,1.);
#740=VECTOR('',#6323,1.);
#741=VECTOR('',#6326,1.);
#742=VECTOR('',#6327,1.);
#743=VECTOR('',#6328,1.);
#744=VECTOR('',#6331,1.);
#745=VECTOR('',#6332,1.);
#746=VECTOR('',#6333,1.);
#747=VECTOR('',#6336,1.);
#748=VECTOR('',#6337,1.);
#749=VECTOR('',#6340,1.);
#750=VECTOR('',#6351,1.);
#751=VECTOR('',#6352,1.);
#752=VECTOR('',#6355,1.);
#753=VECTOR('',#6356,1.);
#754=VECTOR('',#6357,1.);
#755=VECTOR('',#6360,1.);
#756=VECTOR('',#6361,1.);
#757=VECTOR('',#6362,1.);
#758=VECTOR('',#6365,1.);
#759=VECTOR('',#6366,1.);
#760=VECTOR('',#6367,1.);
#761=VECTOR('',#6368,1.);
#762=VECTOR('',#6371,1.);
#763=VECTOR('',#6372,1.);
#764=VECTOR('',#6373,1.);
#765=VECTOR('',#6376,1.);
#766=VECTOR('',#6377,1.);
#767=VECTOR('',#6378,1.);
#768=VECTOR('',#6381,1.);
#769=VECTOR('',#6382,1.);
#770=VECTOR('',#6385,1.);
#771=VECTOR('',#6386,1.);
#772=VECTOR('',#6387,1.);
#773=VECTOR('',#6388,1.);
#774=VECTOR('',#6391,1.);
#775=VECTOR('',#6392,1.);
#776=VECTOR('',#6393,1.);
#777=VECTOR('',#6396,1.);
#778=VECTOR('',#6397,1.);
#779=VECTOR('',#6398,1.);
#780=VECTOR('',#6401,1.);
#781=VECTOR('',#6402,1.);
#782=VECTOR('',#6403,1.);
#783=VECTOR('',#6406,1.);
#784=VECTOR('',#6407,1.);
#785=VECTOR('',#6408,1.);
#786=VECTOR('',#6411,1.);
#787=VECTOR('',#6412,1.);
#788=VECTOR('',#6413,1.);
#789=VECTOR('',#6416,1.);
#790=VECTOR('',#6417,1.);
#791=VECTOR('',#6418,1.);
#792=VECTOR('',#6421,1.);
#793=VECTOR('',#6422,1.);
#794=VECTOR('',#6423,1.);
#795=VECTOR('',#6426,1.);
#796=VECTOR('',#6427,1.);
#797=VECTOR('',#6428,1.);
#798=VECTOR('',#6431,1.);
#799=VECTOR('',#6432,1.);
#800=VECTOR('',#6433,1.);
#801=VECTOR('',#6436,1.);
#802=VECTOR('',#6437,1.);
#803=VECTOR('',#6438,1.);
#804=VECTOR('',#6441,1.);
#805=VECTOR('',#6442,1.);
#806=VECTOR('',#6443,1.);
#807=VECTOR('',#6444,1.);
#808=VECTOR('',#6447,1.);
#809=VECTOR('',#6448,1.);
#810=VECTOR('',#6449,1.);
#811=VECTOR('',#6450,1.);
#812=VECTOR('',#6453,1.);
#813=VECTOR('',#6454,1.);
#814=VECTOR('',#6457,1.);
#815=VECTOR('',#6458,1.);
#816=VECTOR('',#6459,1.);
#817=VECTOR('',#6460,1.);
#818=VECTOR('',#6463,1.);
#819=VECTOR('',#6464,1.);
#820=VECTOR('',#6465,1.);
#821=VECTOR('',#6468,1.);
#822=VECTOR('',#6469,1.);
#823=VECTOR('',#6470,1.);
#824=VECTOR('',#6473,1.);
#825=VECTOR('',#6474,1.);
#826=VECTOR('',#6475,1.);
#827=VECTOR('',#6478,1.);
#828=VECTOR('',#6479,1.);
#829=VECTOR('',#6480,1.);
#830=VECTOR('',#6483,1.);
#831=VECTOR('',#6484,1.);
#832=VECTOR('',#6501,1.);
#833=VECTOR('',#6638,1.);
#834=VECTOR('',#6639,1.);
#835=VECTOR('',#6640,1.);
#836=VECTOR('',#6641,1.);
#837=VECTOR('',#6644,1.);
#838=VECTOR('',#6645,1.);
#839=VECTOR('',#6646,1.);
#840=VECTOR('',#6649,1.);
#841=VECTOR('',#6650,1.);
#842=VECTOR('',#6651,1.);
#843=VECTOR('',#6654,1.);
#844=VECTOR('',#6655,1.);
#845=VECTOR('',#6660,1.);
#846=VECTOR('',#6661,1.);
#847=VECTOR('',#6662,1.);
#848=VECTOR('',#6663,1.);
#849=VECTOR('',#6664,1.);
#850=VECTOR('',#6665,1.);
#851=VECTOR('',#6666,1.);
#852=VECTOR('',#6667,1.);
#853=VECTOR('',#6668,1.);
#854=VECTOR('',#6669,1.);
#855=VECTOR('',#6670,1.);
#856=VECTOR('',#6671,1.);
#857=VECTOR('',#6674,1.);
#858=VECTOR('',#6675,1.);
#859=VECTOR('',#6676,1.);
#860=VECTOR('',#6679,1.);
#861=VECTOR('',#6680,1.);
#862=VECTOR('',#6683,1.);
#863=VECTOR('',#6684,1.);
#864=VECTOR('',#6687,1.);
#865=VECTOR('',#6688,1.);
#866=VECTOR('',#6691,1.);
#867=VECTOR('',#6692,1.);
#868=VECTOR('',#6695,1.);
#869=VECTOR('',#6696,1.);
#870=VECTOR('',#6699,1.);
#871=VECTOR('',#6700,1.);
#872=VECTOR('',#6703,1.);
#873=VECTOR('',#6704,1.);
#874=VECTOR('',#6707,1.);
#875=VECTOR('',#6708,1.);
#876=VECTOR('',#6711,1.);
#877=VECTOR('',#6712,1.);
#878=VECTOR('',#6715,1.);
#879=VECTOR('',#6716,1.);
#880=VECTOR('',#6719,1.);
#881=VECTOR('',#6794,1.);
#882=B_SPLINE_SURFACE_WITH_KNOTS('',3,1,((#7135,#7136),(#7137,#7138),(#7139,
#7140),(#7141,#7142),(#7143,#7144),(#7145,#7146),(#7147,#7148)),
 .SURF_OF_LINEAR_EXTRUSION.,.F.,.F.,.F.,(4,1,1,1,4),(2,2),(0.0134758961325033,
0.256744563061507,0.500013229990511,0.743281896919515,0.986550563848518),
(0.,1.),.UNSPECIFIED.);
#883=B_SPLINE_SURFACE_WITH_KNOTS('',3,1,((#7174,#7175),(#7176,#7177),(#7178,
#7179),(#7180,#7181),(#7182,#7183)),.SURF_OF_LINEAR_EXTRUSION.,.F.,.F.,
 .F.,(4,1,4),(2,2),(0.0249562721810313,0.500067142573918,0.975178012966805),
(0.,1.),.UNSPECIFIED.);
#884=B_SPLINE_SURFACE_WITH_KNOTS('',3,1,((#7217,#7218),(#7219,#7220),(#7221,
#7222),(#7223,#7224),(#7225,#7226)),.SURF_OF_LINEAR_EXTRUSION.,.F.,.F.,
 .F.,(4,1,4),(2,2),(0.0324946306691226,0.500153426875598,0.967812223082073),
(0.,1.),.UNSPECIFIED.);
#885=B_SPLINE_SURFACE_WITH_KNOTS('',3,1,((#7240,#7241),(#7242,#7243),(#7244,
#7245),(#7246,#7247),(#7248,#7249),(#7250,#7251),(#7252,#7253)),
 .SURF_OF_LINEAR_EXTRUSION.,.F.,.F.,.F.,(4,1,1,1,4),(2,2),(0.0217868337761505,
0.260966384338313,0.500145934900476,0.739325485462639,0.978505036024802),
(0.,1.),.UNSPECIFIED.);
#886=B_SPLINE_SURFACE_WITH_KNOTS('',3,1,((#7269,#7270),(#7271,#7272),(#7273,
#7274),(#7275,#7276),(#7277,#7278)),.SURF_OF_LINEAR_EXTRUSION.,.F.,.F.,
 .F.,(4,1,4),(2,2),(0.0191464513986416,0.500082291269923,0.981018131141205),
(0.,1.),.UNSPECIFIED.);
#887=B_SPLINE_SURFACE_WITH_KNOTS('',3,1,((#7292,#7293),(#7294,#7295),(#7296,
#7297),(#7298,#7299),(#7300,#7301)),.SURF_OF_LINEAR_EXTRUSION.,.F.,.F.,
 .F.,(4,1,4),(2,2),(0.0294956870336221,0.500070094398761,0.9706445017639),
(0.,1.),.UNSPECIFIED.);
#888=B_SPLINE_SURFACE_WITH_KNOTS('',3,1,((#7323,#7324),(#7325,#7326),(#7327,
#7328),(#7329,#7330),(#7331,#7332),(#7333,#7334)),
 .SURF_OF_LINEAR_EXTRUSION.,.F.,.F.,.F.,(4,1,1,4),(2,2),(0.0648457337884184,
0.282216804947685,0.499587876106951,0.934330018425483),(0.,1.),
 .UNSPECIFIED.);
#889=B_SPLINE_SURFACE_WITH_KNOTS('',3,1,((#7368,#7369),(#7370,#7371),(#7372,
#7373),(#7374,#7375),(#7376,#7377)),.SURF_OF_LINEAR_EXTRUSION.,.F.,.F.,
 .F.,(4,1,4),(2,2),(0.0178004691067307,0.500047457488392,0.982294445870053),
(0.,1.),.UNSPECIFIED.);
#890=B_SPLINE_SURFACE_WITH_KNOTS('',3,1,((#7483,#7484),(#7485,#7486),(#7487,
#7488),(#7489,#7490),(#7491,#7492),(#7493,#7494),(#7495,#7496)),
 .SURF_OF_LINEAR_EXTRUSION.,.F.,.F.,.F.,(4,1,1,1,4),(2,2),(0.0283185348607547,
0.264299395524413,0.500280256188072,0.73626111685173,0.972241977515389),
(0.,1.),.UNSPECIFIED.);
#891=B_SPLINE_SURFACE_WITH_KNOTS('',3,1,((#7532,#7533),(#7534,#7535),(#7536,
#7537),(#7538,#7539),(#7540,#7541),(#7542,#7543),(#7544,#7545)),
 .SURF_OF_LINEAR_EXTRUSION.,.F.,.F.,.F.,(4,1,1,1,4),(2,2),(0.0364787083806873,
0.268560813352787,0.500642918324886,0.732725023296986,0.964807128269085),
(0.,1.),.UNSPECIFIED.);
#892=B_SPLINE_SURFACE_WITH_KNOTS('',3,1,((#7680,#7681),(#7682,#7683),(#7684,
#7685),(#7686,#7687)),.SURF_OF_LINEAR_EXTRUSION.,.F.,.F.,.F.,(4,4),(2,2),
(0.149827904973527,0.861768380334483),(0.,1.),.PIECEWISE_BEZIER_KNOTS.);
#893=B_SPLINE_SURFACE_WITH_KNOTS('',3,1,((#7707,#7708),(#7709,#7710),(#7711,
#7712),(#7713,#7714)),.SURF_OF_LINEAR_EXTRUSION.,.F.,.F.,.F.,(4,4),(2,2),
(0.0961202140133933,0.908861170751398),(0.,1.),.PIECEWISE_BEZIER_KNOTS.);
#894=B_SPLINE_SURFACE_WITH_KNOTS('',3,1,((#7761,#7762),(#7763,#7764),(#7765,
#7766),(#7767,#7768),(#7769,#7770),(#7771,#7772),(#7773,#7774),(#7775,#7776),
(#7777,#7778),(#7779,#7780)),.SURF_OF_LINEAR_EXTRUSION.,.F.,.F.,.F.,(4,
1,1,1,1,1,1,4),(2,2),(0.0300081295110167,0.147483858047505,0.264959586583993,
0.382435315120481,0.499911043656969,0.617386772193457,0.734862500729946,
0.969813957802922),(0.,1.),.UNSPECIFIED.);
#895=B_SPLINE_SURFACE_WITH_KNOTS('',3,1,((#7819,#7820),(#7821,#7822),(#7823,
#7824),(#7825,#7826),(#7827,#7828),(#7829,#7830),(#7831,#7832),(#7833,#7834),
(#7835,#7836),(#7837,#7838)),.SURF_OF_LINEAR_EXTRUSION.,.F.,.F.,.F.,(4,
1,1,1,1,1,1,4),(2,2),(0.0305128557478133,0.14787373781566,0.265234619883506,
0.382595501951353,0.499956384019199,0.617317266087046,0.734678148154892,
0.969399912290585),(0.,1.),.UNSPECIFIED.);
#896=B_SPLINE_SURFACE_WITH_KNOTS('',3,1,((#7869,#7870),(#7871,#7872),(#7873,
#7874),(#7875,#7876),(#7877,#7878)),.SURF_OF_LINEAR_EXTRUSION.,.F.,.F.,
 .F.,(4,1,4),(2,2),(0.0862267721629735,0.502357779101272,0.91848878603957),
(0.,1.),.UNSPECIFIED.);
#897=B_SPLINE_SURFACE_WITH_KNOTS('',3,1,((#7901,#7902),(#7903,#7904),(#7905,
#7906),(#7907,#7908),(#7909,#7910)),.SURF_OF_LINEAR_EXTRUSION.,.F.,.F.,
 .F.,(4,1,4),(2,2),(0.0682492794933465,0.500600027018498,0.93295077454365),
(0.,1.),.UNSPECIFIED.);
#898=B_SPLINE_SURFACE_WITH_KNOTS('',3,1,((#7936,#7937),(#7938,#7939),(#7940,
#7941),(#7942,#7943),(#7944,#7945),(#7946,#7947)),
 .SURF_OF_LINEAR_EXTRUSION.,.F.,.F.,.F.,(4,1,1,4),(2,2),(0.0477242434935887,
0.500809124132122,0.727351564451389,0.953894004770655),(0.,1.),
 .UNSPECIFIED.);
#899=B_SPLINE_SURFACE_WITH_KNOTS('',3,1,((#7980,#7981),(#7982,#7983),(#7984,
#7985),(#7986,#7987),(#7988,#7989),(#7990,#7991),(#7992,#7993)),
 .SURF_OF_LINEAR_EXTRUSION.,.F.,.F.,.F.,(4,1,1,1,4),(2,2),(0.0616202914138196,
0.281994868401594,0.502369445389368,0.722744022377142,0.943118599364916),
(0.,1.),.UNSPECIFIED.);
#900=B_SPLINE_SURFACE_WITH_KNOTS('',3,1,((#8174,#8175),(#8176,#8177),(#8178,
#8179),(#8180,#8181),(#8182,#8183),(#8184,#8185),(#8186,#8187)),
 .SURF_OF_LINEAR_EXTRUSION.,.F.,.F.,.F.,(4,1,1,1,4),(2,2),(0.0283185348608039,
0.264299395524423,0.500280256188041,0.73626111685166,0.972241977515278),
(0.,1.),.UNSPECIFIED.);
#901=B_SPLINE_SURFACE_WITH_KNOTS('',3,1,((#8223,#8224),(#8225,#8226),(#8227,
#8228),(#8229,#8230),(#8231,#8232),(#8233,#8234),(#8235,#8236)),
 .SURF_OF_LINEAR_EXTRUSION.,.F.,.F.,.F.,(4,1,1,1,4),(2,2),(0.0364787083807105,
0.268560813352848,0.500642918324986,0.732725023297123,0.964807128269261),
(0.,1.),.UNSPECIFIED.);
#902=B_SPLINE_SURFACE_WITH_KNOTS('',3,1,((#8344,#8345),(#8346,#8347),(#8348,
#8349),(#8350,#8351),(#8352,#8353),(#8354,#8355),(#8356,#8357)),
 .SURF_OF_LINEAR_EXTRUSION.,.F.,.F.,.F.,(4,1,1,1,4),(2,2),(0.0264088293107955,
0.263234286813805,0.500059744316813,0.736885201819822,0.973710659322831),
(0.,1.),.UNSPECIFIED.);
#903=B_SPLINE_SURFACE_WITH_KNOTS('',3,1,((#8388,#8389),(#8390,#8391),(#8392,
#8393),(#8394,#8395),(#8396,#8397),(#8398,#8399),(#8400,#8401)),
 .SURF_OF_LINEAR_EXTRUSION.,.F.,.F.,.F.,(4,1,1,1,4),(2,2),(0.0216512433429229,
0.260805706800391,0.49996017025786,0.739114633715328,0.978269097172797),
(0.,1.),.UNSPECIFIED.);
#904=CONTEXT_DEPENDENT_SHAPE_REPRESENTATION(#946,#8976);
#905=CONTEXT_DEPENDENT_SHAPE_REPRESENTATION(#947,#8978);
#906=CONTEXT_DEPENDENT_SHAPE_REPRESENTATION(#948,#8980);
#907=CONTEXT_DEPENDENT_SHAPE_REPRESENTATION(#949,#8982);
#908=CONTEXT_DEPENDENT_SHAPE_REPRESENTATION(#950,#8984);
#909=CONTEXT_DEPENDENT_SHAPE_REPRESENTATION(#951,#8986);
#910=CONTEXT_DEPENDENT_SHAPE_REPRESENTATION(#952,#8988);
#911=CONTEXT_DEPENDENT_SHAPE_REPRESENTATION(#953,#8990);
#912=CONTEXT_DEPENDENT_SHAPE_REPRESENTATION(#954,#8992);
#913=CONTEXT_DEPENDENT_SHAPE_REPRESENTATION(#955,#8994);
#914=CONTEXT_DEPENDENT_SHAPE_REPRESENTATION(#956,#8996);
#915=CONTEXT_DEPENDENT_SHAPE_REPRESENTATION(#957,#8998);
#916=CONTEXT_DEPENDENT_SHAPE_REPRESENTATION(#958,#9000);
#917=CONTEXT_DEPENDENT_SHAPE_REPRESENTATION(#959,#9002);
#918=CONTEXT_DEPENDENT_SHAPE_REPRESENTATION(#960,#9004);
#919=CONTEXT_DEPENDENT_SHAPE_REPRESENTATION(#961,#9006);
#920=CONTEXT_DEPENDENT_SHAPE_REPRESENTATION(#962,#9008);
#921=CONTEXT_DEPENDENT_SHAPE_REPRESENTATION(#963,#9010);
#922=CONTEXT_DEPENDENT_SHAPE_REPRESENTATION(#964,#9012);
#923=CONTEXT_DEPENDENT_SHAPE_REPRESENTATION(#965,#9014);
#924=CONTEXT_DEPENDENT_SHAPE_REPRESENTATION(#966,#9016);
#925=NEXT_ASSEMBLY_USAGE_OCCURRENCE('NAUO1','SPK-TH_BD2','SPK-TH_BD2',#9017,
#9018,'');
#926=NEXT_ASSEMBLY_USAGE_OCCURRENCE('NAUO2','SPK-TH_BD2','SPK-TH_BD2',#9017,
#9019,'');
#927=NEXT_ASSEMBLY_USAGE_OCCURRENCE('NAUO3','SPK-TH_BD2','SPK-TH_BD2',#9017,
#9020,'');
#928=NEXT_ASSEMBLY_USAGE_OCCURRENCE('NAUO4','SPK-TH_BD2','SPK-TH_BD2',#9017,
#9021,'');
#929=NEXT_ASSEMBLY_USAGE_OCCURRENCE('NAUO5','SPK-TH_BD2','SPK-TH_BD2',#9017,
#9022,'');
#930=NEXT_ASSEMBLY_USAGE_OCCURRENCE('NAUO6','SPK-TH_BD2','SPK-TH_BD2',#9017,
#9023,'');
#931=NEXT_ASSEMBLY_USAGE_OCCURRENCE('NAUO7','SPK-TH_BD2','SPK-TH_BD2',#9017,
#9024,'');
#932=NEXT_ASSEMBLY_USAGE_OCCURRENCE('NAUO8','SPK-TH_BD2','SPK-TH_BD2',#9017,
#9025,'');
#933=NEXT_ASSEMBLY_USAGE_OCCURRENCE('NAUO9','SPK-TH_BD2','SPK-TH_BD2',#9017,
#9026,'');
#934=NEXT_ASSEMBLY_USAGE_OCCURRENCE('NAUO10','SPK-TH_BD2','SPK-TH_BD2',
#9017,#9027,'');
#935=NEXT_ASSEMBLY_USAGE_OCCURRENCE('NAUO11','SPK-TH_BD2','SPK-TH_BD2',
#9017,#9028,'');
#936=NEXT_ASSEMBLY_USAGE_OCCURRENCE('NAUO12','SPK-TH_BD2','SPK-TH_BD2',
#9017,#9029,'');
#937=NEXT_ASSEMBLY_USAGE_OCCURRENCE('NAUO13','SPK-TH_BD2','SPK-TH_BD2',
#9017,#9030,'');
#938=NEXT_ASSEMBLY_USAGE_OCCURRENCE('NAUO14','SPK-TH_BD2','SPK-TH_BD2',
#9017,#9031,'');
#939=NEXT_ASSEMBLY_USAGE_OCCURRENCE('NAUO15','SPK-TH_BD2','SPK-TH_BD2',
#9017,#9032,'');
#940=NEXT_ASSEMBLY_USAGE_OCCURRENCE('NAUO16','SPK-TH_BD2','SPK-TH_BD2',
#9017,#9033,'');
#941=NEXT_ASSEMBLY_USAGE_OCCURRENCE('NAUO17','SPK-TH_BD2','SPK-TH_BD2',
#9017,#9034,'');
#942=NEXT_ASSEMBLY_USAGE_OCCURRENCE('NAUO18','SPK-TH_BD2','SPK-TH_BD2',
#9017,#9035,'');
#943=NEXT_ASSEMBLY_USAGE_OCCURRENCE('NAUO19','SPK-TH_BD2','SPK-TH_BD2',
#9017,#9036,'');
#944=NEXT_ASSEMBLY_USAGE_OCCURRENCE('NAUO20','SPK-TH_BD2','SPK-TH_BD2',
#9017,#9037,'');
#945=NEXT_ASSEMBLY_USAGE_OCCURRENCE('NAUO21','SPK-TH_BD2','SPK-TH_BD2',
#9017,#9038,'');
#946=(
REPRESENTATION_RELATIONSHIP(' ',' ',#5376,#5375)
REPRESENTATION_RELATIONSHIP_WITH_TRANSFORMATION(#967)
SHAPE_REPRESENTATION_RELATIONSHIP()
);
#947=(
REPRESENTATION_RELATIONSHIP(' ',' ',#5377,#5375)
REPRESENTATION_RELATIONSHIP_WITH_TRANSFORMATION(#968)
SHAPE_REPRESENTATION_RELATIONSHIP()
);
#948=(
REPRESENTATION_RELATIONSHIP(' ',' ',#5378,#5375)
REPRESENTATION_RELATIONSHIP_WITH_TRANSFORMATION(#969)
SHAPE_REPRESENTATION_RELATIONSHIP()
);
#949=(
REPRESENTATION_RELATIONSHIP(' ',' ',#5379,#5375)
REPRESENTATION_RELATIONSHIP_WITH_TRANSFORMATION(#970)
SHAPE_REPRESENTATION_RELATIONSHIP()
);
#950=(
REPRESENTATION_RELATIONSHIP(' ',' ',#5380,#5375)
REPRESENTATION_RELATIONSHIP_WITH_TRANSFORMATION(#971)
SHAPE_REPRESENTATION_RELATIONSHIP()
);
#951=(
REPRESENTATION_RELATIONSHIP(' ',' ',#5381,#5375)
REPRESENTATION_RELATIONSHIP_WITH_TRANSFORMATION(#972)
SHAPE_REPRESENTATION_RELATIONSHIP()
);
#952=(
REPRESENTATION_RELATIONSHIP(' ',' ',#5382,#5375)
REPRESENTATION_RELATIONSHIP_WITH_TRANSFORMATION(#973)
SHAPE_REPRESENTATION_RELATIONSHIP()
);
#953=(
REPRESENTATION_RELATIONSHIP(' ',' ',#5383,#5375)
REPRESENTATION_RELATIONSHIP_WITH_TRANSFORMATION(#974)
SHAPE_REPRESENTATION_RELATIONSHIP()
);
#954=(
REPRESENTATION_RELATIONSHIP(' ',' ',#5384,#5375)
REPRESENTATION_RELATIONSHIP_WITH_TRANSFORMATION(#975)
SHAPE_REPRESENTATION_RELATIONSHIP()
);
#955=(
REPRESENTATION_RELATIONSHIP(' ',' ',#5385,#5375)
REPRESENTATION_RELATIONSHIP_WITH_TRANSFORMATION(#976)
SHAPE_REPRESENTATION_RELATIONSHIP()
);
#956=(
REPRESENTATION_RELATIONSHIP(' ',' ',#5386,#5375)
REPRESENTATION_RELATIONSHIP_WITH_TRANSFORMATION(#977)
SHAPE_REPRESENTATION_RELATIONSHIP()
);
#957=(
REPRESENTATION_RELATIONSHIP(' ',' ',#5387,#5375)
REPRESENTATION_RELATIONSHIP_WITH_TRANSFORMATION(#978)
SHAPE_REPRESENTATION_RELATIONSHIP()
);
#958=(
REPRESENTATION_RELATIONSHIP(' ',' ',#5388,#5375)
REPRESENTATION_RELATIONSHIP_WITH_TRANSFORMATION(#979)
SHAPE_REPRESENTATION_RELATIONSHIP()
);
#959=(
REPRESENTATION_RELATIONSHIP(' ',' ',#5389,#5375)
REPRESENTATION_RELATIONSHIP_WITH_TRANSFORMATION(#980)
SHAPE_REPRESENTATION_RELATIONSHIP()
);
#960=(
REPRESENTATION_RELATIONSHIP(' ',' ',#5390,#5375)
REPRESENTATION_RELATIONSHIP_WITH_TRANSFORMATION(#981)
SHAPE_REPRESENTATION_RELATIONSHIP()
);
#961=(
REPRESENTATION_RELATIONSHIP(' ',' ',#5391,#5375)
REPRESENTATION_RELATIONSHIP_WITH_TRANSFORMATION(#982)
SHAPE_REPRESENTATION_RELATIONSHIP()
);
#962=(
REPRESENTATION_RELATIONSHIP(' ',' ',#5392,#5375)
REPRESENTATION_RELATIONSHIP_WITH_TRANSFORMATION(#983)
SHAPE_REPRESENTATION_RELATIONSHIP()
);
#963=(
REPRESENTATION_RELATIONSHIP(' ',' ',#5393,#5375)
REPRESENTATION_RELATIONSHIP_WITH_TRANSFORMATION(#984)
SHAPE_REPRESENTATION_RELATIONSHIP()
);
#964=(
REPRESENTATION_RELATIONSHIP(' ',' ',#5394,#5375)
REPRESENTATION_RELATIONSHIP_WITH_TRANSFORMATION(#985)
SHAPE_REPRESENTATION_RELATIONSHIP()
);
#965=(
REPRESENTATION_RELATIONSHIP(' ',' ',#5395,#5375)
REPRESENTATION_RELATIONSHIP_WITH_TRANSFORMATION(#986)
SHAPE_REPRESENTATION_RELATIONSHIP()
);
#966=(
REPRESENTATION_RELATIONSHIP(' ',' ',#5396,#5375)
REPRESENTATION_RELATIONSHIP_WITH_TRANSFORMATION(#987)
SHAPE_REPRESENTATION_RELATIONSHIP()
);
#967=ITEM_DEFINED_TRANSFORMATION(' ',' ',#5397,#5406);
#968=ITEM_DEFINED_TRANSFORMATION(' ',' ',#5397,#5415);
#969=ITEM_DEFINED_TRANSFORMATION(' ',' ',#5397,#5424);
#970=ITEM_DEFINED_TRANSFORMATION(' ',' ',#5397,#5433);
#971=ITEM_DEFINED_TRANSFORMATION(' ',' ',#5397,#5442);
#972=ITEM_DEFINED_TRANSFORMATION(' ',' ',#5397,#5692);
#973=ITEM_DEFINED_TRANSFORMATION(' ',' ',#5397,#5701);
#974=ITEM_DEFINED_TRANSFORMATION(' ',' ',#5397,#5710);
#975=ITEM_DEFINED_TRANSFORMATION(' ',' ',#5397,#5719);
#976=ITEM_DEFINED_TRANSFORMATION(' ',' ',#5397,#5728);
#977=ITEM_DEFINED_TRANSFORMATION(' ',' ',#5397,#5737);
#978=ITEM_DEFINED_TRANSFORMATION(' ',' ',#5397,#5746);
#979=ITEM_DEFINED_TRANSFORMATION(' ',' ',#5397,#5755);
#980=ITEM_DEFINED_TRANSFORMATION(' ',' ',#5397,#5764);
#981=ITEM_DEFINED_TRANSFORMATION(' ',' ',#5397,#5773);
#982=ITEM_DEFINED_TRANSFORMATION(' ',' ',#5397,#5782);
#983=ITEM_DEFINED_TRANSFORMATION(' ',' ',#5397,#5791);
#984=ITEM_DEFINED_TRANSFORMATION(' ',' ',#5397,#5800);
#985=ITEM_DEFINED_TRANSFORMATION(' ',' ',#5397,#5809);
#986=ITEM_DEFINED_TRANSFORMATION(' ',' ',#5397,#5818);
#987=ITEM_DEFINED_TRANSFORMATION(' ',' ',#5397,#5827);
#988=SHAPE_REPRESENTATION_RELATIONSHIP('','',#5376,#1009);
#989=SHAPE_REPRESENTATION_RELATIONSHIP('','',#5377,#1010);
#990=SHAPE_REPRESENTATION_RELATIONSHIP('','',#5378,#1011);
#991=SHAPE_REPRESENTATION_RELATIONSHIP('','',#5379,#1012);
#992=SHAPE_REPRESENTATION_RELATIONSHIP('','',#5380,#1013);
#993=SHAPE_REPRESENTATION_RELATIONSHIP('','',#5381,#1014);
#994=SHAPE_REPRESENTATION_RELATIONSHIP('','',#5382,#1015);
#995=SHAPE_REPRESENTATION_RELATIONSHIP('','',#5383,#1016);
#996=SHAPE_REPRESENTATION_RELATIONSHIP('','',#5384,#1017);
#997=SHAPE_REPRESENTATION_RELATIONSHIP('','',#5385,#1018);
#998=SHAPE_REPRESENTATION_RELATIONSHIP('','',#5386,#1019);
#999=SHAPE_REPRESENTATION_RELATIONSHIP('','',#5387,#1020);
#1000=SHAPE_REPRESENTATION_RELATIONSHIP('','',#5388,#1021);
#1001=SHAPE_REPRESENTATION_RELATIONSHIP('','',#5389,#1022);
#1002=SHAPE_REPRESENTATION_RELATIONSHIP('','',#5390,#1023);
#1003=SHAPE_REPRESENTATION_RELATIONSHIP('','',#5391,#1024);
#1004=SHAPE_REPRESENTATION_RELATIONSHIP('','',#5392,#1025);
#1005=SHAPE_REPRESENTATION_RELATIONSHIP('','',#5393,#1026);
#1006=SHAPE_REPRESENTATION_RELATIONSHIP('','',#5394,#1027);
#1007=SHAPE_REPRESENTATION_RELATIONSHIP('','',#5395,#1028);
#1008=SHAPE_REPRESENTATION_RELATIONSHIP('','',#5396,#1029);
#1009=ADVANCED_BREP_SHAPE_REPRESENTATION('',(#5332),#8928);
#1010=ADVANCED_BREP_SHAPE_REPRESENTATION('',(#5333),#8929);
#1011=ADVANCED_BREP_SHAPE_REPRESENTATION('',(#5334),#8930);
#1012=ADVANCED_BREP_SHAPE_REPRESENTATION('',(#5335),#8931);
#1013=ADVANCED_BREP_SHAPE_REPRESENTATION('',(#5336),#8932);
#1014=ADVANCED_BREP_SHAPE_REPRESENTATION('',(#5337),#8933);
#1015=ADVANCED_BREP_SHAPE_REPRESENTATION('',(#5338),#8934);
#1016=ADVANCED_BREP_SHAPE_REPRESENTATION('',(#5339),#8935);
#1017=ADVANCED_BREP_SHAPE_REPRESENTATION('',(#5340),#8936);
#1018=ADVANCED_BREP_SHAPE_REPRESENTATION('',(#5341),#8937);
#1019=ADVANCED_BREP_SHAPE_REPRESENTATION('',(#5342),#8938);
#1020=ADVANCED_BREP_SHAPE_REPRESENTATION('',(#5343),#8939);
#1021=ADVANCED_BREP_SHAPE_REPRESENTATION('',(#5344),#8940);
#1022=ADVANCED_BREP_SHAPE_REPRESENTATION('',(#5345),#8941);
#1023=ADVANCED_BREP_SHAPE_REPRESENTATION('',(#5346),#8942);
#1024=ADVANCED_BREP_SHAPE_REPRESENTATION('',(#5347),#8943);
#1025=ADVANCED_BREP_SHAPE_REPRESENTATION('',(#5348),#8944);
#1026=ADVANCED_BREP_SHAPE_REPRESENTATION('',(#5349),#8945);
#1027=ADVANCED_BREP_SHAPE_REPRESENTATION('',(#5350),#8946);
#1028=ADVANCED_BREP_SHAPE_REPRESENTATION('',(#5351),#8947);
#1029=ADVANCED_BREP_SHAPE_REPRESENTATION('',(#5352),#8948);
#1030=CYLINDRICAL_SURFACE('',#5401,0.001708421353703);
#1031=CYLINDRICAL_SURFACE('',#5405,0.001458421353703);
#1032=CYLINDRICAL_SURFACE('',#5410,0.002767347299797);
#1033=CYLINDRICAL_SURFACE('',#5414,0.003021488596353);
#1034=CYLINDRICAL_SURFACE('',#5419,0.005325211059675);
#1035=CYLINDRICAL_SURFACE('',#5423,0.005079103006532);
#1036=CYLINDRICAL_SURFACE('',#5428,0.005325211059675);
#1037=CYLINDRICAL_SURFACE('',#5432,0.005079103006532);
#1038=CYLINDRICAL_SURFACE('',#5437,0.005325211059675);
#1039=CYLINDRICAL_SURFACE('',#5441,0.005079103006532);
#1040=CYLINDRICAL_SURFACE('',#5450,0.000663660550670127);
#1041=CYLINDRICAL_SURFACE('',#5464,0.000167108351258033);
#1042=CYLINDRICAL_SURFACE('',#5467,0.000194270440024343);
#1043=CYLINDRICAL_SURFACE('',#5529,0.000167142584340819);
#1044=CYLINDRICAL_SURFACE('',#5532,0.000194233554643323);
#1045=CYLINDRICAL_SURFACE('',#5575,0.000127110843123);
#1046=CYLINDRICAL_SURFACE('',#5577,0.001);
#1047=CYLINDRICAL_SURFACE('',#5580,0.001);
#1048=CYLINDRICAL_SURFACE('',#5583,0.001);
#1049=CYLINDRICAL_SURFACE('',#5586,0.001);
#1050=CYLINDRICAL_SURFACE('',#5589,0.001);
#1051=CYLINDRICAL_SURFACE('',#5592,0.001);
#1052=CYLINDRICAL_SURFACE('',#5595,0.001);
#1053=CYLINDRICAL_SURFACE('',#5598,0.001);
#1054=CYLINDRICAL_SURFACE('',#5601,0.001);
#1055=CYLINDRICAL_SURFACE('',#5604,0.001);
#1056=CYLINDRICAL_SURFACE('',#5607,0.001);
#1057=CYLINDRICAL_SURFACE('',#5610,0.001);
#1058=CYLINDRICAL_SURFACE('',#5613,0.001);
#1059=CYLINDRICAL_SURFACE('',#5616,0.001);
#1060=CYLINDRICAL_SURFACE('',#5619,0.001);
#1061=CYLINDRICAL_SURFACE('',#5622,0.001);
#1062=CYLINDRICAL_SURFACE('',#5625,0.001);
#1063=CYLINDRICAL_SURFACE('',#5630,0.0105);
#1064=CYLINDRICAL_SURFACE('',#5634,0.001);
#1065=CYLINDRICAL_SURFACE('',#5654,0.0004);
#1066=CYLINDRICAL_SURFACE('',#5660,0.0004);
#1067=CYLINDRICAL_SURFACE('',#5662,0.0008);
#1068=CYLINDRICAL_SURFACE('',#5668,0.0008);
#1069=CYLINDRICAL_SURFACE('',#5672,0.0095);
#1070=CYLINDRICAL_SURFACE('',#5676,0.0105);
#1071=CYLINDRICAL_SURFACE('',#5680,0.0115);
#1072=CYLINDRICAL_SURFACE('',#5696,0.004101638289356);
#1073=CYLINDRICAL_SURFACE('',#5700,0.003898361710644);
#1074=CYLINDRICAL_SURFACE('',#5705,0.005858600085764);
#1075=CYLINDRICAL_SURFACE('',#5709,0.00628969557945);
#1076=CYLINDRICAL_SURFACE('',#5714,0.001708421353703);
#1077=CYLINDRICAL_SURFACE('',#5718,0.001458421353703);
#1078=CYLINDRICAL_SURFACE('',#5723,0.001708421353703);
#1079=CYLINDRICAL_SURFACE('',#5727,0.001458421353703);
#1080=CYLINDRICAL_SURFACE('',#5732,0.005858600085764);
#1081=CYLINDRICAL_SURFACE('',#5736,0.00628969557945);
#1082=CYLINDRICAL_SURFACE('',#5741,0.002767347299797);
#1083=CYLINDRICAL_SURFACE('',#5745,0.003021488596353);
#1084=CYLINDRICAL_SURFACE('',#5750,0.005858600085764);
#1085=CYLINDRICAL_SURFACE('',#5754,0.00628969557945);
#1086=CYLINDRICAL_SURFACE('',#5759,0.001708421353703);
#1087=CYLINDRICAL_SURFACE('',#5763,0.001458421353703);
#1088=CYLINDRICAL_SURFACE('',#5768,0.005858600085764);
#1089=CYLINDRICAL_SURFACE('',#5772,0.00628969557945);
#1090=CYLINDRICAL_SURFACE('',#5777,0.004101638289356);
#1091=CYLINDRICAL_SURFACE('',#5781,0.003898361710644);
#1092=CYLINDRICAL_SURFACE('',#5786,0.005325211059675);
#1093=CYLINDRICAL_SURFACE('',#5790,0.005079103006532);
#1094=CYLINDRICAL_SURFACE('',#5795,0.004101638289356);
#1095=CYLINDRICAL_SURFACE('',#5799,0.003898361710644);
#1096=CYLINDRICAL_SURFACE('',#5804,0.002767347299797);
#1097=CYLINDRICAL_SURFACE('',#5808,0.003021488596353);
#1098=CYLINDRICAL_SURFACE('',#5813,0.004101638289356);
#1099=CYLINDRICAL_SURFACE('',#5817,0.003898361710644);
#1100=CYLINDRICAL_SURFACE('',#5822,0.002767347299797);
#1101=CYLINDRICAL_SURFACE('',#5826,0.003021488596353);
#1102=ORIENTED_EDGE('',*,*,#2254,.F.);
#1103=ORIENTED_EDGE('',*,*,#2255,.T.);
#1104=ORIENTED_EDGE('',*,*,#2256,.T.);
#1105=ORIENTED_EDGE('',*,*,#2255,.F.);
#1106=ORIENTED_EDGE('',*,*,#2257,.T.);
#1107=ORIENTED_EDGE('',*,*,#2256,.F.);
#1108=ORIENTED_EDGE('',*,*,#2254,.T.);
#1109=ORIENTED_EDGE('',*,*,#2257,.F.);
#1110=ORIENTED_EDGE('',*,*,#2258,.T.);
#1111=ORIENTED_EDGE('',*,*,#2259,.F.);
#1112=ORIENTED_EDGE('',*,*,#2260,.T.);
#1113=ORIENTED_EDGE('',*,*,#2258,.F.);
#1114=ORIENTED_EDGE('',*,*,#2260,.F.);
#1115=ORIENTED_EDGE('',*,*,#2261,.T.);
#1116=ORIENTED_EDGE('',*,*,#2259,.T.);
#1117=ORIENTED_EDGE('',*,*,#2261,.F.);
#1118=ORIENTED_EDGE('',*,*,#2262,.F.);
#1119=ORIENTED_EDGE('',*,*,#2263,.T.);
#1120=ORIENTED_EDGE('',*,*,#2264,.T.);
#1121=ORIENTED_EDGE('',*,*,#2263,.F.);
#1122=ORIENTED_EDGE('',*,*,#2265,.T.);
#1123=ORIENTED_EDGE('',*,*,#2264,.F.);
#1124=ORIENTED_EDGE('',*,*,#2262,.T.);
#1125=ORIENTED_EDGE('',*,*,#2265,.F.);
#1126=ORIENTED_EDGE('',*,*,#2266,.F.);
#1127=ORIENTED_EDGE('',*,*,#2267,.T.);
#1128=ORIENTED_EDGE('',*,*,#2268,.T.);
#1129=ORIENTED_EDGE('',*,*,#2267,.F.);
#1130=ORIENTED_EDGE('',*,*,#2269,.T.);
#1131=ORIENTED_EDGE('',*,*,#2268,.F.);
#1132=ORIENTED_EDGE('',*,*,#2266,.T.);
#1133=ORIENTED_EDGE('',*,*,#2269,.F.);
#1134=ORIENTED_EDGE('',*,*,#2270,.F.);
#1135=ORIENTED_EDGE('',*,*,#2271,.T.);
#1136=ORIENTED_EDGE('',*,*,#2272,.T.);
#1137=ORIENTED_EDGE('',*,*,#2271,.F.);
#1138=ORIENTED_EDGE('',*,*,#2273,.T.);
#1139=ORIENTED_EDGE('',*,*,#2272,.F.);
#1140=ORIENTED_EDGE('',*,*,#2270,.T.);
#1141=ORIENTED_EDGE('',*,*,#2273,.F.);
#1142=ORIENTED_EDGE('',*,*,#2274,.T.);
#1143=ORIENTED_EDGE('',*,*,#2275,.F.);
#1144=ORIENTED_EDGE('',*,*,#2276,.F.);
#1145=ORIENTED_EDGE('',*,*,#2277,.T.);
#1146=ORIENTED_EDGE('',*,*,#2278,.T.);
#1147=ORIENTED_EDGE('',*,*,#2279,.F.);
#1148=ORIENTED_EDGE('',*,*,#2274,.F.);
#1149=ORIENTED_EDGE('',*,*,#2280,.T.);
#1150=ORIENTED_EDGE('',*,*,#2281,.T.);
#1151=ORIENTED_EDGE('',*,*,#2282,.F.);
#1152=ORIENTED_EDGE('',*,*,#2278,.F.);
#1153=ORIENTED_EDGE('',*,*,#2283,.T.);
#1154=ORIENTED_EDGE('',*,*,#2284,.T.);
#1155=ORIENTED_EDGE('',*,*,#2285,.F.);
#1156=ORIENTED_EDGE('',*,*,#2281,.F.);
#1157=ORIENTED_EDGE('',*,*,#2286,.T.);
#1158=ORIENTED_EDGE('',*,*,#2287,.T.);
#1159=ORIENTED_EDGE('',*,*,#2288,.F.);
#1160=ORIENTED_EDGE('',*,*,#2284,.F.);
#1161=ORIENTED_EDGE('',*,*,#2289,.T.);
#1162=ORIENTED_EDGE('',*,*,#2290,.T.);
#1163=ORIENTED_EDGE('',*,*,#2291,.F.);
#1164=ORIENTED_EDGE('',*,*,#2287,.F.);
#1165=ORIENTED_EDGE('',*,*,#2292,.T.);
#1166=ORIENTED_EDGE('',*,*,#2293,.T.);
#1167=ORIENTED_EDGE('',*,*,#2294,.F.);
#1168=ORIENTED_EDGE('',*,*,#2290,.F.);
#1169=ORIENTED_EDGE('',*,*,#2295,.T.);
#1170=ORIENTED_EDGE('',*,*,#2296,.T.);
#1171=ORIENTED_EDGE('',*,*,#2297,.F.);
#1172=ORIENTED_EDGE('',*,*,#2293,.F.);
#1173=ORIENTED_EDGE('',*,*,#2298,.T.);
#1174=ORIENTED_EDGE('',*,*,#2299,.T.);
#1175=ORIENTED_EDGE('',*,*,#2300,.F.);
#1176=ORIENTED_EDGE('',*,*,#2296,.F.);
#1177=ORIENTED_EDGE('',*,*,#2301,.T.);
#1178=ORIENTED_EDGE('',*,*,#2302,.T.);
#1179=ORIENTED_EDGE('',*,*,#2303,.F.);
#1180=ORIENTED_EDGE('',*,*,#2299,.F.);
#1181=ORIENTED_EDGE('',*,*,#2304,.T.);
#1182=ORIENTED_EDGE('',*,*,#2305,.T.);
#1183=ORIENTED_EDGE('',*,*,#2306,.F.);
#1184=ORIENTED_EDGE('',*,*,#2302,.F.);
#1185=ORIENTED_EDGE('',*,*,#2307,.T.);
#1186=ORIENTED_EDGE('',*,*,#2308,.T.);
#1187=ORIENTED_EDGE('',*,*,#2309,.F.);
#1188=ORIENTED_EDGE('',*,*,#2305,.F.);
#1189=ORIENTED_EDGE('',*,*,#2310,.T.);
#1190=ORIENTED_EDGE('',*,*,#2311,.T.);
#1191=ORIENTED_EDGE('',*,*,#2312,.F.);
#1192=ORIENTED_EDGE('',*,*,#2308,.F.);
#1193=ORIENTED_EDGE('',*,*,#2313,.T.);
#1194=ORIENTED_EDGE('',*,*,#2314,.T.);
#1195=ORIENTED_EDGE('',*,*,#2315,.F.);
#1196=ORIENTED_EDGE('',*,*,#2311,.F.);
#1197=ORIENTED_EDGE('',*,*,#2316,.T.);
#1198=ORIENTED_EDGE('',*,*,#2317,.T.);
#1199=ORIENTED_EDGE('',*,*,#2318,.F.);
#1200=ORIENTED_EDGE('',*,*,#2314,.F.);
#1201=ORIENTED_EDGE('',*,*,#2319,.T.);
#1202=ORIENTED_EDGE('',*,*,#2276,.T.);
#1203=ORIENTED_EDGE('',*,*,#2320,.F.);
#1204=ORIENTED_EDGE('',*,*,#2317,.F.);
#1205=ORIENTED_EDGE('',*,*,#2321,.T.);
#1206=ORIENTED_EDGE('',*,*,#2322,.T.);
#1207=ORIENTED_EDGE('',*,*,#2323,.F.);
#1208=ORIENTED_EDGE('',*,*,#2324,.F.);
#1209=ORIENTED_EDGE('',*,*,#2325,.T.);
#1210=ORIENTED_EDGE('',*,*,#2326,.T.);
#1211=ORIENTED_EDGE('',*,*,#2327,.F.);
#1212=ORIENTED_EDGE('',*,*,#2322,.F.);
#1213=ORIENTED_EDGE('',*,*,#2328,.T.);
#1214=ORIENTED_EDGE('',*,*,#2329,.T.);
#1215=ORIENTED_EDGE('',*,*,#2330,.F.);
#1216=ORIENTED_EDGE('',*,*,#2326,.F.);
#1217=ORIENTED_EDGE('',*,*,#2331,.T.);
#1218=ORIENTED_EDGE('',*,*,#2332,.T.);
#1219=ORIENTED_EDGE('',*,*,#2333,.F.);
#1220=ORIENTED_EDGE('',*,*,#2329,.F.);
#1221=ORIENTED_EDGE('',*,*,#2334,.T.);
#1222=ORIENTED_EDGE('',*,*,#2335,.T.);
#1223=ORIENTED_EDGE('',*,*,#2336,.F.);
#1224=ORIENTED_EDGE('',*,*,#2332,.F.);
#1225=ORIENTED_EDGE('',*,*,#2337,.T.);
#1226=ORIENTED_EDGE('',*,*,#2338,.T.);
#1227=ORIENTED_EDGE('',*,*,#2339,.F.);
#1228=ORIENTED_EDGE('',*,*,#2335,.F.);
#1229=ORIENTED_EDGE('',*,*,#2340,.T.);
#1230=ORIENTED_EDGE('',*,*,#2341,.T.);
#1231=ORIENTED_EDGE('',*,*,#2342,.F.);
#1232=ORIENTED_EDGE('',*,*,#2338,.F.);
#1233=ORIENTED_EDGE('',*,*,#2343,.T.);
#1234=ORIENTED_EDGE('',*,*,#2324,.T.);
#1235=ORIENTED_EDGE('',*,*,#2344,.F.);
#1236=ORIENTED_EDGE('',*,*,#2341,.F.);
#1237=ORIENTED_EDGE('',*,*,#2345,.T.);
#1238=ORIENTED_EDGE('',*,*,#2346,.T.);
#1239=ORIENTED_EDGE('',*,*,#2347,.F.);
#1240=ORIENTED_EDGE('',*,*,#2348,.F.);
#1241=ORIENTED_EDGE('',*,*,#2349,.T.);
#1242=ORIENTED_EDGE('',*,*,#2350,.T.);
#1243=ORIENTED_EDGE('',*,*,#2351,.F.);
#1244=ORIENTED_EDGE('',*,*,#2346,.F.);
#1245=ORIENTED_EDGE('',*,*,#2352,.T.);
#1246=ORIENTED_EDGE('',*,*,#2353,.T.);
#1247=ORIENTED_EDGE('',*,*,#2354,.F.);
#1248=ORIENTED_EDGE('',*,*,#2350,.F.);
#1249=ORIENTED_EDGE('',*,*,#2355,.T.);
#1250=ORIENTED_EDGE('',*,*,#2356,.T.);
#1251=ORIENTED_EDGE('',*,*,#2357,.F.);
#1252=ORIENTED_EDGE('',*,*,#2353,.F.);
#1253=ORIENTED_EDGE('',*,*,#2358,.F.);
#1254=ORIENTED_EDGE('',*,*,#2348,.T.);
#1255=ORIENTED_EDGE('',*,*,#2359,.F.);
#1256=ORIENTED_EDGE('',*,*,#2356,.F.);
#1257=ORIENTED_EDGE('',*,*,#2360,.F.);
#1258=ORIENTED_EDGE('',*,*,#2361,.T.);
#1259=ORIENTED_EDGE('',*,*,#2362,.F.);
#1260=ORIENTED_EDGE('',*,*,#2363,.F.);
#1261=ORIENTED_EDGE('',*,*,#2364,.F.);
#1262=ORIENTED_EDGE('',*,*,#2365,.T.);
#1263=ORIENTED_EDGE('',*,*,#2366,.F.);
#1264=ORIENTED_EDGE('',*,*,#2361,.F.);
#1265=ORIENTED_EDGE('',*,*,#2367,.T.);
#1266=ORIENTED_EDGE('',*,*,#2368,.T.);
#1267=ORIENTED_EDGE('',*,*,#2369,.F.);
#1268=ORIENTED_EDGE('',*,*,#2365,.F.);
#1269=ORIENTED_EDGE('',*,*,#2370,.T.);
#1270=ORIENTED_EDGE('',*,*,#2363,.T.);
#1271=ORIENTED_EDGE('',*,*,#2371,.F.);
#1272=ORIENTED_EDGE('',*,*,#2368,.F.);
#1273=ORIENTED_EDGE('',*,*,#2372,.T.);
#1274=ORIENTED_EDGE('',*,*,#2373,.T.);
#1275=ORIENTED_EDGE('',*,*,#2374,.F.);
#1276=ORIENTED_EDGE('',*,*,#2375,.F.);
#1277=ORIENTED_EDGE('',*,*,#2376,.F.);
#1278=ORIENTED_EDGE('',*,*,#2377,.T.);
#1279=ORIENTED_EDGE('',*,*,#2378,.F.);
#1280=ORIENTED_EDGE('',*,*,#2373,.F.);
#1281=ORIENTED_EDGE('',*,*,#2379,.T.);
#1282=ORIENTED_EDGE('',*,*,#2380,.T.);
#1283=ORIENTED_EDGE('',*,*,#2381,.F.);
#1284=ORIENTED_EDGE('',*,*,#2377,.F.);
#1285=ORIENTED_EDGE('',*,*,#2382,.T.);
#1286=ORIENTED_EDGE('',*,*,#2375,.T.);
#1287=ORIENTED_EDGE('',*,*,#2383,.F.);
#1288=ORIENTED_EDGE('',*,*,#2380,.F.);
#1289=ORIENTED_EDGE('',*,*,#2384,.T.);
#1290=ORIENTED_EDGE('',*,*,#2385,.T.);
#1291=ORIENTED_EDGE('',*,*,#2386,.F.);
#1292=ORIENTED_EDGE('',*,*,#2387,.F.);
#1293=ORIENTED_EDGE('',*,*,#2388,.T.);
#1294=ORIENTED_EDGE('',*,*,#2389,.T.);
#1295=ORIENTED_EDGE('',*,*,#2390,.F.);
#1296=ORIENTED_EDGE('',*,*,#2385,.F.);
#1297=ORIENTED_EDGE('',*,*,#2391,.T.);
#1298=ORIENTED_EDGE('',*,*,#2392,.T.);
#1299=ORIENTED_EDGE('',*,*,#2393,.F.);
#1300=ORIENTED_EDGE('',*,*,#2389,.F.);
#1301=ORIENTED_EDGE('',*,*,#2394,.T.);
#1302=ORIENTED_EDGE('',*,*,#2395,.T.);
#1303=ORIENTED_EDGE('',*,*,#2396,.F.);
#1304=ORIENTED_EDGE('',*,*,#2392,.F.);
#1305=ORIENTED_EDGE('',*,*,#2397,.T.);
#1306=ORIENTED_EDGE('',*,*,#2398,.T.);
#1307=ORIENTED_EDGE('',*,*,#2399,.F.);
#1308=ORIENTED_EDGE('',*,*,#2395,.F.);
#1309=ORIENTED_EDGE('',*,*,#2400,.T.);
#1310=ORIENTED_EDGE('',*,*,#2401,.T.);
#1311=ORIENTED_EDGE('',*,*,#2402,.F.);
#1312=ORIENTED_EDGE('',*,*,#2398,.F.);
#1313=ORIENTED_EDGE('',*,*,#2403,.T.);
#1314=ORIENTED_EDGE('',*,*,#2404,.T.);
#1315=ORIENTED_EDGE('',*,*,#2405,.F.);
#1316=ORIENTED_EDGE('',*,*,#2401,.F.);
#1317=ORIENTED_EDGE('',*,*,#2406,.T.);
#1318=ORIENTED_EDGE('',*,*,#2407,.T.);
#1319=ORIENTED_EDGE('',*,*,#2408,.F.);
#1320=ORIENTED_EDGE('',*,*,#2404,.F.);
#1321=ORIENTED_EDGE('',*,*,#2409,.T.);
#1322=ORIENTED_EDGE('',*,*,#2410,.T.);
#1323=ORIENTED_EDGE('',*,*,#2411,.F.);
#1324=ORIENTED_EDGE('',*,*,#2407,.F.);
#1325=ORIENTED_EDGE('',*,*,#2412,.T.);
#1326=ORIENTED_EDGE('',*,*,#2413,.T.);
#1327=ORIENTED_EDGE('',*,*,#2414,.F.);
#1328=ORIENTED_EDGE('',*,*,#2410,.F.);
#1329=ORIENTED_EDGE('',*,*,#2415,.T.);
#1330=ORIENTED_EDGE('',*,*,#2416,.T.);
#1331=ORIENTED_EDGE('',*,*,#2417,.F.);
#1332=ORIENTED_EDGE('',*,*,#2413,.F.);
#1333=ORIENTED_EDGE('',*,*,#2418,.T.);
#1334=ORIENTED_EDGE('',*,*,#2387,.T.);
#1335=ORIENTED_EDGE('',*,*,#2419,.F.);
#1336=ORIENTED_EDGE('',*,*,#2416,.F.);
#1337=ORIENTED_EDGE('',*,*,#2420,.T.);
#1338=ORIENTED_EDGE('',*,*,#2421,.T.);
#1339=ORIENTED_EDGE('',*,*,#2422,.F.);
#1340=ORIENTED_EDGE('',*,*,#2423,.F.);
#1341=ORIENTED_EDGE('',*,*,#2424,.T.);
#1342=ORIENTED_EDGE('',*,*,#2425,.T.);
#1343=ORIENTED_EDGE('',*,*,#2426,.F.);
#1344=ORIENTED_EDGE('',*,*,#2421,.F.);
#1345=ORIENTED_EDGE('',*,*,#2427,.T.);
#1346=ORIENTED_EDGE('',*,*,#2428,.T.);
#1347=ORIENTED_EDGE('',*,*,#2429,.F.);
#1348=ORIENTED_EDGE('',*,*,#2425,.F.);
#1349=ORIENTED_EDGE('',*,*,#2430,.T.);
#1350=ORIENTED_EDGE('',*,*,#2431,.T.);
#1351=ORIENTED_EDGE('',*,*,#2432,.F.);
#1352=ORIENTED_EDGE('',*,*,#2428,.F.);
#1353=ORIENTED_EDGE('',*,*,#2433,.T.);
#1354=ORIENTED_EDGE('',*,*,#2434,.T.);
#1355=ORIENTED_EDGE('',*,*,#2435,.F.);
#1356=ORIENTED_EDGE('',*,*,#2431,.F.);
#1357=ORIENTED_EDGE('',*,*,#2436,.F.);
#1358=ORIENTED_EDGE('',*,*,#2437,.T.);
#1359=ORIENTED_EDGE('',*,*,#2438,.F.);
#1360=ORIENTED_EDGE('',*,*,#2434,.F.);
#1361=ORIENTED_EDGE('',*,*,#2439,.T.);
#1362=ORIENTED_EDGE('',*,*,#2440,.T.);
#1363=ORIENTED_EDGE('',*,*,#2441,.F.);
#1364=ORIENTED_EDGE('',*,*,#2437,.F.);
#1365=ORIENTED_EDGE('',*,*,#2442,.F.);
#1366=ORIENTED_EDGE('',*,*,#2443,.T.);
#1367=ORIENTED_EDGE('',*,*,#2444,.F.);
#1368=ORIENTED_EDGE('',*,*,#2440,.F.);
#1369=ORIENTED_EDGE('',*,*,#2445,.T.);
#1370=ORIENTED_EDGE('',*,*,#2446,.T.);
#1371=ORIENTED_EDGE('',*,*,#2447,.F.);
#1372=ORIENTED_EDGE('',*,*,#2443,.F.);
#1373=ORIENTED_EDGE('',*,*,#2448,.T.);
#1374=ORIENTED_EDGE('',*,*,#2449,.T.);
#1375=ORIENTED_EDGE('',*,*,#2450,.F.);
#1376=ORIENTED_EDGE('',*,*,#2446,.F.);
#1377=ORIENTED_EDGE('',*,*,#2451,.T.);
#1378=ORIENTED_EDGE('',*,*,#2452,.T.);
#1379=ORIENTED_EDGE('',*,*,#2453,.F.);
#1380=ORIENTED_EDGE('',*,*,#2449,.F.);
#1381=ORIENTED_EDGE('',*,*,#2454,.F.);
#1382=ORIENTED_EDGE('',*,*,#2423,.T.);
#1383=ORIENTED_EDGE('',*,*,#2455,.F.);
#1384=ORIENTED_EDGE('',*,*,#2452,.F.);
#1385=ORIENTED_EDGE('',*,*,#2456,.T.);
#1386=ORIENTED_EDGE('',*,*,#2457,.T.);
#1387=ORIENTED_EDGE('',*,*,#2458,.F.);
#1388=ORIENTED_EDGE('',*,*,#2459,.F.);
#1389=ORIENTED_EDGE('',*,*,#2460,.F.);
#1390=ORIENTED_EDGE('',*,*,#2461,.T.);
#1391=ORIENTED_EDGE('',*,*,#2462,.F.);
#1392=ORIENTED_EDGE('',*,*,#2457,.F.);
#1393=ORIENTED_EDGE('',*,*,#2463,.T.);
#1394=ORIENTED_EDGE('',*,*,#2464,.T.);
#1395=ORIENTED_EDGE('',*,*,#2465,.F.);
#1396=ORIENTED_EDGE('',*,*,#2461,.F.);
#1397=ORIENTED_EDGE('',*,*,#2466,.F.);
#1398=ORIENTED_EDGE('',*,*,#2459,.T.);
#1399=ORIENTED_EDGE('',*,*,#2467,.F.);
#1400=ORIENTED_EDGE('',*,*,#2464,.F.);
#1401=ORIENTED_EDGE('',*,*,#2468,.T.);
#1402=ORIENTED_EDGE('',*,*,#2469,.T.);
#1403=ORIENTED_EDGE('',*,*,#2470,.F.);
#1404=ORIENTED_EDGE('',*,*,#2471,.F.);
#1405=ORIENTED_EDGE('',*,*,#2472,.F.);
#1406=ORIENTED_EDGE('',*,*,#2471,.T.);
#1407=ORIENTED_EDGE('',*,*,#2473,.F.);
#1408=ORIENTED_EDGE('',*,*,#2474,.F.);
#1409=ORIENTED_EDGE('',*,*,#2475,.T.);
#1410=ORIENTED_EDGE('',*,*,#2474,.T.);
#1411=ORIENTED_EDGE('',*,*,#2476,.F.);
#1412=ORIENTED_EDGE('',*,*,#2477,.F.);
#1413=ORIENTED_EDGE('',*,*,#2478,.F.);
#1414=ORIENTED_EDGE('',*,*,#2477,.T.);
#1415=ORIENTED_EDGE('',*,*,#2479,.F.);
#1416=ORIENTED_EDGE('',*,*,#2480,.F.);
#1417=ORIENTED_EDGE('',*,*,#2481,.T.);
#1418=ORIENTED_EDGE('',*,*,#2480,.T.);
#1419=ORIENTED_EDGE('',*,*,#2482,.F.);
#1420=ORIENTED_EDGE('',*,*,#2483,.F.);
#1421=ORIENTED_EDGE('',*,*,#2484,.T.);
#1422=ORIENTED_EDGE('',*,*,#2485,.T.);
#1423=ORIENTED_EDGE('',*,*,#2486,.F.);
#1424=ORIENTED_EDGE('',*,*,#2487,.F.);
#1425=ORIENTED_EDGE('',*,*,#2488,.F.);
#1426=ORIENTED_EDGE('',*,*,#2483,.T.);
#1427=ORIENTED_EDGE('',*,*,#2489,.F.);
#1428=ORIENTED_EDGE('',*,*,#2485,.F.);
#1429=ORIENTED_EDGE('',*,*,#2490,.T.);
#1430=ORIENTED_EDGE('',*,*,#2491,.T.);
#1431=ORIENTED_EDGE('',*,*,#2492,.F.);
#1432=ORIENTED_EDGE('',*,*,#2493,.F.);
#1433=ORIENTED_EDGE('',*,*,#2494,.T.);
#1434=ORIENTED_EDGE('',*,*,#2495,.T.);
#1435=ORIENTED_EDGE('',*,*,#2496,.F.);
#1436=ORIENTED_EDGE('',*,*,#2491,.F.);
#1437=ORIENTED_EDGE('',*,*,#2497,.F.);
#1438=ORIENTED_EDGE('',*,*,#2493,.T.);
#1439=ORIENTED_EDGE('',*,*,#2498,.F.);
#1440=ORIENTED_EDGE('',*,*,#2495,.F.);
#1441=ORIENTED_EDGE('',*,*,#2499,.T.);
#1442=ORIENTED_EDGE('',*,*,#2500,.T.);
#1443=ORIENTED_EDGE('',*,*,#2501,.F.);
#1444=ORIENTED_EDGE('',*,*,#2502,.F.);
#1445=ORIENTED_EDGE('',*,*,#2503,.T.);
#1446=ORIENTED_EDGE('',*,*,#2504,.T.);
#1447=ORIENTED_EDGE('',*,*,#2505,.F.);
#1448=ORIENTED_EDGE('',*,*,#2500,.F.);
#1449=ORIENTED_EDGE('',*,*,#2506,.T.);
#1450=ORIENTED_EDGE('',*,*,#2507,.T.);
#1451=ORIENTED_EDGE('',*,*,#2508,.F.);
#1452=ORIENTED_EDGE('',*,*,#2504,.F.);
#1453=ORIENTED_EDGE('',*,*,#2509,.T.);
#1454=ORIENTED_EDGE('',*,*,#2510,.T.);
#1455=ORIENTED_EDGE('',*,*,#2511,.F.);
#1456=ORIENTED_EDGE('',*,*,#2507,.F.);
#1457=ORIENTED_EDGE('',*,*,#2512,.T.);
#1458=ORIENTED_EDGE('',*,*,#2513,.T.);
#1459=ORIENTED_EDGE('',*,*,#2514,.F.);
#1460=ORIENTED_EDGE('',*,*,#2510,.F.);
#1461=ORIENTED_EDGE('',*,*,#2515,.T.);
#1462=ORIENTED_EDGE('',*,*,#2516,.T.);
#1463=ORIENTED_EDGE('',*,*,#2517,.F.);
#1464=ORIENTED_EDGE('',*,*,#2513,.F.);
#1465=ORIENTED_EDGE('',*,*,#2518,.T.);
#1466=ORIENTED_EDGE('',*,*,#2519,.T.);
#1467=ORIENTED_EDGE('',*,*,#2520,.F.);
#1468=ORIENTED_EDGE('',*,*,#2516,.F.);
#1469=ORIENTED_EDGE('',*,*,#2521,.T.);
#1470=ORIENTED_EDGE('',*,*,#2522,.T.);
#1471=ORIENTED_EDGE('',*,*,#2523,.F.);
#1472=ORIENTED_EDGE('',*,*,#2519,.F.);
#1473=ORIENTED_EDGE('',*,*,#2524,.T.);
#1474=ORIENTED_EDGE('',*,*,#2525,.T.);
#1475=ORIENTED_EDGE('',*,*,#2526,.F.);
#1476=ORIENTED_EDGE('',*,*,#2522,.F.);
#1477=ORIENTED_EDGE('',*,*,#2527,.T.);
#1478=ORIENTED_EDGE('',*,*,#2528,.T.);
#1479=ORIENTED_EDGE('',*,*,#2529,.F.);
#1480=ORIENTED_EDGE('',*,*,#2525,.F.);
#1481=ORIENTED_EDGE('',*,*,#2530,.T.);
#1482=ORIENTED_EDGE('',*,*,#2531,.T.);
#1483=ORIENTED_EDGE('',*,*,#2532,.F.);
#1484=ORIENTED_EDGE('',*,*,#2528,.F.);
#1485=ORIENTED_EDGE('',*,*,#2533,.T.);
#1486=ORIENTED_EDGE('',*,*,#2502,.T.);
#1487=ORIENTED_EDGE('',*,*,#2534,.F.);
#1488=ORIENTED_EDGE('',*,*,#2531,.F.);
#1489=ORIENTED_EDGE('',*,*,#2535,.T.);
#1490=ORIENTED_EDGE('',*,*,#2536,.T.);
#1491=ORIENTED_EDGE('',*,*,#2537,.F.);
#1492=ORIENTED_EDGE('',*,*,#2538,.F.);
#1493=ORIENTED_EDGE('',*,*,#2539,.T.);
#1494=ORIENTED_EDGE('',*,*,#2540,.T.);
#1495=ORIENTED_EDGE('',*,*,#2541,.F.);
#1496=ORIENTED_EDGE('',*,*,#2536,.F.);
#1497=ORIENTED_EDGE('',*,*,#2542,.T.);
#1498=ORIENTED_EDGE('',*,*,#2543,.T.);
#1499=ORIENTED_EDGE('',*,*,#2544,.F.);
#1500=ORIENTED_EDGE('',*,*,#2540,.F.);
#1501=ORIENTED_EDGE('',*,*,#2545,.T.);
#1502=ORIENTED_EDGE('',*,*,#2546,.T.);
#1503=ORIENTED_EDGE('',*,*,#2547,.F.);
#1504=ORIENTED_EDGE('',*,*,#2543,.F.);
#1505=ORIENTED_EDGE('',*,*,#2548,.T.);
#1506=ORIENTED_EDGE('',*,*,#2549,.T.);
#1507=ORIENTED_EDGE('',*,*,#2550,.F.);
#1508=ORIENTED_EDGE('',*,*,#2546,.F.);
#1509=ORIENTED_EDGE('',*,*,#2551,.T.);
#1510=ORIENTED_EDGE('',*,*,#2552,.T.);
#1511=ORIENTED_EDGE('',*,*,#2553,.F.);
#1512=ORIENTED_EDGE('',*,*,#2549,.F.);
#1513=ORIENTED_EDGE('',*,*,#2554,.T.);
#1514=ORIENTED_EDGE('',*,*,#2555,.T.);
#1515=ORIENTED_EDGE('',*,*,#2556,.F.);
#1516=ORIENTED_EDGE('',*,*,#2552,.F.);
#1517=ORIENTED_EDGE('',*,*,#2557,.T.);
#1518=ORIENTED_EDGE('',*,*,#2538,.T.);
#1519=ORIENTED_EDGE('',*,*,#2558,.F.);
#1520=ORIENTED_EDGE('',*,*,#2555,.F.);
#1521=ORIENTED_EDGE('',*,*,#2559,.T.);
#1522=ORIENTED_EDGE('',*,*,#2560,.T.);
#1523=ORIENTED_EDGE('',*,*,#2561,.F.);
#1524=ORIENTED_EDGE('',*,*,#2562,.F.);
#1525=ORIENTED_EDGE('',*,*,#2563,.T.);
#1526=ORIENTED_EDGE('',*,*,#2564,.T.);
#1527=ORIENTED_EDGE('',*,*,#2565,.F.);
#1528=ORIENTED_EDGE('',*,*,#2560,.F.);
#1529=ORIENTED_EDGE('',*,*,#2566,.T.);
#1530=ORIENTED_EDGE('',*,*,#2567,.T.);
#1531=ORIENTED_EDGE('',*,*,#2568,.F.);
#1532=ORIENTED_EDGE('',*,*,#2564,.F.);
#1533=ORIENTED_EDGE('',*,*,#2569,.T.);
#1534=ORIENTED_EDGE('',*,*,#2570,.T.);
#1535=ORIENTED_EDGE('',*,*,#2571,.F.);
#1536=ORIENTED_EDGE('',*,*,#2567,.F.);
#1537=ORIENTED_EDGE('',*,*,#2572,.F.);
#1538=ORIENTED_EDGE('',*,*,#2562,.T.);
#1539=ORIENTED_EDGE('',*,*,#2573,.F.);
#1540=ORIENTED_EDGE('',*,*,#2570,.F.);
#1541=ORIENTED_EDGE('',*,*,#2574,.F.);
#1542=ORIENTED_EDGE('',*,*,#2575,.T.);
#1543=ORIENTED_EDGE('',*,*,#2576,.F.);
#1544=ORIENTED_EDGE('',*,*,#2577,.F.);
#1545=ORIENTED_EDGE('',*,*,#2578,.F.);
#1546=ORIENTED_EDGE('',*,*,#2579,.T.);
#1547=ORIENTED_EDGE('',*,*,#2580,.F.);
#1548=ORIENTED_EDGE('',*,*,#2575,.F.);
#1549=ORIENTED_EDGE('',*,*,#2581,.T.);
#1550=ORIENTED_EDGE('',*,*,#2582,.T.);
#1551=ORIENTED_EDGE('',*,*,#2583,.F.);
#1552=ORIENTED_EDGE('',*,*,#2579,.F.);
#1553=ORIENTED_EDGE('',*,*,#2584,.T.);
#1554=ORIENTED_EDGE('',*,*,#2577,.T.);
#1555=ORIENTED_EDGE('',*,*,#2585,.F.);
#1556=ORIENTED_EDGE('',*,*,#2582,.F.);
#1557=ORIENTED_EDGE('',*,*,#2586,.T.);
#1558=ORIENTED_EDGE('',*,*,#2587,.T.);
#1559=ORIENTED_EDGE('',*,*,#2588,.F.);
#1560=ORIENTED_EDGE('',*,*,#2589,.F.);
#1561=ORIENTED_EDGE('',*,*,#2590,.F.);
#1562=ORIENTED_EDGE('',*,*,#2591,.T.);
#1563=ORIENTED_EDGE('',*,*,#2592,.F.);
#1564=ORIENTED_EDGE('',*,*,#2587,.F.);
#1565=ORIENTED_EDGE('',*,*,#2593,.T.);
#1566=ORIENTED_EDGE('',*,*,#2594,.T.);
#1567=ORIENTED_EDGE('',*,*,#2595,.F.);
#1568=ORIENTED_EDGE('',*,*,#2591,.F.);
#1569=ORIENTED_EDGE('',*,*,#2596,.T.);
#1570=ORIENTED_EDGE('',*,*,#2589,.T.);
#1571=ORIENTED_EDGE('',*,*,#2597,.F.);
#1572=ORIENTED_EDGE('',*,*,#2594,.F.);
#1573=ORIENTED_EDGE('',*,*,#2598,.T.);
#1574=ORIENTED_EDGE('',*,*,#2599,.T.);
#1575=ORIENTED_EDGE('',*,*,#2600,.F.);
#1576=ORIENTED_EDGE('',*,*,#2601,.F.);
#1577=ORIENTED_EDGE('',*,*,#2602,.T.);
#1578=ORIENTED_EDGE('',*,*,#2603,.T.);
#1579=ORIENTED_EDGE('',*,*,#2604,.F.);
#1580=ORIENTED_EDGE('',*,*,#2599,.F.);
#1581=ORIENTED_EDGE('',*,*,#2605,.T.);
#1582=ORIENTED_EDGE('',*,*,#2606,.T.);
#1583=ORIENTED_EDGE('',*,*,#2607,.F.);
#1584=ORIENTED_EDGE('',*,*,#2603,.F.);
#1585=ORIENTED_EDGE('',*,*,#2608,.T.);
#1586=ORIENTED_EDGE('',*,*,#2609,.T.);
#1587=ORIENTED_EDGE('',*,*,#2610,.F.);
#1588=ORIENTED_EDGE('',*,*,#2606,.F.);
#1589=ORIENTED_EDGE('',*,*,#2611,.T.);
#1590=ORIENTED_EDGE('',*,*,#2612,.T.);
#1591=ORIENTED_EDGE('',*,*,#2613,.F.);
#1592=ORIENTED_EDGE('',*,*,#2609,.F.);
#1593=ORIENTED_EDGE('',*,*,#2614,.T.);
#1594=ORIENTED_EDGE('',*,*,#2615,.T.);
#1595=ORIENTED_EDGE('',*,*,#2616,.F.);
#1596=ORIENTED_EDGE('',*,*,#2612,.F.);
#1597=ORIENTED_EDGE('',*,*,#2617,.T.);
#1598=ORIENTED_EDGE('',*,*,#2618,.T.);
#1599=ORIENTED_EDGE('',*,*,#2619,.F.);
#1600=ORIENTED_EDGE('',*,*,#2615,.F.);
#1601=ORIENTED_EDGE('',*,*,#2620,.T.);
#1602=ORIENTED_EDGE('',*,*,#2621,.T.);
#1603=ORIENTED_EDGE('',*,*,#2622,.F.);
#1604=ORIENTED_EDGE('',*,*,#2618,.F.);
#1605=ORIENTED_EDGE('',*,*,#2623,.T.);
#1606=ORIENTED_EDGE('',*,*,#2624,.T.);
#1607=ORIENTED_EDGE('',*,*,#2625,.F.);
#1608=ORIENTED_EDGE('',*,*,#2621,.F.);
#1609=ORIENTED_EDGE('',*,*,#2626,.T.);
#1610=ORIENTED_EDGE('',*,*,#2627,.T.);
#1611=ORIENTED_EDGE('',*,*,#2628,.F.);
#1612=ORIENTED_EDGE('',*,*,#2624,.F.);
#1613=ORIENTED_EDGE('',*,*,#2629,.T.);
#1614=ORIENTED_EDGE('',*,*,#2630,.T.);
#1615=ORIENTED_EDGE('',*,*,#2631,.F.);
#1616=ORIENTED_EDGE('',*,*,#2627,.F.);
#1617=ORIENTED_EDGE('',*,*,#2632,.T.);
#1618=ORIENTED_EDGE('',*,*,#2601,.T.);
#1619=ORIENTED_EDGE('',*,*,#2633,.F.);
#1620=ORIENTED_EDGE('',*,*,#2630,.F.);
#1621=ORIENTED_EDGE('',*,*,#2634,.T.);
#1622=ORIENTED_EDGE('',*,*,#2635,.T.);
#1623=ORIENTED_EDGE('',*,*,#2636,.F.);
#1624=ORIENTED_EDGE('',*,*,#2637,.F.);
#1625=ORIENTED_EDGE('',*,*,#2638,.F.);
#1626=ORIENTED_EDGE('',*,*,#2639,.T.);
#1627=ORIENTED_EDGE('',*,*,#2640,.F.);
#1628=ORIENTED_EDGE('',*,*,#2635,.F.);
#1629=ORIENTED_EDGE('',*,*,#2641,.T.);
#1630=ORIENTED_EDGE('',*,*,#2642,.T.);
#1631=ORIENTED_EDGE('',*,*,#2643,.F.);
#1632=ORIENTED_EDGE('',*,*,#2639,.F.);
#1633=ORIENTED_EDGE('',*,*,#2644,.F.);
#1634=ORIENTED_EDGE('',*,*,#2637,.T.);
#1635=ORIENTED_EDGE('',*,*,#2645,.F.);
#1636=ORIENTED_EDGE('',*,*,#2642,.F.);
#1637=ORIENTED_EDGE('',*,*,#2646,.T.);
#1638=ORIENTED_EDGE('',*,*,#2647,.T.);
#1639=ORIENTED_EDGE('',*,*,#2648,.F.);
#1640=ORIENTED_EDGE('',*,*,#2649,.F.);
#1641=ORIENTED_EDGE('',*,*,#2650,.T.);
#1642=ORIENTED_EDGE('',*,*,#2651,.T.);
#1643=ORIENTED_EDGE('',*,*,#2652,.F.);
#1644=ORIENTED_EDGE('',*,*,#2647,.F.);
#1645=ORIENTED_EDGE('',*,*,#2653,.T.);
#1646=ORIENTED_EDGE('',*,*,#2654,.T.);
#1647=ORIENTED_EDGE('',*,*,#2655,.F.);
#1648=ORIENTED_EDGE('',*,*,#2651,.F.);
#1649=ORIENTED_EDGE('',*,*,#2656,.T.);
#1650=ORIENTED_EDGE('',*,*,#2657,.T.);
#1651=ORIENTED_EDGE('',*,*,#2658,.F.);
#1652=ORIENTED_EDGE('',*,*,#2654,.F.);
#1653=ORIENTED_EDGE('',*,*,#2659,.T.);
#1654=ORIENTED_EDGE('',*,*,#2660,.T.);
#1655=ORIENTED_EDGE('',*,*,#2661,.F.);
#1656=ORIENTED_EDGE('',*,*,#2657,.F.);
#1657=ORIENTED_EDGE('',*,*,#2662,.T.);
#1658=ORIENTED_EDGE('',*,*,#2649,.T.);
#1659=ORIENTED_EDGE('',*,*,#2663,.F.);
#1660=ORIENTED_EDGE('',*,*,#2660,.F.);
#1661=ORIENTED_EDGE('',*,*,#2664,.T.);
#1662=ORIENTED_EDGE('',*,*,#2665,.T.);
#1663=ORIENTED_EDGE('',*,*,#2275,.T.);
#1664=ORIENTED_EDGE('',*,*,#2279,.T.);
#1665=ORIENTED_EDGE('',*,*,#2282,.T.);
#1666=ORIENTED_EDGE('',*,*,#2285,.T.);
#1667=ORIENTED_EDGE('',*,*,#2288,.T.);
#1668=ORIENTED_EDGE('',*,*,#2291,.T.);
#1669=ORIENTED_EDGE('',*,*,#2294,.T.);
#1670=ORIENTED_EDGE('',*,*,#2297,.T.);
#1671=ORIENTED_EDGE('',*,*,#2300,.T.);
#1672=ORIENTED_EDGE('',*,*,#2303,.T.);
#1673=ORIENTED_EDGE('',*,*,#2306,.T.);
#1674=ORIENTED_EDGE('',*,*,#2309,.T.);
#1675=ORIENTED_EDGE('',*,*,#2312,.T.);
#1676=ORIENTED_EDGE('',*,*,#2315,.T.);
#1677=ORIENTED_EDGE('',*,*,#2318,.T.);
#1678=ORIENTED_EDGE('',*,*,#2320,.T.);
#1679=ORIENTED_EDGE('',*,*,#2347,.T.);
#1680=ORIENTED_EDGE('',*,*,#2351,.T.);
#1681=ORIENTED_EDGE('',*,*,#2354,.T.);
#1682=ORIENTED_EDGE('',*,*,#2357,.T.);
#1683=ORIENTED_EDGE('',*,*,#2359,.T.);
#1684=ORIENTED_EDGE('',*,*,#2323,.T.);
#1685=ORIENTED_EDGE('',*,*,#2327,.T.);
#1686=ORIENTED_EDGE('',*,*,#2330,.T.);
#1687=ORIENTED_EDGE('',*,*,#2333,.T.);
#1688=ORIENTED_EDGE('',*,*,#2336,.T.);
#1689=ORIENTED_EDGE('',*,*,#2339,.T.);
#1690=ORIENTED_EDGE('',*,*,#2342,.T.);
#1691=ORIENTED_EDGE('',*,*,#2344,.T.);
#1692=ORIENTED_EDGE('',*,*,#2374,.T.);
#1693=ORIENTED_EDGE('',*,*,#2378,.T.);
#1694=ORIENTED_EDGE('',*,*,#2381,.T.);
#1695=ORIENTED_EDGE('',*,*,#2383,.T.);
#1696=ORIENTED_EDGE('',*,*,#2362,.T.);
#1697=ORIENTED_EDGE('',*,*,#2366,.T.);
#1698=ORIENTED_EDGE('',*,*,#2369,.T.);
#1699=ORIENTED_EDGE('',*,*,#2371,.T.);
#1700=ORIENTED_EDGE('',*,*,#2386,.T.);
#1701=ORIENTED_EDGE('',*,*,#2390,.T.);
#1702=ORIENTED_EDGE('',*,*,#2393,.T.);
#1703=ORIENTED_EDGE('',*,*,#2396,.T.);
#1704=ORIENTED_EDGE('',*,*,#2399,.T.);
#1705=ORIENTED_EDGE('',*,*,#2402,.T.);
#1706=ORIENTED_EDGE('',*,*,#2405,.T.);
#1707=ORIENTED_EDGE('',*,*,#2408,.T.);
#1708=ORIENTED_EDGE('',*,*,#2411,.T.);
#1709=ORIENTED_EDGE('',*,*,#2414,.T.);
#1710=ORIENTED_EDGE('',*,*,#2417,.T.);
#1711=ORIENTED_EDGE('',*,*,#2419,.T.);
#1712=ORIENTED_EDGE('',*,*,#2422,.T.);
#1713=ORIENTED_EDGE('',*,*,#2426,.T.);
#1714=ORIENTED_EDGE('',*,*,#2429,.T.);
#1715=ORIENTED_EDGE('',*,*,#2432,.T.);
#1716=ORIENTED_EDGE('',*,*,#2435,.T.);
#1717=ORIENTED_EDGE('',*,*,#2438,.T.);
#1718=ORIENTED_EDGE('',*,*,#2441,.T.);
#1719=ORIENTED_EDGE('',*,*,#2444,.T.);
#1720=ORIENTED_EDGE('',*,*,#2447,.T.);
#1721=ORIENTED_EDGE('',*,*,#2450,.T.);
#1722=ORIENTED_EDGE('',*,*,#2453,.T.);
#1723=ORIENTED_EDGE('',*,*,#2455,.T.);
#1724=ORIENTED_EDGE('',*,*,#2458,.T.);
#1725=ORIENTED_EDGE('',*,*,#2462,.T.);
#1726=ORIENTED_EDGE('',*,*,#2465,.T.);
#1727=ORIENTED_EDGE('',*,*,#2467,.T.);
#1728=ORIENTED_EDGE('',*,*,#2492,.T.);
#1729=ORIENTED_EDGE('',*,*,#2496,.T.);
#1730=ORIENTED_EDGE('',*,*,#2498,.T.);
#1731=ORIENTED_EDGE('',*,*,#2482,.T.);
#1732=ORIENTED_EDGE('',*,*,#2479,.T.);
#1733=ORIENTED_EDGE('',*,*,#2476,.T.);
#1734=ORIENTED_EDGE('',*,*,#2473,.T.);
#1735=ORIENTED_EDGE('',*,*,#2470,.T.);
#1736=ORIENTED_EDGE('',*,*,#2666,.T.);
#1737=ORIENTED_EDGE('',*,*,#2486,.T.);
#1738=ORIENTED_EDGE('',*,*,#2489,.T.);
#1739=ORIENTED_EDGE('',*,*,#2501,.T.);
#1740=ORIENTED_EDGE('',*,*,#2505,.T.);
#1741=ORIENTED_EDGE('',*,*,#2508,.T.);
#1742=ORIENTED_EDGE('',*,*,#2511,.T.);
#1743=ORIENTED_EDGE('',*,*,#2514,.T.);
#1744=ORIENTED_EDGE('',*,*,#2517,.T.);
#1745=ORIENTED_EDGE('',*,*,#2520,.T.);
#1746=ORIENTED_EDGE('',*,*,#2523,.T.);
#1747=ORIENTED_EDGE('',*,*,#2526,.T.);
#1748=ORIENTED_EDGE('',*,*,#2529,.T.);
#1749=ORIENTED_EDGE('',*,*,#2532,.T.);
#1750=ORIENTED_EDGE('',*,*,#2534,.T.);
#1751=ORIENTED_EDGE('',*,*,#2561,.T.);
#1752=ORIENTED_EDGE('',*,*,#2565,.T.);
#1753=ORIENTED_EDGE('',*,*,#2568,.T.);
#1754=ORIENTED_EDGE('',*,*,#2571,.T.);
#1755=ORIENTED_EDGE('',*,*,#2573,.T.);
#1756=ORIENTED_EDGE('',*,*,#2537,.T.);
#1757=ORIENTED_EDGE('',*,*,#2541,.T.);
#1758=ORIENTED_EDGE('',*,*,#2544,.T.);
#1759=ORIENTED_EDGE('',*,*,#2547,.T.);
#1760=ORIENTED_EDGE('',*,*,#2550,.T.);
#1761=ORIENTED_EDGE('',*,*,#2553,.T.);
#1762=ORIENTED_EDGE('',*,*,#2556,.T.);
#1763=ORIENTED_EDGE('',*,*,#2558,.T.);
#1764=ORIENTED_EDGE('',*,*,#2588,.T.);
#1765=ORIENTED_EDGE('',*,*,#2592,.T.);
#1766=ORIENTED_EDGE('',*,*,#2595,.T.);
#1767=ORIENTED_EDGE('',*,*,#2597,.T.);
#1768=ORIENTED_EDGE('',*,*,#2576,.T.);
#1769=ORIENTED_EDGE('',*,*,#2580,.T.);
#1770=ORIENTED_EDGE('',*,*,#2583,.T.);
#1771=ORIENTED_EDGE('',*,*,#2585,.T.);
#1772=ORIENTED_EDGE('',*,*,#2600,.T.);
#1773=ORIENTED_EDGE('',*,*,#2604,.T.);
#1774=ORIENTED_EDGE('',*,*,#2607,.T.);
#1775=ORIENTED_EDGE('',*,*,#2610,.T.);
#1776=ORIENTED_EDGE('',*,*,#2613,.T.);
#1777=ORIENTED_EDGE('',*,*,#2616,.T.);
#1778=ORIENTED_EDGE('',*,*,#2619,.T.);
#1779=ORIENTED_EDGE('',*,*,#2622,.T.);
#1780=ORIENTED_EDGE('',*,*,#2625,.T.);
#1781=ORIENTED_EDGE('',*,*,#2628,.T.);
#1782=ORIENTED_EDGE('',*,*,#2631,.T.);
#1783=ORIENTED_EDGE('',*,*,#2633,.T.);
#1784=ORIENTED_EDGE('',*,*,#2636,.T.);
#1785=ORIENTED_EDGE('',*,*,#2640,.T.);
#1786=ORIENTED_EDGE('',*,*,#2643,.T.);
#1787=ORIENTED_EDGE('',*,*,#2645,.T.);
#1788=ORIENTED_EDGE('',*,*,#2648,.T.);
#1789=ORIENTED_EDGE('',*,*,#2652,.T.);
#1790=ORIENTED_EDGE('',*,*,#2655,.T.);
#1791=ORIENTED_EDGE('',*,*,#2658,.T.);
#1792=ORIENTED_EDGE('',*,*,#2661,.T.);
#1793=ORIENTED_EDGE('',*,*,#2663,.T.);
#1794=ORIENTED_EDGE('',*,*,#2665,.F.);
#1795=ORIENTED_EDGE('',*,*,#2667,.F.);
#1796=ORIENTED_EDGE('',*,*,#2668,.F.);
#1797=ORIENTED_EDGE('',*,*,#2669,.T.);
#1798=ORIENTED_EDGE('',*,*,#2670,.F.);
#1799=ORIENTED_EDGE('',*,*,#2671,.T.);
#1800=ORIENTED_EDGE('',*,*,#2672,.F.);
#1801=ORIENTED_EDGE('',*,*,#2673,.T.);
#1802=ORIENTED_EDGE('',*,*,#2674,.F.);
#1803=ORIENTED_EDGE('',*,*,#2675,.T.);
#1804=ORIENTED_EDGE('',*,*,#2676,.F.);
#1805=ORIENTED_EDGE('',*,*,#2677,.T.);
#1806=ORIENTED_EDGE('',*,*,#2678,.F.);
#1807=ORIENTED_EDGE('',*,*,#2679,.T.);
#1808=ORIENTED_EDGE('',*,*,#2680,.F.);
#1809=ORIENTED_EDGE('',*,*,#2681,.T.);
#1810=ORIENTED_EDGE('',*,*,#2682,.F.);
#1811=ORIENTED_EDGE('',*,*,#2683,.T.);
#1812=ORIENTED_EDGE('',*,*,#2684,.F.);
#1813=ORIENTED_EDGE('',*,*,#2685,.T.);
#1814=ORIENTED_EDGE('',*,*,#2686,.F.);
#1815=ORIENTED_EDGE('',*,*,#2687,.T.);
#1816=ORIENTED_EDGE('',*,*,#2688,.F.);
#1817=ORIENTED_EDGE('',*,*,#2689,.T.);
#1818=ORIENTED_EDGE('',*,*,#2690,.F.);
#1819=ORIENTED_EDGE('',*,*,#2691,.T.);
#1820=ORIENTED_EDGE('',*,*,#2692,.F.);
#1821=ORIENTED_EDGE('',*,*,#2693,.T.);
#1822=ORIENTED_EDGE('',*,*,#2694,.F.);
#1823=ORIENTED_EDGE('',*,*,#2695,.T.);
#1824=ORIENTED_EDGE('',*,*,#2696,.F.);
#1825=ORIENTED_EDGE('',*,*,#2697,.T.);
#1826=ORIENTED_EDGE('',*,*,#2698,.F.);
#1827=ORIENTED_EDGE('',*,*,#2699,.T.);
#1828=ORIENTED_EDGE('',*,*,#2700,.F.);
#1829=ORIENTED_EDGE('',*,*,#2701,.T.);
#1830=ORIENTED_EDGE('',*,*,#2702,.T.);
#1831=ORIENTED_EDGE('',*,*,#2702,.F.);
#1832=ORIENTED_EDGE('',*,*,#2703,.T.);
#1833=ORIENTED_EDGE('',*,*,#2668,.T.);
#1834=ORIENTED_EDGE('',*,*,#2670,.T.);
#1835=ORIENTED_EDGE('',*,*,#2672,.T.);
#1836=ORIENTED_EDGE('',*,*,#2674,.T.);
#1837=ORIENTED_EDGE('',*,*,#2676,.T.);
#1838=ORIENTED_EDGE('',*,*,#2678,.T.);
#1839=ORIENTED_EDGE('',*,*,#2680,.T.);
#1840=ORIENTED_EDGE('',*,*,#2682,.T.);
#1841=ORIENTED_EDGE('',*,*,#2684,.T.);
#1842=ORIENTED_EDGE('',*,*,#2686,.T.);
#1843=ORIENTED_EDGE('',*,*,#2688,.T.);
#1844=ORIENTED_EDGE('',*,*,#2690,.T.);
#1845=ORIENTED_EDGE('',*,*,#2692,.T.);
#1846=ORIENTED_EDGE('',*,*,#2694,.T.);
#1847=ORIENTED_EDGE('',*,*,#2696,.T.);
#1848=ORIENTED_EDGE('',*,*,#2698,.T.);
#1849=ORIENTED_EDGE('',*,*,#2700,.T.);
#1850=ORIENTED_EDGE('',*,*,#2704,.T.);
#1851=ORIENTED_EDGE('',*,*,#2703,.F.);
#1852=ORIENTED_EDGE('',*,*,#2704,.F.);
#1853=ORIENTED_EDGE('',*,*,#2705,.T.);
#1854=ORIENTED_EDGE('',*,*,#2706,.T.);
#1855=ORIENTED_EDGE('',*,*,#2707,.F.);
#1856=ORIENTED_EDGE('',*,*,#2708,.F.);
#1857=ORIENTED_EDGE('',*,*,#2709,.T.);
#1858=ORIENTED_EDGE('',*,*,#2710,.T.);
#1859=ORIENTED_EDGE('',*,*,#2711,.F.);
#1860=ORIENTED_EDGE('',*,*,#2706,.F.);
#1861=ORIENTED_EDGE('',*,*,#2712,.T.);
#1862=ORIENTED_EDGE('',*,*,#2713,.T.);
#1863=ORIENTED_EDGE('',*,*,#2714,.F.);
#1864=ORIENTED_EDGE('',*,*,#2710,.F.);
#1865=ORIENTED_EDGE('',*,*,#2715,.T.);
#1866=ORIENTED_EDGE('',*,*,#2708,.T.);
#1867=ORIENTED_EDGE('',*,*,#2716,.F.);
#1868=ORIENTED_EDGE('',*,*,#2713,.F.);
#1869=ORIENTED_EDGE('',*,*,#2717,.T.);
#1870=ORIENTED_EDGE('',*,*,#2707,.T.);
#1871=ORIENTED_EDGE('',*,*,#2711,.T.);
#1872=ORIENTED_EDGE('',*,*,#2714,.T.);
#1873=ORIENTED_EDGE('',*,*,#2716,.T.);
#1874=ORIENTED_EDGE('',*,*,#2718,.T.);
#1875=ORIENTED_EDGE('',*,*,#2719,.T.);
#1876=ORIENTED_EDGE('',*,*,#2720,.T.);
#1877=ORIENTED_EDGE('',*,*,#2721,.T.);
#1878=ORIENTED_EDGE('',*,*,#2722,.T.);
#1879=ORIENTED_EDGE('',*,*,#2723,.T.);
#1880=ORIENTED_EDGE('',*,*,#2724,.T.);
#1881=ORIENTED_EDGE('',*,*,#2725,.T.);
#1882=ORIENTED_EDGE('',*,*,#2726,.T.);
#1883=ORIENTED_EDGE('',*,*,#2727,.T.);
#1884=ORIENTED_EDGE('',*,*,#2728,.T.);
#1885=ORIENTED_EDGE('',*,*,#2729,.T.);
#1886=ORIENTED_EDGE('',*,*,#2730,.T.);
#1887=ORIENTED_EDGE('',*,*,#2718,.F.);
#1888=ORIENTED_EDGE('',*,*,#2731,.F.);
#1889=ORIENTED_EDGE('',*,*,#2732,.T.);
#1890=ORIENTED_EDGE('',*,*,#2733,.T.);
#1891=ORIENTED_EDGE('',*,*,#2719,.F.);
#1892=ORIENTED_EDGE('',*,*,#2730,.F.);
#1893=ORIENTED_EDGE('',*,*,#2734,.T.);
#1894=ORIENTED_EDGE('',*,*,#2735,.T.);
#1895=ORIENTED_EDGE('',*,*,#2720,.F.);
#1896=ORIENTED_EDGE('',*,*,#2733,.F.);
#1897=ORIENTED_EDGE('',*,*,#2736,.T.);
#1898=ORIENTED_EDGE('',*,*,#2737,.T.);
#1899=ORIENTED_EDGE('',*,*,#2721,.F.);
#1900=ORIENTED_EDGE('',*,*,#2735,.F.);
#1901=ORIENTED_EDGE('',*,*,#2738,.T.);
#1902=ORIENTED_EDGE('',*,*,#2739,.T.);
#1903=ORIENTED_EDGE('',*,*,#2722,.F.);
#1904=ORIENTED_EDGE('',*,*,#2737,.F.);
#1905=ORIENTED_EDGE('',*,*,#2740,.T.);
#1906=ORIENTED_EDGE('',*,*,#2741,.T.);
#1907=ORIENTED_EDGE('',*,*,#2723,.F.);
#1908=ORIENTED_EDGE('',*,*,#2739,.F.);
#1909=ORIENTED_EDGE('',*,*,#2742,.T.);
#1910=ORIENTED_EDGE('',*,*,#2743,.T.);
#1911=ORIENTED_EDGE('',*,*,#2724,.F.);
#1912=ORIENTED_EDGE('',*,*,#2741,.F.);
#1913=ORIENTED_EDGE('',*,*,#2744,.T.);
#1914=ORIENTED_EDGE('',*,*,#2745,.T.);
#1915=ORIENTED_EDGE('',*,*,#2725,.F.);
#1916=ORIENTED_EDGE('',*,*,#2743,.F.);
#1917=ORIENTED_EDGE('',*,*,#2746,.T.);
#1918=ORIENTED_EDGE('',*,*,#2747,.T.);
#1919=ORIENTED_EDGE('',*,*,#2726,.F.);
#1920=ORIENTED_EDGE('',*,*,#2745,.F.);
#1921=ORIENTED_EDGE('',*,*,#2748,.T.);
#1922=ORIENTED_EDGE('',*,*,#2749,.T.);
#1923=ORIENTED_EDGE('',*,*,#2727,.F.);
#1924=ORIENTED_EDGE('',*,*,#2747,.F.);
#1925=ORIENTED_EDGE('',*,*,#2750,.T.);
#1926=ORIENTED_EDGE('',*,*,#2751,.T.);
#1927=ORIENTED_EDGE('',*,*,#2728,.F.);
#1928=ORIENTED_EDGE('',*,*,#2749,.F.);
#1929=ORIENTED_EDGE('',*,*,#2752,.T.);
#1930=ORIENTED_EDGE('',*,*,#2731,.T.);
#1931=ORIENTED_EDGE('',*,*,#2729,.F.);
#1932=ORIENTED_EDGE('',*,*,#2751,.F.);
#1933=ORIENTED_EDGE('',*,*,#2753,.T.);
#1934=ORIENTED_EDGE('',*,*,#2754,.F.);
#1935=ORIENTED_EDGE('',*,*,#2755,.T.);
#1936=ORIENTED_EDGE('',*,*,#2754,.T.);
#1937=ORIENTED_EDGE('',*,*,#2756,.T.);
#1938=ORIENTED_EDGE('',*,*,#2756,.F.);
#1939=ORIENTED_EDGE('',*,*,#2757,.T.);
#1940=ORIENTED_EDGE('',*,*,#2758,.F.);
#1941=ORIENTED_EDGE('',*,*,#2759,.T.);
#1942=ORIENTED_EDGE('',*,*,#2755,.F.);
#1943=ORIENTED_EDGE('',*,*,#2758,.T.);
#1944=ORIENTED_EDGE('',*,*,#2757,.F.);
#1945=ORIENTED_EDGE('',*,*,#2760,.T.);
#1946=ORIENTED_EDGE('',*,*,#2760,.F.);
#1947=ORIENTED_EDGE('',*,*,#2761,.T.);
#1948=ORIENTED_EDGE('',*,*,#2715,.F.);
#1949=ORIENTED_EDGE('',*,*,#2712,.F.);
#1950=ORIENTED_EDGE('',*,*,#2709,.F.);
#1951=ORIENTED_EDGE('',*,*,#2717,.F.);
#1952=ORIENTED_EDGE('',*,*,#2752,.F.);
#1953=ORIENTED_EDGE('',*,*,#2750,.F.);
#1954=ORIENTED_EDGE('',*,*,#2748,.F.);
#1955=ORIENTED_EDGE('',*,*,#2746,.F.);
#1956=ORIENTED_EDGE('',*,*,#2744,.F.);
#1957=ORIENTED_EDGE('',*,*,#2742,.F.);
#1958=ORIENTED_EDGE('',*,*,#2740,.F.);
#1959=ORIENTED_EDGE('',*,*,#2738,.F.);
#1960=ORIENTED_EDGE('',*,*,#2736,.F.);
#1961=ORIENTED_EDGE('',*,*,#2734,.F.);
#1962=ORIENTED_EDGE('',*,*,#2732,.F.);
#1963=ORIENTED_EDGE('',*,*,#2753,.F.);
#1964=ORIENTED_EDGE('',*,*,#2759,.F.);
#1965=ORIENTED_EDGE('',*,*,#2761,.F.);
#1966=ORIENTED_EDGE('',*,*,#2762,.T.);
#1967=ORIENTED_EDGE('',*,*,#2763,.F.);
#1968=ORIENTED_EDGE('',*,*,#2762,.F.);
#1969=ORIENTED_EDGE('',*,*,#2763,.T.);
#1970=ORIENTED_EDGE('',*,*,#2764,.T.);
#1971=ORIENTED_EDGE('',*,*,#2764,.F.);
#1972=ORIENTED_EDGE('',*,*,#2765,.T.);
#1973=ORIENTED_EDGE('',*,*,#2765,.F.);
#1974=ORIENTED_EDGE('',*,*,#2766,.F.);
#1975=ORIENTED_EDGE('',*,*,#2767,.F.);
#1976=ORIENTED_EDGE('',*,*,#2766,.T.);
#1977=ORIENTED_EDGE('',*,*,#2767,.T.);
#1978=ORIENTED_EDGE('',*,*,#2768,.F.);
#1979=ORIENTED_EDGE('',*,*,#2358,.T.);
#1980=ORIENTED_EDGE('',*,*,#2355,.F.);
#1981=ORIENTED_EDGE('',*,*,#2352,.F.);
#1982=ORIENTED_EDGE('',*,*,#2349,.F.);
#1983=ORIENTED_EDGE('',*,*,#2360,.T.);
#1984=ORIENTED_EDGE('',*,*,#2382,.F.);
#1985=ORIENTED_EDGE('',*,*,#2379,.F.);
#1986=ORIENTED_EDGE('',*,*,#2376,.T.);
#1987=ORIENTED_EDGE('',*,*,#2384,.F.);
#1988=ORIENTED_EDGE('',*,*,#2497,.T.);
#1989=ORIENTED_EDGE('',*,*,#2494,.F.);
#1990=ORIENTED_EDGE('',*,*,#2499,.F.);
#1991=ORIENTED_EDGE('',*,*,#2572,.T.);
#1992=ORIENTED_EDGE('',*,*,#2569,.F.);
#1993=ORIENTED_EDGE('',*,*,#2566,.F.);
#1994=ORIENTED_EDGE('',*,*,#2563,.F.);
#1995=ORIENTED_EDGE('',*,*,#2574,.T.);
#1996=ORIENTED_EDGE('',*,*,#2596,.F.);
#1997=ORIENTED_EDGE('',*,*,#2593,.F.);
#1998=ORIENTED_EDGE('',*,*,#2590,.T.);
#1999=ORIENTED_EDGE('',*,*,#2598,.F.);
#2000=ORIENTED_EDGE('',*,*,#2667,.T.);
#2001=ORIENTED_EDGE('',*,*,#2319,.F.);
#2002=ORIENTED_EDGE('',*,*,#2316,.F.);
#2003=ORIENTED_EDGE('',*,*,#2313,.F.);
#2004=ORIENTED_EDGE('',*,*,#2310,.F.);
#2005=ORIENTED_EDGE('',*,*,#2307,.F.);
#2006=ORIENTED_EDGE('',*,*,#2304,.F.);
#2007=ORIENTED_EDGE('',*,*,#2301,.F.);
#2008=ORIENTED_EDGE('',*,*,#2298,.F.);
#2009=ORIENTED_EDGE('',*,*,#2295,.F.);
#2010=ORIENTED_EDGE('',*,*,#2292,.F.);
#2011=ORIENTED_EDGE('',*,*,#2289,.F.);
#2012=ORIENTED_EDGE('',*,*,#2286,.F.);
#2013=ORIENTED_EDGE('',*,*,#2283,.F.);
#2014=ORIENTED_EDGE('',*,*,#2280,.F.);
#2015=ORIENTED_EDGE('',*,*,#2277,.F.);
#2016=ORIENTED_EDGE('',*,*,#2321,.F.);
#2017=ORIENTED_EDGE('',*,*,#2343,.F.);
#2018=ORIENTED_EDGE('',*,*,#2340,.F.);
#2019=ORIENTED_EDGE('',*,*,#2337,.F.);
#2020=ORIENTED_EDGE('',*,*,#2334,.F.);
#2021=ORIENTED_EDGE('',*,*,#2331,.F.);
#2022=ORIENTED_EDGE('',*,*,#2328,.F.);
#2023=ORIENTED_EDGE('',*,*,#2325,.F.);
#2024=ORIENTED_EDGE('',*,*,#2345,.F.);
#2025=ORIENTED_EDGE('',*,*,#2370,.F.);
#2026=ORIENTED_EDGE('',*,*,#2367,.F.);
#2027=ORIENTED_EDGE('',*,*,#2364,.T.);
#2028=ORIENTED_EDGE('',*,*,#2372,.F.);
#2029=ORIENTED_EDGE('',*,*,#2418,.F.);
#2030=ORIENTED_EDGE('',*,*,#2415,.F.);
#2031=ORIENTED_EDGE('',*,*,#2412,.F.);
#2032=ORIENTED_EDGE('',*,*,#2409,.F.);
#2033=ORIENTED_EDGE('',*,*,#2406,.F.);
#2034=ORIENTED_EDGE('',*,*,#2403,.F.);
#2035=ORIENTED_EDGE('',*,*,#2400,.F.);
#2036=ORIENTED_EDGE('',*,*,#2397,.F.);
#2037=ORIENTED_EDGE('',*,*,#2394,.F.);
#2038=ORIENTED_EDGE('',*,*,#2391,.F.);
#2039=ORIENTED_EDGE('',*,*,#2388,.F.);
#2040=ORIENTED_EDGE('',*,*,#2420,.F.);
#2041=ORIENTED_EDGE('',*,*,#2454,.T.);
#2042=ORIENTED_EDGE('',*,*,#2451,.F.);
#2043=ORIENTED_EDGE('',*,*,#2448,.F.);
#2044=ORIENTED_EDGE('',*,*,#2445,.F.);
#2045=ORIENTED_EDGE('',*,*,#2442,.T.);
#2046=ORIENTED_EDGE('',*,*,#2439,.F.);
#2047=ORIENTED_EDGE('',*,*,#2436,.T.);
#2048=ORIENTED_EDGE('',*,*,#2433,.F.);
#2049=ORIENTED_EDGE('',*,*,#2430,.F.);
#2050=ORIENTED_EDGE('',*,*,#2427,.F.);
#2051=ORIENTED_EDGE('',*,*,#2424,.F.);
#2052=ORIENTED_EDGE('',*,*,#2456,.F.);
#2053=ORIENTED_EDGE('',*,*,#2466,.T.);
#2054=ORIENTED_EDGE('',*,*,#2463,.F.);
#2055=ORIENTED_EDGE('',*,*,#2460,.T.);
#2056=ORIENTED_EDGE('',*,*,#2468,.F.);
#2057=ORIENTED_EDGE('',*,*,#2488,.T.);
#2058=ORIENTED_EDGE('',*,*,#2769,.F.);
#2059=ORIENTED_EDGE('',*,*,#2472,.T.);
#2060=ORIENTED_EDGE('',*,*,#2475,.F.);
#2061=ORIENTED_EDGE('',*,*,#2478,.T.);
#2062=ORIENTED_EDGE('',*,*,#2481,.F.);
#2063=ORIENTED_EDGE('',*,*,#2484,.F.);
#2064=ORIENTED_EDGE('',*,*,#2490,.F.);
#2065=ORIENTED_EDGE('',*,*,#2533,.F.);
#2066=ORIENTED_EDGE('',*,*,#2530,.F.);
#2067=ORIENTED_EDGE('',*,*,#2527,.F.);
#2068=ORIENTED_EDGE('',*,*,#2524,.F.);
#2069=ORIENTED_EDGE('',*,*,#2521,.F.);
#2070=ORIENTED_EDGE('',*,*,#2518,.F.);
#2071=ORIENTED_EDGE('',*,*,#2515,.F.);
#2072=ORIENTED_EDGE('',*,*,#2512,.F.);
#2073=ORIENTED_EDGE('',*,*,#2509,.F.);
#2074=ORIENTED_EDGE('',*,*,#2506,.F.);
#2075=ORIENTED_EDGE('',*,*,#2503,.F.);
#2076=ORIENTED_EDGE('',*,*,#2535,.F.);
#2077=ORIENTED_EDGE('',*,*,#2557,.F.);
#2078=ORIENTED_EDGE('',*,*,#2554,.F.);
#2079=ORIENTED_EDGE('',*,*,#2551,.F.);
#2080=ORIENTED_EDGE('',*,*,#2548,.F.);
#2081=ORIENTED_EDGE('',*,*,#2545,.F.);
#2082=ORIENTED_EDGE('',*,*,#2542,.F.);
#2083=ORIENTED_EDGE('',*,*,#2539,.F.);
#2084=ORIENTED_EDGE('',*,*,#2559,.F.);
#2085=ORIENTED_EDGE('',*,*,#2584,.F.);
#2086=ORIENTED_EDGE('',*,*,#2581,.F.);
#2087=ORIENTED_EDGE('',*,*,#2578,.T.);
#2088=ORIENTED_EDGE('',*,*,#2586,.F.);
#2089=ORIENTED_EDGE('',*,*,#2632,.F.);
#2090=ORIENTED_EDGE('',*,*,#2629,.F.);
#2091=ORIENTED_EDGE('',*,*,#2626,.F.);
#2092=ORIENTED_EDGE('',*,*,#2623,.F.);
#2093=ORIENTED_EDGE('',*,*,#2620,.F.);
#2094=ORIENTED_EDGE('',*,*,#2617,.F.);
#2095=ORIENTED_EDGE('',*,*,#2614,.F.);
#2096=ORIENTED_EDGE('',*,*,#2611,.F.);
#2097=ORIENTED_EDGE('',*,*,#2608,.F.);
#2098=ORIENTED_EDGE('',*,*,#2605,.F.);
#2099=ORIENTED_EDGE('',*,*,#2602,.F.);
#2100=ORIENTED_EDGE('',*,*,#2634,.F.);
#2101=ORIENTED_EDGE('',*,*,#2644,.T.);
#2102=ORIENTED_EDGE('',*,*,#2641,.F.);
#2103=ORIENTED_EDGE('',*,*,#2638,.T.);
#2104=ORIENTED_EDGE('',*,*,#2646,.F.);
#2105=ORIENTED_EDGE('',*,*,#2662,.F.);
#2106=ORIENTED_EDGE('',*,*,#2659,.F.);
#2107=ORIENTED_EDGE('',*,*,#2656,.F.);
#2108=ORIENTED_EDGE('',*,*,#2653,.F.);
#2109=ORIENTED_EDGE('',*,*,#2650,.F.);
#2110=ORIENTED_EDGE('',*,*,#2664,.F.);
#2111=ORIENTED_EDGE('',*,*,#2669,.F.);
#2112=ORIENTED_EDGE('',*,*,#2671,.F.);
#2113=ORIENTED_EDGE('',*,*,#2673,.F.);
#2114=ORIENTED_EDGE('',*,*,#2675,.F.);
#2115=ORIENTED_EDGE('',*,*,#2677,.F.);
#2116=ORIENTED_EDGE('',*,*,#2679,.F.);
#2117=ORIENTED_EDGE('',*,*,#2681,.F.);
#2118=ORIENTED_EDGE('',*,*,#2683,.F.);
#2119=ORIENTED_EDGE('',*,*,#2685,.F.);
#2120=ORIENTED_EDGE('',*,*,#2687,.F.);
#2121=ORIENTED_EDGE('',*,*,#2689,.F.);
#2122=ORIENTED_EDGE('',*,*,#2691,.F.);
#2123=ORIENTED_EDGE('',*,*,#2693,.F.);
#2124=ORIENTED_EDGE('',*,*,#2695,.F.);
#2125=ORIENTED_EDGE('',*,*,#2697,.F.);
#2126=ORIENTED_EDGE('',*,*,#2699,.F.);
#2127=ORIENTED_EDGE('',*,*,#2701,.F.);
#2128=ORIENTED_EDGE('',*,*,#2705,.F.);
#2129=ORIENTED_EDGE('',*,*,#2768,.T.);
#2130=ORIENTED_EDGE('',*,*,#2487,.T.);
#2131=ORIENTED_EDGE('',*,*,#2666,.F.);
#2132=ORIENTED_EDGE('',*,*,#2469,.F.);
#2133=ORIENTED_EDGE('',*,*,#2769,.T.);
#2134=ORIENTED_EDGE('',*,*,#2770,.F.);
#2135=ORIENTED_EDGE('',*,*,#2771,.T.);
#2136=ORIENTED_EDGE('',*,*,#2772,.T.);
#2137=ORIENTED_EDGE('',*,*,#2771,.F.);
#2138=ORIENTED_EDGE('',*,*,#2773,.T.);
#2139=ORIENTED_EDGE('',*,*,#2772,.F.);
#2140=ORIENTED_EDGE('',*,*,#2770,.T.);
#2141=ORIENTED_EDGE('',*,*,#2773,.F.);
#2142=ORIENTED_EDGE('',*,*,#2774,.T.);
#2143=ORIENTED_EDGE('',*,*,#2775,.F.);
#2144=ORIENTED_EDGE('',*,*,#2776,.T.);
#2145=ORIENTED_EDGE('',*,*,#2774,.F.);
#2146=ORIENTED_EDGE('',*,*,#2776,.F.);
#2147=ORIENTED_EDGE('',*,*,#2777,.T.);
#2148=ORIENTED_EDGE('',*,*,#2775,.T.);
#2149=ORIENTED_EDGE('',*,*,#2777,.F.);
#2150=ORIENTED_EDGE('',*,*,#2778,.F.);
#2151=ORIENTED_EDGE('',*,*,#2779,.T.);
#2152=ORIENTED_EDGE('',*,*,#2780,.T.);
#2153=ORIENTED_EDGE('',*,*,#2779,.F.);
#2154=ORIENTED_EDGE('',*,*,#2781,.T.);
#2155=ORIENTED_EDGE('',*,*,#2780,.F.);
#2156=ORIENTED_EDGE('',*,*,#2778,.T.);
#2157=ORIENTED_EDGE('',*,*,#2781,.F.);
#2158=ORIENTED_EDGE('',*,*,#2782,.F.);
#2159=ORIENTED_EDGE('',*,*,#2783,.T.);
#2160=ORIENTED_EDGE('',*,*,#2784,.T.);
#2161=ORIENTED_EDGE('',*,*,#2783,.F.);
#2162=ORIENTED_EDGE('',*,*,#2785,.T.);
#2163=ORIENTED_EDGE('',*,*,#2784,.F.);
#2164=ORIENTED_EDGE('',*,*,#2782,.T.);
#2165=ORIENTED_EDGE('',*,*,#2785,.F.);
#2166=ORIENTED_EDGE('',*,*,#2786,.T.);
#2167=ORIENTED_EDGE('',*,*,#2787,.F.);
#2168=ORIENTED_EDGE('',*,*,#2788,.T.);
#2169=ORIENTED_EDGE('',*,*,#2786,.F.);
#2170=ORIENTED_EDGE('',*,*,#2788,.F.);
#2171=ORIENTED_EDGE('',*,*,#2789,.T.);
#2172=ORIENTED_EDGE('',*,*,#2787,.T.);
#2173=ORIENTED_EDGE('',*,*,#2789,.F.);
#2174=ORIENTED_EDGE('',*,*,#2790,.T.);
#2175=ORIENTED_EDGE('',*,*,#2791,.F.);
#2176=ORIENTED_EDGE('',*,*,#2792,.T.);
#2177=ORIENTED_EDGE('',*,*,#2790,.F.);
#2178=ORIENTED_EDGE('',*,*,#2792,.F.);
#2179=ORIENTED_EDGE('',*,*,#2793,.T.);
#2180=ORIENTED_EDGE('',*,*,#2791,.T.);
#2181=ORIENTED_EDGE('',*,*,#2793,.F.);
#2182=ORIENTED_EDGE('',*,*,#2794,.T.);
#2183=ORIENTED_EDGE('',*,*,#2795,.F.);
#2184=ORIENTED_EDGE('',*,*,#2796,.T.);
#2185=ORIENTED_EDGE('',*,*,#2794,.F.);
#2186=ORIENTED_EDGE('',*,*,#2796,.F.);
#2187=ORIENTED_EDGE('',*,*,#2797,.T.);
#2188=ORIENTED_EDGE('',*,*,#2795,.T.);
#2189=ORIENTED_EDGE('',*,*,#2797,.F.);
#2190=ORIENTED_EDGE('',*,*,#2798,.F.);
#2191=ORIENTED_EDGE('',*,*,#2799,.T.);
#2192=ORIENTED_EDGE('',*,*,#2800,.T.);
#2193=ORIENTED_EDGE('',*,*,#2799,.F.);
#2194=ORIENTED_EDGE('',*,*,#2801,.T.);
#2195=ORIENTED_EDGE('',*,*,#2800,.F.);
#2196=ORIENTED_EDGE('',*,*,#2798,.T.);
#2197=ORIENTED_EDGE('',*,*,#2801,.F.);
#2198=ORIENTED_EDGE('',*,*,#2802,.T.);
#2199=ORIENTED_EDGE('',*,*,#2803,.F.);
#2200=ORIENTED_EDGE('',*,*,#2804,.T.);
#2201=ORIENTED_EDGE('',*,*,#2802,.F.);
#2202=ORIENTED_EDGE('',*,*,#2804,.F.);
#2203=ORIENTED_EDGE('',*,*,#2805,.T.);
#2204=ORIENTED_EDGE('',*,*,#2803,.T.);
#2205=ORIENTED_EDGE('',*,*,#2805,.F.);
#2206=ORIENTED_EDGE('',*,*,#2806,.F.);
#2207=ORIENTED_EDGE('',*,*,#2807,.T.);
#2208=ORIENTED_EDGE('',*,*,#2808,.T.);
#2209=ORIENTED_EDGE('',*,*,#2807,.F.);
#2210=ORIENTED_EDGE('',*,*,#2809,.T.);
#2211=ORIENTED_EDGE('',*,*,#2808,.F.);
#2212=ORIENTED_EDGE('',*,*,#2806,.T.);
#2213=ORIENTED_EDGE('',*,*,#2809,.F.);
#2214=ORIENTED_EDGE('',*,*,#2810,.F.);
#2215=ORIENTED_EDGE('',*,*,#2811,.T.);
#2216=ORIENTED_EDGE('',*,*,#2812,.T.);
#2217=ORIENTED_EDGE('',*,*,#2811,.F.);
#2218=ORIENTED_EDGE('',*,*,#2813,.T.);
#2219=ORIENTED_EDGE('',*,*,#2812,.F.);
#2220=ORIENTED_EDGE('',*,*,#2810,.T.);
#2221=ORIENTED_EDGE('',*,*,#2813,.F.);
#2222=ORIENTED_EDGE('',*,*,#2814,.F.);
#2223=ORIENTED_EDGE('',*,*,#2815,.T.);
#2224=ORIENTED_EDGE('',*,*,#2816,.T.);
#2225=ORIENTED_EDGE('',*,*,#2815,.F.);
#2226=ORIENTED_EDGE('',*,*,#2817,.T.);
#2227=ORIENTED_EDGE('',*,*,#2816,.F.);
#2228=ORIENTED_EDGE('',*,*,#2814,.T.);
#2229=ORIENTED_EDGE('',*,*,#2817,.F.);
#2230=ORIENTED_EDGE('',*,*,#2818,.T.);
#2231=ORIENTED_EDGE('',*,*,#2819,.F.);
#2232=ORIENTED_EDGE('',*,*,#2820,.T.);
#2233=ORIENTED_EDGE('',*,*,#2818,.F.);
#2234=ORIENTED_EDGE('',*,*,#2820,.F.);
#2235=ORIENTED_EDGE('',*,*,#2821,.T.);
#2236=ORIENTED_EDGE('',*,*,#2819,.T.);
#2237=ORIENTED_EDGE('',*,*,#2821,.F.);
#2238=ORIENTED_EDGE('',*,*,#2822,.F.);
#2239=ORIENTED_EDGE('',*,*,#2823,.T.);
#2240=ORIENTED_EDGE('',*,*,#2824,.T.);
#2241=ORIENTED_EDGE('',*,*,#2823,.F.);
#2242=ORIENTED_EDGE('',*,*,#2825,.T.);
#2243=ORIENTED_EDGE('',*,*,#2824,.F.);
#2244=ORIENTED_EDGE('',*,*,#2822,.T.);
#2245=ORIENTED_EDGE('',*,*,#2825,.F.);
#2246=ORIENTED_EDGE('',*,*,#2826,.T.);
#2247=ORIENTED_EDGE('',*,*,#2827,.F.);
#2248=ORIENTED_EDGE('',*,*,#2828,.T.);
#2249=ORIENTED_EDGE('',*,*,#2826,.F.);
#2250=ORIENTED_EDGE('',*,*,#2828,.F.);
#2251=ORIENTED_EDGE('',*,*,#2829,.T.);
#2252=ORIENTED_EDGE('',*,*,#2827,.T.);
#2253=ORIENTED_EDGE('',*,*,#2829,.F.);
#2254=EDGE_CURVE('',#2830,#2830,#3259,.T.);
#2255=EDGE_CURVE('',#2831,#2831,#3260,.T.);
#2256=EDGE_CURVE('',#2832,#2832,#3261,.T.);
#2257=EDGE_CURVE('',#2833,#2833,#3262,.T.);
#2258=EDGE_CURVE('',#2834,#2834,#3263,.T.);
#2259=EDGE_CURVE('',#2835,#2835,#3264,.T.);
#2260=EDGE_CURVE('',#2836,#2836,#3265,.T.);
#2261=EDGE_CURVE('',#2837,#2837,#3266,.T.);
#2262=EDGE_CURVE('',#2838,#2838,#3267,.T.);
#2263=EDGE_CURVE('',#2839,#2839,#3268,.T.);
#2264=EDGE_CURVE('',#2840,#2840,#3269,.T.);
#2265=EDGE_CURVE('',#2841,#2841,#3270,.T.);
#2266=EDGE_CURVE('',#2842,#2842,#3271,.T.);
#2267=EDGE_CURVE('',#2843,#2843,#3272,.T.);
#2268=EDGE_CURVE('',#2844,#2844,#3273,.T.);
#2269=EDGE_CURVE('',#2845,#2845,#3274,.T.);
#2270=EDGE_CURVE('',#2846,#2846,#3275,.T.);
#2271=EDGE_CURVE('',#2847,#2847,#3276,.T.);
#2272=EDGE_CURVE('',#2848,#2848,#3277,.T.);
#2273=EDGE_CURVE('',#2849,#2849,#3278,.T.);
#2274=EDGE_CURVE('',#2850,#2851,#124,.T.);
#2275=EDGE_CURVE('',#2852,#2851,#72,.T.);
#2276=EDGE_CURVE('',#2853,#2852,#73,.T.);
#2277=EDGE_CURVE('',#2853,#2850,#74,.T.);
#2278=EDGE_CURVE('',#2854,#2855,#125,.T.);
#2279=EDGE_CURVE('',#2851,#2855,#75,.T.);
#2280=EDGE_CURVE('',#2850,#2854,#76,.T.);
#2281=EDGE_CURVE('',#2856,#2857,#126,.T.);
#2282=EDGE_CURVE('',#2855,#2857,#127,.T.);
#2283=EDGE_CURVE('',#2854,#2856,#128,.T.);
#2284=EDGE_CURVE('',#2858,#2859,#129,.T.);
#2285=EDGE_CURVE('',#2857,#2859,#130,.T.);
#2286=EDGE_CURVE('',#2856,#2858,#131,.T.);
#2287=EDGE_CURVE('',#2860,#2861,#132,.T.);
#2288=EDGE_CURVE('',#2859,#2861,#133,.T.);
#2289=EDGE_CURVE('',#2858,#2860,#134,.T.);
#2290=EDGE_CURVE('',#2862,#2863,#135,.T.);
#2291=EDGE_CURVE('',#2861,#2863,#77,.T.);
#2292=EDGE_CURVE('',#2860,#2862,#78,.T.);
#2293=EDGE_CURVE('',#2864,#2865,#136,.T.);
#2294=EDGE_CURVE('',#2863,#2865,#79,.T.);
#2295=EDGE_CURVE('',#2862,#2864,#80,.T.);
#2296=EDGE_CURVE('',#2866,#2867,#137,.T.);
#2297=EDGE_CURVE('',#2865,#2867,#81,.T.);
#2298=EDGE_CURVE('',#2864,#2866,#82,.T.);
#2299=EDGE_CURVE('',#2868,#2869,#138,.T.);
#2300=EDGE_CURVE('',#2867,#2869,#83,.T.);
#2301=EDGE_CURVE('',#2866,#2868,#84,.T.);
#2302=EDGE_CURVE('',#2870,#2871,#139,.T.);
#2303=EDGE_CURVE('',#2869,#2871,#140,.T.);
#2304=EDGE_CURVE('',#2868,#2870,#141,.T.);
#2305=EDGE_CURVE('',#2872,#2873,#142,.T.);
#2306=EDGE_CURVE('',#2871,#2873,#85,.T.);
#2307=EDGE_CURVE('',#2870,#2872,#86,.T.);
#2308=EDGE_CURVE('',#2874,#2875,#143,.T.);
#2309=EDGE_CURVE('',#2873,#2875,#144,.T.);
#2310=EDGE_CURVE('',#2872,#2874,#145,.T.);
#2311=EDGE_CURVE('',#2876,#2877,#146,.T.);
#2312=EDGE_CURVE('',#2875,#2877,#147,.T.);
#2313=EDGE_CURVE('',#2874,#2876,#148,.T.);
#2314=EDGE_CURVE('',#2878,#2879,#149,.T.);
#2315=EDGE_CURVE('',#2877,#2879,#150,.T.);
#2316=EDGE_CURVE('',#2876,#2878,#151,.T.);
#2317=EDGE_CURVE('',#2880,#2881,#87,.F.);
#2318=EDGE_CURVE('',#2879,#2881,#88,.T.);
#2319=EDGE_CURVE('',#2878,#2880,#89,.T.);
#2320=EDGE_CURVE('',#2881,#2852,#3279,.T.);
#2321=EDGE_CURVE('',#2880,#2853,#3280,.T.);
#2322=EDGE_CURVE('',#2882,#2883,#152,.T.);
#2323=EDGE_CURVE('',#2884,#2883,#153,.T.);
#2324=EDGE_CURVE('',#2885,#2884,#154,.T.);
#2325=EDGE_CURVE('',#2885,#2882,#155,.T.);
#2326=EDGE_CURVE('',#2886,#2887,#156,.T.);
#2327=EDGE_CURVE('',#2883,#2887,#157,.T.);
#2328=EDGE_CURVE('',#2882,#2886,#158,.T.);
#2329=EDGE_CURVE('',#2888,#2889,#159,.T.);
#2330=EDGE_CURVE('',#2887,#2889,#160,.T.);
#2331=EDGE_CURVE('',#2886,#2888,#161,.T.);
#2332=EDGE_CURVE('',#2890,#2891,#162,.T.);
#2333=EDGE_CURVE('',#2889,#2891,#163,.T.);
#2334=EDGE_CURVE('',#2888,#2890,#164,.T.);
#2335=EDGE_CURVE('',#2892,#2893,#165,.T.);
#2336=EDGE_CURVE('',#2891,#2893,#166,.T.);
#2337=EDGE_CURVE('',#2890,#2892,#167,.T.);
#2338=EDGE_CURVE('',#2894,#2895,#168,.T.);
#2339=EDGE_CURVE('',#2893,#2895,#169,.T.);
#2340=EDGE_CURVE('',#2892,#2894,#170,.T.);
#2341=EDGE_CURVE('',#2896,#2897,#171,.T.);
#2342=EDGE_CURVE('',#2895,#2897,#172,.T.);
#2343=EDGE_CURVE('',#2894,#2896,#173,.T.);
#2344=EDGE_CURVE('',#2897,#2884,#174,.T.);
#2345=EDGE_CURVE('',#2896,#2885,#175,.T.);
#2346=EDGE_CURVE('',#2898,#2899,#176,.T.);
#2347=EDGE_CURVE('',#2900,#2899,#177,.T.);
#2348=EDGE_CURVE('',#2901,#2900,#90,.F.);
#2349=EDGE_CURVE('',#2901,#2898,#178,.T.);
#2350=EDGE_CURVE('',#2902,#2903,#179,.T.);
#2351=EDGE_CURVE('',#2899,#2903,#180,.T.);
#2352=EDGE_CURVE('',#2898,#2902,#181,.T.);
#2353=EDGE_CURVE('',#2904,#2905,#91,.T.);
#2354=EDGE_CURVE('',#2903,#2905,#182,.T.);
#2355=EDGE_CURVE('',#2902,#2904,#183,.T.);
#2356=EDGE_CURVE('',#2906,#2907,#184,.T.);
#2357=EDGE_CURVE('',#2905,#2907,#3281,.T.);
#2358=EDGE_CURVE('',#2906,#2904,#3282,.F.);
#2359=EDGE_CURVE('',#2907,#2900,#3283,.T.);
#2360=EDGE_CURVE('',#2901,#2906,#3284,.F.);
#2361=EDGE_CURVE('',#2908,#2909,#185,.T.);
#2362=EDGE_CURVE('',#2910,#2909,#92,.T.);
#2363=EDGE_CURVE('',#2911,#2910,#186,.T.);
#2364=EDGE_CURVE('',#2908,#2911,#93,.T.);
#2365=EDGE_CURVE('',#2912,#2913,#187,.T.);
#2366=EDGE_CURVE('',#2909,#2913,#188,.T.);
#2367=EDGE_CURVE('',#2908,#2912,#189,.T.);
#2368=EDGE_CURVE('',#2914,#2915,#190,.T.);
#2369=EDGE_CURVE('',#2913,#2915,#191,.T.);
#2370=EDGE_CURVE('',#2912,#2914,#192,.T.);
#2371=EDGE_CURVE('',#2915,#2910,#193,.T.);
#2372=EDGE_CURVE('',#2914,#2911,#194,.T.);
#2373=EDGE_CURVE('',#2916,#2917,#195,.T.);
#2374=EDGE_CURVE('',#2918,#2917,#94,.T.);
#2375=EDGE_CURVE('',#2919,#2918,#196,.T.);
#2376=EDGE_CURVE('',#2916,#2919,#95,.T.);
#2377=EDGE_CURVE('',#2920,#2921,#197,.T.);
#2378=EDGE_CURVE('',#2917,#2921,#198,.T.);
#2379=EDGE_CURVE('',#2916,#2920,#199,.T.);
#2380=EDGE_CURVE('',#2922,#2923,#200,.T.);
#2381=EDGE_CURVE('',#2921,#2923,#201,.T.);
#2382=EDGE_CURVE('',#2920,#2922,#202,.T.);
#2383=EDGE_CURVE('',#2923,#2918,#203,.T.);
#2384=EDGE_CURVE('',#2922,#2919,#204,.T.);
#2385=EDGE_CURVE('',#2924,#2925,#205,.T.);
#2386=EDGE_CURVE('',#2926,#2925,#206,.T.);
#2387=EDGE_CURVE('',#2927,#2926,#207,.T.);
#2388=EDGE_CURVE('',#2927,#2924,#208,.T.);
#2389=EDGE_CURVE('',#2928,#2929,#209,.T.);
#2390=EDGE_CURVE('',#2925,#2929,#210,.T.);
#2391=EDGE_CURVE('',#2924,#2928,#211,.T.);
#2392=EDGE_CURVE('',#2930,#2931,#212,.T.);
#2393=EDGE_CURVE('',#2929,#2931,#213,.T.);
#2394=EDGE_CURVE('',#2928,#2930,#214,.T.);
#2395=EDGE_CURVE('',#2932,#2933,#215,.T.);
#2396=EDGE_CURVE('',#2931,#2933,#216,.T.);
#2397=EDGE_CURVE('',#2930,#2932,#217,.T.);
#2398=EDGE_CURVE('',#2934,#2935,#218,.T.);
#2399=EDGE_CURVE('',#2933,#2935,#219,.T.);
#2400=EDGE_CURVE('',#2932,#2934,#220,.T.);
#2401=EDGE_CURVE('',#2936,#2937,#221,.T.);
#2402=EDGE_CURVE('',#2935,#2937,#222,.T.);
#2403=EDGE_CURVE('',#2934,#2936,#223,.T.);
#2404=EDGE_CURVE('',#2938,#2939,#224,.T.);
#2405=EDGE_CURVE('',#2937,#2939,#225,.T.);
#2406=EDGE_CURVE('',#2936,#2938,#226,.T.);
#2407=EDGE_CURVE('',#2940,#2941,#227,.T.);
#2408=EDGE_CURVE('',#2939,#2941,#228,.T.);
#2409=EDGE_CURVE('',#2938,#2940,#229,.T.);
#2410=EDGE_CURVE('',#2942,#2943,#230,.T.);
#2411=EDGE_CURVE('',#2941,#2943,#231,.T.);
#2412=EDGE_CURVE('',#2940,#2942,#232,.T.);
#2413=EDGE_CURVE('',#2944,#2945,#233,.T.);
#2414=EDGE_CURVE('',#2943,#2945,#234,.T.);
#2415=EDGE_CURVE('',#2942,#2944,#235,.T.);
#2416=EDGE_CURVE('',#2946,#2947,#236,.T.);
#2417=EDGE_CURVE('',#2945,#2947,#237,.T.);
#2418=EDGE_CURVE('',#2944,#2946,#238,.T.);
#2419=EDGE_CURVE('',#2947,#2926,#239,.T.);
#2420=EDGE_CURVE('',#2946,#2927,#240,.T.);
#2421=EDGE_CURVE('',#2948,#2949,#241,.T.);
#2422=EDGE_CURVE('',#2950,#2949,#242,.T.);
#2423=EDGE_CURVE('',#2951,#2950,#243,.T.);
#2424=EDGE_CURVE('',#2951,#2948,#244,.T.);
#2425=EDGE_CURVE('',#2952,#2953,#245,.T.);
#2426=EDGE_CURVE('',#2949,#2953,#246,.T.);
#2427=EDGE_CURVE('',#2948,#2952,#247,.T.);
#2428=EDGE_CURVE('',#2954,#2955,#248,.T.);
#2429=EDGE_CURVE('',#2953,#2955,#249,.T.);
#2430=EDGE_CURVE('',#2952,#2954,#250,.T.);
#2431=EDGE_CURVE('',#2956,#2957,#251,.T.);
#2432=EDGE_CURVE('',#2955,#2957,#252,.T.);
#2433=EDGE_CURVE('',#2954,#2956,#253,.T.);
#2434=EDGE_CURVE('',#2958,#2959,#254,.T.);
#2435=EDGE_CURVE('',#2957,#2959,#96,.T.);
#2436=EDGE_CURVE('',#2958,#2956,#97,.T.);
#2437=EDGE_CURVE('',#2960,#2961,#255,.T.);
#2438=EDGE_CURVE('',#2959,#2961,#256,.T.);
#2439=EDGE_CURVE('',#2958,#2960,#257,.T.);
#2440=EDGE_CURVE('',#2962,#2963,#258,.T.);
#2441=EDGE_CURVE('',#2961,#2963,#98,.T.);
#2442=EDGE_CURVE('',#2962,#2960,#99,.T.);
#2443=EDGE_CURVE('',#2964,#2965,#259,.T.);
#2444=EDGE_CURVE('',#2963,#2965,#260,.T.);
#2445=EDGE_CURVE('',#2962,#2964,#261,.T.);
#2446=EDGE_CURVE('',#2966,#2967,#262,.T.);
#2447=EDGE_CURVE('',#2965,#2967,#263,.T.);
#2448=EDGE_CURVE('',#2964,#2966,#264,.T.);
#2449=EDGE_CURVE('',#2968,#2969,#100,.T.);
#2450=EDGE_CURVE('',#2967,#2969,#265,.T.);
#2451=EDGE_CURVE('',#2966,#2968,#266,.T.);
#2452=EDGE_CURVE('',#2970,#2971,#101,.T.);
#2453=EDGE_CURVE('',#2969,#2971,#267,.F.);
#2454=EDGE_CURVE('',#2970,#2968,#268,.T.);
#2455=EDGE_CURVE('',#2971,#2950,#269,.T.);
#2456=EDGE_CURVE('',#2970,#2951,#270,.T.);
#2457=EDGE_CURVE('',#2972,#2973,#271,.T.);
#2458=EDGE_CURVE('',#2974,#2973,#102,.T.);
#2459=EDGE_CURVE('',#2975,#2974,#272,.T.);
#2460=EDGE_CURVE('',#2972,#2975,#103,.T.);
#2461=EDGE_CURVE('',#2976,#2977,#273,.T.);
#2462=EDGE_CURVE('',#2973,#2977,#274,.T.);
#2463=EDGE_CURVE('',#2972,#2976,#275,.T.);
#2464=EDGE_CURVE('',#2978,#2979,#276,.T.);
#2465=EDGE_CURVE('',#2977,#2979,#104,.T.);
#2466=EDGE_CURVE('',#2978,#2976,#105,.T.);
#2467=EDGE_CURVE('',#2979,#2974,#277,.T.);
#2468=EDGE_CURVE('',#2978,#2975,#278,.T.);
#2469=EDGE_CURVE('',#2980,#2981,#279,.T.);
#2470=EDGE_CURVE('',#2982,#2981,#106,.T.);
#2471=EDGE_CURVE('',#2983,#2982,#280,.T.);
#2472=EDGE_CURVE('',#2980,#2983,#107,.T.);
#2473=EDGE_CURVE('',#2984,#2982,#281,.T.);
#2474=EDGE_CURVE('',#2985,#2984,#282,.T.);
#2475=EDGE_CURVE('',#2985,#2983,#283,.T.);
#2476=EDGE_CURVE('',#2986,#2984,#108,.T.);
#2477=EDGE_CURVE('',#2987,#2986,#284,.T.);
#2478=EDGE_CURVE('',#2985,#2987,#109,.T.);
#2479=EDGE_CURVE('',#2988,#2986,#285,.T.);
#2480=EDGE_CURVE('',#2989,#2988,#286,.T.);
#2481=EDGE_CURVE('',#2989,#2987,#287,.T.);
#2482=EDGE_CURVE('',#2990,#2988,#288,.T.);
#2483=EDGE_CURVE('',#2991,#2990,#289,.T.);
#2484=EDGE_CURVE('',#2991,#2989,#290,.T.);
#2485=EDGE_CURVE('',#2992,#2993,#291,.T.);
#2486=EDGE_CURVE('',#2994,#2993,#110,.T.);
#2487=EDGE_CURVE('',#2995,#2994,#292,.T.);
#2488=EDGE_CURVE('',#2992,#2995,#111,.T.);
#2489=EDGE_CURVE('',#2993,#2990,#293,.T.);
#2490=EDGE_CURVE('',#2992,#2991,#294,.T.);
#2491=EDGE_CURVE('',#2996,#2997,#295,.T.);
#2492=EDGE_CURVE('',#2998,#2997,#296,.T.);
#2493=EDGE_CURVE('',#2999,#2998,#297,.T.);
#2494=EDGE_CURVE('',#2999,#2996,#298,.T.);
#2495=EDGE_CURVE('',#3000,#3001,#299,.T.);
#2496=EDGE_CURVE('',#2997,#3001,#112,.T.);
#2497=EDGE_CURVE('',#3000,#2996,#113,.T.);
#2498=EDGE_CURVE('',#3001,#2998,#300,.T.);
#2499=EDGE_CURVE('',#3000,#2999,#301,.T.);
#2500=EDGE_CURVE('',#3002,#3003,#302,.T.);
#2501=EDGE_CURVE('',#3004,#3003,#303,.T.);
#2502=EDGE_CURVE('',#3005,#3004,#304,.T.);
#2503=EDGE_CURVE('',#3005,#3002,#305,.T.);
#2504=EDGE_CURVE('',#3006,#3007,#306,.T.);
#2505=EDGE_CURVE('',#3003,#3007,#307,.T.);
#2506=EDGE_CURVE('',#3002,#3006,#308,.T.);
#2507=EDGE_CURVE('',#3008,#3009,#309,.T.);
#2508=EDGE_CURVE('',#3007,#3009,#310,.T.);
#2509=EDGE_CURVE('',#3006,#3008,#311,.T.);
#2510=EDGE_CURVE('',#3010,#3011,#312,.T.);
#2511=EDGE_CURVE('',#3009,#3011,#313,.T.);
#2512=EDGE_CURVE('',#3008,#3010,#314,.T.);
#2513=EDGE_CURVE('',#3012,#3013,#315,.T.);
#2514=EDGE_CURVE('',#3011,#3013,#316,.T.);
#2515=EDGE_CURVE('',#3010,#3012,#317,.T.);
#2516=EDGE_CURVE('',#3014,#3015,#318,.T.);
#2517=EDGE_CURVE('',#3013,#3015,#319,.T.);
#2518=EDGE_CURVE('',#3012,#3014,#320,.T.);
#2519=EDGE_CURVE('',#3016,#3017,#321,.T.);
#2520=EDGE_CURVE('',#3015,#3017,#322,.T.);
#2521=EDGE_CURVE('',#3014,#3016,#323,.T.);
#2522=EDGE_CURVE('',#3018,#3019,#324,.T.);
#2523=EDGE_CURVE('',#3017,#3019,#325,.T.);
#2524=EDGE_CURVE('',#3016,#3018,#326,.T.);
#2525=EDGE_CURVE('',#3020,#3021,#327,.T.);
#2526=EDGE_CURVE('',#3019,#3021,#328,.T.);
#2527=EDGE_CURVE('',#3018,#3020,#329,.T.);
#2528=EDGE_CURVE('',#3022,#3023,#330,.T.);
#2529=EDGE_CURVE('',#3021,#3023,#331,.T.);
#2530=EDGE_CURVE('',#3020,#3022,#332,.T.);
#2531=EDGE_CURVE('',#3024,#3025,#333,.T.);
#2532=EDGE_CURVE('',#3023,#3025,#334,.T.);
#2533=EDGE_CURVE('',#3022,#3024,#335,.T.);
#2534=EDGE_CURVE('',#3025,#3004,#336,.T.);
#2535=EDGE_CURVE('',#3024,#3005,#337,.T.);
#2536=EDGE_CURVE('',#3026,#3027,#338,.T.);
#2537=EDGE_CURVE('',#3028,#3027,#339,.T.);
#2538=EDGE_CURVE('',#3029,#3028,#340,.T.);
#2539=EDGE_CURVE('',#3029,#3026,#341,.T.);
#2540=EDGE_CURVE('',#3030,#3031,#342,.T.);
#2541=EDGE_CURVE('',#3027,#3031,#343,.T.);
#2542=EDGE_CURVE('',#3026,#3030,#344,.T.);
#2543=EDGE_CURVE('',#3032,#3033,#345,.T.);
#2544=EDGE_CURVE('',#3031,#3033,#346,.T.);
#2545=EDGE_CURVE('',#3030,#3032,#347,.T.);
#2546=EDGE_CURVE('',#3034,#3035,#348,.T.);
#2547=EDGE_CURVE('',#3033,#3035,#349,.T.);
#2548=EDGE_CURVE('',#3032,#3034,#350,.T.);
#2549=EDGE_CURVE('',#3036,#3037,#351,.T.);
#2550=EDGE_CURVE('',#3035,#3037,#352,.T.);
#2551=EDGE_CURVE('',#3034,#3036,#353,.T.);
#2552=EDGE_CURVE('',#3038,#3039,#354,.T.);
#2553=EDGE_CURVE('',#3037,#3039,#355,.T.);
#2554=EDGE_CURVE('',#3036,#3038,#356,.T.);
#2555=EDGE_CURVE('',#3040,#3041,#357,.T.);
#2556=EDGE_CURVE('',#3039,#3041,#358,.T.);
#2557=EDGE_CURVE('',#3038,#3040,#359,.T.);
#2558=EDGE_CURVE('',#3041,#3028,#360,.T.);
#2559=EDGE_CURVE('',#3040,#3029,#361,.T.);
#2560=EDGE_CURVE('',#3042,#3043,#362,.T.);
#2561=EDGE_CURVE('',#3044,#3043,#363,.T.);
#2562=EDGE_CURVE('',#3045,#3044,#114,.F.);
#2563=EDGE_CURVE('',#3045,#3042,#364,.T.);
#2564=EDGE_CURVE('',#3046,#3047,#365,.T.);
#2565=EDGE_CURVE('',#3043,#3047,#366,.T.);
#2566=EDGE_CURVE('',#3042,#3046,#367,.T.);
#2567=EDGE_CURVE('',#3048,#3049,#115,.T.);
#2568=EDGE_CURVE('',#3047,#3049,#368,.T.);
#2569=EDGE_CURVE('',#3046,#3048,#369,.T.);
#2570=EDGE_CURVE('',#3050,#3051,#370,.T.);
#2571=EDGE_CURVE('',#3049,#3051,#3285,.T.);
#2572=EDGE_CURVE('',#3050,#3048,#3286,.F.);
#2573=EDGE_CURVE('',#3051,#3044,#3287,.T.);
#2574=EDGE_CURVE('',#3045,#3050,#3288,.F.);
#2575=EDGE_CURVE('',#3052,#3053,#371,.T.);
#2576=EDGE_CURVE('',#3054,#3053,#116,.T.);
#2577=EDGE_CURVE('',#3055,#3054,#372,.T.);
#2578=EDGE_CURVE('',#3052,#3055,#117,.T.);
#2579=EDGE_CURVE('',#3056,#3057,#373,.T.);
#2580=EDGE_CURVE('',#3053,#3057,#374,.T.);
#2581=EDGE_CURVE('',#3052,#3056,#375,.T.);
#2582=EDGE_CURVE('',#3058,#3059,#376,.T.);
#2583=EDGE_CURVE('',#3057,#3059,#377,.T.);
#2584=EDGE_CURVE('',#3056,#3058,#378,.T.);
#2585=EDGE_CURVE('',#3059,#3054,#379,.T.);
#2586=EDGE_CURVE('',#3058,#3055,#380,.T.);
#2587=EDGE_CURVE('',#3060,#3061,#381,.T.);
#2588=EDGE_CURVE('',#3062,#3061,#118,.T.);
#2589=EDGE_CURVE('',#3063,#3062,#382,.T.);
#2590=EDGE_CURVE('',#3060,#3063,#119,.T.);
#2591=EDGE_CURVE('',#3064,#3065,#383,.T.);
#2592=EDGE_CURVE('',#3061,#3065,#384,.T.);
#2593=EDGE_CURVE('',#3060,#3064,#385,.T.);
#2594=EDGE_CURVE('',#3066,#3067,#386,.T.);
#2595=EDGE_CURVE('',#3065,#3067,#387,.T.);
#2596=EDGE_CURVE('',#3064,#3066,#388,.T.);
#2597=EDGE_CURVE('',#3067,#3062,#389,.T.);
#2598=EDGE_CURVE('',#3066,#3063,#390,.T.);
#2599=EDGE_CURVE('',#3068,#3069,#391,.T.);
#2600=EDGE_CURVE('',#3070,#3069,#392,.T.);
#2601=EDGE_CURVE('',#3071,#3070,#393,.T.);
#2602=EDGE_CURVE('',#3071,#3068,#394,.T.);
#2603=EDGE_CURVE('',#3072,#3073,#395,.T.);
#2604=EDGE_CURVE('',#3069,#3073,#396,.T.);
#2605=EDGE_CURVE('',#3068,#3072,#397,.T.);
#2606=EDGE_CURVE('',#3074,#3075,#398,.T.);
#2607=EDGE_CURVE('',#3073,#3075,#399,.T.);
#2608=EDGE_CURVE('',#3072,#3074,#400,.T.);
#2609=EDGE_CURVE('',#3076,#3077,#401,.T.);
#2610=EDGE_CURVE('',#3075,#3077,#402,.T.);
#2611=EDGE_CURVE('',#3074,#3076,#403,.T.);
#2612=EDGE_CURVE('',#3078,#3079,#404,.T.);
#2613=EDGE_CURVE('',#3077,#3079,#405,.T.);
#2614=EDGE_CURVE('',#3076,#3078,#406,.T.);
#2615=EDGE_CURVE('',#3080,#3081,#407,.T.);
#2616=EDGE_CURVE('',#3079,#3081,#408,.T.);
#2617=EDGE_CURVE('',#3078,#3080,#409,.T.);
#2618=EDGE_CURVE('',#3082,#3083,#410,.T.);
#2619=EDGE_CURVE('',#3081,#3083,#411,.T.);
#2620=EDGE_CURVE('',#3080,#3082,#412,.T.);
#2621=EDGE_CURVE('',#3084,#3085,#413,.T.);
#2622=EDGE_CURVE('',#3083,#3085,#414,.T.);
#2623=EDGE_CURVE('',#3082,#3084,#415,.T.);
#2624=EDGE_CURVE('',#3086,#3087,#416,.T.);
#2625=EDGE_CURVE('',#3085,#3087,#417,.T.);
#2626=EDGE_CURVE('',#3084,#3086,#418,.T.);
#2627=EDGE_CURVE('',#3088,#3089,#419,.T.);
#2628=EDGE_CURVE('',#3087,#3089,#420,.T.);
#2629=EDGE_CURVE('',#3086,#3088,#421,.T.);
#2630=EDGE_CURVE('',#3090,#3091,#422,.T.);
#2631=EDGE_CURVE('',#3089,#3091,#423,.T.);
#2632=EDGE_CURVE('',#3088,#3090,#424,.T.);
#2633=EDGE_CURVE('',#3091,#3070,#425,.T.);
#2634=EDGE_CURVE('',#3090,#3071,#426,.T.);
#2635=EDGE_CURVE('',#3092,#3093,#427,.T.);
#2636=EDGE_CURVE('',#3094,#3093,#120,.T.);
#2637=EDGE_CURVE('',#3095,#3094,#428,.T.);
#2638=EDGE_CURVE('',#3092,#3095,#121,.T.);
#2639=EDGE_CURVE('',#3096,#3097,#429,.T.);
#2640=EDGE_CURVE('',#3093,#3097,#430,.T.);
#2641=EDGE_CURVE('',#3092,#3096,#431,.T.);
#2642=EDGE_CURVE('',#3098,#3099,#432,.T.);
#2643=EDGE_CURVE('',#3097,#3099,#122,.T.);
#2644=EDGE_CURVE('',#3098,#3096,#123,.T.);
#2645=EDGE_CURVE('',#3099,#3094,#433,.T.);
#2646=EDGE_CURVE('',#3098,#3095,#434,.T.);
#2647=EDGE_CURVE('',#3100,#3101,#435,.T.);
#2648=EDGE_CURVE('',#3102,#3101,#436,.T.);
#2649=EDGE_CURVE('',#3103,#3102,#437,.T.);
#2650=EDGE_CURVE('',#3103,#3100,#438,.T.);
#2651=EDGE_CURVE('',#3104,#3105,#439,.T.);
#2652=EDGE_CURVE('',#3101,#3105,#440,.T.);
#2653=EDGE_CURVE('',#3100,#3104,#441,.T.);
#2654=EDGE_CURVE('',#3106,#3107,#442,.T.);
#2655=EDGE_CURVE('',#3105,#3107,#443,.T.);
#2656=EDGE_CURVE('',#3104,#3106,#444,.T.);
#2657=EDGE_CURVE('',#3108,#3109,#445,.T.);
#2658=EDGE_CURVE('',#3107,#3109,#446,.T.);
#2659=EDGE_CURVE('',#3106,#3108,#447,.T.);
#2660=EDGE_CURVE('',#3110,#3111,#448,.T.);
#2661=EDGE_CURVE('',#3109,#3111,#449,.T.);
#2662=EDGE_CURVE('',#3108,#3110,#450,.T.);
#2663=EDGE_CURVE('',#3111,#3102,#451,.T.);
#2664=EDGE_CURVE('',#3110,#3103,#452,.T.);
#2665=EDGE_CURVE('',#3112,#3112,#3289,.T.);
#2666=EDGE_CURVE('',#2981,#2994,#453,.T.);
#2667=EDGE_CURVE('',#3113,#3113,#3290,.T.);
#2668=EDGE_CURVE('',#3114,#3114,#3291,.T.);
#2669=EDGE_CURVE('',#3115,#3115,#3292,.T.);
#2670=EDGE_CURVE('',#3116,#3116,#3293,.T.);
#2671=EDGE_CURVE('',#3117,#3117,#3294,.T.);
#2672=EDGE_CURVE('',#3118,#3118,#3295,.T.);
#2673=EDGE_CURVE('',#3119,#3119,#3296,.T.);
#2674=EDGE_CURVE('',#3120,#3120,#3297,.T.);
#2675=EDGE_CURVE('',#3121,#3121,#3298,.T.);
#2676=EDGE_CURVE('',#3122,#3122,#3299,.T.);
#2677=EDGE_CURVE('',#3123,#3123,#3300,.T.);
#2678=EDGE_CURVE('',#3124,#3124,#3301,.T.);
#2679=EDGE_CURVE('',#3125,#3125,#3302,.T.);
#2680=EDGE_CURVE('',#3126,#3126,#3303,.T.);
#2681=EDGE_CURVE('',#3127,#3127,#3304,.T.);
#2682=EDGE_CURVE('',#3128,#3128,#3305,.T.);
#2683=EDGE_CURVE('',#3129,#3129,#3306,.T.);
#2684=EDGE_CURVE('',#3130,#3130,#3307,.T.);
#2685=EDGE_CURVE('',#3131,#3131,#3308,.T.);
#2686=EDGE_CURVE('',#3132,#3132,#3309,.T.);
#2687=EDGE_CURVE('',#3133,#3133,#3310,.T.);
#2688=EDGE_CURVE('',#3134,#3134,#3311,.T.);
#2689=EDGE_CURVE('',#3135,#3135,#3312,.T.);
#2690=EDGE_CURVE('',#3136,#3136,#3313,.T.);
#2691=EDGE_CURVE('',#3137,#3137,#3314,.T.);
#2692=EDGE_CURVE('',#3138,#3138,#3315,.T.);
#2693=EDGE_CURVE('',#3139,#3139,#3316,.T.);
#2694=EDGE_CURVE('',#3140,#3140,#3317,.T.);
#2695=EDGE_CURVE('',#3141,#3141,#3318,.T.);
#2696=EDGE_CURVE('',#3142,#3142,#3319,.T.);
#2697=EDGE_CURVE('',#3143,#3143,#3320,.T.);
#2698=EDGE_CURVE('',#3144,#3144,#3321,.T.);
#2699=EDGE_CURVE('',#3145,#3145,#3322,.T.);
#2700=EDGE_CURVE('',#3146,#3146,#3323,.T.);
#2701=EDGE_CURVE('',#3147,#3147,#3324,.T.);
#2702=EDGE_CURVE('',#3148,#3148,#3325,.T.);
#2703=EDGE_CURVE('',#3149,#3149,#3326,.T.);
#2704=EDGE_CURVE('',#3150,#3150,#3327,.T.);
#2705=EDGE_CURVE('',#3151,#3151,#3328,.T.);
#2706=EDGE_CURVE('',#3152,#3153,#454,.T.);
#2707=EDGE_CURVE('',#3154,#3153,#455,.T.);
#2708=EDGE_CURVE('',#3155,#3154,#456,.T.);
#2709=EDGE_CURVE('',#3155,#3152,#457,.T.);
#2710=EDGE_CURVE('',#3156,#3157,#458,.T.);
#2711=EDGE_CURVE('',#3153,#3157,#459,.T.);
#2712=EDGE_CURVE('',#3152,#3156,#460,.T.);
#2713=EDGE_CURVE('',#3158,#3159,#461,.T.);
#2714=EDGE_CURVE('',#3157,#3159,#462,.T.);
#2715=EDGE_CURVE('',#3156,#3158,#463,.T.);
#2716=EDGE_CURVE('',#3159,#3154,#464,.T.);
#2717=EDGE_CURVE('',#3158,#3155,#465,.T.);
#2718=EDGE_CURVE('',#3160,#3161,#466,.T.);
#2719=EDGE_CURVE('',#3161,#3162,#467,.T.);
#2720=EDGE_CURVE('',#3162,#3163,#468,.T.);
#2721=EDGE_CURVE('',#3163,#3164,#469,.T.);
#2722=EDGE_CURVE('',#3164,#3165,#470,.T.);
#2723=EDGE_CURVE('',#3165,#3166,#471,.T.);
#2724=EDGE_CURVE('',#3166,#3167,#472,.T.);
#2725=EDGE_CURVE('',#3167,#3168,#473,.T.);
#2726=EDGE_CURVE('',#3168,#3169,#474,.T.);
#2727=EDGE_CURVE('',#3169,#3170,#475,.T.);
#2728=EDGE_CURVE('',#3170,#3171,#476,.T.);
#2729=EDGE_CURVE('',#3171,#3160,#477,.T.);
#2730=EDGE_CURVE('',#3172,#3161,#478,.T.);
#2731=EDGE_CURVE('',#3173,#3160,#479,.T.);
#2732=EDGE_CURVE('',#3173,#3172,#480,.T.);
#2733=EDGE_CURVE('',#3174,#3162,#481,.T.);
#2734=EDGE_CURVE('',#3172,#3174,#482,.T.);
#2735=EDGE_CURVE('',#3175,#3163,#483,.T.);
#2736=EDGE_CURVE('',#3174,#3175,#484,.T.);
#2737=EDGE_CURVE('',#3176,#3164,#485,.T.);
#2738=EDGE_CURVE('',#3175,#3176,#486,.T.);
#2739=EDGE_CURVE('',#3177,#3165,#487,.T.);
#2740=EDGE_CURVE('',#3176,#3177,#488,.T.);
#2741=EDGE_CURVE('',#3178,#3166,#489,.T.);
#2742=EDGE_CURVE('',#3177,#3178,#490,.T.);
#2743=EDGE_CURVE('',#3179,#3167,#491,.T.);
#2744=EDGE_CURVE('',#3178,#3179,#492,.T.);
#2745=EDGE_CURVE('',#3180,#3168,#493,.T.);
#2746=EDGE_CURVE('',#3179,#3180,#494,.T.);
#2747=EDGE_CURVE('',#3181,#3169,#495,.T.);
#2748=EDGE_CURVE('',#3180,#3181,#496,.T.);
#2749=EDGE_CURVE('',#3182,#3170,#497,.T.);
#2750=EDGE_CURVE('',#3181,#3182,#498,.T.);
#2751=EDGE_CURVE('',#3183,#3171,#499,.T.);
#2752=EDGE_CURVE('',#3182,#3183,#500,.T.);
#2753=EDGE_CURVE('',#3183,#3173,#501,.T.);
#2754=EDGE_CURVE('',#3184,#3184,#3329,.T.);
#2755=EDGE_CURVE('',#3185,#3185,#3330,.T.);
#2756=EDGE_CURVE('',#3186,#3186,#3331,.T.);
#2757=EDGE_CURVE('',#3187,#3187,#3332,.T.);
#2758=EDGE_CURVE('',#3188,#3188,#3333,.T.);
#2759=EDGE_CURVE('',#3189,#3189,#3334,.T.);
#2760=EDGE_CURVE('',#3190,#3190,#3335,.T.);
#2761=EDGE_CURVE('',#3191,#3191,#3336,.T.);
#2762=EDGE_CURVE('',#3192,#3192,#3337,.T.);
#2763=EDGE_CURVE('',#3193,#3193,#3338,.T.);
#2764=EDGE_CURVE('',#3194,#3194,#3339,.T.);
#2765=EDGE_CURVE('',#3195,#3195,#3340,.T.);
#2766=EDGE_CURVE('',#3196,#3196,#3341,.T.);
#2767=EDGE_CURVE('',#3197,#3197,#3342,.T.);
#2768=EDGE_CURVE('',#3198,#3198,#3343,.T.);
#2769=EDGE_CURVE('',#2980,#2995,#502,.T.);
#2770=EDGE_CURVE('',#3199,#3199,#3344,.T.);
#2771=EDGE_CURVE('',#3200,#3200,#3345,.T.);
#2772=EDGE_CURVE('',#3201,#3201,#3346,.T.);
#2773=EDGE_CURVE('',#3202,#3202,#3347,.T.);
#2774=EDGE_CURVE('',#3203,#3203,#3348,.T.);
#2775=EDGE_CURVE('',#3204,#3204,#3349,.T.);
#2776=EDGE_CURVE('',#3205,#3205,#3350,.T.);
#2777=EDGE_CURVE('',#3206,#3206,#3351,.T.);
#2778=EDGE_CURVE('',#3207,#3207,#3352,.T.);
#2779=EDGE_CURVE('',#3208,#3208,#3353,.T.);
#2780=EDGE_CURVE('',#3209,#3209,#3354,.T.);
#2781=EDGE_CURVE('',#3210,#3210,#3355,.T.);
#2782=EDGE_CURVE('',#3211,#3211,#3356,.T.);
#2783=EDGE_CURVE('',#3212,#3212,#3357,.T.);
#2784=EDGE_CURVE('',#3213,#3213,#3358,.T.);
#2785=EDGE_CURVE('',#3214,#3214,#3359,.T.);
#2786=EDGE_CURVE('',#3215,#3215,#3360,.T.);
#2787=EDGE_CURVE('',#3216,#3216,#3361,.T.);
#2788=EDGE_CURVE('',#3217,#3217,#3362,.T.);
#2789=EDGE_CURVE('',#3218,#3218,#3363,.T.);
#2790=EDGE_CURVE('',#3219,#3219,#3364,.T.);
#2791=EDGE_CURVE('',#3220,#3220,#3365,.T.);
#2792=EDGE_CURVE('',#3221,#3221,#3366,.T.);
#2793=EDGE_CURVE('',#3222,#3222,#3367,.T.);
#2794=EDGE_CURVE('',#3223,#3223,#3368,.T.);
#2795=EDGE_CURVE('',#3224,#3224,#3369,.T.);
#2796=EDGE_CURVE('',#3225,#3225,#3370,.T.);
#2797=EDGE_CURVE('',#3226,#3226,#3371,.T.);
#2798=EDGE_CURVE('',#3227,#3227,#3372,.T.);
#2799=EDGE_CURVE('',#3228,#3228,#3373,.T.);
#2800=EDGE_CURVE('',#3229,#3229,#3374,.T.);
#2801=EDGE_CURVE('',#3230,#3230,#3375,.T.);
#2802=EDGE_CURVE('',#3231,#3231,#3376,.T.);
#2803=EDGE_CURVE('',#3232,#3232,#3377,.T.);
#2804=EDGE_CURVE('',#3233,#3233,#3378,.T.);
#2805=EDGE_CURVE('',#3234,#3234,#3379,.T.);
#2806=EDGE_CURVE('',#3235,#3235,#3380,.T.);
#2807=EDGE_CURVE('',#3236,#3236,#3381,.T.);
#2808=EDGE_CURVE('',#3237,#3237,#3382,.T.);
#2809=EDGE_CURVE('',#3238,#3238,#3383,.T.);
#2810=EDGE_CURVE('',#3239,#3239,#3384,.T.);
#2811=EDGE_CURVE('',#3240,#3240,#3385,.T.);
#2812=EDGE_CURVE('',#3241,#3241,#3386,.T.);
#2813=EDGE_CURVE('',#3242,#3242,#3387,.T.);
#2814=EDGE_CURVE('',#3243,#3243,#3388,.T.);
#2815=EDGE_CURVE('',#3244,#3244,#3389,.T.);
#2816=EDGE_CURVE('',#3245,#3245,#3390,.T.);
#2817=EDGE_CURVE('',#3246,#3246,#3391,.T.);
#2818=EDGE_CURVE('',#3247,#3247,#3392,.T.);
#2819=EDGE_CURVE('',#3248,#3248,#3393,.T.);
#2820=EDGE_CURVE('',#3249,#3249,#3394,.T.);
#2821=EDGE_CURVE('',#3250,#3250,#3395,.T.);
#2822=EDGE_CURVE('',#3251,#3251,#3396,.T.);
#2823=EDGE_CURVE('',#3252,#3252,#3397,.T.);
#2824=EDGE_CURVE('',#3253,#3253,#3398,.T.);
#2825=EDGE_CURVE('',#3254,#3254,#3399,.T.);
#2826=EDGE_CURVE('',#3255,#3255,#3400,.T.);
#2827=EDGE_CURVE('',#3256,#3256,#3401,.T.);
#2828=EDGE_CURVE('',#3257,#3257,#3402,.T.);
#2829=EDGE_CURVE('',#3258,#3258,#3403,.T.);
#2830=VERTEX_POINT('',#7072);
#2831=VERTEX_POINT('',#7074);
#2832=VERTEX_POINT('',#7077);
#2833=VERTEX_POINT('',#7080);
#2834=VERTEX_POINT('',#7085);
#2835=VERTEX_POINT('',#7087);
#2836=VERTEX_POINT('',#7090);
#2837=VERTEX_POINT('',#7093);
#2838=VERTEX_POINT('',#7098);
#2839=VERTEX_POINT('',#7100);
#2840=VERTEX_POINT('',#7103);
#2841=VERTEX_POINT('',#7106);
#2842=VERTEX_POINT('',#7111);
#2843=VERTEX_POINT('',#7113);
#2844=VERTEX_POINT('',#7116);
#2845=VERTEX_POINT('',#7119);
#2846=VERTEX_POINT('',#7124);
#2847=VERTEX_POINT('',#7126);
#2848=VERTEX_POINT('',#7129);
#2849=VERTEX_POINT('',#7132);
#2850=VERTEX_POINT('',#7150);
#2851=VERTEX_POINT('',#7151);
#2852=VERTEX_POINT('',#7160);
#2853=VERTEX_POINT('',#7165);
#2854=VERTEX_POINT('',#7185);
#2855=VERTEX_POINT('',#7186);
#2856=VERTEX_POINT('',#7201);
#2857=VERTEX_POINT('',#7202);
#2858=VERTEX_POINT('',#7207);
#2859=VERTEX_POINT('',#7208);
#2860=VERTEX_POINT('',#7213);
#2861=VERTEX_POINT('',#7214);
#2862=VERTEX_POINT('',#7228);
#2863=VERTEX_POINT('',#7229);
#2864=VERTEX_POINT('',#7255);
#2865=VERTEX_POINT('',#7256);
#2866=VERTEX_POINT('',#7280);
#2867=VERTEX_POINT('',#7281);
#2868=VERTEX_POINT('',#7303);
#2869=VERTEX_POINT('',#7304);
#2870=VERTEX_POINT('',#7319);
#2871=VERTEX_POINT('',#7320);
#2872=VERTEX_POINT('',#7336);
#2873=VERTEX_POINT('',#7337);
#2874=VERTEX_POINT('',#7352);
#2875=VERTEX_POINT('',#7353);
#2876=VERTEX_POINT('',#7358);
#2877=VERTEX_POINT('',#7359);
#2878=VERTEX_POINT('',#7364);
#2879=VERTEX_POINT('',#7365);
#2880=VERTEX_POINT('',#7382);
#2881=VERTEX_POINT('',#7383);
#2882=VERTEX_POINT('',#7401);
#2883=VERTEX_POINT('',#7402);
#2884=VERTEX_POINT('',#7404);
#2885=VERTEX_POINT('',#7406);
#2886=VERTEX_POINT('',#7410);
#2887=VERTEX_POINT('',#7411);
#2888=VERTEX_POINT('',#7416);
#2889=VERTEX_POINT('',#7417);
#2890=VERTEX_POINT('',#7422);
#2891=VERTEX_POINT('',#7423);
#2892=VERTEX_POINT('',#7428);
#2893=VERTEX_POINT('',#7429);
#2894=VERTEX_POINT('',#7434);
#2895=VERTEX_POINT('',#7435);
#2896=VERTEX_POINT('',#7440);
#2897=VERTEX_POINT('',#7441);
#2898=VERTEX_POINT('',#7449);
#2899=VERTEX_POINT('',#7450);
#2900=VERTEX_POINT('',#7452);
#2901=VERTEX_POINT('',#7457);
#2902=VERTEX_POINT('',#7461);
#2903=VERTEX_POINT('',#7462);
#2904=VERTEX_POINT('',#7470);
#2905=VERTEX_POINT('',#7471);
#2906=VERTEX_POINT('',#7476);
#2907=VERTEX_POINT('',#7477);
#2908=VERTEX_POINT('',#7498);
#2909=VERTEX_POINT('',#7499);
#2910=VERTEX_POINT('',#7507);
#2911=VERTEX_POINT('',#7509);
#2912=VERTEX_POINT('',#7519);
#2913=VERTEX_POINT('',#7520);
#2914=VERTEX_POINT('',#7525);
#2915=VERTEX_POINT('',#7526);
#2916=VERTEX_POINT('',#7547);
#2917=VERTEX_POINT('',#7548);
#2918=VERTEX_POINT('',#7556);
#2919=VERTEX_POINT('',#7558);
#2920=VERTEX_POINT('',#7568);
#2921=VERTEX_POINT('',#7569);
#2922=VERTEX_POINT('',#7574);
#2923=VERTEX_POINT('',#7575);
#2924=VERTEX_POINT('',#7583);
#2925=VERTEX_POINT('',#7584);
#2926=VERTEX_POINT('',#7586);
#2927=VERTEX_POINT('',#7588);
#2928=VERTEX_POINT('',#7592);
#2929=VERTEX_POINT('',#7593);
#2930=VERTEX_POINT('',#7598);
#2931=VERTEX_POINT('',#7599);
#2932=VERTEX_POINT('',#7604);
#2933=VERTEX_POINT('',#7605);
#2934=VERTEX_POINT('',#7610);
#2935=VERTEX_POINT('',#7611);
#2936=VERTEX_POINT('',#7616);
#2937=VERTEX_POINT('',#7617);
#2938=VERTEX_POINT('',#7622);
#2939=VERTEX_POINT('',#7623);
#2940=VERTEX_POINT('',#7628);
#2941=VERTEX_POINT('',#7629);
#2942=VERTEX_POINT('',#7634);
#2943=VERTEX_POINT('',#7635);
#2944=VERTEX_POINT('',#7640);
#2945=VERTEX_POINT('',#7641);
#2946=VERTEX_POINT('',#7646);
#2947=VERTEX_POINT('',#7647);
#2948=VERTEX_POINT('',#7655);
#2949=VERTEX_POINT('',#7656);
#2950=VERTEX_POINT('',#7658);
#2951=VERTEX_POINT('',#7660);
#2952=VERTEX_POINT('',#7664);
#2953=VERTEX_POINT('',#7665);
#2954=VERTEX_POINT('',#7670);
#2955=VERTEX_POINT('',#7671);
#2956=VERTEX_POINT('',#7676);
#2957=VERTEX_POINT('',#7677);
#2958=VERTEX_POINT('',#7689);
#2959=VERTEX_POINT('',#7690);
#2960=VERTEX_POINT('',#7703);
#2961=VERTEX_POINT('',#7704);
#2962=VERTEX_POINT('',#7716);
#2963=VERTEX_POINT('',#7717);
#2964=VERTEX_POINT('',#7730);
#2965=VERTEX_POINT('',#7731);
#2966=VERTEX_POINT('',#7736);
#2967=VERTEX_POINT('',#7737);
#2968=VERTEX_POINT('',#7745);
#2969=VERTEX_POINT('',#7746);
#2970=VERTEX_POINT('',#7754);
#2971=VERTEX_POINT('',#7755);
#2972=VERTEX_POINT('',#7782);
#2973=VERTEX_POINT('',#7783);
#2974=VERTEX_POINT('',#7797);
#2975=VERTEX_POINT('',#7799);
#2976=VERTEX_POINT('',#7815);
#2977=VERTEX_POINT('',#7816);
#2978=VERTEX_POINT('',#7840);
#2979=VERTEX_POINT('',#7841);
#2980=VERTEX_POINT('',#7880);
#2981=VERTEX_POINT('',#7881);
#2982=VERTEX_POINT('',#7887);
#2983=VERTEX_POINT('',#7889);
#2984=VERTEX_POINT('',#7897);
#2985=VERTEX_POINT('',#7899);
#2986=VERTEX_POINT('',#7916);
#2987=VERTEX_POINT('',#7918);
#2988=VERTEX_POINT('',#7926);
#2989=VERTEX_POINT('',#7928);
#2990=VERTEX_POINT('',#7932);
#2991=VERTEX_POINT('',#7934);
#2992=VERTEX_POINT('',#7949);
#2993=VERTEX_POINT('',#7950);
#2994=VERTEX_POINT('',#7958);
#2995=VERTEX_POINT('',#7960);
#2996=VERTEX_POINT('',#7973);
#2997=VERTEX_POINT('',#7974);
#2998=VERTEX_POINT('',#7976);
#2999=VERTEX_POINT('',#7978);
#3000=VERTEX_POINT('',#7995);
#3001=VERTEX_POINT('',#7996);
#3002=VERTEX_POINT('',#8020);
#3003=VERTEX_POINT('',#8021);
#3004=VERTEX_POINT('',#8023);
#3005=VERTEX_POINT('',#8025);
#3006=VERTEX_POINT('',#8029);
#3007=VERTEX_POINT('',#8030);
#3008=VERTEX_POINT('',#8035);
#3009=VERTEX_POINT('',#8036);
#3010=VERTEX_POINT('',#8041);
#3011=VERTEX_POINT('',#8042);
#3012=VERTEX_POINT('',#8047);
#3013=VERTEX_POINT('',#8048);
#3014=VERTEX_POINT('',#8053);
#3015=VERTEX_POINT('',#8054);
#3016=VERTEX_POINT('',#8059);
#3017=VERTEX_POINT('',#8060);
#3018=VERTEX_POINT('',#8065);
#3019=VERTEX_POINT('',#8066);
#3020=VERTEX_POINT('',#8071);
#3021=VERTEX_POINT('',#8072);
#3022=VERTEX_POINT('',#8077);
#3023=VERTEX_POINT('',#8078);
#3024=VERTEX_POINT('',#8083);
#3025=VERTEX_POINT('',#8084);
#3026=VERTEX_POINT('',#8092);
#3027=VERTEX_POINT('',#8093);
#3028=VERTEX_POINT('',#8095);
#3029=VERTEX_POINT('',#8097);
#3030=VERTEX_POINT('',#8101);
#3031=VERTEX_POINT('',#8102);
#3032=VERTEX_POINT('',#8107);
#3033=VERTEX_POINT('',#8108);
#3034=VERTEX_POINT('',#8113);
#3035=VERTEX_POINT('',#8114);
#3036=VERTEX_POINT('',#8119);
#3037=VERTEX_POINT('',#8120);
#3038=VERTEX_POINT('',#8125);
#3039=VERTEX_POINT('',#8126);
#3040=VERTEX_POINT('',#8131);
#3041=VERTEX_POINT('',#8132);
#3042=VERTEX_POINT('',#8140);
#3043=VERTEX_POINT('',#8141);
#3044=VERTEX_POINT('',#8143);
#3045=VERTEX_POINT('',#8148);
#3046=VERTEX_POINT('',#8152);
#3047=VERTEX_POINT('',#8153);
#3048=VERTEX_POINT('',#8161);
#3049=VERTEX_POINT('',#8162);
#3050=VERTEX_POINT('',#8167);
#3051=VERTEX_POINT('',#8168);
#3052=VERTEX_POINT('',#8189);
#3053=VERTEX_POINT('',#8190);
#3054=VERTEX_POINT('',#8198);
#3055=VERTEX_POINT('',#8200);
#3056=VERTEX_POINT('',#8210);
#3057=VERTEX_POINT('',#8211);
#3058=VERTEX_POINT('',#8216);
#3059=VERTEX_POINT('',#8217);
#3060=VERTEX_POINT('',#8238);
#3061=VERTEX_POINT('',#8239);
#3062=VERTEX_POINT('',#8247);
#3063=VERTEX_POINT('',#8249);
#3064=VERTEX_POINT('',#8259);
#3065=VERTEX_POINT('',#8260);
#3066=VERTEX_POINT('',#8265);
#3067=VERTEX_POINT('',#8266);
#3068=VERTEX_POINT('',#8274);
#3069=VERTEX_POINT('',#8275);
#3070=VERTEX_POINT('',#8277);
#3071=VERTEX_POINT('',#8279);
#3072=VERTEX_POINT('',#8283);
#3073=VERTEX_POINT('',#8284);
#3074=VERTEX_POINT('',#8289);
#3075=VERTEX_POINT('',#8290);
#3076=VERTEX_POINT('',#8295);
#3077=VERTEX_POINT('',#8296);
#3078=VERTEX_POINT('',#8301);
#3079=VERTEX_POINT('',#8302);
#3080=VERTEX_POINT('',#8307);
#3081=VERTEX_POINT('',#8308);
#3082=VERTEX_POINT('',#8313);
#3083=VERTEX_POINT('',#8314);
#3084=VERTEX_POINT('',#8319);
#3085=VERTEX_POINT('',#8320);
#3086=VERTEX_POINT('',#8325);
#3087=VERTEX_POINT('',#8326);
#3088=VERTEX_POINT('',#8331);
#3089=VERTEX_POINT('',#8332);
#3090=VERTEX_POINT('',#8337);
#3091=VERTEX_POINT('',#8338);
#3092=VERTEX_POINT('',#8359);
#3093=VERTEX_POINT('',#8360);
#3094=VERTEX_POINT('',#8370);
#3095=VERTEX_POINT('',#8372);
#3096=VERTEX_POINT('',#8384);
#3097=VERTEX_POINT('',#8385);
#3098=VERTEX_POINT('',#8403);
#3099=VERTEX_POINT('',#8404);
#3100=VERTEX_POINT('',#8428);
#3101=VERTEX_POINT('',#8429);
#3102=VERTEX_POINT('',#8431);
#3103=VERTEX_POINT('',#8433);
#3104=VERTEX_POINT('',#8437);
#3105=VERTEX_POINT('',#8438);
#3106=VERTEX_POINT('',#8443);
#3107=VERTEX_POINT('',#8444);
#3108=VERTEX_POINT('',#8449);
#3109=VERTEX_POINT('',#8450);
#3110=VERTEX_POINT('',#8455);
#3111=VERTEX_POINT('',#8456);
#3112=VERTEX_POINT('',#8464);
#3113=VERTEX_POINT('',#8480);
#3114=VERTEX_POINT('',#8483);
#3115=VERTEX_POINT('',#8485);
#3116=VERTEX_POINT('',#8488);
#3117=VERTEX_POINT('',#8490);
#3118=VERTEX_POINT('',#8493);
#3119=VERTEX_POINT('',#8495);
#3120=VERTEX_POINT('',#8498);
#3121=VERTEX_POINT('',#8500);
#3122=VERTEX_POINT('',#8503);
#3123=VERTEX_POINT('',#8505);
#3124=VERTEX_POINT('',#8508);
#3125=VERTEX_POINT('',#8510);
#3126=VERTEX_POINT('',#8513);
#3127=VERTEX_POINT('',#8515);
#3128=VERTEX_POINT('',#8518);
#3129=VERTEX_POINT('',#8520);
#3130=VERTEX_POINT('',#8523);
#3131=VERTEX_POINT('',#8525);
#3132=VERTEX_POINT('',#8528);
#3133=VERTEX_POINT('',#8530);
#3134=VERTEX_POINT('',#8533);
#3135=VERTEX_POINT('',#8535);
#3136=VERTEX_POINT('',#8538);
#3137=VERTEX_POINT('',#8540);
#3138=VERTEX_POINT('',#8543);
#3139=VERTEX_POINT('',#8545);
#3140=VERTEX_POINT('',#8548);
#3141=VERTEX_POINT('',#8550);
#3142=VERTEX_POINT('',#8553);
#3143=VERTEX_POINT('',#8555);
#3144=VERTEX_POINT('',#8558);
#3145=VERTEX_POINT('',#8560);
#3146=VERTEX_POINT('',#8563);
#3147=VERTEX_POINT('',#8565);
#3148=VERTEX_POINT('',#8568);
#3149=VERTEX_POINT('',#8571);
#3150=VERTEX_POINT('',#8574);
#3151=VERTEX_POINT('',#8577);
#3152=VERTEX_POINT('',#8580);
#3153=VERTEX_POINT('',#8581);
#3154=VERTEX_POINT('',#8583);
#3155=VERTEX_POINT('',#8585);
#3156=VERTEX_POINT('',#8589);
#3157=VERTEX_POINT('',#8590);
#3158=VERTEX_POINT('',#8595);
#3159=VERTEX_POINT('',#8596);
#3160=VERTEX_POINT('',#8605);
#3161=VERTEX_POINT('',#8606);
#3162=VERTEX_POINT('',#8608);
#3163=VERTEX_POINT('',#8610);
#3164=VERTEX_POINT('',#8612);
#3165=VERTEX_POINT('',#8614);
#3166=VERTEX_POINT('',#8616);
#3167=VERTEX_POINT('',#8618);
#3168=VERTEX_POINT('',#8620);
#3169=VERTEX_POINT('',#8622);
#3170=VERTEX_POINT('',#8624);
#3171=VERTEX_POINT('',#8626);
#3172=VERTEX_POINT('',#8630);
#3173=VERTEX_POINT('',#8632);
#3174=VERTEX_POINT('',#8636);
#3175=VERTEX_POINT('',#8640);
#3176=VERTEX_POINT('',#8644);
#3177=VERTEX_POINT('',#8648);
#3178=VERTEX_POINT('',#8652);
#3179=VERTEX_POINT('',#8656);
#3180=VERTEX_POINT('',#8660);
#3181=VERTEX_POINT('',#8664);
#3182=VERTEX_POINT('',#8668);
#3183=VERTEX_POINT('',#8672);
#3184=VERTEX_POINT('',#8678);
#3185=VERTEX_POINT('',#8680);
#3186=VERTEX_POINT('',#8684);
#3187=VERTEX_POINT('',#8687);
#3188=VERTEX_POINT('',#8690);
#3189=VERTEX_POINT('',#8692);
#3190=VERTEX_POINT('',#8696);
#3191=VERTEX_POINT('',#8699);
#3192=VERTEX_POINT('',#8702);
#3193=VERTEX_POINT('',#8705);
#3194=VERTEX_POINT('',#8708);
#3195=VERTEX_POINT('',#8711);
#3196=VERTEX_POINT('',#8714);
#3197=VERTEX_POINT('',#8717);
#3198=VERTEX_POINT('',#8720);
#3199=VERTEX_POINT('',#8733);
#3200=VERTEX_POINT('',#8735);
#3201=VERTEX_POINT('',#8738);
#3202=VERTEX_POINT('',#8741);
#3203=VERTEX_POINT('',#8746);
#3204=VERTEX_POINT('',#8748);
#3205=VERTEX_POINT('',#8751);
#3206=VERTEX_POINT('',#8754);
#3207=VERTEX_POINT('',#8759);
#3208=VERTEX_POINT('',#8761);
#3209=VERTEX_POINT('',#8764);
#3210=VERTEX_POINT('',#8767);
#3211=VERTEX_POINT('',#8772);
#3212=VERTEX_POINT('',#8774);
#3213=VERTEX_POINT('',#8777);
#3214=VERTEX_POINT('',#8780);
#3215=VERTEX_POINT('',#8785);
#3216=VERTEX_POINT('',#8787);
#3217=VERTEX_POINT('',#8790);
#3218=VERTEX_POINT('',#8793);
#3219=VERTEX_POINT('',#8798);
#3220=VERTEX_POINT('',#8800);
#3221=VERTEX_POINT('',#8803);
#3222=VERTEX_POINT('',#8806);
#3223=VERTEX_POINT('',#8811);
#3224=VERTEX_POINT('',#8813);
#3225=VERTEX_POINT('',#8816);
#3226=VERTEX_POINT('',#8819);
#3227=VERTEX_POINT('',#8824);
#3228=VERTEX_POINT('',#8826);
#3229=VERTEX_POINT('',#8829);
#3230=VERTEX_POINT('',#8832);
#3231=VERTEX_POINT('',#8837);
#3232=VERTEX_POINT('',#8839);
#3233=VERTEX_POINT('',#8842);
#3234=VERTEX_POINT('',#8845);
#3235=VERTEX_POINT('',#8850);
#3236=VERTEX_POINT('',#8852);
#3237=VERTEX_POINT('',#8855);
#3238=VERTEX_POINT('',#8858);
#3239=VERTEX_POINT('',#8863);
#3240=VERTEX_POINT('',#8865);
#3241=VERTEX_POINT('',#8868);
#3242=VERTEX_POINT('',#8871);
#3243=VERTEX_POINT('',#8876);
#3244=VERTEX_POINT('',#8878);
#3245=VERTEX_POINT('',#8881);
#3246=VERTEX_POINT('',#8884);
#3247=VERTEX_POINT('',#8889);
#3248=VERTEX_POINT('',#8891);
#3249=VERTEX_POINT('',#8894);
#3250=VERTEX_POINT('',#8897);
#3251=VERTEX_POINT('',#8902);
#3252=VERTEX_POINT('',#8904);
#3253=VERTEX_POINT('',#8907);
#3254=VERTEX_POINT('',#8910);
#3255=VERTEX_POINT('',#8915);
#3256=VERTEX_POINT('',#8917);
#3257=VERTEX_POINT('',#8920);
#3258=VERTEX_POINT('',#8923);
#3259=CIRCLE('',#5399,0.001458421353703);
#3260=CIRCLE('',#5400,0.001708421353703);
#3261=CIRCLE('',#5402,0.001708421353703);
#3262=CIRCLE('',#5404,0.001458421353703);
#3263=CIRCLE('',#5408,0.002767347299797);
#3264=CIRCLE('',#5409,0.003021488596353);
#3265=CIRCLE('',#5411,0.002767347299797);
#3266=CIRCLE('',#5413,0.003021488596353);
#3267=CIRCLE('',#5417,0.005079103006532);
#3268=CIRCLE('',#5418,0.005325211059675);
#3269=CIRCLE('',#5420,0.005325211059675);
#3270=CIRCLE('',#5422,0.005079103006532);
#3271=CIRCLE('',#5426,0.005079103006532);
#3272=CIRCLE('',#5427,0.005325211059675);
#3273=CIRCLE('',#5429,0.005325211059675);
#3274=CIRCLE('',#5431,0.005079103006532);
#3275=CIRCLE('',#5435,0.005079103006532);
#3276=CIRCLE('',#5436,0.005325211059675);
#3277=CIRCLE('',#5438,0.005325211059675);
#3278=CIRCLE('',#5440,0.005079103006532);
#3279=CIRCLE('',#5451,0.000663660550670127);
#3280=CIRCLE('',#5452,0.000663660550670127);
#3281=CIRCLE('',#5465,0.000167108351258033);
#3282=CIRCLE('',#5466,0.000167108351258033);
#3283=CIRCLE('',#5468,0.000194270440024343);
#3284=CIRCLE('',#5469,0.000194270440024343);
#3285=CIRCLE('',#5530,0.000167142584340819);
#3286=CIRCLE('',#5531,0.000167142584340819);
#3287=CIRCLE('',#5533,0.000194233554643323);
#3288=CIRCLE('',#5534,0.000194233554643323);
#3289=CIRCLE('',#5562,0.000127110843123);
#3290=CIRCLE('',#5576,0.000127110843123);
#3291=CIRCLE('',#5578,0.001);
#3292=CIRCLE('',#5579,0.001);
#3293=CIRCLE('',#5581,0.001);
#3294=CIRCLE('',#5582,0.001);
#3295=CIRCLE('',#5584,0.001);
#3296=CIRCLE('',#5585,0.001);
#3297=CIRCLE('',#5587,0.001);
#3298=CIRCLE('',#5588,0.001);
#3299=CIRCLE('',#5590,0.001);
#3300=CIRCLE('',#5591,0.001);
#3301=CIRCLE('',#5593,0.001);
#3302=CIRCLE('',#5594,0.001);
#3303=CIRCLE('',#5596,0.001);
#3304=CIRCLE('',#5597,0.001);
#3305=CIRCLE('',#5599,0.001);
#3306=CIRCLE('',#5600,0.001);
#3307=CIRCLE('',#5602,0.001);
#3308=CIRCLE('',#5603,0.001);
#3309=CIRCLE('',#5605,0.001);
#3310=CIRCLE('',#5606,0.001);
#3311=CIRCLE('',#5608,0.001);
#3312=CIRCLE('',#5609,0.001);
#3313=CIRCLE('',#5611,0.001);
#3314=CIRCLE('',#5612,0.001);
#3315=CIRCLE('',#5614,0.001);
#3316=CIRCLE('',#5615,0.001);
#3317=CIRCLE('',#5617,0.001);
#3318=CIRCLE('',#5618,0.001);
#3319=CIRCLE('',#5620,0.001);
#3320=CIRCLE('',#5621,0.001);
#3321=CIRCLE('',#5623,0.001);
#3322=CIRCLE('',#5624,0.001);
#3323=CIRCLE('',#5626,0.001);
#3324=CIRCLE('',#5627,0.001);
#3325=CIRCLE('',#5629,0.0105);
#3326=CIRCLE('',#5631,0.0105);
#3327=CIRCLE('',#5633,0.001);
#3328=CIRCLE('',#5635,0.001);
#3329=CIRCLE('',#5655,0.0004);
#3330=CIRCLE('',#5656,0.0004);
#3331=CIRCLE('',#5659,0.0004);
#3332=CIRCLE('',#5661,0.0004);
#3333=CIRCLE('',#5663,0.0008);
#3334=CIRCLE('',#5664,0.0008);
#3335=CIRCLE('',#5667,0.0008);
#3336=CIRCLE('',#5669,0.0008);
#3337=CIRCLE('',#5671,0.0095);
#3338=CIRCLE('',#5673,0.0095);
#3339=CIRCLE('',#5675,0.0105);
#3340=CIRCLE('',#5677,0.0105);
#3341=CIRCLE('',#5679,0.0115);
#3342=CIRCLE('',#5681,0.0115);
#3343=CIRCLE('',#5683,0.011);
#3344=CIRCLE('',#5694,0.003898361710644);
#3345=CIRCLE('',#5695,0.004101638289356);
#3346=CIRCLE('',#5697,0.004101638289356);
#3347=CIRCLE('',#5699,0.003898361710644);
#3348=CIRCLE('',#5703,0.005858600085764);
#3349=CIRCLE('',#5704,0.00628969557945);
#3350=CIRCLE('',#5706,0.005858600085764);
#3351=CIRCLE('',#5708,0.00628969557945);
#3352=CIRCLE('',#5712,0.001458421353703);
#3353=CIRCLE('',#5713,0.001708421353703);
#3354=CIRCLE('',#5715,0.001708421353703);
#3355=CIRCLE('',#5717,0.001458421353703);
#3356=CIRCLE('',#5721,0.001458421353703);
#3357=CIRCLE('',#5722,0.001708421353703);
#3358=CIRCLE('',#5724,0.001708421353703);
#3359=CIRCLE('',#5726,0.001458421353703);
#3360=CIRCLE('',#5730,0.005858600085764);
#3361=CIRCLE('',#5731,0.00628969557945);
#3362=CIRCLE('',#5733,0.005858600085764);
#3363=CIRCLE('',#5735,0.00628969557945);
#3364=CIRCLE('',#5739,0.002767347299797);
#3365=CIRCLE('',#5740,0.003021488596353);
#3366=CIRCLE('',#5742,0.002767347299797);
#3367=CIRCLE('',#5744,0.003021488596353);
#3368=CIRCLE('',#5748,0.005858600085764);
#3369=CIRCLE('',#5749,0.00628969557945);
#3370=CIRCLE('',#5751,0.005858600085764);
#3371=CIRCLE('',#5753,0.00628969557945);
#3372=CIRCLE('',#5757,0.001458421353703);
#3373=CIRCLE('',#5758,0.001708421353703);
#3374=CIRCLE('',#5760,0.001708421353703);
#3375=CIRCLE('',#5762,0.001458421353703);
#3376=CIRCLE('',#5766,0.005858600085764);
#3377=CIRCLE('',#5767,0.00628969557945);
#3378=CIRCLE('',#5769,0.005858600085764);
#3379=CIRCLE('',#5771,0.00628969557945);
#3380=CIRCLE('',#5775,0.003898361710644);
#3381=CIRCLE('',#5776,0.004101638289356);
#3382=CIRCLE('',#5778,0.004101638289356);
#3383=CIRCLE('',#5780,0.003898361710644);
#3384=CIRCLE('',#5784,0.005079103006532);
#3385=CIRCLE('',#5785,0.005325211059675);
#3386=CIRCLE('',#5787,0.005325211059675);
#3387=CIRCLE('',#5789,0.005079103006532);
#3388=CIRCLE('',#5793,0.003898361710644);
#3389=CIRCLE('',#5794,0.004101638289356);
#3390=CIRCLE('',#5796,0.004101638289356);
#3391=CIRCLE('',#5798,0.003898361710644);
#3392=CIRCLE('',#5802,0.002767347299797);
#3393=CIRCLE('',#5803,0.003021488596353);
#3394=CIRCLE('',#5805,0.002767347299797);
#3395=CIRCLE('',#5807,0.003021488596353);
#3396=CIRCLE('',#5811,0.003898361710644);
#3397=CIRCLE('',#5812,0.004101638289356);
#3398=CIRCLE('',#5814,0.004101638289356);
#3399=CIRCLE('',#5816,0.003898361710644);
#3400=CIRCLE('',#5820,0.002767347299797);
#3401=CIRCLE('',#5821,0.003021488596353);
#3402=CIRCLE('',#5823,0.002767347299797);
#3403=CIRCLE('',#5825,0.003021488596353);
#3404=EDGE_LOOP('',(#1102));
#3405=EDGE_LOOP('',(#1103));
#3406=EDGE_LOOP('',(#1104));
#3407=EDGE_LOOP('',(#1105));
#3408=EDGE_LOOP('',(#1106));
#3409=EDGE_LOOP('',(#1107));
#3410=EDGE_LOOP('',(#1108));
#3411=EDGE_LOOP('',(#1109));
#3412=EDGE_LOOP('',(#1110));
#3413=EDGE_LOOP('',(#1111));
#3414=EDGE_LOOP('',(#1112));
#3415=EDGE_LOOP('',(#1113));
#3416=EDGE_LOOP('',(#1114));
#3417=EDGE_LOOP('',(#1115));
#3418=EDGE_LOOP('',(#1116));
#3419=EDGE_LOOP('',(#1117));
#3420=EDGE_LOOP('',(#1118));
#3421=EDGE_LOOP('',(#1119));
#3422=EDGE_LOOP('',(#1120));
#3423=EDGE_LOOP('',(#1121));
#3424=EDGE_LOOP('',(#1122));
#3425=EDGE_LOOP('',(#1123));
#3426=EDGE_LOOP('',(#1124));
#3427=EDGE_LOOP('',(#1125));
#3428=EDGE_LOOP('',(#1126));
#3429=EDGE_LOOP('',(#1127));
#3430=EDGE_LOOP('',(#1128));
#3431=EDGE_LOOP('',(#1129));
#3432=EDGE_LOOP('',(#1130));
#3433=EDGE_LOOP('',(#1131));
#3434=EDGE_LOOP('',(#1132));
#3435=EDGE_LOOP('',(#1133));
#3436=EDGE_LOOP('',(#1134));
#3437=EDGE_LOOP('',(#1135));
#3438=EDGE_LOOP('',(#1136));
#3439=EDGE_LOOP('',(#1137));
#3440=EDGE_LOOP('',(#1138));
#3441=EDGE_LOOP('',(#1139));
#3442=EDGE_LOOP('',(#1140));
#3443=EDGE_LOOP('',(#1141));
#3444=EDGE_LOOP('',(#1142,#1143,#1144,#1145));
#3445=EDGE_LOOP('',(#1146,#1147,#1148,#1149));
#3446=EDGE_LOOP('',(#1150,#1151,#1152,#1153));
#3447=EDGE_LOOP('',(#1154,#1155,#1156,#1157));
#3448=EDGE_LOOP('',(#1158,#1159,#1160,#1161));
#3449=EDGE_LOOP('',(#1162,#1163,#1164,#1165));
#3450=EDGE_LOOP('',(#1166,#1167,#1168,#1169));
#3451=EDGE_LOOP('',(#1170,#1171,#1172,#1173));
#3452=EDGE_LOOP('',(#1174,#1175,#1176,#1177));
#3453=EDGE_LOOP('',(#1178,#1179,#1180,#1181));
#3454=EDGE_LOOP('',(#1182,#1183,#1184,#1185));
#3455=EDGE_LOOP('',(#1186,#1187,#1188,#1189));
#3456=EDGE_LOOP('',(#1190,#1191,#1192,#1193));
#3457=EDGE_LOOP('',(#1194,#1195,#1196,#1197));
#3458=EDGE_LOOP('',(#1198,#1199,#1200,#1201));
#3459=EDGE_LOOP('',(#1202,#1203,#1204,#1205));
#3460=EDGE_LOOP('',(#1206,#1207,#1208,#1209));
#3461=EDGE_LOOP('',(#1210,#1211,#1212,#1213));
#3462=EDGE_LOOP('',(#1214,#1215,#1216,#1217));
#3463=EDGE_LOOP('',(#1218,#1219,#1220,#1221));
#3464=EDGE_LOOP('',(#1222,#1223,#1224,#1225));
#3465=EDGE_LOOP('',(#1226,#1227,#1228,#1229));
#3466=EDGE_LOOP('',(#1230,#1231,#1232,#1233));
#3467=EDGE_LOOP('',(#1234,#1235,#1236,#1237));
#3468=EDGE_LOOP('',(#1238,#1239,#1240,#1241));
#3469=EDGE_LOOP('',(#1242,#1243,#1244,#1245));
#3470=EDGE_LOOP('',(#1246,#1247,#1248,#1249));
#3471=EDGE_LOOP('',(#1250,#1251,#1252,#1253));
#3472=EDGE_LOOP('',(#1254,#1255,#1256,#1257));
#3473=EDGE_LOOP('',(#1258,#1259,#1260,#1261));
#3474=EDGE_LOOP('',(#1262,#1263,#1264,#1265));
#3475=EDGE_LOOP('',(#1266,#1267,#1268,#1269));
#3476=EDGE_LOOP('',(#1270,#1271,#1272,#1273));
#3477=EDGE_LOOP('',(#1274,#1275,#1276,#1277));
#3478=EDGE_LOOP('',(#1278,#1279,#1280,#1281));
#3479=EDGE_LOOP('',(#1282,#1283,#1284,#1285));
#3480=EDGE_LOOP('',(#1286,#1287,#1288,#1289));
#3481=EDGE_LOOP('',(#1290,#1291,#1292,#1293));
#3482=EDGE_LOOP('',(#1294,#1295,#1296,#1297));
#3483=EDGE_LOOP('',(#1298,#1299,#1300,#1301));
#3484=EDGE_LOOP('',(#1302,#1303,#1304,#1305));
#3485=EDGE_LOOP('',(#1306,#1307,#1308,#1309));
#3486=EDGE_LOOP('',(#1310,#1311,#1312,#1313));
#3487=EDGE_LOOP('',(#1314,#1315,#1316,#1317));
#3488=EDGE_LOOP('',(#1318,#1319,#1320,#1321));
#3489=EDGE_LOOP('',(#1322,#1323,#1324,#1325));
#3490=EDGE_LOOP('',(#1326,#1327,#1328,#1329));
#3491=EDGE_LOOP('',(#1330,#1331,#1332,#1333));
#3492=EDGE_LOOP('',(#1334,#1335,#1336,#1337));
#3493=EDGE_LOOP('',(#1338,#1339,#1340,#1341));
#3494=EDGE_LOOP('',(#1342,#1343,#1344,#1345));
#3495=EDGE_LOOP('',(#1346,#1347,#1348,#1349));
#3496=EDGE_LOOP('',(#1350,#1351,#1352,#1353));
#3497=EDGE_LOOP('',(#1354,#1355,#1356,#1357));
#3498=EDGE_LOOP('',(#1358,#1359,#1360,#1361));
#3499=EDGE_LOOP('',(#1362,#1363,#1364,#1365));
#3500=EDGE_LOOP('',(#1366,#1367,#1368,#1369));
#3501=EDGE_LOOP('',(#1370,#1371,#1372,#1373));
#3502=EDGE_LOOP('',(#1374,#1375,#1376,#1377));
#3503=EDGE_LOOP('',(#1378,#1379,#1380,#1381));
#3504=EDGE_LOOP('',(#1382,#1383,#1384,#1385));
#3505=EDGE_LOOP('',(#1386,#1387,#1388,#1389));
#3506=EDGE_LOOP('',(#1390,#1391,#1392,#1393));
#3507=EDGE_LOOP('',(#1394,#1395,#1396,#1397));
#3508=EDGE_LOOP('',(#1398,#1399,#1400,#1401));
#3509=EDGE_LOOP('',(#1402,#1403,#1404,#1405));
#3510=EDGE_LOOP('',(#1406,#1407,#1408,#1409));
#3511=EDGE_LOOP('',(#1410,#1411,#1412,#1413));
#3512=EDGE_LOOP('',(#1414,#1415,#1416,#1417));
#3513=EDGE_LOOP('',(#1418,#1419,#1420,#1421));
#3514=EDGE_LOOP('',(#1422,#1423,#1424,#1425));
#3515=EDGE_LOOP('',(#1426,#1427,#1428,#1429));
#3516=EDGE_LOOP('',(#1430,#1431,#1432,#1433));
#3517=EDGE_LOOP('',(#1434,#1435,#1436,#1437));
#3518=EDGE_LOOP('',(#1438,#1439,#1440,#1441));
#3519=EDGE_LOOP('',(#1442,#1443,#1444,#1445));
#3520=EDGE_LOOP('',(#1446,#1447,#1448,#1449));
#3521=EDGE_LOOP('',(#1450,#1451,#1452,#1453));
#3522=EDGE_LOOP('',(#1454,#1455,#1456,#1457));
#3523=EDGE_LOOP('',(#1458,#1459,#1460,#1461));
#3524=EDGE_LOOP('',(#1462,#1463,#1464,#1465));
#3525=EDGE_LOOP('',(#1466,#1467,#1468,#1469));
#3526=EDGE_LOOP('',(#1470,#1471,#1472,#1473));
#3527=EDGE_LOOP('',(#1474,#1475,#1476,#1477));
#3528=EDGE_LOOP('',(#1478,#1479,#1480,#1481));
#3529=EDGE_LOOP('',(#1482,#1483,#1484,#1485));
#3530=EDGE_LOOP('',(#1486,#1487,#1488,#1489));
#3531=EDGE_LOOP('',(#1490,#1491,#1492,#1493));
#3532=EDGE_LOOP('',(#1494,#1495,#1496,#1497));
#3533=EDGE_LOOP('',(#1498,#1499,#1500,#1501));
#3534=EDGE_LOOP('',(#1502,#1503,#1504,#1505));
#3535=EDGE_LOOP('',(#1506,#1507,#1508,#1509));
#3536=EDGE_LOOP('',(#1510,#1511,#1512,#1513));
#3537=EDGE_LOOP('',(#1514,#1515,#1516,#1517));
#3538=EDGE_LOOP('',(#1518,#1519,#1520,#1521));
#3539=EDGE_LOOP('',(#1522,#1523,#1524,#1525));
#3540=EDGE_LOOP('',(#1526,#1527,#1528,#1529));
#3541=EDGE_LOOP('',(#1530,#1531,#1532,#1533));
#3542=EDGE_LOOP('',(#1534,#1535,#1536,#1537));
#3543=EDGE_LOOP('',(#1538,#1539,#1540,#1541));
#3544=EDGE_LOOP('',(#1542,#1543,#1544,#1545));
#3545=EDGE_LOOP('',(#1546,#1547,#1548,#1549));
#3546=EDGE_LOOP('',(#1550,#1551,#1552,#1553));
#3547=EDGE_LOOP('',(#1554,#1555,#1556,#1557));
#3548=EDGE_LOOP('',(#1558,#1559,#1560,#1561));
#3549=EDGE_LOOP('',(#1562,#1563,#1564,#1565));
#3550=EDGE_LOOP('',(#1566,#1567,#1568,#1569));
#3551=EDGE_LOOP('',(#1570,#1571,#1572,#1573));
#3552=EDGE_LOOP('',(#1574,#1575,#1576,#1577));
#3553=EDGE_LOOP('',(#1578,#1579,#1580,#1581));
#3554=EDGE_LOOP('',(#1582,#1583,#1584,#1585));
#3555=EDGE_LOOP('',(#1586,#1587,#1588,#1589));
#3556=EDGE_LOOP('',(#1590,#1591,#1592,#1593));
#3557=EDGE_LOOP('',(#1594,#1595,#1596,#1597));
#3558=EDGE_LOOP('',(#1598,#1599,#1600,#1601));
#3559=EDGE_LOOP('',(#1602,#1603,#1604,#1605));
#3560=EDGE_LOOP('',(#1606,#1607,#1608,#1609));
#3561=EDGE_LOOP('',(#1610,#1611,#1612,#1613));
#3562=EDGE_LOOP('',(#1614,#1615,#1616,#1617));
#3563=EDGE_LOOP('',(#1618,#1619,#1620,#1621));
#3564=EDGE_LOOP('',(#1622,#1623,#1624,#1625));
#3565=EDGE_LOOP('',(#1626,#1627,#1628,#1629));
#3566=EDGE_LOOP('',(#1630,#1631,#1632,#1633));
#3567=EDGE_LOOP('',(#1634,#1635,#1636,#1637));
#3568=EDGE_LOOP('',(#1638,#1639,#1640,#1641));
#3569=EDGE_LOOP('',(#1642,#1643,#1644,#1645));
#3570=EDGE_LOOP('',(#1646,#1647,#1648,#1649));
#3571=EDGE_LOOP('',(#1650,#1651,#1652,#1653));
#3572=EDGE_LOOP('',(#1654,#1655,#1656,#1657));
#3573=EDGE_LOOP('',(#1658,#1659,#1660,#1661));
#3574=EDGE_LOOP('',(#1662));
#3575=EDGE_LOOP('',(#1663,#1664,#1665,#1666,#1667,#1668,#1669,#1670,#1671,
#1672,#1673,#1674,#1675,#1676,#1677,#1678));
#3576=EDGE_LOOP('',(#1679,#1680,#1681,#1682,#1683));
#3577=EDGE_LOOP('',(#1684,#1685,#1686,#1687,#1688,#1689,#1690,#1691));
#3578=EDGE_LOOP('',(#1692,#1693,#1694,#1695));
#3579=EDGE_LOOP('',(#1696,#1697,#1698,#1699));
#3580=EDGE_LOOP('',(#1700,#1701,#1702,#1703,#1704,#1705,#1706,#1707,#1708,
#1709,#1710,#1711));
#3581=EDGE_LOOP('',(#1712,#1713,#1714,#1715,#1716,#1717,#1718,#1719,#1720,
#1721,#1722,#1723));
#3582=EDGE_LOOP('',(#1724,#1725,#1726,#1727));
#3583=EDGE_LOOP('',(#1728,#1729,#1730));
#3584=EDGE_LOOP('',(#1731,#1732,#1733,#1734,#1735,#1736,#1737,#1738));
#3585=EDGE_LOOP('',(#1739,#1740,#1741,#1742,#1743,#1744,#1745,#1746,#1747,
#1748,#1749,#1750));
#3586=EDGE_LOOP('',(#1751,#1752,#1753,#1754,#1755));
#3587=EDGE_LOOP('',(#1756,#1757,#1758,#1759,#1760,#1761,#1762,#1763));
#3588=EDGE_LOOP('',(#1764,#1765,#1766,#1767));
#3589=EDGE_LOOP('',(#1768,#1769,#1770,#1771));
#3590=EDGE_LOOP('',(#1772,#1773,#1774,#1775,#1776,#1777,#1778,#1779,#1780,
#1781,#1782,#1783));
#3591=EDGE_LOOP('',(#1784,#1785,#1786,#1787));
#3592=EDGE_LOOP('',(#1788,#1789,#1790,#1791,#1792,#1793));
#3593=EDGE_LOOP('',(#1794));
#3594=EDGE_LOOP('',(#1795));
#3595=EDGE_LOOP('',(#1796));
#3596=EDGE_LOOP('',(#1797));
#3597=EDGE_LOOP('',(#1798));
#3598=EDGE_LOOP('',(#1799));
#3599=EDGE_LOOP('',(#1800));
#3600=EDGE_LOOP('',(#1801));
#3601=EDGE_LOOP('',(#1802));
#3602=EDGE_LOOP('',(#1803));
#3603=EDGE_LOOP('',(#1804));
#3604=EDGE_LOOP('',(#1805));
#3605=EDGE_LOOP('',(#1806));
#3606=EDGE_LOOP('',(#1807));
#3607=EDGE_LOOP('',(#1808));
#3608=EDGE_LOOP('',(#1809));
#3609=EDGE_LOOP('',(#1810));
#3610=EDGE_LOOP('',(#1811));
#3611=EDGE_LOOP('',(#1812));
#3612=EDGE_LOOP('',(#1813));
#3613=EDGE_LOOP('',(#1814));
#3614=EDGE_LOOP('',(#1815));
#3615=EDGE_LOOP('',(#1816));
#3616=EDGE_LOOP('',(#1817));
#3617=EDGE_LOOP('',(#1818));
#3618=EDGE_LOOP('',(#1819));
#3619=EDGE_LOOP('',(#1820));
#3620=EDGE_LOOP('',(#1821));
#3621=EDGE_LOOP('',(#1822));
#3622=EDGE_LOOP('',(#1823));
#3623=EDGE_LOOP('',(#1824));
#3624=EDGE_LOOP('',(#1825));
#3625=EDGE_LOOP('',(#1826));
#3626=EDGE_LOOP('',(#1827));
#3627=EDGE_LOOP('',(#1828));
#3628=EDGE_LOOP('',(#1829));
#3629=EDGE_LOOP('',(#1830));
#3630=EDGE_LOOP('',(#1831));
#3631=EDGE_LOOP('',(#1832));
#3632=EDGE_LOOP('',(#1833));
#3633=EDGE_LOOP('',(#1834));
#3634=EDGE_LOOP('',(#1835));
#3635=EDGE_LOOP('',(#1836));
#3636=EDGE_LOOP('',(#1837));
#3637=EDGE_LOOP('',(#1838));
#3638=EDGE_LOOP('',(#1839));
#3639=EDGE_LOOP('',(#1840));
#3640=EDGE_LOOP('',(#1841));
#3641=EDGE_LOOP('',(#1842));
#3642=EDGE_LOOP('',(#1843));
#3643=EDGE_LOOP('',(#1844));
#3644=EDGE_LOOP('',(#1845));
#3645=EDGE_LOOP('',(#1846));
#3646=EDGE_LOOP('',(#1847));
#3647=EDGE_LOOP('',(#1848));
#3648=EDGE_LOOP('',(#1849));
#3649=EDGE_LOOP('',(#1850));
#3650=EDGE_LOOP('',(#1851));
#3651=EDGE_LOOP('',(#1852));
#3652=EDGE_LOOP('',(#1853));
#3653=EDGE_LOOP('',(#1854,#1855,#1856,#1857));
#3654=EDGE_LOOP('',(#1858,#1859,#1860,#1861));
#3655=EDGE_LOOP('',(#1862,#1863,#1864,#1865));
#3656=EDGE_LOOP('',(#1866,#1867,#1868,#1869));
#3657=EDGE_LOOP('',(#1870,#1871,#1872,#1873));
#3658=EDGE_LOOP('',(#1874,#1875,#1876,#1877,#1878,#1879,#1880,#1881,#1882,
#1883,#1884,#1885));
#3659=EDGE_LOOP('',(#1886,#1887,#1888,#1889));
#3660=EDGE_LOOP('',(#1890,#1891,#1892,#1893));
#3661=EDGE_LOOP('',(#1894,#1895,#1896,#1897));
#3662=EDGE_LOOP('',(#1898,#1899,#1900,#1901));
#3663=EDGE_LOOP('',(#1902,#1903,#1904,#1905));
#3664=EDGE_LOOP('',(#1906,#1907,#1908,#1909));
#3665=EDGE_LOOP('',(#1910,#1911,#1912,#1913));
#3666=EDGE_LOOP('',(#1914,#1915,#1916,#1917));
#3667=EDGE_LOOP('',(#1918,#1919,#1920,#1921));
#3668=EDGE_LOOP('',(#1922,#1923,#1924,#1925));
#3669=EDGE_LOOP('',(#1926,#1927,#1928,#1929));
#3670=EDGE_LOOP('',(#1930,#1931,#1932,#1933));
#3671=EDGE_LOOP('',(#1934));
#3672=EDGE_LOOP('',(#1935));
#3673=EDGE_LOOP('',(#1936));
#3674=EDGE_LOOP('',(#1937));
#3675=EDGE_LOOP('',(#1938));
#3676=EDGE_LOOP('',(#1939));
#3677=EDGE_LOOP('',(#1940));
#3678=EDGE_LOOP('',(#1941));
#3679=EDGE_LOOP('',(#1942));
#3680=EDGE_LOOP('',(#1943));
#3681=EDGE_LOOP('',(#1944));
#3682=EDGE_LOOP('',(#1945));
#3683=EDGE_LOOP('',(#1946));
#3684=EDGE_LOOP('',(#1947));
#3685=EDGE_LOOP('',(#1948,#1949,#1950,#1951));
#3686=EDGE_LOOP('',(#1952,#1953,#1954,#1955,#1956,#1957,#1958,#1959,#1960,
#1961,#1962,#1963));
#3687=EDGE_LOOP('',(#1964));
#3688=EDGE_LOOP('',(#1965));
#3689=EDGE_LOOP('',(#1966));
#3690=EDGE_LOOP('',(#1967));
#3691=EDGE_LOOP('',(#1968));
#3692=EDGE_LOOP('',(#1969));
#3693=EDGE_LOOP('',(#1970));
#3694=EDGE_LOOP('',(#1971));
#3695=EDGE_LOOP('',(#1972));
#3696=EDGE_LOOP('',(#1973));
#3697=EDGE_LOOP('',(#1974));
#3698=EDGE_LOOP('',(#1975));
#3699=EDGE_LOOP('',(#1976));
#3700=EDGE_LOOP('',(#1977));
#3701=EDGE_LOOP('',(#1978));
#3702=EDGE_LOOP('',(#1979,#1980,#1981,#1982,#1983));
#3703=EDGE_LOOP('',(#1984,#1985,#1986,#1987));
#3704=EDGE_LOOP('',(#1988,#1989,#1990));
#3705=EDGE_LOOP('',(#1991,#1992,#1993,#1994,#1995));
#3706=EDGE_LOOP('',(#1996,#1997,#1998,#1999));
#3707=EDGE_LOOP('',(#2000));
#3708=EDGE_LOOP('',(#2001,#2002,#2003,#2004,#2005,#2006,#2007,#2008,#2009,
#2010,#2011,#2012,#2013,#2014,#2015,#2016));
#3709=EDGE_LOOP('',(#2017,#2018,#2019,#2020,#2021,#2022,#2023,#2024));
#3710=EDGE_LOOP('',(#2025,#2026,#2027,#2028));
#3711=EDGE_LOOP('',(#2029,#2030,#2031,#2032,#2033,#2034,#2035,#2036,#2037,
#2038,#2039,#2040));
#3712=EDGE_LOOP('',(#2041,#2042,#2043,#2044,#2045,#2046,#2047,#2048,#2049,
#2050,#2051,#2052));
#3713=EDGE_LOOP('',(#2053,#2054,#2055,#2056));
#3714=EDGE_LOOP('',(#2057,#2058,#2059,#2060,#2061,#2062,#2063,#2064));
#3715=EDGE_LOOP('',(#2065,#2066,#2067,#2068,#2069,#2070,#2071,#2072,#2073,
#2074,#2075,#2076));
#3716=EDGE_LOOP('',(#2077,#2078,#2079,#2080,#2081,#2082,#2083,#2084));
#3717=EDGE_LOOP('',(#2085,#2086,#2087,#2088));
#3718=EDGE_LOOP('',(#2089,#2090,#2091,#2092,#2093,#2094,#2095,#2096,#2097,
#2098,#2099,#2100));
#3719=EDGE_LOOP('',(#2101,#2102,#2103,#2104));
#3720=EDGE_LOOP('',(#2105,#2106,#2107,#2108,#2109,#2110));
#3721=EDGE_LOOP('',(#2111));
#3722=EDGE_LOOP('',(#2112));
#3723=EDGE_LOOP('',(#2113));
#3724=EDGE_LOOP('',(#2114));
#3725=EDGE_LOOP('',(#2115));
#3726=EDGE_LOOP('',(#2116));
#3727=EDGE_LOOP('',(#2117));
#3728=EDGE_LOOP('',(#2118));
#3729=EDGE_LOOP('',(#2119));
#3730=EDGE_LOOP('',(#2120));
#3731=EDGE_LOOP('',(#2121));
#3732=EDGE_LOOP('',(#2122));
#3733=EDGE_LOOP('',(#2123));
#3734=EDGE_LOOP('',(#2124));
#3735=EDGE_LOOP('',(#2125));
#3736=EDGE_LOOP('',(#2126));
#3737=EDGE_LOOP('',(#2127));
#3738=EDGE_LOOP('',(#2128));
#3739=EDGE_LOOP('',(#2129));
#3740=EDGE_LOOP('',(#2130,#2131,#2132,#2133));
#3741=EDGE_LOOP('',(#2134));
#3742=EDGE_LOOP('',(#2135));
#3743=EDGE_LOOP('',(#2136));
#3744=EDGE_LOOP('',(#2137));
#3745=EDGE_LOOP('',(#2138));
#3746=EDGE_LOOP('',(#2139));
#3747=EDGE_LOOP('',(#2140));
#3748=EDGE_LOOP('',(#2141));
#3749=EDGE_LOOP('',(#2142));
#3750=EDGE_LOOP('',(#2143));
#3751=EDGE_LOOP('',(#2144));
#3752=EDGE_LOOP('',(#2145));
#3753=EDGE_LOOP('',(#2146));
#3754=EDGE_LOOP('',(#2147));
#3755=EDGE_LOOP('',(#2148));
#3756=EDGE_LOOP('',(#2149));
#3757=EDGE_LOOP('',(#2150));
#3758=EDGE_LOOP('',(#2151));
#3759=EDGE_LOOP('',(#2152));
#3760=EDGE_LOOP('',(#2153));
#3761=EDGE_LOOP('',(#2154));
#3762=EDGE_LOOP('',(#2155));
#3763=EDGE_LOOP('',(#2156));
#3764=EDGE_LOOP('',(#2157));
#3765=EDGE_LOOP('',(#2158));
#3766=EDGE_LOOP('',(#2159));
#3767=EDGE_LOOP('',(#2160));
#3768=EDGE_LOOP('',(#2161));
#3769=EDGE_LOOP('',(#2162));
#3770=EDGE_LOOP('',(#2163));
#3771=EDGE_LOOP('',(#2164));
#3772=EDGE_LOOP('',(#2165));
#3773=EDGE_LOOP('',(#2166));
#3774=EDGE_LOOP('',(#2167));
#3775=EDGE_LOOP('',(#2168));
#3776=EDGE_LOOP('',(#2169));
#3777=EDGE_LOOP('',(#2170));
#3778=EDGE_LOOP('',(#2171));
#3779=EDGE_LOOP('',(#2172));
#3780=EDGE_LOOP('',(#2173));
#3781=EDGE_LOOP('',(#2174));
#3782=EDGE_LOOP('',(#2175));
#3783=EDGE_LOOP('',(#2176));
#3784=EDGE_LOOP('',(#2177));
#3785=EDGE_LOOP('',(#2178));
#3786=EDGE_LOOP('',(#2179));
#3787=EDGE_LOOP('',(#2180));
#3788=EDGE_LOOP('',(#2181));
#3789=EDGE_LOOP('',(#2182));
#3790=EDGE_LOOP('',(#2183));
#3791=EDGE_LOOP('',(#2184));
#3792=EDGE_LOOP('',(#2185));
#3793=EDGE_LOOP('',(#2186));
#3794=EDGE_LOOP('',(#2187));
#3795=EDGE_LOOP('',(#2188));
#3796=EDGE_LOOP('',(#2189));
#3797=EDGE_LOOP('',(#2190));
#3798=EDGE_LOOP('',(#2191));
#3799=EDGE_LOOP('',(#2192));
#3800=EDGE_LOOP('',(#2193));
#3801=EDGE_LOOP('',(#2194));
#3802=EDGE_LOOP('',(#2195));
#3803=EDGE_LOOP('',(#2196));
#3804=EDGE_LOOP('',(#2197));
#3805=EDGE_LOOP('',(#2198));
#3806=EDGE_LOOP('',(#2199));
#3807=EDGE_LOOP('',(#2200));
#3808=EDGE_LOOP('',(#2201));
#3809=EDGE_LOOP('',(#2202));
#3810=EDGE_LOOP('',(#2203));
#3811=EDGE_LOOP('',(#2204));
#3812=EDGE_LOOP('',(#2205));
#3813=EDGE_LOOP('',(#2206));
#3814=EDGE_LOOP('',(#2207));
#3815=EDGE_LOOP('',(#2208));
#3816=EDGE_LOOP('',(#2209));
#3817=EDGE_LOOP('',(#2210));
#3818=EDGE_LOOP('',(#2211));
#3819=EDGE_LOOP('',(#2212));
#3820=EDGE_LOOP('',(#2213));
#3821=EDGE_LOOP('',(#2214));
#3822=EDGE_LOOP('',(#2215));
#3823=EDGE_LOOP('',(#2216));
#3824=EDGE_LOOP('',(#2217));
#3825=EDGE_LOOP('',(#2218));
#3826=EDGE_LOOP('',(#2219));
#3827=EDGE_LOOP('',(#2220));
#3828=EDGE_LOOP('',(#2221));
#3829=EDGE_LOOP('',(#2222));
#3830=EDGE_LOOP('',(#2223));
#3831=EDGE_LOOP('',(#2224));
#3832=EDGE_LOOP('',(#2225));
#3833=EDGE_LOOP('',(#2226));
#3834=EDGE_LOOP('',(#2227));
#3835=EDGE_LOOP('',(#2228));
#3836=EDGE_LOOP('',(#2229));
#3837=EDGE_LOOP('',(#2230));
#3838=EDGE_LOOP('',(#2231));
#3839=EDGE_LOOP('',(#2232));
#3840=EDGE_LOOP('',(#2233));
#3841=EDGE_LOOP('',(#2234));
#3842=EDGE_LOOP('',(#2235));
#3843=EDGE_LOOP('',(#2236));
#3844=EDGE_LOOP('',(#2237));
#3845=EDGE_LOOP('',(#2238));
#3846=EDGE_LOOP('',(#2239));
#3847=EDGE_LOOP('',(#2240));
#3848=EDGE_LOOP('',(#2241));
#3849=EDGE_LOOP('',(#2242));
#3850=EDGE_LOOP('',(#2243));
#3851=EDGE_LOOP('',(#2244));
#3852=EDGE_LOOP('',(#2245));
#3853=EDGE_LOOP('',(#2246));
#3854=EDGE_LOOP('',(#2247));
#3855=EDGE_LOOP('',(#2248));
#3856=EDGE_LOOP('',(#2249));
#3857=EDGE_LOOP('',(#2250));
#3858=EDGE_LOOP('',(#2251));
#3859=EDGE_LOOP('',(#2252));
#3860=EDGE_LOOP('',(#2253));
#3861=FACE_BOUND('',#3404,.T.);
#3862=FACE_BOUND('',#3405,.T.);
#3863=FACE_BOUND('',#3406,.T.);
#3864=FACE_BOUND('',#3407,.T.);
#3865=FACE_BOUND('',#3408,.T.);
#3866=FACE_BOUND('',#3409,.T.);
#3867=FACE_BOUND('',#3410,.T.);
#3868=FACE_BOUND('',#3411,.T.);
#3869=FACE_BOUND('',#3412,.T.);
#3870=FACE_BOUND('',#3413,.T.);
#3871=FACE_BOUND('',#3414,.T.);
#3872=FACE_BOUND('',#3415,.T.);
#3873=FACE_BOUND('',#3416,.T.);
#3874=FACE_BOUND('',#3417,.T.);
#3875=FACE_BOUND('',#3418,.T.);
#3876=FACE_BOUND('',#3419,.T.);
#3877=FACE_BOUND('',#3420,.T.);
#3878=FACE_BOUND('',#3421,.T.);
#3879=FACE_BOUND('',#3422,.T.);
#3880=FACE_BOUND('',#3423,.T.);
#3881=FACE_BOUND('',#3424,.T.);
#3882=FACE_BOUND('',#3425,.T.);
#3883=FACE_BOUND('',#3426,.T.);
#3884=FACE_BOUND('',#3427,.T.);
#3885=FACE_BOUND('',#3428,.T.);
#3886=FACE_BOUND('',#3429,.T.);
#3887=FACE_BOUND('',#3430,.T.);
#3888=FACE_BOUND('',#3431,.T.);
#3889=FACE_BOUND('',#3432,.T.);
#3890=FACE_BOUND('',#3433,.T.);
#3891=FACE_BOUND('',#3434,.T.);
#3892=FACE_BOUND('',#3435,.T.);
#3893=FACE_BOUND('',#3436,.T.);
#3894=FACE_BOUND('',#3437,.T.);
#3895=FACE_BOUND('',#3438,.T.);
#3896=FACE_BOUND('',#3439,.T.);
#3897=FACE_BOUND('',#3440,.T.);
#3898=FACE_BOUND('',#3441,.T.);
#3899=FACE_BOUND('',#3442,.T.);
#3900=FACE_BOUND('',#3443,.T.);
#3901=FACE_BOUND('',#3444,.T.);
#3902=FACE_BOUND('',#3445,.T.);
#3903=FACE_BOUND('',#3446,.T.);
#3904=FACE_BOUND('',#3447,.T.);
#3905=FACE_BOUND('',#3448,.T.);
#3906=FACE_BOUND('',#3449,.T.);
#3907=FACE_BOUND('',#3450,.T.);
#3908=FACE_BOUND('',#3451,.T.);
#3909=FACE_BOUND('',#3452,.T.);
#3910=FACE_BOUND('',#3453,.T.);
#3911=FACE_BOUND('',#3454,.T.);
#3912=FACE_BOUND('',#3455,.T.);
#3913=FACE_BOUND('',#3456,.T.);
#3914=FACE_BOUND('',#3457,.T.);
#3915=FACE_BOUND('',#3458,.T.);
#3916=FACE_BOUND('',#3459,.T.);
#3917=FACE_BOUND('',#3460,.T.);
#3918=FACE_BOUND('',#3461,.T.);
#3919=FACE_BOUND('',#3462,.T.);
#3920=FACE_BOUND('',#3463,.T.);
#3921=FACE_BOUND('',#3464,.T.);
#3922=FACE_BOUND('',#3465,.T.);
#3923=FACE_BOUND('',#3466,.T.);
#3924=FACE_BOUND('',#3467,.T.);
#3925=FACE_BOUND('',#3468,.T.);
#3926=FACE_BOUND('',#3469,.T.);
#3927=FACE_BOUND('',#3470,.T.);
#3928=FACE_BOUND('',#3471,.T.);
#3929=FACE_BOUND('',#3472,.T.);
#3930=FACE_BOUND('',#3473,.T.);
#3931=FACE_BOUND('',#3474,.T.);
#3932=FACE_BOUND('',#3475,.T.);
#3933=FACE_BOUND('',#3476,.T.);
#3934=FACE_BOUND('',#3477,.T.);
#3935=FACE_BOUND('',#3478,.T.);
#3936=FACE_BOUND('',#3479,.T.);
#3937=FACE_BOUND('',#3480,.T.);
#3938=FACE_BOUND('',#3481,.T.);
#3939=FACE_BOUND('',#3482,.T.);
#3940=FACE_BOUND('',#3483,.T.);
#3941=FACE_BOUND('',#3484,.T.);
#3942=FACE_BOUND('',#3485,.T.);
#3943=FACE_BOUND('',#3486,.T.);
#3944=FACE_BOUND('',#3487,.T.);
#3945=FACE_BOUND('',#3488,.T.);
#3946=FACE_BOUND('',#3489,.T.);
#3947=FACE_BOUND('',#3490,.T.);
#3948=FACE_BOUND('',#3491,.T.);
#3949=FACE_BOUND('',#3492,.T.);
#3950=FACE_BOUND('',#3493,.T.);
#3951=FACE_BOUND('',#3494,.T.);
#3952=FACE_BOUND('',#3495,.T.);
#3953=FACE_BOUND('',#3496,.T.);
#3954=FACE_BOUND('',#3497,.T.);
#3955=FACE_BOUND('',#3498,.T.);
#3956=FACE_BOUND('',#3499,.T.);
#3957=FACE_BOUND('',#3500,.T.);
#3958=FACE_BOUND('',#3501,.T.);
#3959=FACE_BOUND('',#3502,.T.);
#3960=FACE_BOUND('',#3503,.T.);
#3961=FACE_BOUND('',#3504,.T.);
#3962=FACE_BOUND('',#3505,.T.);
#3963=FACE_BOUND('',#3506,.T.);
#3964=FACE_BOUND('',#3507,.T.);
#3965=FACE_BOUND('',#3508,.T.);
#3966=FACE_BOUND('',#3509,.T.);
#3967=FACE_BOUND('',#3510,.T.);
#3968=FACE_BOUND('',#3511,.T.);
#3969=FACE_BOUND('',#3512,.T.);
#3970=FACE_BOUND('',#3513,.T.);
#3971=FACE_BOUND('',#3514,.T.);
#3972=FACE_BOUND('',#3515,.T.);
#3973=FACE_BOUND('',#3516,.T.);
#3974=FACE_BOUND('',#3517,.T.);
#3975=FACE_BOUND('',#3518,.T.);
#3976=FACE_BOUND('',#3519,.T.);
#3977=FACE_BOUND('',#3520,.T.);
#3978=FACE_BOUND('',#3521,.T.);
#3979=FACE_BOUND('',#3522,.T.);
#3980=FACE_BOUND('',#3523,.T.);
#3981=FACE_BOUND('',#3524,.T.);
#3982=FACE_BOUND('',#3525,.T.);
#3983=FACE_BOUND('',#3526,.T.);
#3984=FACE_BOUND('',#3527,.T.);
#3985=FACE_BOUND('',#3528,.T.);
#3986=FACE_BOUND('',#3529,.T.);
#3987=FACE_BOUND('',#3530,.T.);
#3988=FACE_BOUND('',#3531,.T.);
#3989=FACE_BOUND('',#3532,.T.);
#3990=FACE_BOUND('',#3533,.T.);
#3991=FACE_BOUND('',#3534,.T.);
#3992=FACE_BOUND('',#3535,.T.);
#3993=FACE_BOUND('',#3536,.T.);
#3994=FACE_BOUND('',#3537,.T.);
#3995=FACE_BOUND('',#3538,.T.);
#3996=FACE_BOUND('',#3539,.T.);
#3997=FACE_BOUND('',#3540,.T.);
#3998=FACE_BOUND('',#3541,.T.);
#3999=FACE_BOUND('',#3542,.T.);
#4000=FACE_BOUND('',#3543,.T.);
#4001=FACE_BOUND('',#3544,.T.);
#4002=FACE_BOUND('',#3545,.T.);
#4003=FACE_BOUND('',#3546,.T.);
#4004=FACE_BOUND('',#3547,.T.);
#4005=FACE_BOUND('',#3548,.T.);
#4006=FACE_BOUND('',#3549,.T.);
#4007=FACE_BOUND('',#3550,.T.);
#4008=FACE_BOUND('',#3551,.T.);
#4009=FACE_BOUND('',#3552,.T.);
#4010=FACE_BOUND('',#3553,.T.);
#4011=FACE_BOUND('',#3554,.T.);
#4012=FACE_BOUND('',#3555,.T.);
#4013=FACE_BOUND('',#3556,.T.);
#4014=FACE_BOUND('',#3557,.T.);
#4015=FACE_BOUND('',#3558,.T.);
#4016=FACE_BOUND('',#3559,.T.);
#4017=FACE_BOUND('',#3560,.T.);
#4018=FACE_BOUND('',#3561,.T.);
#4019=FACE_BOUND('',#3562,.T.);
#4020=FACE_BOUND('',#3563,.T.);
#4021=FACE_BOUND('',#3564,.T.);
#4022=FACE_BOUND('',#3565,.T.);
#4023=FACE_BOUND('',#3566,.T.);
#4024=FACE_BOUND('',#3567,.T.);
#4025=FACE_BOUND('',#3568,.T.);
#4026=FACE_BOUND('',#3569,.T.);
#4027=FACE_BOUND('',#3570,.T.);
#4028=FACE_BOUND('',#3571,.T.);
#4029=FACE_BOUND('',#3572,.T.);
#4030=FACE_BOUND('',#3573,.T.);
#4031=FACE_BOUND('',#3574,.T.);
#4032=FACE_BOUND('',#3575,.T.);
#4033=FACE_BOUND('',#3576,.T.);
#4034=FACE_BOUND('',#3577,.T.);
#4035=FACE_BOUND('',#3578,.T.);
#4036=FACE_BOUND('',#3579,.T.);
#4037=FACE_BOUND('',#3580,.T.);
#4038=FACE_BOUND('',#3581,.T.);
#4039=FACE_BOUND('',#3582,.T.);
#4040=FACE_BOUND('',#3583,.T.);
#4041=FACE_BOUND('',#3584,.T.);
#4042=FACE_BOUND('',#3585,.T.);
#4043=FACE_BOUND('',#3586,.T.);
#4044=FACE_BOUND('',#3587,.T.);
#4045=FACE_BOUND('',#3588,.T.);
#4046=FACE_BOUND('',#3589,.T.);
#4047=FACE_BOUND('',#3590,.T.);
#4048=FACE_BOUND('',#3591,.T.);
#4049=FACE_BOUND('',#3592,.T.);
#4050=FACE_BOUND('',#3593,.T.);
#4051=FACE_BOUND('',#3594,.T.);
#4052=FACE_BOUND('',#3595,.T.);
#4053=FACE_BOUND('',#3596,.T.);
#4054=FACE_BOUND('',#3597,.T.);
#4055=FACE_BOUND('',#3598,.T.);
#4056=FACE_BOUND('',#3599,.T.);
#4057=FACE_BOUND('',#3600,.T.);
#4058=FACE_BOUND('',#3601,.T.);
#4059=FACE_BOUND('',#3602,.T.);
#4060=FACE_BOUND('',#3603,.T.);
#4061=FACE_BOUND('',#3604,.T.);
#4062=FACE_BOUND('',#3605,.T.);
#4063=FACE_BOUND('',#3606,.T.);
#4064=FACE_BOUND('',#3607,.T.);
#4065=FACE_BOUND('',#3608,.T.);
#4066=FACE_BOUND('',#3609,.T.);
#4067=FACE_BOUND('',#3610,.T.);
#4068=FACE_BOUND('',#3611,.T.);
#4069=FACE_BOUND('',#3612,.T.);
#4070=FACE_BOUND('',#3613,.T.);
#4071=FACE_BOUND('',#3614,.T.);
#4072=FACE_BOUND('',#3615,.T.);
#4073=FACE_BOUND('',#3616,.T.);
#4074=FACE_BOUND('',#3617,.T.);
#4075=FACE_BOUND('',#3618,.T.);
#4076=FACE_BOUND('',#3619,.T.);
#4077=FACE_BOUND('',#3620,.T.);
#4078=FACE_BOUND('',#3621,.T.);
#4079=FACE_BOUND('',#3622,.T.);
#4080=FACE_BOUND('',#3623,.T.);
#4081=FACE_BOUND('',#3624,.T.);
#4082=FACE_BOUND('',#3625,.T.);
#4083=FACE_BOUND('',#3626,.T.);
#4084=FACE_BOUND('',#3627,.T.);
#4085=FACE_BOUND('',#3628,.T.);
#4086=FACE_BOUND('',#3629,.T.);
#4087=FACE_BOUND('',#3630,.T.);
#4088=FACE_BOUND('',#3631,.T.);
#4089=FACE_BOUND('',#3632,.T.);
#4090=FACE_BOUND('',#3633,.T.);
#4091=FACE_BOUND('',#3634,.T.);
#4092=FACE_BOUND('',#3635,.T.);
#4093=FACE_BOUND('',#3636,.T.);
#4094=FACE_BOUND('',#3637,.T.);
#4095=FACE_BOUND('',#3638,.T.);
#4096=FACE_BOUND('',#3639,.T.);
#4097=FACE_BOUND('',#3640,.T.);
#4098=FACE_BOUND('',#3641,.T.);
#4099=FACE_BOUND('',#3642,.T.);
#4100=FACE_BOUND('',#3643,.T.);
#4101=FACE_BOUND('',#3644,.T.);
#4102=FACE_BOUND('',#3645,.T.);
#4103=FACE_BOUND('',#3646,.T.);
#4104=FACE_BOUND('',#3647,.T.);
#4105=FACE_BOUND('',#3648,.T.);
#4106=FACE_BOUND('',#3649,.T.);
#4107=FACE_BOUND('',#3650,.T.);
#4108=FACE_BOUND('',#3651,.T.);
#4109=FACE_BOUND('',#3652,.T.);
#4110=FACE_BOUND('',#3653,.T.);
#4111=FACE_BOUND('',#3654,.T.);
#4112=FACE_BOUND('',#3655,.T.);
#4113=FACE_BOUND('',#3656,.T.);
#4114=FACE_BOUND('',#3657,.T.);
#4115=FACE_BOUND('',#3658,.T.);
#4116=FACE_BOUND('',#3659,.T.);
#4117=FACE_BOUND('',#3660,.T.);
#4118=FACE_BOUND('',#3661,.T.);
#4119=FACE_BOUND('',#3662,.T.);
#4120=FACE_BOUND('',#3663,.T.);
#4121=FACE_BOUND('',#3664,.T.);
#4122=FACE_BOUND('',#3665,.T.);
#4123=FACE_BOUND('',#3666,.T.);
#4124=FACE_BOUND('',#3667,.T.);
#4125=FACE_BOUND('',#3668,.T.);
#4126=FACE_BOUND('',#3669,.T.);
#4127=FACE_BOUND('',#3670,.T.);
#4128=FACE_BOUND('',#3671,.T.);
#4129=FACE_BOUND('',#3672,.T.);
#4130=FACE_BOUND('',#3673,.T.);
#4131=FACE_BOUND('',#3674,.T.);
#4132=FACE_BOUND('',#3675,.T.);
#4133=FACE_BOUND('',#3676,.T.);
#4134=FACE_BOUND('',#3677,.T.);
#4135=FACE_BOUND('',#3678,.T.);
#4136=FACE_BOUND('',#3679,.T.);
#4137=FACE_BOUND('',#3680,.T.);
#4138=FACE_BOUND('',#3681,.T.);
#4139=FACE_BOUND('',#3682,.T.);
#4140=FACE_BOUND('',#3683,.T.);
#4141=FACE_BOUND('',#3684,.T.);
#4142=FACE_BOUND('',#3685,.T.);
#4143=FACE_BOUND('',#3686,.T.);
#4144=FACE_BOUND('',#3687,.T.);
#4145=FACE_BOUND('',#3688,.T.);
#4146=FACE_BOUND('',#3689,.T.);
#4147=FACE_BOUND('',#3690,.T.);
#4148=FACE_BOUND('',#3691,.T.);
#4149=FACE_BOUND('',#3692,.T.);
#4150=FACE_BOUND('',#3693,.T.);
#4151=FACE_BOUND('',#3694,.T.);
#4152=FACE_BOUND('',#3695,.T.);
#4153=FACE_BOUND('',#3696,.T.);
#4154=FACE_BOUND('',#3697,.T.);
#4155=FACE_BOUND('',#3698,.T.);
#4156=FACE_BOUND('',#3699,.T.);
#4157=FACE_BOUND('',#3700,.T.);
#4158=FACE_BOUND('',#3701,.T.);
#4159=FACE_BOUND('',#3702,.T.);
#4160=FACE_BOUND('',#3703,.T.);
#4161=FACE_BOUND('',#3704,.T.);
#4162=FACE_BOUND('',#3705,.T.);
#4163=FACE_BOUND('',#3706,.T.);
#4164=FACE_BOUND('',#3707,.T.);
#4165=FACE_BOUND('',#3708,.T.);
#4166=FACE_BOUND('',#3709,.T.);
#4167=FACE_BOUND('',#3710,.T.);
#4168=FACE_BOUND('',#3711,.T.);
#4169=FACE_BOUND('',#3712,.T.);
#4170=FACE_BOUND('',#3713,.T.);
#4171=FACE_BOUND('',#3714,.T.);
#4172=FACE_BOUND('',#3715,.T.);
#4173=FACE_BOUND('',#3716,.T.);
#4174=FACE_BOUND('',#3717,.T.);
#4175=FACE_BOUND('',#3718,.T.);
#4176=FACE_BOUND('',#3719,.T.);
#4177=FACE_BOUND('',#3720,.T.);
#4178=FACE_BOUND('',#3721,.T.);
#4179=FACE_BOUND('',#3722,.T.);
#4180=FACE_BOUND('',#3723,.T.);
#4181=FACE_BOUND('',#3724,.T.);
#4182=FACE_BOUND('',#3725,.T.);
#4183=FACE_BOUND('',#3726,.T.);
#4184=FACE_BOUND('',#3727,.T.);
#4185=FACE_BOUND('',#3728,.T.);
#4186=FACE_BOUND('',#3729,.T.);
#4187=FACE_BOUND('',#3730,.T.);
#4188=FACE_BOUND('',#3731,.T.);
#4189=FACE_BOUND('',#3732,.T.);
#4190=FACE_BOUND('',#3733,.T.);
#4191=FACE_BOUND('',#3734,.T.);
#4192=FACE_BOUND('',#3735,.T.);
#4193=FACE_BOUND('',#3736,.T.);
#4194=FACE_BOUND('',#3737,.T.);
#4195=FACE_BOUND('',#3738,.T.);
#4196=FACE_BOUND('',#3739,.T.);
#4197=FACE_BOUND('',#3740,.T.);
#4198=FACE_BOUND('',#3741,.T.);
#4199=FACE_BOUND('',#3742,.T.);
#4200=FACE_BOUND('',#3743,.T.);
#4201=FACE_BOUND('',#3744,.T.);
#4202=FACE_BOUND('',#3745,.T.);
#4203=FACE_BOUND('',#3746,.T.);
#4204=FACE_BOUND('',#3747,.T.);
#4205=FACE_BOUND('',#3748,.T.);
#4206=FACE_BOUND('',#3749,.T.);
#4207=FACE_BOUND('',#3750,.T.);
#4208=FACE_BOUND('',#3751,.T.);
#4209=FACE_BOUND('',#3752,.T.);
#4210=FACE_BOUND('',#3753,.T.);
#4211=FACE_BOUND('',#3754,.T.);
#4212=FACE_BOUND('',#3755,.T.);
#4213=FACE_BOUND('',#3756,.T.);
#4214=FACE_BOUND('',#3757,.T.);
#4215=FACE_BOUND('',#3758,.T.);
#4216=FACE_BOUND('',#3759,.T.);
#4217=FACE_BOUND('',#3760,.T.);
#4218=FACE_BOUND('',#3761,.T.);
#4219=FACE_BOUND('',#3762,.T.);
#4220=FACE_BOUND('',#3763,.T.);
#4221=FACE_BOUND('',#3764,.T.);
#4222=FACE_BOUND('',#3765,.T.);
#4223=FACE_BOUND('',#3766,.T.);
#4224=FACE_BOUND('',#3767,.T.);
#4225=FACE_BOUND('',#3768,.T.);
#4226=FACE_BOUND('',#3769,.T.);
#4227=FACE_BOUND('',#3770,.T.);
#4228=FACE_BOUND('',#3771,.T.);
#4229=FACE_BOUND('',#3772,.T.);
#4230=FACE_BOUND('',#3773,.T.);
#4231=FACE_BOUND('',#3774,.T.);
#4232=FACE_BOUND('',#3775,.T.);
#4233=FACE_BOUND('',#3776,.T.);
#4234=FACE_BOUND('',#3777,.T.);
#4235=FACE_BOUND('',#3778,.T.);
#4236=FACE_BOUND('',#3779,.T.);
#4237=FACE_BOUND('',#3780,.T.);
#4238=FACE_BOUND('',#3781,.T.);
#4239=FACE_BOUND('',#3782,.T.);
#4240=FACE_BOUND('',#3783,.T.);
#4241=FACE_BOUND('',#3784,.T.);
#4242=FACE_BOUND('',#3785,.T.);
#4243=FACE_BOUND('',#3786,.T.);
#4244=FACE_BOUND('',#3787,.T.);
#4245=FACE_BOUND('',#3788,.T.);
#4246=FACE_BOUND('',#3789,.T.);
#4247=FACE_BOUND('',#3790,.T.);
#4248=FACE_BOUND('',#3791,.T.);
#4249=FACE_BOUND('',#3792,.T.);
#4250=FACE_BOUND('',#3793,.T.);
#4251=FACE_BOUND('',#3794,.T.);
#4252=FACE_BOUND('',#3795,.T.);
#4253=FACE_BOUND('',#3796,.T.);
#4254=FACE_BOUND('',#3797,.T.);
#4255=FACE_BOUND('',#3798,.T.);
#4256=FACE_BOUND('',#3799,.T.);
#4257=FACE_BOUND('',#3800,.T.);
#4258=FACE_BOUND('',#3801,.T.);
#4259=FACE_BOUND('',#3802,.T.);
#4260=FACE_BOUND('',#3803,.T.);
#4261=FACE_BOUND('',#3804,.T.);
#4262=FACE_BOUND('',#3805,.T.);
#4263=FACE_BOUND('',#3806,.T.);
#4264=FACE_BOUND('',#3807,.T.);
#4265=FACE_BOUND('',#3808,.T.);
#4266=FACE_BOUND('',#3809,.T.);
#4267=FACE_BOUND('',#3810,.T.);
#4268=FACE_BOUND('',#3811,.T.);
#4269=FACE_BOUND('',#3812,.T.);
#4270=FACE_BOUND('',#3813,.T.);
#4271=FACE_BOUND('',#3814,.T.);
#4272=FACE_BOUND('',#3815,.T.);
#4273=FACE_BOUND('',#3816,.T.);
#4274=FACE_BOUND('',#3817,.T.);
#4275=FACE_BOUND('',#3818,.T.);
#4276=FACE_BOUND('',#3819,.T.);
#4277=FACE_BOUND('',#3820,.T.);
#4278=FACE_BOUND('',#3821,.T.);
#4279=FACE_BOUND('',#3822,.T.);
#4280=FACE_BOUND('',#3823,.T.);
#4281=FACE_BOUND('',#3824,.T.);
#4282=FACE_BOUND('',#3825,.T.);
#4283=FACE_BOUND('',#3826,.T.);
#4284=FACE_BOUND('',#3827,.T.);
#4285=FACE_BOUND('',#3828,.T.);
#4286=FACE_BOUND('',#3829,.T.);
#4287=FACE_BOUND('',#3830,.T.);
#4288=FACE_BOUND('',#3831,.T.);
#4289=FACE_BOUND('',#3832,.T.);
#4290=FACE_BOUND('',#3833,.T.);
#4291=FACE_BOUND('',#3834,.T.);
#4292=FACE_BOUND('',#3835,.T.);
#4293=FACE_BOUND('',#3836,.T.);
#4294=FACE_BOUND('',#3837,.T.);
#4295=FACE_BOUND('',#3838,.T.);
#4296=FACE_BOUND('',#3839,.T.);
#4297=FACE_BOUND('',#3840,.T.);
#4298=FACE_BOUND('',#3841,.T.);
#4299=FACE_BOUND('',#3842,.T.);
#4300=FACE_BOUND('',#3843,.T.);
#4301=FACE_BOUND('',#3844,.T.);
#4302=FACE_BOUND('',#3845,.T.);
#4303=FACE_BOUND('',#3846,.T.);
#4304=FACE_BOUND('',#3847,.T.);
#4305=FACE_BOUND('',#3848,.T.);
#4306=FACE_BOUND('',#3849,.T.);
#4307=FACE_BOUND('',#3850,.T.);
#4308=FACE_BOUND('',#3851,.T.);
#4309=FACE_BOUND('',#3852,.T.);
#4310=FACE_BOUND('',#3853,.T.);
#4311=FACE_BOUND('',#3854,.T.);
#4312=FACE_BOUND('',#3855,.T.);
#4313=FACE_BOUND('',#3856,.T.);
#4314=FACE_BOUND('',#3857,.T.);
#4315=FACE_BOUND('',#3858,.T.);
#4316=FACE_BOUND('',#3859,.T.);
#4317=FACE_BOUND('',#3860,.T.);
#4318=PLANE('',#5398);
#4319=PLANE('',#5403);
#4320=PLANE('',#5407);
#4321=PLANE('',#5412);
#4322=PLANE('',#5416);
#4323=PLANE('',#5421);
#4324=PLANE('',#5425);
#4325=PLANE('',#5430);
#4326=PLANE('',#5434);
#4327=PLANE('',#5439);
#4328=PLANE('',#5443);
#4329=PLANE('',#5444);
#4330=PLANE('',#5445);
#4331=PLANE('',#5446);
#4332=PLANE('',#5447);
#4333=PLANE('',#5448);
#4334=PLANE('',#5449);
#4335=PLANE('',#5453);
#4336=PLANE('',#5454);
#4337=PLANE('',#5455);
#4338=PLANE('',#5456);
#4339=PLANE('',#5457);
#4340=PLANE('',#5458);
#4341=PLANE('',#5459);
#4342=PLANE('',#5460);
#4343=PLANE('',#5461);
#4344=PLANE('',#5462);
#4345=PLANE('',#5463);
#4346=PLANE('',#5470);
#4347=PLANE('',#5471);
#4348=PLANE('',#5472);
#4349=PLANE('',#5473);
#4350=PLANE('',#5474);
#4351=PLANE('',#5475);
#4352=PLANE('',#5476);
#4353=PLANE('',#5477);
#4354=PLANE('',#5478);
#4355=PLANE('',#5479);
#4356=PLANE('',#5480);
#4357=PLANE('',#5481);
#4358=PLANE('',#5482);
#4359=PLANE('',#5483);
#4360=PLANE('',#5484);
#4361=PLANE('',#5485);
#4362=PLANE('',#5486);
#4363=PLANE('',#5487);
#4364=PLANE('',#5488);
#4365=PLANE('',#5489);
#4366=PLANE('',#5490);
#4367=PLANE('',#5491);
#4368=PLANE('',#5492);
#4369=PLANE('',#5493);
#4370=PLANE('',#5494);
#4371=PLANE('',#5495);
#4372=PLANE('',#5496);
#4373=PLANE('',#5497);
#4374=PLANE('',#5498);
#4375=PLANE('',#5499);
#4376=PLANE('',#5500);
#4377=PLANE('',#5501);
#4378=PLANE('',#5502);
#4379=PLANE('',#5503);
#4380=PLANE('',#5504);
#4381=PLANE('',#5505);
#4382=PLANE('',#5506);
#4383=PLANE('',#5507);
#4384=PLANE('',#5508);
#4385=PLANE('',#5509);
#4386=PLANE('',#5510);
#4387=PLANE('',#5511);
#4388=PLANE('',#5512);
#4389=PLANE('',#5513);
#4390=PLANE('',#5514);
#4391=PLANE('',#5515);
#4392=PLANE('',#5516);
#4393=PLANE('',#5517);
#4394=PLANE('',#5518);
#4395=PLANE('',#5519);
#4396=PLANE('',#5520);
#4397=PLANE('',#5521);
#4398=PLANE('',#5522);
#4399=PLANE('',#5523);
#4400=PLANE('',#5524);
#4401=PLANE('',#5525);
#4402=PLANE('',#5526);
#4403=PLANE('',#5527);
#4404=PLANE('',#5528);
#4405=PLANE('',#5535);
#4406=PLANE('',#5536);
#4407=PLANE('',#5537);
#4408=PLANE('',#5538);
#4409=PLANE('',#5539);
#4410=PLANE('',#5540);
#4411=PLANE('',#5541);
#4412=PLANE('',#5542);
#4413=PLANE('',#5543);
#4414=PLANE('',#5544);
#4415=PLANE('',#5545);
#4416=PLANE('',#5546);
#4417=PLANE('',#5547);
#4418=PLANE('',#5548);
#4419=PLANE('',#5549);
#4420=PLANE('',#5550);
#4421=PLANE('',#5551);
#4422=PLANE('',#5552);
#4423=PLANE('',#5553);
#4424=PLANE('',#5554);
#4425=PLANE('',#5555);
#4426=PLANE('',#5556);
#4427=PLANE('',#5557);
#4428=PLANE('',#5558);
#4429=PLANE('',#5559);
#4430=PLANE('',#5560);
#4431=PLANE('',#5561);
#4432=PLANE('',#5563);
#4433=PLANE('',#5564);
#4434=PLANE('',#5565);
#4435=PLANE('',#5566);
#4436=PLANE('',#5567);
#4437=PLANE('',#5568);
#4438=PLANE('',#5569);
#4439=PLANE('',#5570);
#4440=PLANE('',#5571);
#4441=PLANE('',#5572);
#4442=PLANE('',#5573);
#4443=PLANE('',#5574);
#4444=PLANE('',#5628);
#4445=PLANE('',#5632);
#4446=PLANE('',#5636);
#4447=PLANE('',#5637);
#4448=PLANE('',#5638);
#4449=PLANE('',#5639);
#4450=PLANE('',#5640);
#4451=PLANE('',#5641);
#4452=PLANE('',#5642);
#4453=PLANE('',#5643);
#4454=PLANE('',#5644);
#4455=PLANE('',#5645);
#4456=PLANE('',#5646);
#4457=PLANE('',#5647);
#4458=PLANE('',#5648);
#4459=PLANE('',#5649);
#4460=PLANE('',#5650);
#4461=PLANE('',#5651);
#4462=PLANE('',#5652);
#4463=PLANE('',#5653);
#4464=PLANE('',#5657);
#4465=PLANE('',#5658);
#4466=PLANE('',#5665);
#4467=PLANE('',#5666);
#4468=PLANE('',#5670);
#4469=PLANE('',#5674);
#4470=PLANE('',#5678);
#4471=PLANE('',#5684);
#4472=PLANE('',#5685);
#4473=PLANE('',#5686);
#4474=PLANE('',#5687);
#4475=PLANE('',#5688);
#4476=PLANE('',#5689);
#4477=PLANE('',#5690);
#4478=PLANE('',#5691);
#4479=PLANE('',#5693);
#4480=PLANE('',#5698);
#4481=PLANE('',#5702);
#4482=PLANE('',#5707);
#4483=PLANE('',#5711);
#4484=PLANE('',#5716);
#4485=PLANE('',#5720);
#4486=PLANE('',#5725);
#4487=PLANE('',#5729);
#4488=PLANE('',#5734);
#4489=PLANE('',#5738);
#4490=PLANE('',#5743);
#4491=PLANE('',#5747);
#4492=PLANE('',#5752);
#4493=PLANE('',#5756);
#4494=PLANE('',#5761);
#4495=PLANE('',#5765);
#4496=PLANE('',#5770);
#4497=PLANE('',#5774);
#4498=PLANE('',#5779);
#4499=PLANE('',#5783);
#4500=PLANE('',#5788);
#4501=PLANE('',#5792);
#4502=PLANE('',#5797);
#4503=PLANE('',#5801);
#4504=PLANE('',#5806);
#4505=PLANE('',#5810);
#4506=PLANE('',#5815);
#4507=PLANE('',#5819);
#4508=PLANE('',#5824);
#4509=ADVANCED_FACE('',(#3861,#3862),#4318,.T.);
#4510=ADVANCED_FACE('',(#3863,#3864),#1030,.T.);
#4511=ADVANCED_FACE('',(#3865,#3866),#4319,.F.);
#4512=ADVANCED_FACE('',(#3867,#3868),#1031,.F.);
#4513=ADVANCED_FACE('',(#3869,#3870),#4320,.F.);
#4514=ADVANCED_FACE('',(#3871,#3872),#1032,.F.);
#4515=ADVANCED_FACE('',(#3873,#3874),#4321,.T.);
#4516=ADVANCED_FACE('',(#3875,#3876),#1033,.T.);
#4517=ADVANCED_FACE('',(#3877,#3878),#4322,.T.);
#4518=ADVANCED_FACE('',(#3879,#3880),#1034,.T.);
#4519=ADVANCED_FACE('',(#3881,#3882),#4323,.F.);
#4520=ADVANCED_FACE('',(#3883,#3884),#1035,.F.);
#4521=ADVANCED_FACE('',(#3885,#3886),#4324,.T.);
#4522=ADVANCED_FACE('',(#3887,#3888),#1036,.T.);
#4523=ADVANCED_FACE('',(#3889,#3890),#4325,.F.);
#4524=ADVANCED_FACE('',(#3891,#3892),#1037,.F.);
#4525=ADVANCED_FACE('',(#3893,#3894),#4326,.T.);
#4526=ADVANCED_FACE('',(#3895,#3896),#1038,.T.);
#4527=ADVANCED_FACE('',(#3897,#3898),#4327,.F.);
#4528=ADVANCED_FACE('',(#3899,#3900),#1039,.F.);
#4529=ADVANCED_FACE('',(#3901),#882,.T.);
#4530=ADVANCED_FACE('',(#3902),#883,.T.);
#4531=ADVANCED_FACE('',(#3903),#4328,.T.);
#4532=ADVANCED_FACE('',(#3904),#4329,.T.);
#4533=ADVANCED_FACE('',(#3905),#4330,.T.);
#4534=ADVANCED_FACE('',(#3906),#884,.T.);
#4535=ADVANCED_FACE('',(#3907),#885,.T.);
#4536=ADVANCED_FACE('',(#3908),#886,.T.);
#4537=ADVANCED_FACE('',(#3909),#887,.T.);
#4538=ADVANCED_FACE('',(#3910),#4331,.T.);
#4539=ADVANCED_FACE('',(#3911),#888,.T.);
#4540=ADVANCED_FACE('',(#3912),#4332,.T.);
#4541=ADVANCED_FACE('',(#3913),#4333,.T.);
#4542=ADVANCED_FACE('',(#3914),#4334,.T.);
#4543=ADVANCED_FACE('',(#3915),#889,.T.);
#4544=ADVANCED_FACE('',(#3916),#1040,.T.);
#4545=ADVANCED_FACE('',(#3917),#4335,.T.);
#4546=ADVANCED_FACE('',(#3918),#4336,.T.);
#4547=ADVANCED_FACE('',(#3919),#4337,.T.);
#4548=ADVANCED_FACE('',(#3920),#4338,.T.);
#4549=ADVANCED_FACE('',(#3921),#4339,.T.);
#4550=ADVANCED_FACE('',(#3922),#4340,.T.);
#4551=ADVANCED_FACE('',(#3923),#4341,.T.);
#4552=ADVANCED_FACE('',(#3924),#4342,.T.);
#4553=ADVANCED_FACE('',(#3925),#4343,.F.);
#4554=ADVANCED_FACE('',(#3926),#4344,.F.);
#4555=ADVANCED_FACE('',(#3927),#4345,.F.);
#4556=ADVANCED_FACE('',(#3928),#1041,.T.);
#4557=ADVANCED_FACE('',(#3929),#1042,.T.);
#4558=ADVANCED_FACE('',(#3930),#890,.F.);
#4559=ADVANCED_FACE('',(#3931),#4346,.F.);
#4560=ADVANCED_FACE('',(#3932),#4347,.F.);
#4561=ADVANCED_FACE('',(#3933),#4348,.F.);
#4562=ADVANCED_FACE('',(#3934),#891,.F.);
#4563=ADVANCED_FACE('',(#3935),#4349,.F.);
#4564=ADVANCED_FACE('',(#3936),#4350,.F.);
#4565=ADVANCED_FACE('',(#3937),#4351,.F.);
#4566=ADVANCED_FACE('',(#3938),#4352,.T.);
#4567=ADVANCED_FACE('',(#3939),#4353,.T.);
#4568=ADVANCED_FACE('',(#3940),#4354,.T.);
#4569=ADVANCED_FACE('',(#3941),#4355,.T.);
#4570=ADVANCED_FACE('',(#3942),#4356,.T.);
#4571=ADVANCED_FACE('',(#3943),#4357,.T.);
#4572=ADVANCED_FACE('',(#3944),#4358,.T.);
#4573=ADVANCED_FACE('',(#3945),#4359,.T.);
#4574=ADVANCED_FACE('',(#3946),#4360,.T.);
#4575=ADVANCED_FACE('',(#3947),#4361,.T.);
#4576=ADVANCED_FACE('',(#3948),#4362,.T.);
#4577=ADVANCED_FACE('',(#3949),#4363,.T.);
#4578=ADVANCED_FACE('',(#3950),#4364,.F.);
#4579=ADVANCED_FACE('',(#3951),#4365,.F.);
#4580=ADVANCED_FACE('',(#3952),#4366,.F.);
#4581=ADVANCED_FACE('',(#3953),#4367,.F.);
#4582=ADVANCED_FACE('',(#3954),#892,.F.);
#4583=ADVANCED_FACE('',(#3955),#4368,.F.);
#4584=ADVANCED_FACE('',(#3956),#893,.F.);
#4585=ADVANCED_FACE('',(#3957),#4369,.F.);
#4586=ADVANCED_FACE('',(#3958),#4370,.F.);
#4587=ADVANCED_FACE('',(#3959),#4371,.F.);
#4588=ADVANCED_FACE('',(#3960),#4372,.F.);
#4589=ADVANCED_FACE('',(#3961),#4373,.F.);
#4590=ADVANCED_FACE('',(#3962),#894,.F.);
#4591=ADVANCED_FACE('',(#3963),#4374,.F.);
#4592=ADVANCED_FACE('',(#3964),#895,.F.);
#4593=ADVANCED_FACE('',(#3965),#4375,.F.);
#4594=ADVANCED_FACE('',(#3966),#896,.F.);
#4595=ADVANCED_FACE('',(#3967),#4376,.F.);
#4596=ADVANCED_FACE('',(#3968),#897,.F.);
#4597=ADVANCED_FACE('',(#3969),#4377,.F.);
#4598=ADVANCED_FACE('',(#3970),#4378,.F.);
#4599=ADVANCED_FACE('',(#3971),#898,.F.);
#4600=ADVANCED_FACE('',(#3972),#4379,.F.);
#4601=ADVANCED_FACE('',(#3973),#4380,.F.);
#4602=ADVANCED_FACE('',(#3974),#899,.F.);
#4603=ADVANCED_FACE('',(#3975),#4381,.F.);
#4604=ADVANCED_FACE('',(#3976),#4382,.T.);
#4605=ADVANCED_FACE('',(#3977),#4383,.T.);
#4606=ADVANCED_FACE('',(#3978),#4384,.T.);
#4607=ADVANCED_FACE('',(#3979),#4385,.T.);
#4608=ADVANCED_FACE('',(#3980),#4386,.T.);
#4609=ADVANCED_FACE('',(#3981),#4387,.T.);
#4610=ADVANCED_FACE('',(#3982),#4388,.T.);
#4611=ADVANCED_FACE('',(#3983),#4389,.T.);
#4612=ADVANCED_FACE('',(#3984),#4390,.T.);
#4613=ADVANCED_FACE('',(#3985),#4391,.T.);
#4614=ADVANCED_FACE('',(#3986),#4392,.T.);
#4615=ADVANCED_FACE('',(#3987),#4393,.T.);
#4616=ADVANCED_FACE('',(#3988),#4394,.T.);
#4617=ADVANCED_FACE('',(#3989),#4395,.T.);
#4618=ADVANCED_FACE('',(#3990),#4396,.T.);
#4619=ADVANCED_FACE('',(#3991),#4397,.T.);
#4620=ADVANCED_FACE('',(#3992),#4398,.T.);
#4621=ADVANCED_FACE('',(#3993),#4399,.T.);
#4622=ADVANCED_FACE('',(#3994),#4400,.T.);
#4623=ADVANCED_FACE('',(#3995),#4401,.T.);
#4624=ADVANCED_FACE('',(#3996),#4402,.F.);
#4625=ADVANCED_FACE('',(#3997),#4403,.F.);
#4626=ADVANCED_FACE('',(#3998),#4404,.F.);
#4627=ADVANCED_FACE('',(#3999),#1043,.T.);
#4628=ADVANCED_FACE('',(#4000),#1044,.T.);
#4629=ADVANCED_FACE('',(#4001),#900,.F.);
#4630=ADVANCED_FACE('',(#4002),#4405,.F.);
#4631=ADVANCED_FACE('',(#4003),#4406,.F.);
#4632=ADVANCED_FACE('',(#4004),#4407,.F.);
#4633=ADVANCED_FACE('',(#4005),#901,.F.);
#4634=ADVANCED_FACE('',(#4006),#4408,.F.);
#4635=ADVANCED_FACE('',(#4007),#4409,.F.);
#4636=ADVANCED_FACE('',(#4008),#4410,.F.);
#4637=ADVANCED_FACE('',(#4009),#4411,.T.);
#4638=ADVANCED_FACE('',(#4010),#4412,.T.);
#4639=ADVANCED_FACE('',(#4011),#4413,.T.);
#4640=ADVANCED_FACE('',(#4012),#4414,.T.);
#4641=ADVANCED_FACE('',(#4013),#4415,.T.);
#4642=ADVANCED_FACE('',(#4014),#4416,.T.);
#4643=ADVANCED_FACE('',(#4015),#4417,.T.);
#4644=ADVANCED_FACE('',(#4016),#4418,.T.);
#4645=ADVANCED_FACE('',(#4017),#4419,.T.);
#4646=ADVANCED_FACE('',(#4018),#4420,.T.);
#4647=ADVANCED_FACE('',(#4019),#4421,.T.);
#4648=ADVANCED_FACE('',(#4020),#4422,.T.);
#4649=ADVANCED_FACE('',(#4021),#902,.F.);
#4650=ADVANCED_FACE('',(#4022),#4423,.F.);
#4651=ADVANCED_FACE('',(#4023),#903,.F.);
#4652=ADVANCED_FACE('',(#4024),#4424,.F.);
#4653=ADVANCED_FACE('',(#4025),#4425,.T.);
#4654=ADVANCED_FACE('',(#4026),#4426,.T.);
#4655=ADVANCED_FACE('',(#4027),#4427,.T.);
#4656=ADVANCED_FACE('',(#4028),#4428,.T.);
#4657=ADVANCED_FACE('',(#4029),#4429,.T.);
#4658=ADVANCED_FACE('',(#4030),#4430,.T.);
#4659=ADVANCED_FACE('',(#4031,#4032),#4431,.T.);
#4660=ADVANCED_FACE('',(#4033,#4034),#4432,.T.);
#4661=ADVANCED_FACE('',(#4035,#4036),#4433,.T.);
#4662=ADVANCED_FACE('',(#4037),#4434,.T.);
#4663=ADVANCED_FACE('',(#4038),#4435,.T.);
#4664=ADVANCED_FACE('',(#4039),#4436,.T.);
#4665=ADVANCED_FACE('',(#4040,#4041),#4437,.T.);
#4666=ADVANCED_FACE('',(#4042),#4438,.T.);
#4667=ADVANCED_FACE('',(#4043,#4044),#4439,.T.);
#4668=ADVANCED_FACE('',(#4045,#4046),#4440,.T.);
#4669=ADVANCED_FACE('',(#4047),#4441,.T.);
#4670=ADVANCED_FACE('',(#4048),#4442,.T.);
#4671=ADVANCED_FACE('',(#4049),#4443,.T.);
#4672=ADVANCED_FACE('',(#4050,#4051),#1045,.F.);
#4673=ADVANCED_FACE('',(#4052,#4053),#1046,.F.);
#4674=ADVANCED_FACE('',(#4054,#4055),#1047,.F.);
#4675=ADVANCED_FACE('',(#4056,#4057),#1048,.F.);
#4676=ADVANCED_FACE('',(#4058,#4059),#1049,.F.);
#4677=ADVANCED_FACE('',(#4060,#4061),#1050,.F.);
#4678=ADVANCED_FACE('',(#4062,#4063),#1051,.F.);
#4679=ADVANCED_FACE('',(#4064,#4065),#1052,.F.);
#4680=ADVANCED_FACE('',(#4066,#4067),#1053,.F.);
#4681=ADVANCED_FACE('',(#4068,#4069),#1054,.F.);
#4682=ADVANCED_FACE('',(#4070,#4071),#1055,.F.);
#4683=ADVANCED_FACE('',(#4072,#4073),#1056,.F.);
#4684=ADVANCED_FACE('',(#4074,#4075),#1057,.F.);
#4685=ADVANCED_FACE('',(#4076,#4077),#1058,.F.);
#4686=ADVANCED_FACE('',(#4078,#4079),#1059,.F.);
#4687=ADVANCED_FACE('',(#4080,#4081),#1060,.F.);
#4688=ADVANCED_FACE('',(#4082,#4083),#1061,.F.);
#4689=ADVANCED_FACE('',(#4084,#4085),#1062,.F.);
#4690=ADVANCED_FACE('',(#4086),#4444,.T.);
#4691=ADVANCED_FACE('',(#4087,#4088),#1063,.F.);
#4692=ADVANCED_FACE('',(#4089,#4090,#4091,#4092,#4093,#4094,#4095,#4096,
#4097,#4098,#4099,#4100,#4101,#4102,#4103,#4104,#4105,#4106,#4107),#4445,
 .F.);
#4693=ADVANCED_FACE('',(#4108,#4109),#1064,.F.);
#4694=ADVANCED_FACE('',(#4110),#4446,.T.);
#4695=ADVANCED_FACE('',(#4111),#4447,.T.);
#4696=ADVANCED_FACE('',(#4112),#4448,.T.);
#4697=ADVANCED_FACE('',(#4113),#4449,.T.);
#4698=ADVANCED_FACE('',(#4114),#4450,.T.);
#4699=ADVANCED_FACE('',(#4115),#4451,.T.);
#4700=ADVANCED_FACE('',(#4116),#4452,.T.);
#4701=ADVANCED_FACE('',(#4117),#4453,.T.);
#4702=ADVANCED_FACE('',(#4118),#4454,.T.);
#4703=ADVANCED_FACE('',(#4119),#4455,.T.);
#4704=ADVANCED_FACE('',(#4120),#4456,.T.);
#4705=ADVANCED_FACE('',(#4121),#4457,.T.);
#4706=ADVANCED_FACE('',(#4122),#4458,.T.);
#4707=ADVANCED_FACE('',(#4123),#4459,.T.);
#4708=ADVANCED_FACE('',(#4124),#4460,.T.);
#4709=ADVANCED_FACE('',(#4125),#4461,.T.);
#4710=ADVANCED_FACE('',(#4126),#4462,.T.);
#4711=ADVANCED_FACE('',(#4127),#4463,.T.);
#4712=ADVANCED_FACE('',(#4128,#4129),#1065,.T.);
#4713=ADVANCED_FACE('',(#4130),#4464,.T.);
#4714=ADVANCED_FACE('',(#4131),#4465,.T.);
#4715=ADVANCED_FACE('',(#4132,#4133),#1066,.T.);
#4716=ADVANCED_FACE('',(#4134,#4135),#1067,.T.);
#4717=ADVANCED_FACE('',(#4136,#4137),#4466,.F.);
#4718=ADVANCED_FACE('',(#4138,#4139),#4467,.F.);
#4719=ADVANCED_FACE('',(#4140,#4141),#1068,.T.);
#4720=ADVANCED_FACE('',(#4142,#4143,#4144,#4145,#4146),#4468,.T.);
#4721=ADVANCED_FACE('',(#4147,#4148),#1069,.T.);
#4722=ADVANCED_FACE('',(#4149,#4150),#4469,.T.);
#4723=ADVANCED_FACE('',(#4151,#4152),#1070,.F.);
#4724=ADVANCED_FACE('',(#4153,#4154),#4470,.F.);
#4725=ADVANCED_FACE('',(#4155,#4156),#1071,.T.);
#4726=ADVANCED_FACE('',(#4157,#4158),#10,.T.);
#4727=ADVANCED_FACE('',(#4159),#4471,.T.);
#4728=ADVANCED_FACE('',(#4160),#4472,.T.);
#4729=ADVANCED_FACE('',(#4161),#4473,.T.);
#4730=ADVANCED_FACE('',(#4162),#4474,.T.);
#4731=ADVANCED_FACE('',(#4163),#4475,.T.);
#4732=ADVANCED_FACE('',(#4164),#4476,.T.);
#4733=ADVANCED_FACE('',(#4165,#4166,#4167,#4168,#4169,#4170,#4171,#4172,
#4173,#4174,#4175,#4176,#4177,#4178,#4179,#4180,#4181,#4182,#4183,#4184,
#4185,#4186,#4187,#4188,#4189,#4190,#4191,#4192,#4193,#4194,#4195,#4196),
#4477,.T.);
#4734=ADVANCED_FACE('',(#4197),#4478,.F.);
#4735=ADVANCED_FACE('',(#4198,#4199),#4479,.T.);
#4736=ADVANCED_FACE('',(#4200,#4201),#1072,.T.);
#4737=ADVANCED_FACE('',(#4202,#4203),#4480,.F.);
#4738=ADVANCED_FACE('',(#4204,#4205),#1073,.F.);
#4739=ADVANCED_FACE('',(#4206,#4207),#4481,.F.);
#4740=ADVANCED_FACE('',(#4208,#4209),#1074,.F.);
#4741=ADVANCED_FACE('',(#4210,#4211),#4482,.T.);
#4742=ADVANCED_FACE('',(#4212,#4213),#1075,.T.);
#4743=ADVANCED_FACE('',(#4214,#4215),#4483,.T.);
#4744=ADVANCED_FACE('',(#4216,#4217),#1076,.T.);
#4745=ADVANCED_FACE('',(#4218,#4219),#4484,.F.);
#4746=ADVANCED_FACE('',(#4220,#4221),#1077,.F.);
#4747=ADVANCED_FACE('',(#4222,#4223),#4485,.T.);
#4748=ADVANCED_FACE('',(#4224,#4225),#1078,.T.);
#4749=ADVANCED_FACE('',(#4226,#4227),#4486,.F.);
#4750=ADVANCED_FACE('',(#4228,#4229),#1079,.F.);
#4751=ADVANCED_FACE('',(#4230,#4231),#4487,.F.);
#4752=ADVANCED_FACE('',(#4232,#4233),#1080,.F.);
#4753=ADVANCED_FACE('',(#4234,#4235),#4488,.T.);
#4754=ADVANCED_FACE('',(#4236,#4237),#1081,.T.);
#4755=ADVANCED_FACE('',(#4238,#4239),#4489,.F.);
#4756=ADVANCED_FACE('',(#4240,#4241),#1082,.F.);
#4757=ADVANCED_FACE('',(#4242,#4243),#4490,.T.);
#4758=ADVANCED_FACE('',(#4244,#4245),#1083,.T.);
#4759=ADVANCED_FACE('',(#4246,#4247),#4491,.F.);
#4760=ADVANCED_FACE('',(#4248,#4249),#1084,.F.);
#4761=ADVANCED_FACE('',(#4250,#4251),#4492,.T.);
#4762=ADVANCED_FACE('',(#4252,#4253),#1085,.T.);
#4763=ADVANCED_FACE('',(#4254,#4255),#4493,.T.);
#4764=ADVANCED_FACE('',(#4256,#4257),#1086,.T.);
#4765=ADVANCED_FACE('',(#4258,#4259),#4494,.F.);
#4766=ADVANCED_FACE('',(#4260,#4261),#1087,.F.);
#4767=ADVANCED_FACE('',(#4262,#4263),#4495,.F.);
#4768=ADVANCED_FACE('',(#4264,#4265),#1088,.F.);
#4769=ADVANCED_FACE('',(#4266,#4267),#4496,.T.);
#4770=ADVANCED_FACE('',(#4268,#4269),#1089,.T.);
#4771=ADVANCED_FACE('',(#4270,#4271),#4497,.T.);
#4772=ADVANCED_FACE('',(#4272,#4273),#1090,.T.);
#4773=ADVANCED_FACE('',(#4274,#4275),#4498,.F.);
#4774=ADVANCED_FACE('',(#4276,#4277),#1091,.F.);
#4775=ADVANCED_FACE('',(#4278,#4279),#4499,.T.);
#4776=ADVANCED_FACE('',(#4280,#4281),#1092,.T.);
#4777=ADVANCED_FACE('',(#4282,#4283),#4500,.F.);
#4778=ADVANCED_FACE('',(#4284,#4285),#1093,.F.);
#4779=ADVANCED_FACE('',(#4286,#4287),#4501,.T.);
#4780=ADVANCED_FACE('',(#4288,#4289),#1094,.T.);
#4781=ADVANCED_FACE('',(#4290,#4291),#4502,.F.);
#4782=ADVANCED_FACE('',(#4292,#4293),#1095,.F.);
#4783=ADVANCED_FACE('',(#4294,#4295),#4503,.F.);
#4784=ADVANCED_FACE('',(#4296,#4297),#1096,.F.);
#4785=ADVANCED_FACE('',(#4298,#4299),#4504,.T.);
#4786=ADVANCED_FACE('',(#4300,#4301),#1097,.T.);
#4787=ADVANCED_FACE('',(#4302,#4303),#4505,.T.);
#4788=ADVANCED_FACE('',(#4304,#4305),#1098,.T.);
#4789=ADVANCED_FACE('',(#4306,#4307),#4506,.F.);
#4790=ADVANCED_FACE('',(#4308,#4309),#1099,.F.);
#4791=ADVANCED_FACE('',(#4310,#4311),#4507,.F.);
#4792=ADVANCED_FACE('',(#4312,#4313),#1100,.F.);
#4793=ADVANCED_FACE('',(#4314,#4315),#4508,.T.);
#4794=ADVANCED_FACE('',(#4316,#4317),#1101,.T.);
#4795=CLOSED_SHELL('',(#4509,#4510,#4511,#4512));
#4796=CLOSED_SHELL('',(#4513,#4514,#4515,#4516));
#4797=CLOSED_SHELL('',(#4517,#4518,#4519,#4520));
#4798=CLOSED_SHELL('',(#4521,#4522,#4523,#4524));
#4799=CLOSED_SHELL('',(#4525,#4526,#4527,#4528));
#4800=CLOSED_SHELL('',(#4529,#4530,#4531,#4532,#4533,#4534,#4535,#4536,
#4537,#4538,#4539,#4540,#4541,#4542,#4543,#4544,#4545,#4546,#4547,#4548,
#4549,#4550,#4551,#4552,#4553,#4554,#4555,#4556,#4557,#4558,#4559,#4560,
#4561,#4562,#4563,#4564,#4565,#4566,#4567,#4568,#4569,#4570,#4571,#4572,
#4573,#4574,#4575,#4576,#4577,#4578,#4579,#4580,#4581,#4582,#4583,#4584,
#4585,#4586,#4587,#4588,#4589,#4590,#4591,#4592,#4593,#4594,#4595,#4596,
#4597,#4598,#4599,#4600,#4601,#4602,#4603,#4604,#4605,#4606,#4607,#4608,
#4609,#4610,#4611,#4612,#4613,#4614,#4615,#4616,#4617,#4618,#4619,#4620,
#4621,#4622,#4623,#4624,#4625,#4626,#4627,#4628,#4629,#4630,#4631,#4632,
#4633,#4634,#4635,#4636,#4637,#4638,#4639,#4640,#4641,#4642,#4643,#4644,
#4645,#4646,#4647,#4648,#4649,#4650,#4651,#4652,#4653,#4654,#4655,#4656,
#4657,#4658,#4659,#4660,#4661,#4662,#4663,#4664,#4665,#4666,#4667,#4668,
#4669,#4670,#4671,#4672,#4673,#4674,#4675,#4676,#4677,#4678,#4679,#4680,
#4681,#4682,#4683,#4684,#4685,#4686,#4687,#4688,#4689,#4690,#4691,#4692,
#4693,#4694,#4695,#4696,#4697,#4698,#4699,#4700,#4701,#4702,#4703,#4704,
#4705,#4706,#4707,#4708,#4709,#4710,#4711,#4712,#4713,#4714,#4715,#4716,
#4717,#4718,#4719,#4720,#4721,#4722,#4723,#4724,#4725,#4726,#4727,#4728,
#4729,#4730,#4731,#4732,#4733,#4734));
#4801=CLOSED_SHELL('',(#4735,#4736,#4737,#4738));
#4802=CLOSED_SHELL('',(#4739,#4740,#4741,#4742));
#4803=CLOSED_SHELL('',(#4743,#4744,#4745,#4746));
#4804=CLOSED_SHELL('',(#4747,#4748,#4749,#4750));
#4805=CLOSED_SHELL('',(#4751,#4752,#4753,#4754));
#4806=CLOSED_SHELL('',(#4755,#4756,#4757,#4758));
#4807=CLOSED_SHELL('',(#4759,#4760,#4761,#4762));
#4808=CLOSED_SHELL('',(#4763,#4764,#4765,#4766));
#4809=CLOSED_SHELL('',(#4767,#4768,#4769,#4770));
#4810=CLOSED_SHELL('',(#4771,#4772,#4773,#4774));
#4811=CLOSED_SHELL('',(#4775,#4776,#4777,#4778));
#4812=CLOSED_SHELL('',(#4779,#4780,#4781,#4782));
#4813=CLOSED_SHELL('',(#4783,#4784,#4785,#4786));
#4814=CLOSED_SHELL('',(#4787,#4788,#4789,#4790));
#4815=CLOSED_SHELL('',(#4791,#4792,#4793,#4794));
#4816=STYLED_ITEM('',(#4837),#5332);
#4817=STYLED_ITEM('',(#4838),#5333);
#4818=STYLED_ITEM('',(#4839),#5334);
#4819=STYLED_ITEM('',(#4840),#5335);
#4820=STYLED_ITEM('',(#4841),#5336);
#4821=STYLED_ITEM('',(#4842),#5337);
#4822=STYLED_ITEM('',(#4904),#5338);
#4823=STYLED_ITEM('',(#4905),#5339);
#4824=STYLED_ITEM('',(#4906),#5340);
#4825=STYLED_ITEM('',(#4907),#5341);
#4826=STYLED_ITEM('',(#4908),#5342);
#4827=STYLED_ITEM('',(#4909),#5343);
#4828=STYLED_ITEM('',(#4910),#5344);
#4829=STYLED_ITEM('',(#4911),#5345);
#4830=STYLED_ITEM('',(#4912),#5346);
#4831=STYLED_ITEM('',(#4913),#5347);
#4832=STYLED_ITEM('',(#4914),#5348);
#4833=STYLED_ITEM('',(#4915),#5349);
#4834=STYLED_ITEM('',(#4916),#5350);
#4835=STYLED_ITEM('',(#4917),#5351);
#4836=STYLED_ITEM('',(#4918),#5352);
#4837=PRESENTATION_STYLE_ASSIGNMENT((#4919));
#4838=PRESENTATION_STYLE_ASSIGNMENT((#4920));
#4839=PRESENTATION_STYLE_ASSIGNMENT((#4921));
#4840=PRESENTATION_STYLE_ASSIGNMENT((#4922));
#4841=PRESENTATION_STYLE_ASSIGNMENT((#4923));
#4842=PRESENTATION_STYLE_ASSIGNMENT((#4924));
#4843=PRESENTATION_STYLE_ASSIGNMENT((#4925));
#4844=PRESENTATION_STYLE_ASSIGNMENT((#4926));
#4845=PRESENTATION_STYLE_ASSIGNMENT((#4927));
#4846=PRESENTATION_STYLE_ASSIGNMENT((#4928));
#4847=PRESENTATION_STYLE_ASSIGNMENT((#4929));
#4848=PRESENTATION_STYLE_ASSIGNMENT((#4930));
#4849=PRESENTATION_STYLE_ASSIGNMENT((#4931));
#4850=PRESENTATION_STYLE_ASSIGNMENT((#4932));
#4851=PRESENTATION_STYLE_ASSIGNMENT((#4933));
#4852=PRESENTATION_STYLE_ASSIGNMENT((#4934));
#4853=PRESENTATION_STYLE_ASSIGNMENT((#4935));
#4854=PRESENTATION_STYLE_ASSIGNMENT((#4936));
#4855=PRESENTATION_STYLE_ASSIGNMENT((#4937));
#4856=PRESENTATION_STYLE_ASSIGNMENT((#4938));
#4857=PRESENTATION_STYLE_ASSIGNMENT((#4939));
#4858=PRESENTATION_STYLE_ASSIGNMENT((#4940));
#4859=PRESENTATION_STYLE_ASSIGNMENT((#4941));
#4860=PRESENTATION_STYLE_ASSIGNMENT((#4942));
#4861=PRESENTATION_STYLE_ASSIGNMENT((#4943));
#4862=PRESENTATION_STYLE_ASSIGNMENT((#4944));
#4863=PRESENTATION_STYLE_ASSIGNMENT((#4945));
#4864=PRESENTATION_STYLE_ASSIGNMENT((#4946));
#4865=PRESENTATION_STYLE_ASSIGNMENT((#4947));
#4866=PRESENTATION_STYLE_ASSIGNMENT((#4948));
#4867=PRESENTATION_STYLE_ASSIGNMENT((#4949));
#4868=PRESENTATION_STYLE_ASSIGNMENT((#4950));
#4869=PRESENTATION_STYLE_ASSIGNMENT((#4951));
#4870=PRESENTATION_STYLE_ASSIGNMENT((#4952));
#4871=PRESENTATION_STYLE_ASSIGNMENT((#4953));
#4872=PRESENTATION_STYLE_ASSIGNMENT((#4954));
#4873=PRESENTATION_STYLE_ASSIGNMENT((#4955));
#4874=PRESENTATION_STYLE_ASSIGNMENT((#4956));
#4875=PRESENTATION_STYLE_ASSIGNMENT((#4957));
#4876=PRESENTATION_STYLE_ASSIGNMENT((#4958));
#4877=PRESENTATION_STYLE_ASSIGNMENT((#4959));
#4878=PRESENTATION_STYLE_ASSIGNMENT((#4960));
#4879=PRESENTATION_STYLE_ASSIGNMENT((#4961));
#4880=PRESENTATION_STYLE_ASSIGNMENT((#4962));
#4881=PRESENTATION_STYLE_ASSIGNMENT((#4963));
#4882=PRESENTATION_STYLE_ASSIGNMENT((#4964));
#4883=PRESENTATION_STYLE_ASSIGNMENT((#4965));
#4884=PRESENTATION_STYLE_ASSIGNMENT((#4966));
#4885=PRESENTATION_STYLE_ASSIGNMENT((#4967));
#4886=PRESENTATION_STYLE_ASSIGNMENT((#4968));
#4887=PRESENTATION_STYLE_ASSIGNMENT((#4969));
#4888=PRESENTATION_STYLE_ASSIGNMENT((#4970));
#4889=PRESENTATION_STYLE_ASSIGNMENT((#4971));
#4890=PRESENTATION_STYLE_ASSIGNMENT((#4972));
#4891=PRESENTATION_STYLE_ASSIGNMENT((#4973));
#4892=PRESENTATION_STYLE_ASSIGNMENT((#4974));
#4893=PRESENTATION_STYLE_ASSIGNMENT((#4975));
#4894=PRESENTATION_STYLE_ASSIGNMENT((#4976));
#4895=PRESENTATION_STYLE_ASSIGNMENT((#4977));
#4896=PRESENTATION_STYLE_ASSIGNMENT((#4978));
#4897=PRESENTATION_STYLE_ASSIGNMENT((#4979));
#4898=PRESENTATION_STYLE_ASSIGNMENT((#4980));
#4899=PRESENTATION_STYLE_ASSIGNMENT((#4981));
#4900=PRESENTATION_STYLE_ASSIGNMENT((#4982));
#4901=PRESENTATION_STYLE_ASSIGNMENT((#4983));
#4902=PRESENTATION_STYLE_ASSIGNMENT((#4984));
#4903=PRESENTATION_STYLE_ASSIGNMENT((#4985));
#4904=PRESENTATION_STYLE_ASSIGNMENT((#4986));
#4905=PRESENTATION_STYLE_ASSIGNMENT((#4987));
#4906=PRESENTATION_STYLE_ASSIGNMENT((#4988));
#4907=PRESENTATION_STYLE_ASSIGNMENT((#4989));
#4908=PRESENTATION_STYLE_ASSIGNMENT((#4990));
#4909=PRESENTATION_STYLE_ASSIGNMENT((#4991));
#4910=PRESENTATION_STYLE_ASSIGNMENT((#4992));
#4911=PRESENTATION_STYLE_ASSIGNMENT((#4993));
#4912=PRESENTATION_STYLE_ASSIGNMENT((#4994));
#4913=PRESENTATION_STYLE_ASSIGNMENT((#4995));
#4914=PRESENTATION_STYLE_ASSIGNMENT((#4996));
#4915=PRESENTATION_STYLE_ASSIGNMENT((#4997));
#4916=PRESENTATION_STYLE_ASSIGNMENT((#4998));
#4917=PRESENTATION_STYLE_ASSIGNMENT((#4999));
#4918=PRESENTATION_STYLE_ASSIGNMENT((#5000));
#4919=SURFACE_STYLE_USAGE(.BOTH.,#5001);
#4920=SURFACE_STYLE_USAGE(.BOTH.,#5002);
#4921=SURFACE_STYLE_USAGE(.BOTH.,#5003);
#4922=SURFACE_STYLE_USAGE(.BOTH.,#5004);
#4923=SURFACE_STYLE_USAGE(.BOTH.,#5005);
#4924=SURFACE_STYLE_USAGE(.BOTH.,#5006);
#4925=SURFACE_STYLE_USAGE(.BOTH.,#5007);
#4926=SURFACE_STYLE_USAGE(.BOTH.,#5008);
#4927=SURFACE_STYLE_USAGE(.BOTH.,#5009);
#4928=SURFACE_STYLE_USAGE(.BOTH.,#5010);
#4929=SURFACE_STYLE_USAGE(.BOTH.,#5011);
#4930=SURFACE_STYLE_USAGE(.BOTH.,#5012);
#4931=SURFACE_STYLE_USAGE(.BOTH.,#5013);
#4932=SURFACE_STYLE_USAGE(.BOTH.,#5014);
#4933=SURFACE_STYLE_USAGE(.BOTH.,#5015);
#4934=SURFACE_STYLE_USAGE(.BOTH.,#5016);
#4935=SURFACE_STYLE_USAGE(.BOTH.,#5017);
#4936=SURFACE_STYLE_USAGE(.BOTH.,#5018);
#4937=SURFACE_STYLE_USAGE(.BOTH.,#5019);
#4938=SURFACE_STYLE_USAGE(.BOTH.,#5020);
#4939=SURFACE_STYLE_USAGE(.BOTH.,#5021);
#4940=SURFACE_STYLE_USAGE(.BOTH.,#5022);
#4941=SURFACE_STYLE_USAGE(.BOTH.,#5023);
#4942=SURFACE_STYLE_USAGE(.BOTH.,#5024);
#4943=SURFACE_STYLE_USAGE(.BOTH.,#5025);
#4944=SURFACE_STYLE_USAGE(.BOTH.,#5026);
#4945=SURFACE_STYLE_USAGE(.BOTH.,#5027);
#4946=SURFACE_STYLE_USAGE(.BOTH.,#5028);
#4947=SURFACE_STYLE_USAGE(.BOTH.,#5029);
#4948=SURFACE_STYLE_USAGE(.BOTH.,#5030);
#4949=SURFACE_STYLE_USAGE(.BOTH.,#5031);
#4950=SURFACE_STYLE_USAGE(.BOTH.,#5032);
#4951=SURFACE_STYLE_USAGE(.BOTH.,#5033);
#4952=SURFACE_STYLE_USAGE(.BOTH.,#5034);
#4953=SURFACE_STYLE_USAGE(.BOTH.,#5035);
#4954=SURFACE_STYLE_USAGE(.BOTH.,#5036);
#4955=SURFACE_STYLE_USAGE(.BOTH.,#5037);
#4956=SURFACE_STYLE_USAGE(.BOTH.,#5038);
#4957=SURFACE_STYLE_USAGE(.BOTH.,#5039);
#4958=SURFACE_STYLE_USAGE(.BOTH.,#5040);
#4959=SURFACE_STYLE_USAGE(.BOTH.,#5041);
#4960=SURFACE_STYLE_USAGE(.BOTH.,#5042);
#4961=SURFACE_STYLE_USAGE(.BOTH.,#5043);
#4962=SURFACE_STYLE_USAGE(.BOTH.,#5044);
#4963=SURFACE_STYLE_USAGE(.BOTH.,#5045);
#4964=SURFACE_STYLE_USAGE(.BOTH.,#5046);
#4965=SURFACE_STYLE_USAGE(.BOTH.,#5047);
#4966=SURFACE_STYLE_USAGE(.BOTH.,#5048);
#4967=SURFACE_STYLE_USAGE(.BOTH.,#5049);
#4968=SURFACE_STYLE_USAGE(.BOTH.,#5050);
#4969=SURFACE_STYLE_USAGE(.BOTH.,#5051);
#4970=SURFACE_STYLE_USAGE(.BOTH.,#5052);
#4971=SURFACE_STYLE_USAGE(.BOTH.,#5053);
#4972=SURFACE_STYLE_USAGE(.BOTH.,#5054);
#4973=SURFACE_STYLE_USAGE(.BOTH.,#5055);
#4974=SURFACE_STYLE_USAGE(.BOTH.,#5056);
#4975=SURFACE_STYLE_USAGE(.BOTH.,#5057);
#4976=SURFACE_STYLE_USAGE(.BOTH.,#5058);
#4977=SURFACE_STYLE_USAGE(.BOTH.,#5059);
#4978=SURFACE_STYLE_USAGE(.BOTH.,#5060);
#4979=SURFACE_STYLE_USAGE(.BOTH.,#5061);
#4980=SURFACE_STYLE_USAGE(.BOTH.,#5062);
#4981=SURFACE_STYLE_USAGE(.BOTH.,#5063);
#4982=SURFACE_STYLE_USAGE(.BOTH.,#5064);
#4983=SURFACE_STYLE_USAGE(.BOTH.,#5065);
#4984=SURFACE_STYLE_USAGE(.BOTH.,#5066);
#4985=SURFACE_STYLE_USAGE(.BOTH.,#5067);
#4986=SURFACE_STYLE_USAGE(.BOTH.,#5068);
#4987=SURFACE_STYLE_USAGE(.BOTH.,#5069);
#4988=SURFACE_STYLE_USAGE(.BOTH.,#5070);
#4989=SURFACE_STYLE_USAGE(.BOTH.,#5071);
#4990=SURFACE_STYLE_USAGE(.BOTH.,#5072);
#4991=SURFACE_STYLE_USAGE(.BOTH.,#5073);
#4992=SURFACE_STYLE_USAGE(.BOTH.,#5074);
#4993=SURFACE_STYLE_USAGE(.BOTH.,#5075);
#4994=SURFACE_STYLE_USAGE(.BOTH.,#5076);
#4995=SURFACE_STYLE_USAGE(.BOTH.,#5077);
#4996=SURFACE_STYLE_USAGE(.BOTH.,#5078);
#4997=SURFACE_STYLE_USAGE(.BOTH.,#5079);
#4998=SURFACE_STYLE_USAGE(.BOTH.,#5080);
#4999=SURFACE_STYLE_USAGE(.BOTH.,#5081);
#5000=SURFACE_STYLE_USAGE(.BOTH.,#5082);
#5001=SURFACE_SIDE_STYLE('',(#5083));
#5002=SURFACE_SIDE_STYLE('',(#5084));
#5003=SURFACE_SIDE_STYLE('',(#5085));
#5004=SURFACE_SIDE_STYLE('',(#5086));
#5005=SURFACE_SIDE_STYLE('',(#5087));
#5006=SURFACE_SIDE_STYLE('',(#5088));
#5007=SURFACE_SIDE_STYLE('',(#5089));
#5008=SURFACE_SIDE_STYLE('',(#5090));
#5009=SURFACE_SIDE_STYLE('',(#5091));
#5010=SURFACE_SIDE_STYLE('',(#5092));
#5011=SURFACE_SIDE_STYLE('',(#5093));
#5012=SURFACE_SIDE_STYLE('',(#5094));
#5013=SURFACE_SIDE_STYLE('',(#5095));
#5014=SURFACE_SIDE_STYLE('',(#5096));
#5015=SURFACE_SIDE_STYLE('',(#5097));
#5016=SURFACE_SIDE_STYLE('',(#5098));
#5017=SURFACE_SIDE_STYLE('',(#5099));
#5018=SURFACE_SIDE_STYLE('',(#5100));
#5019=SURFACE_SIDE_STYLE('',(#5101));
#5020=SURFACE_SIDE_STYLE('',(#5102));
#5021=SURFACE_SIDE_STYLE('',(#5103));
#5022=SURFACE_SIDE_STYLE('',(#5104));
#5023=SURFACE_SIDE_STYLE('',(#5105));
#5024=SURFACE_SIDE_STYLE('',(#5106));
#5025=SURFACE_SIDE_STYLE('',(#5107));
#5026=SURFACE_SIDE_STYLE('',(#5108));
#5027=SURFACE_SIDE_STYLE('',(#5109));
#5028=SURFACE_SIDE_STYLE('',(#5110));
#5029=SURFACE_SIDE_STYLE('',(#5111));
#5030=SURFACE_SIDE_STYLE('',(#5112));
#5031=SURFACE_SIDE_STYLE('',(#5113));
#5032=SURFACE_SIDE_STYLE('',(#5114));
#5033=SURFACE_SIDE_STYLE('',(#5115));
#5034=SURFACE_SIDE_STYLE('',(#5116));
#5035=SURFACE_SIDE_STYLE('',(#5117));
#5036=SURFACE_SIDE_STYLE('',(#5118));
#5037=SURFACE_SIDE_STYLE('',(#5119));
#5038=SURFACE_SIDE_STYLE('',(#5120));
#5039=SURFACE_SIDE_STYLE('',(#5121));
#5040=SURFACE_SIDE_STYLE('',(#5122));
#5041=SURFACE_SIDE_STYLE('',(#5123));
#5042=SURFACE_SIDE_STYLE('',(#5124));
#5043=SURFACE_SIDE_STYLE('',(#5125));
#5044=SURFACE_SIDE_STYLE('',(#5126));
#5045=SURFACE_SIDE_STYLE('',(#5127));
#5046=SURFACE_SIDE_STYLE('',(#5128));
#5047=SURFACE_SIDE_STYLE('',(#5129));
#5048=SURFACE_SIDE_STYLE('',(#5130));
#5049=SURFACE_SIDE_STYLE('',(#5131));
#5050=SURFACE_SIDE_STYLE('',(#5132));
#5051=SURFACE_SIDE_STYLE('',(#5133));
#5052=SURFACE_SIDE_STYLE('',(#5134));
#5053=SURFACE_SIDE_STYLE('',(#5135));
#5054=SURFACE_SIDE_STYLE('',(#5136));
#5055=SURFACE_SIDE_STYLE('',(#5137));
#5056=SURFACE_SIDE_STYLE('',(#5138));
#5057=SURFACE_SIDE_STYLE('',(#5139));
#5058=SURFACE_SIDE_STYLE('',(#5140));
#5059=SURFACE_SIDE_STYLE('',(#5141));
#5060=SURFACE_SIDE_STYLE('',(#5142));
#5061=SURFACE_SIDE_STYLE('',(#5143));
#5062=SURFACE_SIDE_STYLE('',(#5144));
#5063=SURFACE_SIDE_STYLE('',(#5145));
#5064=SURFACE_SIDE_STYLE('',(#5146));
#5065=SURFACE_SIDE_STYLE('',(#5147));
#5066=SURFACE_SIDE_STYLE('',(#5148));
#5067=SURFACE_SIDE_STYLE('',(#5149));
#5068=SURFACE_SIDE_STYLE('',(#5150));
#5069=SURFACE_SIDE_STYLE('',(#5151));
#5070=SURFACE_SIDE_STYLE('',(#5152));
#5071=SURFACE_SIDE_STYLE('',(#5153));
#5072=SURFACE_SIDE_STYLE('',(#5154));
#5073=SURFACE_SIDE_STYLE('',(#5155));
#5074=SURFACE_SIDE_STYLE('',(#5156));
#5075=SURFACE_SIDE_STYLE('',(#5157));
#5076=SURFACE_SIDE_STYLE('',(#5158));
#5077=SURFACE_SIDE_STYLE('',(#5159));
#5078=SURFACE_SIDE_STYLE('',(#5160));
#5079=SURFACE_SIDE_STYLE('',(#5161));
#5080=SURFACE_SIDE_STYLE('',(#5162));
#5081=SURFACE_SIDE_STYLE('',(#5163));
#5082=SURFACE_SIDE_STYLE('',(#5164));
#5083=SURFACE_STYLE_FILL_AREA(#5165);
#5084=SURFACE_STYLE_FILL_AREA(#5166);
#5085=SURFACE_STYLE_FILL_AREA(#5167);
#5086=SURFACE_STYLE_FILL_AREA(#5168);
#5087=SURFACE_STYLE_FILL_AREA(#5169);
#5088=SURFACE_STYLE_FILL_AREA(#5170);
#5089=SURFACE_STYLE_FILL_AREA(#5171);
#5090=SURFACE_STYLE_FILL_AREA(#5172);
#5091=SURFACE_STYLE_FILL_AREA(#5173);
#5092=SURFACE_STYLE_FILL_AREA(#5174);
#5093=SURFACE_STYLE_FILL_AREA(#5175);
#5094=SURFACE_STYLE_FILL_AREA(#5176);
#5095=SURFACE_STYLE_FILL_AREA(#5177);
#5096=SURFACE_STYLE_FILL_AREA(#5178);
#5097=SURFACE_STYLE_FILL_AREA(#5179);
#5098=SURFACE_STYLE_FILL_AREA(#5180);
#5099=SURFACE_STYLE_FILL_AREA(#5181);
#5100=SURFACE_STYLE_FILL_AREA(#5182);
#5101=SURFACE_STYLE_FILL_AREA(#5183);
#5102=SURFACE_STYLE_FILL_AREA(#5184);
#5103=SURFACE_STYLE_FILL_AREA(#5185);
#5104=SURFACE_STYLE_FILL_AREA(#5186);
#5105=SURFACE_STYLE_FILL_AREA(#5187);
#5106=SURFACE_STYLE_FILL_AREA(#5188);
#5107=SURFACE_STYLE_FILL_AREA(#5189);
#5108=SURFACE_STYLE_FILL_AREA(#5190);
#5109=SURFACE_STYLE_FILL_AREA(#5191);
#5110=SURFACE_STYLE_FILL_AREA(#5192);
#5111=SURFACE_STYLE_FILL_AREA(#5193);
#5112=SURFACE_STYLE_FILL_AREA(#5194);
#5113=SURFACE_STYLE_FILL_AREA(#5195);
#5114=SURFACE_STYLE_FILL_AREA(#5196);
#5115=SURFACE_STYLE_FILL_AREA(#5197);
#5116=SURFACE_STYLE_FILL_AREA(#5198);
#5117=SURFACE_STYLE_FILL_AREA(#5199);
#5118=SURFACE_STYLE_FILL_AREA(#5200);
#5119=SURFACE_STYLE_FILL_AREA(#5201);
#5120=SURFACE_STYLE_FILL_AREA(#5202);
#5121=SURFACE_STYLE_FILL_AREA(#5203);
#5122=SURFACE_STYLE_FILL_AREA(#5204);
#5123=SURFACE_STYLE_FILL_AREA(#5205);
#5124=SURFACE_STYLE_FILL_AREA(#5206);
#5125=SURFACE_STYLE_FILL_AREA(#5207);
#5126=SURFACE_STYLE_FILL_AREA(#5208);
#5127=SURFACE_STYLE_FILL_AREA(#5209);
#5128=SURFACE_STYLE_FILL_AREA(#5210);
#5129=SURFACE_STYLE_FILL_AREA(#5211);
#5130=SURFACE_STYLE_FILL_AREA(#5212);
#5131=SURFACE_STYLE_FILL_AREA(#5213);
#5132=SURFACE_STYLE_FILL_AREA(#5214);
#5133=SURFACE_STYLE_FILL_AREA(#5215);
#5134=SURFACE_STYLE_FILL_AREA(#5216);
#5135=SURFACE_STYLE_FILL_AREA(#5217);
#5136=SURFACE_STYLE_FILL_AREA(#5218);
#5137=SURFACE_STYLE_FILL_AREA(#5219);
#5138=SURFACE_STYLE_FILL_AREA(#5220);
#5139=SURFACE_STYLE_FILL_AREA(#5221);
#5140=SURFACE_STYLE_FILL_AREA(#5222);
#5141=SURFACE_STYLE_FILL_AREA(#5223);
#5142=SURFACE_STYLE_FILL_AREA(#5224);
#5143=SURFACE_STYLE_FILL_AREA(#5225);
#5144=SURFACE_STYLE_FILL_AREA(#5226);
#5145=SURFACE_STYLE_FILL_AREA(#5227);
#5146=SURFACE_STYLE_FILL_AREA(#5228);
#5147=SURFACE_STYLE_FILL_AREA(#5229);
#5148=SURFACE_STYLE_FILL_AREA(#5230);
#5149=SURFACE_STYLE_FILL_AREA(#5231);
#5150=SURFACE_STYLE_FILL_AREA(#5232);
#5151=SURFACE_STYLE_FILL_AREA(#5233);
#5152=SURFACE_STYLE_FILL_AREA(#5234);
#5153=SURFACE_STYLE_FILL_AREA(#5235);
#5154=SURFACE_STYLE_FILL_AREA(#5236);
#5155=SURFACE_STYLE_FILL_AREA(#5237);
#5156=SURFACE_STYLE_FILL_AREA(#5238);
#5157=SURFACE_STYLE_FILL_AREA(#5239);
#5158=SURFACE_STYLE_FILL_AREA(#5240);
#5159=SURFACE_STYLE_FILL_AREA(#5241);
#5160=SURFACE_STYLE_FILL_AREA(#5242);
#5161=SURFACE_STYLE_FILL_AREA(#5243);
#5162=SURFACE_STYLE_FILL_AREA(#5244);
#5163=SURFACE_STYLE_FILL_AREA(#5245);
#5164=SURFACE_STYLE_FILL_AREA(#5246);
#5165=FILL_AREA_STYLE('',(#5247));
#5166=FILL_AREA_STYLE('',(#5248));
#5167=FILL_AREA_STYLE('',(#5249));
#5168=FILL_AREA_STYLE('',(#5250));
#5169=FILL_AREA_STYLE('',(#5251));
#5170=FILL_AREA_STYLE('',(#5252));
#5171=FILL_AREA_STYLE('',(#5253));
#5172=FILL_AREA_STYLE('',(#5254));
#5173=FILL_AREA_STYLE('',(#5255));
#5174=FILL_AREA_STYLE('',(#5256));
#5175=FILL_AREA_STYLE('',(#5257));
#5176=FILL_AREA_STYLE('',(#5258));
#5177=FILL_AREA_STYLE('',(#5259));
#5178=FILL_AREA_STYLE('',(#5260));
#5179=FILL_AREA_STYLE('',(#5261));
#5180=FILL_AREA_STYLE('',(#5262));
#5181=FILL_AREA_STYLE('',(#5263));
#5182=FILL_AREA_STYLE('',(#5264));
#5183=FILL_AREA_STYLE('',(#5265));
#5184=FILL_AREA_STYLE('',(#5266));
#5185=FILL_AREA_STYLE('',(#5267));
#5186=FILL_AREA_STYLE('',(#5268));
#5187=FILL_AREA_STYLE('',(#5269));
#5188=FILL_AREA_STYLE('',(#5270));
#5189=FILL_AREA_STYLE('',(#5271));
#5190=FILL_AREA_STYLE('',(#5272));
#5191=FILL_AREA_STYLE('',(#5273));
#5192=FILL_AREA_STYLE('',(#5274));
#5193=FILL_AREA_STYLE('',(#5275));
#5194=FILL_AREA_STYLE('',(#5276));
#5195=FILL_AREA_STYLE('',(#5277));
#5196=FILL_AREA_STYLE('',(#5278));
#5197=FILL_AREA_STYLE('',(#5279));
#5198=FILL_AREA_STYLE('',(#5280));
#5199=FILL_AREA_STYLE('',(#5281));
#5200=FILL_AREA_STYLE('',(#5282));
#5201=FILL_AREA_STYLE('',(#5283));
#5202=FILL_AREA_STYLE('',(#5284));
#5203=FILL_AREA_STYLE('',(#5285));
#5204=FILL_AREA_STYLE('',(#5286));
#5205=FILL_AREA_STYLE('',(#5287));
#5206=FILL_AREA_STYLE('',(#5288));
#5207=FILL_AREA_STYLE('',(#5289));
#5208=FILL_AREA_STYLE('',(#5290));
#5209=FILL_AREA_STYLE('',(#5291));
#5210=FILL_AREA_STYLE('',(#5292));
#5211=FILL_AREA_STYLE('',(#5293));
#5212=FILL_AREA_STYLE('',(#5294));
#5213=FILL_AREA_STYLE('',(#5295));
#5214=FILL_AREA_STYLE('',(#5296));
#5215=FILL_AREA_STYLE('',(#5297));
#5216=FILL_AREA_STYLE('',(#5298));
#5217=FILL_AREA_STYLE('',(#5299));
#5218=FILL_AREA_STYLE('',(#5300));
#5219=FILL_AREA_STYLE('',(#5301));
#5220=FILL_AREA_STYLE('',(#5302));
#5221=FILL_AREA_STYLE('',(#5303));
#5222=FILL_AREA_STYLE('',(#5304));
#5223=FILL_AREA_STYLE('',(#5305));
#5224=FILL_AREA_STYLE('',(#5306));
#5225=FILL_AREA_STYLE('',(#5307));
#5226=FILL_AREA_STYLE('',(#5308));
#5227=FILL_AREA_STYLE('',(#5309));
#5228=FILL_AREA_STYLE('',(#5310));
#5229=FILL_AREA_STYLE('',(#5311));
#5230=FILL_AREA_STYLE('',(#5312));
#5231=FILL_AREA_STYLE('',(#5313));
#5232=FILL_AREA_STYLE('',(#5314));
#5233=FILL_AREA_STYLE('',(#5315));
#5234=FILL_AREA_STYLE('',(#5316));
#5235=FILL_AREA_STYLE('',(#5317));
#5236=FILL_AREA_STYLE('',(#5318));
#5237=FILL_AREA_STYLE('',(#5319));
#5238=FILL_AREA_STYLE('',(#5320));
#5239=FILL_AREA_STYLE('',(#5321));
#5240=FILL_AREA_STYLE('',(#5322));
#5241=FILL_AREA_STYLE('',(#5323));
#5242=FILL_AREA_STYLE('',(#5324));
#5243=FILL_AREA_STYLE('',(#5325));
#5244=FILL_AREA_STYLE('',(#5326));
#5245=FILL_AREA_STYLE('',(#5327));
#5246=FILL_AREA_STYLE('',(#5328));
#5247=FILL_AREA_STYLE_COLOUR('',#5329);
#5248=FILL_AREA_STYLE_COLOUR('',#5329);
#5249=FILL_AREA_STYLE_COLOUR('',#5329);
#5250=FILL_AREA_STYLE_COLOUR('',#5329);
#5251=FILL_AREA_STYLE_COLOUR('',#5329);
#5252=FILL_AREA_STYLE_COLOUR('',#5330);
#5253=FILL_AREA_STYLE_COLOUR('',#5331);
#5254=FILL_AREA_STYLE_COLOUR('',#5331);
#5255=FILL_AREA_STYLE_COLOUR('',#5331);
#5256=FILL_AREA_STYLE_COLOUR('',#5331);
#5257=FILL_AREA_STYLE_COLOUR('',#5331);
#5258=FILL_AREA_STYLE_COLOUR('',#5331);
#5259=FILL_AREA_STYLE_COLOUR('',#5331);
#5260=FILL_AREA_STYLE_COLOUR('',#5331);
#5261=FILL_AREA_STYLE_COLOUR('',#5331);
#5262=FILL_AREA_STYLE_COLOUR('',#5331);
#5263=FILL_AREA_STYLE_COLOUR('',#5331);
#5264=FILL_AREA_STYLE_COLOUR('',#5331);
#5265=FILL_AREA_STYLE_COLOUR('',#5331);
#5266=FILL_AREA_STYLE_COLOUR('',#5331);
#5267=FILL_AREA_STYLE_COLOUR('',#5331);
#5268=FILL_AREA_STYLE_COLOUR('',#5331);
#5269=FILL_AREA_STYLE_COLOUR('',#5331);
#5270=FILL_AREA_STYLE_COLOUR('',#5331);
#5271=FILL_AREA_STYLE_COLOUR('',#5331);
#5272=FILL_AREA_STYLE_COLOUR('',#5331);
#5273=FILL_AREA_STYLE_COLOUR('',#5331);
#5274=FILL_AREA_STYLE_COLOUR('',#5329);
#5275=FILL_AREA_STYLE_COLOUR('',#5329);
#5276=FILL_AREA_STYLE_COLOUR('',#5329);
#5277=FILL_AREA_STYLE_COLOUR('',#5329);
#5278=FILL_AREA_STYLE_COLOUR('',#5329);
#5279=FILL_AREA_STYLE_COLOUR('',#5329);
#5280=FILL_AREA_STYLE_COLOUR('',#5329);
#5281=FILL_AREA_STYLE_COLOUR('',#5329);
#5282=FILL_AREA_STYLE_COLOUR('',#5329);
#5283=FILL_AREA_STYLE_COLOUR('',#5329);
#5284=FILL_AREA_STYLE_COLOUR('',#5329);
#5285=FILL_AREA_STYLE_COLOUR('',#5329);
#5286=FILL_AREA_STYLE_COLOUR('',#5329);
#5287=FILL_AREA_STYLE_COLOUR('',#5329);
#5288=FILL_AREA_STYLE_COLOUR('',#5329);
#5289=FILL_AREA_STYLE_COLOUR('',#5329);
#5290=FILL_AREA_STYLE_COLOUR('',#5329);
#5291=FILL_AREA_STYLE_COLOUR('',#5329);
#5292=FILL_AREA_STYLE_COLOUR('',#5329);
#5293=FILL_AREA_STYLE_COLOUR('',#5329);
#5294=FILL_AREA_STYLE_COLOUR('',#5329);
#5295=FILL_AREA_STYLE_COLOUR('',#5329);
#5296=FILL_AREA_STYLE_COLOUR('',#5329);
#5297=FILL_AREA_STYLE_COLOUR('',#5329);
#5298=FILL_AREA_STYLE_COLOUR('',#5329);
#5299=FILL_AREA_STYLE_COLOUR('',#5329);
#5300=FILL_AREA_STYLE_COLOUR('',#5331);
#5301=FILL_AREA_STYLE_COLOUR('',#5331);
#5302=FILL_AREA_STYLE_COLOUR('',#5331);
#5303=FILL_AREA_STYLE_COLOUR('',#5331);
#5304=FILL_AREA_STYLE_COLOUR('',#5331);
#5305=FILL_AREA_STYLE_COLOUR('',#5331);
#5306=FILL_AREA_STYLE_COLOUR('',#5331);
#5307=FILL_AREA_STYLE_COLOUR('',#5331);
#5308=FILL_AREA_STYLE_COLOUR('',#5331);
#5309=FILL_AREA_STYLE_COLOUR('',#5331);
#5310=FILL_AREA_STYLE_COLOUR('',#5331);
#5311=FILL_AREA_STYLE_COLOUR('',#5331);
#5312=FILL_AREA_STYLE_COLOUR('',#5331);
#5313=FILL_AREA_STYLE_COLOUR('',#5331);
#5314=FILL_AREA_STYLE_COLOUR('',#5329);
#5315=FILL_AREA_STYLE_COLOUR('',#5329);
#5316=FILL_AREA_STYLE_COLOUR('',#5329);
#5317=FILL_AREA_STYLE_COLOUR('',#5329);
#5318=FILL_AREA_STYLE_COLOUR('',#5329);
#5319=FILL_AREA_STYLE_COLOUR('',#5329);
#5320=FILL_AREA_STYLE_COLOUR('',#5329);
#5321=FILL_AREA_STYLE_COLOUR('',#5329);
#5322=FILL_AREA_STYLE_COLOUR('',#5329);
#5323=FILL_AREA_STYLE_COLOUR('',#5329);
#5324=FILL_AREA_STYLE_COLOUR('',#5329);
#5325=FILL_AREA_STYLE_COLOUR('',#5329);
#5326=FILL_AREA_STYLE_COLOUR('',#5329);
#5327=FILL_AREA_STYLE_COLOUR('',#5329);
#5328=FILL_AREA_STYLE_COLOUR('',#5329);
#5329=COLOUR_RGB('',0.882352941176471,0.882352941176471,0.882352941176471);
#5330=COLOUR_RGB('',1.,1.,0.949019607843137);
#5331=COLOUR_RGB('',0.258823529411765,0.258823529411765,0.258823529411765);
#5332=MANIFOLD_SOLID_BREP('SPK-TH_BD2',#4795);
#5333=MANIFOLD_SOLID_BREP('SPK-TH_BD2',#4796);
#5334=MANIFOLD_SOLID_BREP('SPK-TH_BD2',#4797);
#5335=MANIFOLD_SOLID_BREP('SPK-TH_BD2',#4798);
#5336=MANIFOLD_SOLID_BREP('SPK-TH_BD2',#4799);
#5337=MANIFOLD_SOLID_BREP('SPK-TH_BD2',#4800);
#5338=MANIFOLD_SOLID_BREP('SPK-TH_BD2',#4801);
#5339=MANIFOLD_SOLID_BREP('SPK-TH_BD2',#4802);
#5340=MANIFOLD_SOLID_BREP('SPK-TH_BD2',#4803);
#5341=MANIFOLD_SOLID_BREP('SPK-TH_BD2',#4804);
#5342=MANIFOLD_SOLID_BREP('SPK-TH_BD2',#4805);
#5343=MANIFOLD_SOLID_BREP('SPK-TH_BD2',#4806);
#5344=MANIFOLD_SOLID_BREP('SPK-TH_BD2',#4807);
#5345=MANIFOLD_SOLID_BREP('SPK-TH_BD2',#4808);
#5346=MANIFOLD_SOLID_BREP('SPK-TH_BD2',#4809);
#5347=MANIFOLD_SOLID_BREP('SPK-TH_BD2',#4810);
#5348=MANIFOLD_SOLID_BREP('SPK-TH_BD2',#4811);
#5349=MANIFOLD_SOLID_BREP('SPK-TH_BD2',#4812);
#5350=MANIFOLD_SOLID_BREP('SPK-TH_BD2',#4813);
#5351=MANIFOLD_SOLID_BREP('SPK-TH_BD2',#4814);
#5352=MANIFOLD_SOLID_BREP('SPK-TH_BD2',#4815);
#5353=SHAPE_DEFINITION_REPRESENTATION(#8974,#5375);
#5354=SHAPE_DEFINITION_REPRESENTATION(#8975,#5376);
#5355=SHAPE_DEFINITION_REPRESENTATION(#8977,#5377);
#5356=SHAPE_DEFINITION_REPRESENTATION(#8979,#5378);
#5357=SHAPE_DEFINITION_REPRESENTATION(#8981,#5379);
#5358=SHAPE_DEFINITION_REPRESENTATION(#8983,#5380);
#5359=SHAPE_DEFINITION_REPRESENTATION(#8985,#5381);
#5360=SHAPE_DEFINITION_REPRESENTATION(#8987,#5382);
#5361=SHAPE_DEFINITION_REPRESENTATION(#8989,#5383);
#5362=SHAPE_DEFINITION_REPRESENTATION(#8991,#5384);
#5363=SHAPE_DEFINITION_REPRESENTATION(#8993,#5385);
#5364=SHAPE_DEFINITION_REPRESENTATION(#8995,#5386);
#5365=SHAPE_DEFINITION_REPRESENTATION(#8997,#5387);
#5366=SHAPE_DEFINITION_REPRESENTATION(#8999,#5388);
#5367=SHAPE_DEFINITION_REPRESENTATION(#9001,#5389);
#5368=SHAPE_DEFINITION_REPRESENTATION(#9003,#5390);
#5369=SHAPE_DEFINITION_REPRESENTATION(#9005,#5391);
#5370=SHAPE_DEFINITION_REPRESENTATION(#9007,#5392);
#5371=SHAPE_DEFINITION_REPRESENTATION(#9009,#5393);
#5372=SHAPE_DEFINITION_REPRESENTATION(#9011,#5394);
#5373=SHAPE_DEFINITION_REPRESENTATION(#9013,#5395);
#5374=SHAPE_DEFINITION_REPRESENTATION(#9015,#5396);
#5375=SHAPE_REPRESENTATION('SPK-TH_BD23.0-P10.00-D0.8-L-RD',(#5397,#5406,
#5415,#5424,#5433,#5442,#5692,#5701,#5710,#5719,#5728,#5737,#5746,#5755,
#5764,#5773,#5782,#5791,#5800,#5809,#5818,#5827),#8927);
#5376=SHAPE_REPRESENTATION('SPK-TH_BD2',(#5397),#8928);
#5377=SHAPE_REPRESENTATION('SPK-TH_BD2',(#5397),#8929);
#5378=SHAPE_REPRESENTATION('SPK-TH_BD2',(#5397),#8930);
#5379=SHAPE_REPRESENTATION('SPK-TH_BD2',(#5397),#8931);
#5380=SHAPE_REPRESENTATION('SPK-TH_BD2',(#5397),#8932);
#5381=SHAPE_REPRESENTATION('SPK-TH_BD2',(#5397),#8933);
#5382=SHAPE_REPRESENTATION('SPK-TH_BD2',(#5397),#8934);
#5383=SHAPE_REPRESENTATION('SPK-TH_BD2',(#5397),#8935);
#5384=SHAPE_REPRESENTATION('SPK-TH_BD2',(#5397),#8936);
#5385=SHAPE_REPRESENTATION('SPK-TH_BD2',(#5397),#8937);
#5386=SHAPE_REPRESENTATION('SPK-TH_BD2',(#5397),#8938);
#5387=SHAPE_REPRESENTATION('SPK-TH_BD2',(#5397),#8939);
#5388=SHAPE_REPRESENTATION('SPK-TH_BD2',(#5397),#8940);
#5389=SHAPE_REPRESENTATION('SPK-TH_BD2',(#5397),#8941);
#5390=SHAPE_REPRESENTATION('SPK-TH_BD2',(#5397),#8942);
#5391=SHAPE_REPRESENTATION('SPK-TH_BD2',(#5397),#8943);
#5392=SHAPE_REPRESENTATION('SPK-TH_BD2',(#5397),#8944);
#5393=SHAPE_REPRESENTATION('SPK-TH_BD2',(#5397),#8945);
#5394=SHAPE_REPRESENTATION('SPK-TH_BD2',(#5397),#8946);
#5395=SHAPE_REPRESENTATION('SPK-TH_BD2',(#5397),#8947);
#5396=SHAPE_REPRESENTATION('SPK-TH_BD2',(#5397),#8948);
#5397=AXIS2_PLACEMENT_3D('',#7069,#5828,#5829);
#5398=AXIS2_PLACEMENT_3D('',#7070,#5830,#5831);
#5399=AXIS2_PLACEMENT_3D('',#7071,#5832,#5833);
#5400=AXIS2_PLACEMENT_3D('',#7073,#5834,#5835);
#5401=AXIS2_PLACEMENT_3D('',#7075,#5836,#5837);
#5402=AXIS2_PLACEMENT_3D('',#7076,#5838,#5839);
#5403=AXIS2_PLACEMENT_3D('',#7078,#5840,#5841);
#5404=AXIS2_PLACEMENT_3D('',#7079,#5842,#5843);
#5405=AXIS2_PLACEMENT_3D('',#7081,#5844,#5845);
#5406=AXIS2_PLACEMENT_3D('',#7082,#5846,#5847);
#5407=AXIS2_PLACEMENT_3D('',#7083,#5848,#5849);
#5408=AXIS2_PLACEMENT_3D('',#7084,#5850,#5851);
#5409=AXIS2_PLACEMENT_3D('',#7086,#5852,#5853);
#5410=AXIS2_PLACEMENT_3D('',#7088,#5854,#5855);
#5411=AXIS2_PLACEMENT_3D('',#7089,#5856,#5857);
#5412=AXIS2_PLACEMENT_3D('',#7091,#5858,#5859);
#5413=AXIS2_PLACEMENT_3D('',#7092,#5860,#5861);
#5414=AXIS2_PLACEMENT_3D('',#7094,#5862,#5863);
#5415=AXIS2_PLACEMENT_3D('',#7095,#5864,#5865);
#5416=AXIS2_PLACEMENT_3D('',#7096,#5866,#5867);
#5417=AXIS2_PLACEMENT_3D('',#7097,#5868,#5869);
#5418=AXIS2_PLACEMENT_3D('',#7099,#5870,#5871);
#5419=AXIS2_PLACEMENT_3D('',#7101,#5872,#5873);
#5420=AXIS2_PLACEMENT_3D('',#7102,#5874,#5875);
#5421=AXIS2_PLACEMENT_3D('',#7104,#5876,#5877);
#5422=AXIS2_PLACEMENT_3D('',#7105,#5878,#5879);
#5423=AXIS2_PLACEMENT_3D('',#7107,#5880,#5881);
#5424=AXIS2_PLACEMENT_3D('',#7108,#5882,#5883);
#5425=AXIS2_PLACEMENT_3D('',#7109,#5884,#5885);
#5426=AXIS2_PLACEMENT_3D('',#7110,#5886,#5887);
#5427=AXIS2_PLACEMENT_3D('',#7112,#5888,#5889);
#5428=AXIS2_PLACEMENT_3D('',#7114,#5890,#5891);
#5429=AXIS2_PLACEMENT_3D('',#7115,#5892,#5893);
#5430=AXIS2_PLACEMENT_3D('',#7117,#5894,#5895);
#5431=AXIS2_PLACEMENT_3D('',#7118,#5896,#5897);
#5432=AXIS2_PLACEMENT_3D('',#7120,#5898,#5899);
#5433=AXIS2_PLACEMENT_3D('',#7121,#5900,#5901);
#5434=AXIS2_PLACEMENT_3D('',#7122,#5902,#5903);
#5435=AXIS2_PLACEMENT_3D('',#7123,#5904,#5905);
#5436=AXIS2_PLACEMENT_3D('',#7125,#5906,#5907);
#5437=AXIS2_PLACEMENT_3D('',#7127,#5908,#5909);
#5438=AXIS2_PLACEMENT_3D('',#7128,#5910,#5911);
#5439=AXIS2_PLACEMENT_3D('',#7130,#5912,#5913);
#5440=AXIS2_PLACEMENT_3D('',#7131,#5914,#5915);
#5441=AXIS2_PLACEMENT_3D('',#7133,#5916,#5917);
#5442=AXIS2_PLACEMENT_3D('',#7134,#5918,#5919);
#5443=AXIS2_PLACEMENT_3D('',#7199,#5922,#5923);
#5444=AXIS2_PLACEMENT_3D('',#7205,#5927,#5928);
#5445=AXIS2_PLACEMENT_3D('',#7211,#5932,#5933);
#5446=AXIS2_PLACEMENT_3D('',#7317,#5941,#5942);
#5447=AXIS2_PLACEMENT_3D('',#7350,#5947,#5948);
#5448=AXIS2_PLACEMENT_3D('',#7356,#5952,#5953);
#5449=AXIS2_PLACEMENT_3D('',#7362,#5957,#5958);
#5450=AXIS2_PLACEMENT_3D('',#7396,#5962,#5963);
#5451=AXIS2_PLACEMENT_3D('',#7397,#5964,#5965);
#5452=AXIS2_PLACEMENT_3D('',#7398,#5966,#5967);
#5453=AXIS2_PLACEMENT_3D('',#7399,#5968,#5969);
#5454=AXIS2_PLACEMENT_3D('',#7408,#5974,#5975);
#5455=AXIS2_PLACEMENT_3D('',#7414,#5979,#5980);
#5456=AXIS2_PLACEMENT_3D('',#7420,#5984,#5985);
#5457=AXIS2_PLACEMENT_3D('',#7426,#5989,#5990);
#5458=AXIS2_PLACEMENT_3D('',#7432,#5994,#5995);
#5459=AXIS2_PLACEMENT_3D('',#7438,#5999,#6000);
#5460=AXIS2_PLACEMENT_3D('',#7444,#6004,#6005);
#5461=AXIS2_PLACEMENT_3D('',#7447,#6008,#6009);
#5462=AXIS2_PLACEMENT_3D('',#7459,#6013,#6014);
#5463=AXIS2_PLACEMENT_3D('',#7465,#6018,#6019);
#5464=AXIS2_PLACEMENT_3D('',#7474,#6022,#6023);
#5465=AXIS2_PLACEMENT_3D('',#7478,#6025,#6026);
#5466=AXIS2_PLACEMENT_3D('',#7479,#6027,#6028);
#5467=AXIS2_PLACEMENT_3D('',#7480,#6029,#6030);
#5468=AXIS2_PLACEMENT_3D('',#7481,#6031,#6032);
#5469=AXIS2_PLACEMENT_3D('',#7482,#6033,#6034);
#5470=AXIS2_PLACEMENT_3D('',#7517,#6037,#6038);
#5471=AXIS2_PLACEMENT_3D('',#7523,#6042,#6043);
#5472=AXIS2_PLACEMENT_3D('',#7529,#6047,#6048);
#5473=AXIS2_PLACEMENT_3D('',#7566,#6053,#6054);
#5474=AXIS2_PLACEMENT_3D('',#7572,#6058,#6059);
#5475=AXIS2_PLACEMENT_3D('',#7578,#6063,#6064);
#5476=AXIS2_PLACEMENT_3D('',#7581,#6067,#6068);
#5477=AXIS2_PLACEMENT_3D('',#7590,#6073,#6074);
#5478=AXIS2_PLACEMENT_3D('',#7596,#6078,#6079);
#5479=AXIS2_PLACEMENT_3D('',#7602,#6083,#6084);
#5480=AXIS2_PLACEMENT_3D('',#7608,#6088,#6089);
#5481=AXIS2_PLACEMENT_3D('',#7614,#6093,#6094);
#5482=AXIS2_PLACEMENT_3D('',#7620,#6098,#6099);
#5483=AXIS2_PLACEMENT_3D('',#7626,#6103,#6104);
#5484=AXIS2_PLACEMENT_3D('',#7632,#6108,#6109);
#5485=AXIS2_PLACEMENT_3D('',#7638,#6113,#6114);
#5486=AXIS2_PLACEMENT_3D('',#7644,#6118,#6119);
#5487=AXIS2_PLACEMENT_3D('',#7650,#6123,#6124);
#5488=AXIS2_PLACEMENT_3D('',#7653,#6127,#6128);
#5489=AXIS2_PLACEMENT_3D('',#7662,#6133,#6134);
#5490=AXIS2_PLACEMENT_3D('',#7668,#6138,#6139);
#5491=AXIS2_PLACEMENT_3D('',#7674,#6143,#6144);
#5492=AXIS2_PLACEMENT_3D('',#7701,#6149,#6150);
#5493=AXIS2_PLACEMENT_3D('',#7728,#6155,#6156);
#5494=AXIS2_PLACEMENT_3D('',#7734,#6160,#6161);
#5495=AXIS2_PLACEMENT_3D('',#7740,#6165,#6166);
#5496=AXIS2_PLACEMENT_3D('',#7749,#6169,#6170);
#5497=AXIS2_PLACEMENT_3D('',#7758,#6173,#6174);
#5498=AXIS2_PLACEMENT_3D('',#7813,#6179,#6180);
#5499=AXIS2_PLACEMENT_3D('',#7866,#6185,#6186);
#5500=AXIS2_PLACEMENT_3D('',#7895,#6191,#6192);
#5501=AXIS2_PLACEMENT_3D('',#7924,#6197,#6198);
#5502=AXIS2_PLACEMENT_3D('',#7930,#6202,#6203);
#5503=AXIS2_PLACEMENT_3D('',#7968,#6209,#6210);
#5504=AXIS2_PLACEMENT_3D('',#7971,#6213,#6214);
#5505=AXIS2_PLACEMENT_3D('',#8015,#6220,#6221);
#5506=AXIS2_PLACEMENT_3D('',#8018,#6224,#6225);
#5507=AXIS2_PLACEMENT_3D('',#8027,#6230,#6231);
#5508=AXIS2_PLACEMENT_3D('',#8033,#6235,#6236);
#5509=AXIS2_PLACEMENT_3D('',#8039,#6240,#6241);
#5510=AXIS2_PLACEMENT_3D('',#8045,#6245,#6246);
#5511=AXIS2_PLACEMENT_3D('',#8051,#6250,#6251);
#5512=AXIS2_PLACEMENT_3D('',#8057,#6255,#6256);
#5513=AXIS2_PLACEMENT_3D('',#8063,#6260,#6261);
#5514=AXIS2_PLACEMENT_3D('',#8069,#6265,#6266);
#5515=AXIS2_PLACEMENT_3D('',#8075,#6270,#6271);
#5516=AXIS2_PLACEMENT_3D('',#8081,#6275,#6276);
#5517=AXIS2_PLACEMENT_3D('',#8087,#6280,#6281);
#5518=AXIS2_PLACEMENT_3D('',#8090,#6284,#6285);
#5519=AXIS2_PLACEMENT_3D('',#8099,#6290,#6291);
#5520=AXIS2_PLACEMENT_3D('',#8105,#6295,#6296);
#5521=AXIS2_PLACEMENT_3D('',#8111,#6300,#6301);
#5522=AXIS2_PLACEMENT_3D('',#8117,#6305,#6306);
#5523=AXIS2_PLACEMENT_3D('',#8123,#6310,#6311);
#5524=AXIS2_PLACEMENT_3D('',#8129,#6315,#6316);
#5525=AXIS2_PLACEMENT_3D('',#8135,#6320,#6321);
#5526=AXIS2_PLACEMENT_3D('',#8138,#6324,#6325);
#5527=AXIS2_PLACEMENT_3D('',#8150,#6329,#6330);
#5528=AXIS2_PLACEMENT_3D('',#8156,#6334,#6335);
#5529=AXIS2_PLACEMENT_3D('',#8165,#6338,#6339);
#5530=AXIS2_PLACEMENT_3D('',#8169,#6341,#6342);
#5531=AXIS2_PLACEMENT_3D('',#8170,#6343,#6344);
#5532=AXIS2_PLACEMENT_3D('',#8171,#6345,#6346);
#5533=AXIS2_PLACEMENT_3D('',#8172,#6347,#6348);
#5534=AXIS2_PLACEMENT_3D('',#8173,#6349,#6350);
#5535=AXIS2_PLACEMENT_3D('',#8208,#6353,#6354);
#5536=AXIS2_PLACEMENT_3D('',#8214,#6358,#6359);
#5537=AXIS2_PLACEMENT_3D('',#8220,#6363,#6364);
#5538=AXIS2_PLACEMENT_3D('',#8257,#6369,#6370);
#5539=AXIS2_PLACEMENT_3D('',#8263,#6374,#6375);
#5540=AXIS2_PLACEMENT_3D('',#8269,#6379,#6380);
#5541=AXIS2_PLACEMENT_3D('',#8272,#6383,#6384);
#5542=AXIS2_PLACEMENT_3D('',#8281,#6389,#6390);
#5543=AXIS2_PLACEMENT_3D('',#8287,#6394,#6395);
#5544=AXIS2_PLACEMENT_3D('',#8293,#6399,#6400);
#5545=AXIS2_PLACEMENT_3D('',#8299,#6404,#6405);
#5546=AXIS2_PLACEMENT_3D('',#8305,#6409,#6410);
#5547=AXIS2_PLACEMENT_3D('',#8311,#6414,#6415);
#5548=AXIS2_PLACEMENT_3D('',#8317,#6419,#6420);
#5549=AXIS2_PLACEMENT_3D('',#8323,#6424,#6425);
#5550=AXIS2_PLACEMENT_3D('',#8329,#6429,#6430);
#5551=AXIS2_PLACEMENT_3D('',#8335,#6434,#6435);
#5552=AXIS2_PLACEMENT_3D('',#8341,#6439,#6440);
#5553=AXIS2_PLACEMENT_3D('',#8382,#6445,#6446);
#5554=AXIS2_PLACEMENT_3D('',#8423,#6451,#6452);
#5555=AXIS2_PLACEMENT_3D('',#8426,#6455,#6456);
#5556=AXIS2_PLACEMENT_3D('',#8435,#6461,#6462);
#5557=AXIS2_PLACEMENT_3D('',#8441,#6466,#6467);
#5558=AXIS2_PLACEMENT_3D('',#8447,#6471,#6472);
#5559=AXIS2_PLACEMENT_3D('',#8453,#6476,#6477);
#5560=AXIS2_PLACEMENT_3D('',#8459,#6481,#6482);
#5561=AXIS2_PLACEMENT_3D('',#8462,#6485,#6486);
#5562=AXIS2_PLACEMENT_3D('',#8463,#6487,#6488);
#5563=AXIS2_PLACEMENT_3D('',#8465,#6489,#6490);
#5564=AXIS2_PLACEMENT_3D('',#8466,#6491,#6492);
#5565=AXIS2_PLACEMENT_3D('',#8467,#6493,#6494);
#5566=AXIS2_PLACEMENT_3D('',#8468,#6495,#6496);
#5567=AXIS2_PLACEMENT_3D('',#8469,#6497,#6498);
#5568=AXIS2_PLACEMENT_3D('',#8470,#6499,#6500);
#5569=AXIS2_PLACEMENT_3D('',#8472,#6502,#6503);
#5570=AXIS2_PLACEMENT_3D('',#8473,#6504,#6505);
#5571=AXIS2_PLACEMENT_3D('',#8474,#6506,#6507);
#5572=AXIS2_PLACEMENT_3D('',#8475,#6508,#6509);
#5573=AXIS2_PLACEMENT_3D('',#8476,#6510,#6511);
#5574=AXIS2_PLACEMENT_3D('',#8477,#6512,#6513);
#5575=AXIS2_PLACEMENT_3D('',#8478,#6514,#6515);
#5576=AXIS2_PLACEMENT_3D('',#8479,#6516,#6517);
#5577=AXIS2_PLACEMENT_3D('',#8481,#6518,#6519);
#5578=AXIS2_PLACEMENT_3D('',#8482,#6520,#6521);
#5579=AXIS2_PLACEMENT_3D('',#8484,#6522,#6523);
#5580=AXIS2_PLACEMENT_3D('',#8486,#6524,#6525);
#5581=AXIS2_PLACEMENT_3D('',#8487,#6526,#6527);
#5582=AXIS2_PLACEMENT_3D('',#8489,#6528,#6529);
#5583=AXIS2_PLACEMENT_3D('',#8491,#6530,#6531);
#5584=AXIS2_PLACEMENT_3D('',#8492,#6532,#6533);
#5585=AXIS2_PLACEMENT_3D('',#8494,#6534,#6535);
#5586=AXIS2_PLACEMENT_3D('',#8496,#6536,#6537);
#5587=AXIS2_PLACEMENT_3D('',#8497,#6538,#6539);
#5588=AXIS2_PLACEMENT_3D('',#8499,#6540,#6541);
#5589=AXIS2_PLACEMENT_3D('',#8501,#6542,#6543);
#5590=AXIS2_PLACEMENT_3D('',#8502,#6544,#6545);
#5591=AXIS2_PLACEMENT_3D('',#8504,#6546,#6547);
#5592=AXIS2_PLACEMENT_3D('',#8506,#6548,#6549);
#5593=AXIS2_PLACEMENT_3D('',#8507,#6550,#6551);
#5594=AXIS2_PLACEMENT_3D('',#8509,#6552,#6553);
#5595=AXIS2_PLACEMENT_3D('',#8511,#6554,#6555);
#5596=AXIS2_PLACEMENT_3D('',#8512,#6556,#6557);
#5597=AXIS2_PLACEMENT_3D('',#8514,#6558,#6559);
#5598=AXIS2_PLACEMENT_3D('',#8516,#6560,#6561);
#5599=AXIS2_PLACEMENT_3D('',#8517,#6562,#6563);
#5600=AXIS2_PLACEMENT_3D('',#8519,#6564,#6565);
#5601=AXIS2_PLACEMENT_3D('',#8521,#6566,#6567);
#5602=AXIS2_PLACEMENT_3D('',#8522,#6568,#6569);
#5603=AXIS2_PLACEMENT_3D('',#8524,#6570,#6571);
#5604=AXIS2_PLACEMENT_3D('',#8526,#6572,#6573);
#5605=AXIS2_PLACEMENT_3D('',#8527,#6574,#6575);
#5606=AXIS2_PLACEMENT_3D('',#8529,#6576,#6577);
#5607=AXIS2_PLACEMENT_3D('',#8531,#6578,#6579);
#5608=AXIS2_PLACEMENT_3D('',#8532,#6580,#6581);
#5609=AXIS2_PLACEMENT_3D('',#8534,#6582,#6583);
#5610=AXIS2_PLACEMENT_3D('',#8536,#6584,#6585);
#5611=AXIS2_PLACEMENT_3D('',#8537,#6586,#6587);
#5612=AXIS2_PLACEMENT_3D('',#8539,#6588,#6589);
#5613=AXIS2_PLACEMENT_3D('',#8541,#6590,#6591);
#5614=AXIS2_PLACEMENT_3D('',#8542,#6592,#6593);
#5615=AXIS2_PLACEMENT_3D('',#8544,#6594,#6595);
#5616=AXIS2_PLACEMENT_3D('',#8546,#6596,#6597);
#5617=AXIS2_PLACEMENT_3D('',#8547,#6598,#6599);
#5618=AXIS2_PLACEMENT_3D('',#8549,#6600,#6601);
#5619=AXIS2_PLACEMENT_3D('',#8551,#6602,#6603);
#5620=AXIS2_PLACEMENT_3D('',#8552,#6604,#6605);
#5621=AXIS2_PLACEMENT_3D('',#8554,#6606,#6607);
#5622=AXIS2_PLACEMENT_3D('',#8556,#6608,#6609);
#5623=AXIS2_PLACEMENT_3D('',#8557,#6610,#6611);
#5624=AXIS2_PLACEMENT_3D('',#8559,#6612,#6613);
#5625=AXIS2_PLACEMENT_3D('',#8561,#6614,#6615);
#5626=AXIS2_PLACEMENT_3D('',#8562,#6616,#6617);
#5627=AXIS2_PLACEMENT_3D('',#8564,#6618,#6619);
#5628=AXIS2_PLACEMENT_3D('',#8566,#6620,#6621);
#5629=AXIS2_PLACEMENT_3D('',#8567,#6622,#6623);
#5630=AXIS2_PLACEMENT_3D('',#8569,#6624,#6625);
#5631=AXIS2_PLACEMENT_3D('',#8570,#6626,#6627);
#5632=AXIS2_PLACEMENT_3D('',#8572,#6628,#6629);
#5633=AXIS2_PLACEMENT_3D('',#8573,#6630,#6631);
#5634=AXIS2_PLACEMENT_3D('',#8575,#6632,#6633);
#5635=AXIS2_PLACEMENT_3D('',#8576,#6634,#6635);
#5636=AXIS2_PLACEMENT_3D('',#8578,#6636,#6637);
#5637=AXIS2_PLACEMENT_3D('',#8587,#6642,#6643);
#5638=AXIS2_PLACEMENT_3D('',#8593,#6647,#6648);
#5639=AXIS2_PLACEMENT_3D('',#8599,#6652,#6653);
#5640=AXIS2_PLACEMENT_3D('',#8602,#6656,#6657);
#5641=AXIS2_PLACEMENT_3D('',#8603,#6658,#6659);
#5642=AXIS2_PLACEMENT_3D('',#8628,#6672,#6673);
#5643=AXIS2_PLACEMENT_3D('',#8634,#6677,#6678);
#5644=AXIS2_PLACEMENT_3D('',#8638,#6681,#6682);
#5645=AXIS2_PLACEMENT_3D('',#8642,#6685,#6686);
#5646=AXIS2_PLACEMENT_3D('',#8646,#6689,#6690);
#5647=AXIS2_PLACEMENT_3D('',#8650,#6693,#6694);
#5648=AXIS2_PLACEMENT_3D('',#8654,#6697,#6698);
#5649=AXIS2_PLACEMENT_3D('',#8658,#6701,#6702);
#5650=AXIS2_PLACEMENT_3D('',#8662,#6705,#6706);
#5651=AXIS2_PLACEMENT_3D('',#8666,#6709,#6710);
#5652=AXIS2_PLACEMENT_3D('',#8670,#6713,#6714);
#5653=AXIS2_PLACEMENT_3D('',#8674,#6717,#6718);
#5654=AXIS2_PLACEMENT_3D('',#8676,#6720,#6721);
#5655=AXIS2_PLACEMENT_3D('',#8677,#6722,#6723);
#5656=AXIS2_PLACEMENT_3D('',#8679,#6724,#6725);
#5657=AXIS2_PLACEMENT_3D('',#8681,#6726,#6727);
#5658=AXIS2_PLACEMENT_3D('',#8682,#6728,#6729);
#5659=AXIS2_PLACEMENT_3D('',#8683,#6730,#6731);
#5660=AXIS2_PLACEMENT_3D('',#8685,#6732,#6733);
#5661=AXIS2_PLACEMENT_3D('',#8686,#6734,#6735);
#5662=AXIS2_PLACEMENT_3D('',#8688,#6736,#6737);
#5663=AXIS2_PLACEMENT_3D('',#8689,#6738,#6739);
#5664=AXIS2_PLACEMENT_3D('',#8691,#6740,#6741);
#5665=AXIS2_PLACEMENT_3D('',#8693,#6742,#6743);
#5666=AXIS2_PLACEMENT_3D('',#8694,#6744,#6745);
#5667=AXIS2_PLACEMENT_3D('',#8695,#6746,#6747);
#5668=AXIS2_PLACEMENT_3D('',#8697,#6748,#6749);
#5669=AXIS2_PLACEMENT_3D('',#8698,#6750,#6751);
#5670=AXIS2_PLACEMENT_3D('',#8700,#6752,#6753);
#5671=AXIS2_PLACEMENT_3D('',#8701,#6754,#6755);
#5672=AXIS2_PLACEMENT_3D('',#8703,#6756,#6757);
#5673=AXIS2_PLACEMENT_3D('',#8704,#6758,#6759);
#5674=AXIS2_PLACEMENT_3D('',#8706,#6760,#6761);
#5675=AXIS2_PLACEMENT_3D('',#8707,#6762,#6763);
#5676=AXIS2_PLACEMENT_3D('',#8709,#6764,#6765);
#5677=AXIS2_PLACEMENT_3D('',#8710,#6766,#6767);
#5678=AXIS2_PLACEMENT_3D('',#8712,#6768,#6769);
#5679=AXIS2_PLACEMENT_3D('',#8713,#6770,#6771);
#5680=AXIS2_PLACEMENT_3D('',#8715,#6772,#6773);
#5681=AXIS2_PLACEMENT_3D('',#8716,#6774,#6775);
#5682=AXIS2_PLACEMENT_3D('',#8718,#6776,#6777);
#5683=AXIS2_PLACEMENT_3D('',#8719,#6778,#6779);
#5684=AXIS2_PLACEMENT_3D('',#8721,#6780,#6781);
#5685=AXIS2_PLACEMENT_3D('',#8722,#6782,#6783);
#5686=AXIS2_PLACEMENT_3D('',#8723,#6784,#6785);
#5687=AXIS2_PLACEMENT_3D('',#8724,#6786,#6787);
#5688=AXIS2_PLACEMENT_3D('',#8725,#6788,#6789);
#5689=AXIS2_PLACEMENT_3D('',#8726,#6790,#6791);
#5690=AXIS2_PLACEMENT_3D('',#8727,#6792,#6793);
#5691=AXIS2_PLACEMENT_3D('',#8729,#6795,#6796);
#5692=AXIS2_PLACEMENT_3D('',#8730,#6797,#6798);
#5693=AXIS2_PLACEMENT_3D('',#8731,#6799,#6800);
#5694=AXIS2_PLACEMENT_3D('',#8732,#6801,#6802);
#5695=AXIS2_PLACEMENT_3D('',#8734,#6803,#6804);
#5696=AXIS2_PLACEMENT_3D('',#8736,#6805,#6806);
#5697=AXIS2_PLACEMENT_3D('',#8737,#6807,#6808);
#5698=AXIS2_PLACEMENT_3D('',#8739,#6809,#6810);
#5699=AXIS2_PLACEMENT_3D('',#8740,#6811,#6812);
#5700=AXIS2_PLACEMENT_3D('',#8742,#6813,#6814);
#5701=AXIS2_PLACEMENT_3D('',#8743,#6815,#6816);
#5702=AXIS2_PLACEMENT_3D('',#8744,#6817,#6818);
#5703=AXIS2_PLACEMENT_3D('',#8745,#6819,#6820);
#5704=AXIS2_PLACEMENT_3D('',#8747,#6821,#6822);
#5705=AXIS2_PLACEMENT_3D('',#8749,#6823,#6824);
#5706=AXIS2_PLACEMENT_3D('',#8750,#6825,#6826);
#5707=AXIS2_PLACEMENT_3D('',#8752,#6827,#6828);
#5708=AXIS2_PLACEMENT_3D('',#8753,#6829,#6830);
#5709=AXIS2_PLACEMENT_3D('',#8755,#6831,#6832);
#5710=AXIS2_PLACEMENT_3D('',#8756,#6833,#6834);
#5711=AXIS2_PLACEMENT_3D('',#8757,#6835,#6836);
#5712=AXIS2_PLACEMENT_3D('',#8758,#6837,#6838);
#5713=AXIS2_PLACEMENT_3D('',#8760,#6839,#6840);
#5714=AXIS2_PLACEMENT_3D('',#8762,#6841,#6842);
#5715=AXIS2_PLACEMENT_3D('',#8763,#6843,#6844);
#5716=AXIS2_PLACEMENT_3D('',#8765,#6845,#6846);
#5717=AXIS2_PLACEMENT_3D('',#8766,#6847,#6848);
#5718=AXIS2_PLACEMENT_3D('',#8768,#6849,#6850);
#5719=AXIS2_PLACEMENT_3D('',#8769,#6851,#6852);
#5720=AXIS2_PLACEMENT_3D('',#8770,#6853,#6854);
#5721=AXIS2_PLACEMENT_3D('',#8771,#6855,#6856);
#5722=AXIS2_PLACEMENT_3D('',#8773,#6857,#6858);
#5723=AXIS2_PLACEMENT_3D('',#8775,#6859,#6860);
#5724=AXIS2_PLACEMENT_3D('',#8776,#6861,#6862);
#5725=AXIS2_PLACEMENT_3D('',#8778,#6863,#6864);
#5726=AXIS2_PLACEMENT_3D('',#8779,#6865,#6866);
#5727=AXIS2_PLACEMENT_3D('',#8781,#6867,#6868);
#5728=AXIS2_PLACEMENT_3D('',#8782,#6869,#6870);
#5729=AXIS2_PLACEMENT_3D('',#8783,#6871,#6872);
#5730=AXIS2_PLACEMENT_3D('',#8784,#6873,#6874);
#5731=AXIS2_PLACEMENT_3D('',#8786,#6875,#6876);
#5732=AXIS2_PLACEMENT_3D('',#8788,#6877,#6878);
#5733=AXIS2_PLACEMENT_3D('',#8789,#6879,#6880);
#5734=AXIS2_PLACEMENT_3D('',#8791,#6881,#6882);
#5735=AXIS2_PLACEMENT_3D('',#8792,#6883,#6884);
#5736=AXIS2_PLACEMENT_3D('',#8794,#6885,#6886);
#5737=AXIS2_PLACEMENT_3D('',#8795,#6887,#6888);
#5738=AXIS2_PLACEMENT_3D('',#8796,#6889,#6890);
#5739=AXIS2_PLACEMENT_3D('',#8797,#6891,#6892);
#5740=AXIS2_PLACEMENT_3D('',#8799,#6893,#6894);
#5741=AXIS2_PLACEMENT_3D('',#8801,#6895,#6896);
#5742=AXIS2_PLACEMENT_3D('',#8802,#6897,#6898);
#5743=AXIS2_PLACEMENT_3D('',#8804,#6899,#6900);
#5744=AXIS2_PLACEMENT_3D('',#8805,#6901,#6902);
#5745=AXIS2_PLACEMENT_3D('',#8807,#6903,#6904);
#5746=AXIS2_PLACEMENT_3D('',#8808,#6905,#6906);
#5747=AXIS2_PLACEMENT_3D('',#8809,#6907,#6908);
#5748=AXIS2_PLACEMENT_3D('',#8810,#6909,#6910);
#5749=AXIS2_PLACEMENT_3D('',#8812,#6911,#6912);
#5750=AXIS2_PLACEMENT_3D('',#8814,#6913,#6914);
#5751=AXIS2_PLACEMENT_3D('',#8815,#6915,#6916);
#5752=AXIS2_PLACEMENT_3D('',#8817,#6917,#6918);
#5753=AXIS2_PLACEMENT_3D('',#8818,#6919,#6920);
#5754=AXIS2_PLACEMENT_3D('',#8820,#6921,#6922);
#5755=AXIS2_PLACEMENT_3D('',#8821,#6923,#6924);
#5756=AXIS2_PLACEMENT_3D('',#8822,#6925,#6926);
#5757=AXIS2_PLACEMENT_3D('',#8823,#6927,#6928);
#5758=AXIS2_PLACEMENT_3D('',#8825,#6929,#6930);
#5759=AXIS2_PLACEMENT_3D('',#8827,#6931,#6932);
#5760=AXIS2_PLACEMENT_3D('',#8828,#6933,#6934);
#5761=AXIS2_PLACEMENT_3D('',#8830,#6935,#6936);
#5762=AXIS2_PLACEMENT_3D('',#8831,#6937,#6938);
#5763=AXIS2_PLACEMENT_3D('',#8833,#6939,#6940);
#5764=AXIS2_PLACEMENT_3D('',#8834,#6941,#6942);
#5765=AXIS2_PLACEMENT_3D('',#8835,#6943,#6944);
#5766=AXIS2_PLACEMENT_3D('',#8836,#6945,#6946);
#5767=AXIS2_PLACEMENT_3D('',#8838,#6947,#6948);
#5768=AXIS2_PLACEMENT_3D('',#8840,#6949,#6950);
#5769=AXIS2_PLACEMENT_3D('',#8841,#6951,#6952);
#5770=AXIS2_PLACEMENT_3D('',#8843,#6953,#6954);
#5771=AXIS2_PLACEMENT_3D('',#8844,#6955,#6956);
#5772=AXIS2_PLACEMENT_3D('',#8846,#6957,#6958);
#5773=AXIS2_PLACEMENT_3D('',#8847,#6959,#6960);
#5774=AXIS2_PLACEMENT_3D('',#8848,#6961,#6962);
#5775=AXIS2_PLACEMENT_3D('',#8849,#6963,#6964);
#5776=AXIS2_PLACEMENT_3D('',#8851,#6965,#6966);
#5777=AXIS2_PLACEMENT_3D('',#8853,#6967,#6968);
#5778=AXIS2_PLACEMENT_3D('',#8854,#6969,#6970);
#5779=AXIS2_PLACEMENT_3D('',#8856,#6971,#6972);
#5780=AXIS2_PLACEMENT_3D('',#8857,#6973,#6974);
#5781=AXIS2_PLACEMENT_3D('',#8859,#6975,#6976);
#5782=AXIS2_PLACEMENT_3D('',#8860,#6977,#6978);
#5783=AXIS2_PLACEMENT_3D('',#8861,#6979,#6980);
#5784=AXIS2_PLACEMENT_3D('',#8862,#6981,#6982);
#5785=AXIS2_PLACEMENT_3D('',#8864,#6983,#6984);
#5786=AXIS2_PLACEMENT_3D('',#8866,#6985,#6986);
#5787=AXIS2_PLACEMENT_3D('',#8867,#6987,#6988);
#5788=AXIS2_PLACEMENT_3D('',#8869,#6989,#6990);
#5789=AXIS2_PLACEMENT_3D('',#8870,#6991,#6992);
#5790=AXIS2_PLACEMENT_3D('',#8872,#6993,#6994);
#5791=AXIS2_PLACEMENT_3D('',#8873,#6995,#6996);
#5792=AXIS2_PLACEMENT_3D('',#8874,#6997,#6998);
#5793=AXIS2_PLACEMENT_3D('',#8875,#6999,#7000);
#5794=AXIS2_PLACEMENT_3D('',#8877,#7001,#7002);
#5795=AXIS2_PLACEMENT_3D('',#8879,#7003,#7004);
#5796=AXIS2_PLACEMENT_3D('',#8880,#7005,#7006);
#5797=AXIS2_PLACEMENT_3D('',#8882,#7007,#7008);
#5798=AXIS2_PLACEMENT_3D('',#8883,#7009,#7010);
#5799=AXIS2_PLACEMENT_3D('',#8885,#7011,#7012);
#5800=AXIS2_PLACEMENT_3D('',#8886,#7013,#7014);
#5801=AXIS2_PLACEMENT_3D('',#8887,#7015,#7016);
#5802=AXIS2_PLACEMENT_3D('',#8888,#7017,#7018);
#5803=AXIS2_PLACEMENT_3D('',#8890,#7019,#7020);
#5804=AXIS2_PLACEMENT_3D('',#8892,#7021,#7022);
#5805=AXIS2_PLACEMENT_3D('',#8893,#7023,#7024);
#5806=AXIS2_PLACEMENT_3D('',#8895,#7025,#7026);
#5807=AXIS2_PLACEMENT_3D('',#8896,#7027,#7028);
#5808=AXIS2_PLACEMENT_3D('',#8898,#7029,#7030);
#5809=AXIS2_PLACEMENT_3D('',#8899,#7031,#7032);
#5810=AXIS2_PLACEMENT_3D('',#8900,#7033,#7034);
#5811=AXIS2_PLACEMENT_3D('',#8901,#7035,#7036);
#5812=AXIS2_PLACEMENT_3D('',#8903,#7037,#7038);
#5813=AXIS2_PLACEMENT_3D('',#8905,#7039,#7040);
#5814=AXIS2_PLACEMENT_3D('',#8906,#7041,#7042);
#5815=AXIS2_PLACEMENT_3D('',#8908,#7043,#7044);
#5816=AXIS2_PLACEMENT_3D('',#8909,#7045,#7046);
#5817=AXIS2_PLACEMENT_3D('',#8911,#7047,#7048);
#5818=AXIS2_PLACEMENT_3D('',#8912,#7049,#7050);
#5819=AXIS2_PLACEMENT_3D('',#8913,#7051,#7052);
#5820=AXIS2_PLACEMENT_3D('',#8914,#7053,#7054);
#5821=AXIS2_PLACEMENT_3D('',#8916,#7055,#7056);
#5822=AXIS2_PLACEMENT_3D('',#8918,#7057,#7058);
#5823=AXIS2_PLACEMENT_3D('',#8919,#7059,#7060);
#5824=AXIS2_PLACEMENT_3D('',#8921,#7061,#7062);
#5825=AXIS2_PLACEMENT_3D('',#8922,#7063,#7064);
#5826=AXIS2_PLACEMENT_3D('',#8924,#7065,#7066);
#5827=AXIS2_PLACEMENT_3D('',#8925,#7067,#7068);
#5828=DIRECTION('',(0.,0.,1.));
#5829=DIRECTION('',(1.,0.,0.));
#5830=DIRECTION('',(0.,0.,-1.));
#5831=DIRECTION('',(-1.,0.,0.));
#5832=DIRECTION('',(0.,0.,-1.));
#5833=DIRECTION('',(1.,0.,0.));
#5834=DIRECTION('',(0.,0.,-1.));
#5835=DIRECTION('',(1.,0.,0.));
#5836=DIRECTION('',(0.,0.,-1.));
#5837=DIRECTION('',(-1.,0.,0.));
#5838=DIRECTION('',(0.,0.,-1.));
#5839=DIRECTION('',(-1.,0.,0.));
#5840=DIRECTION('',(0.,0.,-1.));
#5841=DIRECTION('',(-1.,0.,0.));
#5842=DIRECTION('',(0.,0.,-1.));
#5843=DIRECTION('',(1.,0.,0.));
#5844=DIRECTION('',(0.,0.,-1.));
#5845=DIRECTION('',(-1.,0.,0.));
#5846=DIRECTION('',(0.,0.,1.));
#5847=DIRECTION('',(1.,0.,0.));
#5848=DIRECTION('',(0.,0.,1.));
#5849=DIRECTION('',(-1.,0.,0.));
#5850=DIRECTION('',(0.,0.,1.));
#5851=DIRECTION('',(1.,0.,0.));
#5852=DIRECTION('',(0.,0.,1.));
#5853=DIRECTION('',(1.,0.,0.));
#5854=DIRECTION('',(0.,0.,1.));
#5855=DIRECTION('',(1.,0.,0.));
#5856=DIRECTION('',(0.,0.,1.));
#5857=DIRECTION('',(-1.,0.,0.));
#5858=DIRECTION('',(0.,0.,1.));
#5859=DIRECTION('',(-1.,0.,0.));
#5860=DIRECTION('',(0.,0.,1.));
#5861=DIRECTION('',(1.,0.,0.));
#5862=DIRECTION('',(0.,0.,1.));
#5863=DIRECTION('',(1.,0.,0.));
#5864=DIRECTION('',(0.,0.,1.));
#5865=DIRECTION('',(1.,0.,0.));
#5866=DIRECTION('',(0.,0.,-1.));
#5867=DIRECTION('',(-1.,0.,0.));
#5868=DIRECTION('',(0.,0.,-1.));
#5869=DIRECTION('',(1.,0.,0.));
#5870=DIRECTION('',(0.,0.,-1.));
#5871=DIRECTION('',(1.,0.,0.));
#5872=DIRECTION('',(0.,0.,-1.));
#5873=DIRECTION('',(-1.,0.,0.));
#5874=DIRECTION('',(0.,0.,-1.));
#5875=DIRECTION('',(-1.,0.,0.));
#5876=DIRECTION('',(0.,0.,-1.));
#5877=DIRECTION('',(-1.,0.,0.));
#5878=DIRECTION('',(0.,0.,-1.));
#5879=DIRECTION('',(1.,0.,0.));
#5880=DIRECTION('',(0.,0.,-1.));
#5881=DIRECTION('',(-1.,0.,0.));
#5882=DIRECTION('',(0.,0.,1.));
#5883=DIRECTION('',(1.,0.,0.));
#5884=DIRECTION('',(0.,0.,-1.));
#5885=DIRECTION('',(-1.,0.,0.));
#5886=DIRECTION('',(0.,0.,-1.));
#5887=DIRECTION('',(1.,0.,0.));
#5888=DIRECTION('',(0.,0.,-1.));
#5889=DIRECTION('',(1.,0.,0.));
#5890=DIRECTION('',(0.,0.,-1.));
#5891=DIRECTION('',(-1.,0.,0.));
#5892=DIRECTION('',(0.,0.,-1.));
#5893=DIRECTION('',(-1.,0.,0.));
#5894=DIRECTION('',(0.,0.,-1.));
#5895=DIRECTION('',(-1.,0.,0.));
#5896=DIRECTION('',(0.,0.,-1.));
#5897=DIRECTION('',(1.,0.,0.));
#5898=DIRECTION('',(0.,0.,-1.));
#5899=DIRECTION('',(-1.,0.,0.));
#5900=DIRECTION('',(0.,0.,1.));
#5901=DIRECTION('',(1.,0.,0.));
#5902=DIRECTION('',(0.,0.,-1.));
#5903=DIRECTION('',(-1.,0.,0.));
#5904=DIRECTION('',(0.,0.,-1.));
#5905=DIRECTION('',(1.,0.,0.));
#5906=DIRECTION('',(0.,0.,-1.));
#5907=DIRECTION('',(1.,0.,0.));
#5908=DIRECTION('',(0.,0.,-1.));
#5909=DIRECTION('',(-1.,0.,0.));
#5910=DIRECTION('',(0.,0.,-1.));
#5911=DIRECTION('',(-1.,0.,0.));
#5912=DIRECTION('',(0.,0.,-1.));
#5913=DIRECTION('',(-1.,0.,0.));
#5914=DIRECTION('',(0.,0.,-1.));
#5915=DIRECTION('',(1.,0.,0.));
#5916=DIRECTION('',(0.,0.,-1.));
#5917=DIRECTION('',(-1.,0.,0.));
#5918=DIRECTION('',(0.,0.,1.));
#5919=DIRECTION('',(1.,0.,0.));
#5920=DIRECTION('',(0.,0.,1.));
#5921=DIRECTION('',(0.,-1.776356839401E-13,1.));
#5922=DIRECTION('',(-0.467307306753948,0.884094950248202,1.54903434700808E-25));
#5923=DIRECTION('',(-0.884094950248202,-0.467307306753948,-3.67341984631965E-40));
#5924=DIRECTION('',(3.330669073876E-14,0.,1.));
#5925=DIRECTION('',(-0.884094950248509,-0.467307306753368,0.));
#5926=DIRECTION('',(-0.884094950248509,-0.467307306753368,0.));
#5927=DIRECTION('',(-0.863187758939489,-0.504883048652877,2.81099539258269E-25));
#5928=DIRECTION('',(0.504883048652877,-0.863187758939489,-2.41068177414727E-39));
#5929=DIRECTION('',(8.881784197003E-14,0.,1.));
#5930=DIRECTION('',(0.504883048652581,-0.863187758939662,0.));
#5931=DIRECTION('',(0.504883048652581,-0.863187758939662,0.));
#5932=DIRECTION('',(0.463018065386206,-0.886348842796117,8.85011006387952E-26));
#5933=DIRECTION('',(-0.886348842796117,-0.463018065386206,4.41958325260332E-40));
#5934=DIRECTION('',(6.661338147752E-14,0.,1.));
#5935=DIRECTION('',(0.88634884279683,0.463018065384841,0.));
#5936=DIRECTION('',(0.88634884279683,0.463018065384841,0.));
#5937=DIRECTION('',(0.,0.,1.));
#5938=DIRECTION('',(4.440892098502E-14,0.,1.));
#5939=DIRECTION('',(0.,0.,1.));
#5940=DIRECTION('',(0.,0.,1.));
#5941=DIRECTION('',(0.,-1.,0.));
#5942=DIRECTION('',(-1.,0.,0.));
#5943=DIRECTION('',(0.,0.,1.));
#5944=DIRECTION('',(1.,0.,0.));
#5945=DIRECTION('',(1.,0.,0.));
#5946=DIRECTION('',(-1.110223024625E-14,0.,1.));
#5947=DIRECTION('',(-8.65357948085205E-16,1.,-1.69502041907946E-40));
#5948=DIRECTION('',(-1.,-8.65357948085205E-16,1.46679939181712E-55));
#5949=DIRECTION('',(0.,0.,1.));
#5950=DIRECTION('',(-1.,0.,0.));
#5951=DIRECTION('',(-1.,0.,0.));
#5952=DIRECTION('',(4.14295025814116E-14,1.,-1.75565042202126E-40));
#5953=DIRECTION('',(-1.,4.14295025814116E-14,6.72902684392806E-54));
#5954=DIRECTION('',(0.,0.,1.));
#5955=DIRECTION('',(-1.,0.,0.));
#5956=DIRECTION('',(-1.,0.,0.));
#5957=DIRECTION('',(4.14295025734776E-14,1.,-1.95072269076116E-40));
#5958=DIRECTION('',(-1.,4.14295025734776E-14,7.47669649069379E-54));
#5959=DIRECTION('',(0.,0.,1.));
#5960=DIRECTION('',(-1.,0.,0.));
#5961=DIRECTION('',(-1.,0.,0.));
#5962=DIRECTION('',(0.,0.,1.));
#5963=DIRECTION('',(-0.132724923611697,-0.991152911841694,0.));
#5964=DIRECTION('',(0.,0.,1.));
#5965=DIRECTION('',(1.,0.,0.));
#5966=DIRECTION('',(0.,0.,1.));
#5967=DIRECTION('',(1.,0.,0.));
#5968=DIRECTION('',(0.,-1.,0.));
#5969=DIRECTION('',(1.,0.,0.));
#5970=DIRECTION('',(0.,0.,1.));
#5971=DIRECTION('',(1.,0.,0.));
#5972=DIRECTION('',(-8.881784197003E-14,1.776356839401E-13,1.));
#5973=DIRECTION('',(1.,2.807247629515E-14,0.));
#5974=DIRECTION('',(0.934510438742403,-0.355935724368154,0.));
#5975=DIRECTION('',(0.355935724368154,0.934510438742403,0.));
#5976=DIRECTION('',(0.,0.,1.));
#5977=DIRECTION('',(0.355935724368154,0.934510438742403,0.));
#5978=DIRECTION('',(0.355935724368154,0.934510438742403,0.));
#5979=DIRECTION('',(0.,1.,0.));
#5980=DIRECTION('',(-1.,0.,0.));
#5981=DIRECTION('',(4.440892098502E-14,0.,1.));
#5982=DIRECTION('',(-1.,0.,0.));
#5983=DIRECTION('',(-1.,0.,0.));
#5984=DIRECTION('',(-0.943445233062226,0.33152841840808,0.));
#5985=DIRECTION('',(-0.33152841840808,-0.943445233062226,0.));
#5986=DIRECTION('',(0.,0.,1.));
#5987=DIRECTION('',(-0.33152841840808,-0.943445233062226,0.));
#5988=DIRECTION('',(-0.33152841840808,-0.943445233062226,0.));
#5989=DIRECTION('',(0.,1.,0.));
#5990=DIRECTION('',(-1.,0.,0.));
#5991=DIRECTION('',(0.,0.,1.));
#5992=DIRECTION('',(-1.,0.,0.));
#5993=DIRECTION('',(-1.,0.,0.));
#5994=DIRECTION('',(0.936975345953818,0.349395479470933,0.));
#5995=DIRECTION('',(-0.349395479470933,0.936975345953818,0.));
#5996=DIRECTION('',(4.440892098502E-14,0.,1.));
#5997=DIRECTION('',(-0.349395479470933,0.936975345953818,0.));
#5998=DIRECTION('',(-0.349395479470933,0.936975345953818,0.));
#5999=DIRECTION('',(0.,1.,0.));
#6000=DIRECTION('',(-1.,0.,0.));
#6001=DIRECTION('',(-4.440892098502E-14,0.,1.));
#6002=DIRECTION('',(-1.,0.,0.));
#6003=DIRECTION('',(-1.,-2.71669125445E-14,0.));
#6004=DIRECTION('',(-0.934510438741278,-0.355935724371106,0.));
#6005=DIRECTION('',(0.355935724371106,-0.934510438741278,0.));
#6006=DIRECTION('',(0.355935724371106,-0.934510438741278,0.));
#6007=DIRECTION('',(0.355935724371106,-0.934510438741278,0.));
#6008=DIRECTION('',(-0.939844041771317,-0.341603830697133,3.56635812733439E-27));
#6009=DIRECTION('',(0.341603830697132,-0.939844041771317,1.82953527502248E-41));
#6010=DIRECTION('',(0.,0.,1.));
#6011=DIRECTION('',(-0.341603830698576,0.939844041770792,0.));
#6012=DIRECTION('',(-0.341603830698576,0.939844041770792,0.));
#6013=DIRECTION('',(-1.66002976228439E-15,1.,2.25109684345963E-40));
#6014=DIRECTION('',(-1.,-1.66002976228439E-15,9.34221939573037E-56));
#6015=DIRECTION('',(0.,-1.776356839401E-13,1.));
#6016=DIRECTION('',(1.,0.,0.));
#6017=DIRECTION('',(1.,0.,0.));
#6018=DIRECTION('',(0.940953787685472,-0.338535034287979,1.15409167190924E-25));
#6019=DIRECTION('',(-0.338535034287979,-0.940953787685472,1.25125863515263E-39));
#6020=DIRECTION('',(-0.338535034286589,-0.940953787685972,0.));
#6021=DIRECTION('',(-0.338535034286589,-0.940953787685972,0.));
#6022=DIRECTION('',(0.,0.,1.));
#6023=DIRECTION('',(-0.96923001872079,0.246156801268008,0.));
#6024=DIRECTION('',(0.,0.,1.));
#6025=DIRECTION('',(0.,0.,1.));
#6026=DIRECTION('',(1.,0.,0.));
#6027=DIRECTION('',(0.,0.,1.));
#6028=DIRECTION('',(1.,0.,0.));
#6029=DIRECTION('',(0.,0.,1.));
#6030=DIRECTION('',(0.971777392768827,0.235899764525998,0.));
#6031=DIRECTION('',(0.,0.,1.));
#6032=DIRECTION('',(1.,0.,0.));
#6033=DIRECTION('',(0.,0.,1.));
#6034=DIRECTION('',(1.,0.,0.));
#6035=DIRECTION('',(0.,0.,1.));
#6036=DIRECTION('',(-2.220446049251E-14,0.,1.));
#6037=DIRECTION('',(-2.06733383176792E-15,1.,-4.0493914288927E-40));
#6038=DIRECTION('',(-1.,-2.06733383176792E-15,2.86658533516935E-54));
#6039=DIRECTION('',(0.,0.,1.));
#6040=DIRECTION('',(1.,0.,0.));
#6041=DIRECTION('',(1.,0.,0.));
#6042=DIRECTION('',(-1.,-2.22120308812103E-12,-3.34675610037207E-37));
#6043=DIRECTION('',(2.22120308812103E-12,-1.,-1.04271631205855E-51));
#6044=DIRECTION('',(0.,0.,1.));
#6045=DIRECTION('',(-2.18207236137131E-12,1.,0.));
#6046=DIRECTION('',(-2.18207236137131E-12,1.,0.));
#6047=DIRECTION('',(0.,-1.,0.));
#6048=DIRECTION('',(-1.,0.,0.));
#6049=DIRECTION('',(-1.,0.,0.));
#6050=DIRECTION('',(-1.,0.,0.));
#6051=DIRECTION('',(0.,0.,1.));
#6052=DIRECTION('',(0.,0.,1.));
#6053=DIRECTION('',(-3.92435932242237E-15,1.,-4.43471611373883E-40));
#6054=DIRECTION('',(-1.,-3.92435932242237E-15,3.98169143637215E-54));
#6055=DIRECTION('',(0.,0.,1.));
#6056=DIRECTION('',(1.,0.,0.));
#6057=DIRECTION('',(1.,0.,0.));
#6058=DIRECTION('',(1.,4.3646015777649E-12,-1.57830757944082E-36));
#6059=DIRECTION('',(4.3646015777649E-12,-1.,-8.22194269301973E-16));
#6060=DIRECTION('',(2.220446049251E-14,0.,1.));
#6061=DIRECTION('',(5.65881389706831E-12,-1.,0.));
#6062=DIRECTION('',(5.65881389706831E-12,-1.,0.));
#6063=DIRECTION('',(3.53447524913203E-15,-1.,5.05922908700369E-40));
#6064=DIRECTION('',(-1.,-3.53447524913203E-15,3.11821728711144E-54));
#6065=DIRECTION('',(-1.,0.,0.));
#6066=DIRECTION('',(-1.,0.,0.));
#6067=DIRECTION('',(0.,-1.,0.));
#6068=DIRECTION('',(1.,0.,0.));
#6069=DIRECTION('',(0.,0.,1.));
#6070=DIRECTION('',(1.,0.,0.));
#6071=DIRECTION('',(0.,0.,1.));
#6072=DIRECTION('',(1.,0.,0.));
#6073=DIRECTION('',(-1.,0.,0.));
#6074=DIRECTION('',(0.,-1.,0.));
#6075=DIRECTION('',(0.,0.,1.));
#6076=DIRECTION('',(0.,-1.,0.));
#6077=DIRECTION('',(0.,-1.,0.));
#6078=DIRECTION('',(0.,1.,0.));
#6079=DIRECTION('',(-1.,0.,0.));
#6080=DIRECTION('',(0.,0.,1.));
#6081=DIRECTION('',(-1.,0.,0.));
#6082=DIRECTION('',(-1.,0.,0.));
#6083=DIRECTION('',(-1.,0.,0.));
#6084=DIRECTION('',(0.,-1.,0.));
#6085=DIRECTION('',(0.,0.,1.));
#6086=DIRECTION('',(0.,-1.,0.));
#6087=DIRECTION('',(0.,-1.,0.));
#6088=DIRECTION('',(0.,-1.,0.));
#6089=DIRECTION('',(1.,0.,0.));
#6090=DIRECTION('',(0.,0.,1.));
#6091=DIRECTION('',(1.,0.,0.));
#6092=DIRECTION('',(1.,0.,0.));
#6093=DIRECTION('',(-1.,0.,0.));
#6094=DIRECTION('',(0.,-1.,0.));
#6095=DIRECTION('',(0.,0.,1.));
#6096=DIRECTION('',(0.,-1.,0.));
#6097=DIRECTION('',(0.,-1.,0.));
#6098=DIRECTION('',(0.,1.,0.));
#6099=DIRECTION('',(-1.,0.,0.));
#6100=DIRECTION('',(0.,0.,1.));
#6101=DIRECTION('',(-1.,0.,0.));
#6102=DIRECTION('',(-1.,0.,0.));
#6103=DIRECTION('',(-1.,0.,0.));
#6104=DIRECTION('',(0.,-1.,0.));
#6105=DIRECTION('',(0.,0.,1.));
#6106=DIRECTION('',(0.,-1.,0.));
#6107=DIRECTION('',(0.,-1.,0.));
#6108=DIRECTION('',(0.,-1.,0.));
#6109=DIRECTION('',(1.,0.,0.));
#6110=DIRECTION('',(0.,0.,1.));
#6111=DIRECTION('',(1.,0.,0.));
#6112=DIRECTION('',(1.,0.,0.));
#6113=DIRECTION('',(1.,0.,0.));
#6114=DIRECTION('',(0.,1.,0.));
#6115=DIRECTION('',(0.,0.,1.));
#6116=DIRECTION('',(0.,1.,0.));
#6117=DIRECTION('',(0.,1.,0.));
#6118=DIRECTION('',(0.,1.,0.));
#6119=DIRECTION('',(-1.,0.,0.));
#6120=DIRECTION('',(0.,0.,1.));
#6121=DIRECTION('',(-1.,0.,0.));
#6122=DIRECTION('',(-1.,0.,0.));
#6123=DIRECTION('',(-1.,0.,0.));
#6124=DIRECTION('',(0.,-1.,0.));
#6125=DIRECTION('',(0.,-1.,0.));
#6126=DIRECTION('',(0.,-1.,0.));
#6127=DIRECTION('',(0.944557460429473,0.328346164812421,-1.89081520580788E-26));
#6128=DIRECTION('',(0.328346164812421,-0.944557460429472,-1.74343949737437E-40));
#6129=DIRECTION('',(-1.110223024625E-14,0.,1.));
#6130=DIRECTION('',(0.328346164809317,-0.944557460430551,0.));
#6131=DIRECTION('',(2.220446049251E-14,0.,1.));
#6132=DIRECTION('',(0.328346164809317,-0.944557460430551,0.));
#6133=DIRECTION('',(0.,1.,0.));
#6134=DIRECTION('',(-1.,0.,0.));
#6135=DIRECTION('',(3.330669073876E-14,0.,1.));
#6136=DIRECTION('',(1.,0.,0.));
#6137=DIRECTION('',(1.,0.,0.));
#6138=DIRECTION('',(-0.930670322636239,-0.365858921668119,-1.54300002837644E-25));
#6139=DIRECTION('',(0.365858921668119,-0.930670322636239,-2.18109303375229E-40));
#6140=DIRECTION('',(-6.661338147752E-14,-7.105427357602E-13,1.));
#6141=DIRECTION('',(-0.365858921666199,0.930670322636994,0.));
#6142=DIRECTION('',(-0.365858921666199,0.930670322636994,0.));
#6143=DIRECTION('',(-0.920917203019441,0.389758265060343,-9.1790253304309E-26));
#6144=DIRECTION('',(-0.389758265060343,-0.920917203019441,-2.78376347728911E-39));
#6145=DIRECTION('',(2.220446049251E-14,0.,1.));
#6146=DIRECTION('',(0.389758265061318,0.920917203019029,0.));
#6147=DIRECTION('',(0.389758265061318,0.920917203019029,0.));
#6148=DIRECTION('',(8.881784197003E-14,-5.329070518202E-13,1.));
#6149=DIRECTION('',(-1.,9.91095702468808E-16,1.49331486437645E-41));
#6150=DIRECTION('',(-9.91095702468808E-16,-1.,1.48001794451629E-56));
#6151=DIRECTION('',(3.330669073876E-14,0.,1.));
#6152=DIRECTION('',(0.,1.,0.));
#6153=DIRECTION('',(0.,1.,0.));
#6154=DIRECTION('',(-2.220446049251E-14,0.,1.));
#6155=DIRECTION('',(0.930300737781548,-0.36679767895,-3.22428902503592E-25));
#6156=DIRECTION('',(-0.36679767895,-0.930300737781548,7.35509111248122E-16));
#6157=DIRECTION('',(-2.220446049251E-14,0.,1.));
#6158=DIRECTION('',(-0.366797678948735,-0.930300737782047,0.));
#6159=DIRECTION('',(-0.366797678948735,-0.930300737782047,0.));
#6160=DIRECTION('',(2.57204386595657E-15,1.,2.90653414747964E-40));
#6161=DIRECTION('',(-1.,2.57204386595657E-15,7.47573332521833E-55));
#6162=DIRECTION('',(0.,0.,1.));
#6163=DIRECTION('',(1.,0.,0.));
#6164=DIRECTION('',(1.,0.,0.));
#6165=DIRECTION('',(-0.940093110399056,0.340917796221066,-1.72857527433333E-25));
#6166=DIRECTION('',(-0.340917796221066,-0.940093110399056,-1.68747724190309E-39));
#6167=DIRECTION('',(0.340917796222318,0.940093110398602,0.));
#6168=DIRECTION('',(0.340917796222318,0.940093110398602,0.));
#6169=DIRECTION('',(-0.957273464524922,0.289184221762622,-1.79735697600178E-26));
#6170=DIRECTION('',(-0.289184221762622,-0.957273464524922,1.24361530162847E-30));
#6171=DIRECTION('',(-0.289184221762622,-0.957273464524922,1.24361530162847E-30));
#6172=DIRECTION('',(-0.289184221762622,-0.957273464524922,1.24361530162847E-30));
#6173=DIRECTION('',(0.960920931379438,0.276822982494,-9.73825295347119E-28));
#6174=DIRECTION('',(0.276822982494,-0.960920931379438,4.16129591965898E-41));
#6175=DIRECTION('',(0.276822982523837,-0.960920931370842,0.));
#6176=DIRECTION('',(0.276822982523837,-0.960920931370842,0.));
#6177=DIRECTION('',(4.440892098502E-14,0.,1.));
#6178=DIRECTION('',(-1.110223024625E-14,0.,1.));
#6179=DIRECTION('',(1.,1.0680121764808E-16,-6.83913110674304E-42));
#6180=DIRECTION('',(1.0680121764808E-16,-1.,-7.30427529855017E-58));
#6181=DIRECTION('',(0.,0.,1.));
#6182=DIRECTION('',(0.,-1.,0.));
#6183=DIRECTION('',(0.,-1.,0.));
#6184=DIRECTION('',(-3.330669073876E-14,0.,1.));
#6185=DIRECTION('',(-1.,-9.66083038737756E-17,1.96509712816511E-41));
#6186=DIRECTION('',(9.66083038737756E-17,-1.,-1.89844700499259E-57));
#6187=DIRECTION('',(0.,1.,0.));
#6188=DIRECTION('',(0.,1.,0.));
#6189=DIRECTION('',(0.,0.,1.));
#6190=DIRECTION('',(5.551115123127E-14,3.552713678801E-13,1.));
#6191=DIRECTION('',(-1.,3.33753804620534E-16,8.80035251309161E-42));
#6192=DIRECTION('',(-3.33753804620534E-16,-1.,2.9371511332462E-57));
#6193=DIRECTION('',(0.,1.,0.));
#6194=DIRECTION('',(2.220446049251E-14,3.552713678801E-13,1.));
#6195=DIRECTION('',(0.,1.,0.));
#6196=DIRECTION('',(0.,0.,1.));
#6197=DIRECTION('',(1.,7.46814398498108E-12,-7.87674013317478E-37));
#6198=DIRECTION('',(7.46814398498108E-12,-1.,-1.06667682587296E-15));
#6199=DIRECTION('',(4.74610197820241E-12,-1.,0.));
#6200=DIRECTION('',(0.,0.,1.));
#6201=DIRECTION('',(4.74610197820241E-12,-1.,0.));
#6202=DIRECTION('',(-5.91631047831758E-15,-1.,4.90285942784494E-40));
#6203=DIRECTION('',(-1.,5.91631047831758E-15,-2.90068386066772E-54));
#6204=DIRECTION('',(-1.,0.,0.));
#6205=DIRECTION('',(0.,0.,1.));
#6206=DIRECTION('',(-1.,0.,0.));
#6207=DIRECTION('',(6.661338147752E-14,5.329070518202E-13,1.));
#6208=DIRECTION('',(0.,-1.776356839401E-13,1.));
#6209=DIRECTION('',(-1.,0.,0.));
#6210=DIRECTION('',(0.,-1.,0.));
#6211=DIRECTION('',(0.,1.,0.));
#6212=DIRECTION('',(0.,1.,0.));
#6213=DIRECTION('',(-1.,0.,0.));
#6214=DIRECTION('',(0.,-1.,0.));
#6215=DIRECTION('',(0.,0.,1.));
#6216=DIRECTION('',(0.,1.,0.));
#6217=DIRECTION('',(1.110223024625E-14,3.552713678801E-13,1.));
#6218=DIRECTION('',(0.,1.,0.));
#6219=DIRECTION('',(-1.33226762955E-13,0.,1.));
#6220=DIRECTION('',(0.133354764901544,-0.99106836629874,-2.73424346476072E-27));
#6221=DIRECTION('',(-0.99106836629874,-0.133354764901544,2.12548951068788E-41));
#6222=DIRECTION('',(-0.991068366297964,-0.133354764907316,0.));
#6223=DIRECTION('',(-0.991068366297964,-0.133354764907316,0.));
#6224=DIRECTION('',(0.,-1.,0.));
#6225=DIRECTION('',(1.,0.,0.));
#6226=DIRECTION('',(0.,0.,1.));
#6227=DIRECTION('',(1.,0.,0.));
#6228=DIRECTION('',(0.,0.,1.));
#6229=DIRECTION('',(1.,0.,0.));
#6230=DIRECTION('',(-1.,0.,0.));
#6231=DIRECTION('',(0.,-1.,0.));
#6232=DIRECTION('',(0.,0.,1.));
#6233=DIRECTION('',(0.,-1.,0.));
#6234=DIRECTION('',(0.,-1.,0.));
#6235=DIRECTION('',(0.,1.,0.));
#6236=DIRECTION('',(-1.,0.,0.));
#6237=DIRECTION('',(0.,0.,1.));
#6238=DIRECTION('',(-1.,0.,0.));
#6239=DIRECTION('',(-1.,0.,0.));
#6240=DIRECTION('',(-1.,0.,0.));
#6241=DIRECTION('',(0.,-1.,0.));
#6242=DIRECTION('',(0.,0.,1.));
#6243=DIRECTION('',(0.,-1.,0.));
#6244=DIRECTION('',(0.,-1.,0.));
#6245=DIRECTION('',(0.,-1.,0.));
#6246=DIRECTION('',(1.,0.,0.));
#6247=DIRECTION('',(0.,0.,1.));
#6248=DIRECTION('',(1.,0.,0.));
#6249=DIRECTION('',(1.,0.,0.));
#6250=DIRECTION('',(-1.,0.,0.));
#6251=DIRECTION('',(0.,-1.,0.));
#6252=DIRECTION('',(0.,0.,1.));
#6253=DIRECTION('',(0.,-1.,0.));
#6254=DIRECTION('',(0.,-1.,0.));
#6255=DIRECTION('',(0.,1.,0.));
#6256=DIRECTION('',(-1.,0.,0.));
#6257=DIRECTION('',(0.,0.,1.));
#6258=DIRECTION('',(-1.,0.,0.));
#6259=DIRECTION('',(-1.,0.,0.));
#6260=DIRECTION('',(-1.,0.,0.));
#6261=DIRECTION('',(0.,-1.,0.));
#6262=DIRECTION('',(0.,0.,1.));
#6263=DIRECTION('',(0.,-1.,0.));
#6264=DIRECTION('',(0.,-1.,0.));
#6265=DIRECTION('',(0.,-1.,0.));
#6266=DIRECTION('',(1.,0.,0.));
#6267=DIRECTION('',(0.,0.,1.));
#6268=DIRECTION('',(1.,0.,0.));
#6269=DIRECTION('',(1.,0.,0.));
#6270=DIRECTION('',(1.,0.,0.));
#6271=DIRECTION('',(0.,1.,0.));
#6272=DIRECTION('',(0.,0.,1.));
#6273=DIRECTION('',(0.,1.,0.));
#6274=DIRECTION('',(0.,1.,0.));
#6275=DIRECTION('',(0.,1.,0.));
#6276=DIRECTION('',(-1.,0.,0.));
#6277=DIRECTION('',(0.,0.,1.));
#6278=DIRECTION('',(-1.,0.,0.));
#6279=DIRECTION('',(-1.,0.,0.));
#6280=DIRECTION('',(-1.,0.,0.));
#6281=DIRECTION('',(0.,-1.,0.));
#6282=DIRECTION('',(0.,-1.,0.));
#6283=DIRECTION('',(0.,-1.,0.));
#6284=DIRECTION('',(0.,-1.,0.));
#6285=DIRECTION('',(1.,0.,0.));
#6286=DIRECTION('',(2.220446049251E-14,0.,1.));
#6287=DIRECTION('',(1.,0.,0.));
#6288=DIRECTION('',(0.,0.,1.));
#6289=DIRECTION('',(1.,0.,0.));
#6290=DIRECTION('',(0.934510438742403,-0.355935724368154,0.));
#6291=DIRECTION('',(0.355935724368154,0.934510438742403,0.));
#6292=DIRECTION('',(2.220446049251E-14,0.,1.));
#6293=DIRECTION('',(0.355935724368154,0.934510438742403,0.));
#6294=DIRECTION('',(0.355935724368154,0.934510438742403,0.));
#6295=DIRECTION('',(0.,1.,0.));
#6296=DIRECTION('',(-1.,0.,0.));
#6297=DIRECTION('',(4.440892098502E-14,0.,1.));
#6298=DIRECTION('',(-1.,0.,0.));
#6299=DIRECTION('',(-1.,0.,0.));
#6300=DIRECTION('',(-0.943445233062226,0.33152841840808,0.));
#6301=DIRECTION('',(-0.33152841840808,-0.943445233062226,0.));
#6302=DIRECTION('',(0.,0.,1.));
#6303=DIRECTION('',(-0.33152841840808,-0.943445233062226,0.));
#6304=DIRECTION('',(-0.33152841840808,-0.943445233062226,0.));
#6305=DIRECTION('',(0.,1.,0.));
#6306=DIRECTION('',(-1.,0.,0.));
#6307=DIRECTION('',(-2.220446049251E-14,0.,1.));
#6308=DIRECTION('',(-1.,0.,0.));
#6309=DIRECTION('',(-1.,0.,0.));
#6310=DIRECTION('',(0.936975345953818,0.349395479470933,0.));
#6311=DIRECTION('',(-0.349395479470933,0.936975345953818,0.));
#6312=DIRECTION('',(-2.220446049251E-14,0.,1.));
#6313=DIRECTION('',(-0.349395479470933,0.936975345953818,0.));
#6314=DIRECTION('',(-0.349395479470933,0.936975345953818,0.));
#6315=DIRECTION('',(0.,1.,0.));
#6316=DIRECTION('',(-1.,0.,0.));
#6317=DIRECTION('',(0.,0.,1.));
#6318=DIRECTION('',(-1.,0.,0.));
#6319=DIRECTION('',(-1.,0.,0.));
#6320=DIRECTION('',(-0.934510438741278,-0.355935724371106,0.));
#6321=DIRECTION('',(0.355935724371106,-0.934510438741278,0.));
#6322=DIRECTION('',(0.355935724371106,-0.934510438741278,0.));
#6323=DIRECTION('',(0.355935724371106,-0.934510438741278,0.));
#6324=DIRECTION('',(-0.939844041778678,-0.341603830676879,-1.10047622298812E-25));
#6325=DIRECTION('',(0.341603830676879,-0.939844041778678,-1.0331493317774E-39));
#6326=DIRECTION('',(0.,0.,1.));
#6327=DIRECTION('',(-0.341603830672434,0.939844041780294,0.));
#6328=DIRECTION('',(-0.341603830672434,0.939844041780294,0.));
#6329=DIRECTION('',(0.,1.,0.));
#6330=DIRECTION('',(-1.,0.,0.));
#6331=DIRECTION('',(2.220446049251E-14,0.,1.));
#6332=DIRECTION('',(1.,0.,0.));
#6333=DIRECTION('',(1.,0.,0.));
#6334=DIRECTION('',(0.940953787678724,-0.338535034306737,-3.28544682651156E-26));
#6335=DIRECTION('',(-0.338535034306737,-0.940953787678724,-3.37208462455124E-40));
#6336=DIRECTION('',(-0.338535034308452,-0.940953787678106,0.));
#6337=DIRECTION('',(-0.338535034308452,-0.940953787678106,0.));
#6338=DIRECTION('',(0.,0.,1.));
#6339=DIRECTION('',(-0.968992445727219,0.247090348098793,0.));
#6340=DIRECTION('',(0.,0.,1.));
#6341=DIRECTION('',(0.,0.,1.));
#6342=DIRECTION('',(1.,0.,0.));
#6343=DIRECTION('',(0.,0.,1.));
#6344=DIRECTION('',(1.,0.,0.));
#6345=DIRECTION('',(0.,0.,1.));
#6346=DIRECTION('',(0.972005654199761,0.23495746041293,0.));
#6347=DIRECTION('',(0.,0.,1.));
#6348=DIRECTION('',(1.,0.,0.));
#6349=DIRECTION('',(0.,0.,1.));
#6350=DIRECTION('',(1.,0.,0.));
#6351=DIRECTION('',(0.,0.,1.));
#6352=DIRECTION('',(0.,0.,1.));
#6353=DIRECTION('',(-2.52674134996641E-15,1.,1.90356007343207E-40));
#6354=DIRECTION('',(-1.,-2.52674134996641E-15,-4.41229949103444E-55));
#6355=DIRECTION('',(0.,0.,1.));
#6356=DIRECTION('',(1.,0.,0.));
#6357=DIRECTION('',(1.,0.,0.));
#6358=DIRECTION('',(-1.,-7.45995156972138E-12,3.59684548367021E-36));
#6359=DIRECTION('',(7.45995156972138E-12,-1.,8.23886113231446E-51));
#6360=DIRECTION('',(0.,0.,1.));
#6361=DIRECTION('',(-6.54432497714544E-12,1.,0.));
#6362=DIRECTION('',(-6.54432497714544E-12,1.,0.));
#6363=DIRECTION('',(-1.29142440415968E-15,-1.,-1.94582950379694E-41));
#6364=DIRECTION('',(-1.,1.29142440415968E-15,4.17430771255295E-56));
#6365=DIRECTION('',(-1.,0.,0.));
#6366=DIRECTION('',(-1.,0.,0.));
#6367=DIRECTION('',(0.,0.,1.));
#6368=DIRECTION('',(0.,0.,1.));
#6369=DIRECTION('',(0.,1.,0.));
#6370=DIRECTION('',(-1.,0.,0.));
#6371=DIRECTION('',(0.,0.,1.));
#6372=DIRECTION('',(1.,0.,0.));
#6373=DIRECTION('',(1.,0.,0.));
#6374=DIRECTION('',(1.,9.31797647177786E-12,3.08873098939086E-36));
#6375=DIRECTION('',(9.31797647177786E-12,-1.,-8.22194269302323E-16));
#6376=DIRECTION('',(0.,0.,1.));
#6377=DIRECTION('',(8.48852762289282E-12,-1.,0.));
#6378=DIRECTION('',(8.48852762289282E-12,-1.,0.));
#6379=DIRECTION('',(-3.85579118106295E-15,-1.,8.71446158570267E-41));
#6380=DIRECTION('',(-1.,3.85579118106295E-15,-6.41476387925559E-55));
#6381=DIRECTION('',(-1.,0.,0.));
#6382=DIRECTION('',(-1.,0.,0.));
#6383=DIRECTION('',(0.,-1.,0.));
#6384=DIRECTION('',(1.,0.,0.));
#6385=DIRECTION('',(0.,0.,1.));
#6386=DIRECTION('',(1.,0.,0.));
#6387=DIRECTION('',(0.,0.,1.));
#6388=DIRECTION('',(1.,0.,0.));
#6389=DIRECTION('',(-1.,0.,0.));
#6390=DIRECTION('',(0.,-1.,0.));
#6391=DIRECTION('',(0.,0.,1.));
#6392=DIRECTION('',(0.,-1.,0.));
#6393=DIRECTION('',(0.,-1.,0.));
#6394=DIRECTION('',(0.,1.,0.));
#6395=DIRECTION('',(-1.,0.,0.));
#6396=DIRECTION('',(0.,0.,1.));
#6397=DIRECTION('',(-1.,0.,0.));
#6398=DIRECTION('',(-1.,0.,0.));
#6399=DIRECTION('',(-1.,0.,0.));
#6400=DIRECTION('',(0.,-1.,0.));
#6401=DIRECTION('',(0.,0.,1.));
#6402=DIRECTION('',(0.,-1.,0.));
#6403=DIRECTION('',(0.,-1.,0.));
#6404=DIRECTION('',(0.,-1.,0.));
#6405=DIRECTION('',(1.,0.,0.));
#6406=DIRECTION('',(0.,0.,1.));
#6407=DIRECTION('',(1.,0.,0.));
#6408=DIRECTION('',(1.,0.,0.));
#6409=DIRECTION('',(-1.,0.,0.));
#6410=DIRECTION('',(0.,-1.,0.));
#6411=DIRECTION('',(0.,0.,1.));
#6412=DIRECTION('',(0.,-1.,0.));
#6413=DIRECTION('',(0.,-1.,0.));
#6414=DIRECTION('',(0.,1.,0.));
#6415=DIRECTION('',(-1.,0.,0.));
#6416=DIRECTION('',(0.,0.,1.));
#6417=DIRECTION('',(-1.,0.,0.));
#6418=DIRECTION('',(-1.,0.,0.));
#6419=DIRECTION('',(-1.,0.,0.));
#6420=DIRECTION('',(0.,-1.,0.));
#6421=DIRECTION('',(0.,0.,1.));
#6422=DIRECTION('',(0.,-1.,0.));
#6423=DIRECTION('',(0.,-1.,0.));
#6424=DIRECTION('',(0.,-1.,0.));
#6425=DIRECTION('',(1.,0.,0.));
#6426=DIRECTION('',(0.,0.,1.));
#6427=DIRECTION('',(1.,0.,0.));
#6428=DIRECTION('',(1.,0.,0.));
#6429=DIRECTION('',(1.,0.,0.));
#6430=DIRECTION('',(0.,1.,0.));
#6431=DIRECTION('',(0.,0.,1.));
#6432=DIRECTION('',(0.,1.,0.));
#6433=DIRECTION('',(0.,1.,0.));
#6434=DIRECTION('',(0.,1.,0.));
#6435=DIRECTION('',(-1.,0.,0.));
#6436=DIRECTION('',(0.,0.,1.));
#6437=DIRECTION('',(-1.,0.,0.));
#6438=DIRECTION('',(-1.,0.,0.));
#6439=DIRECTION('',(-1.,0.,0.));
#6440=DIRECTION('',(0.,-1.,0.));
#6441=DIRECTION('',(0.,-1.,0.));
#6442=DIRECTION('',(0.,-1.,0.));
#6443=DIRECTION('',(0.,0.,1.));
#6444=DIRECTION('',(0.,0.,1.));
#6445=DIRECTION('',(1.,7.38208753594573E-17,-8.34211647278043E-42));
#6446=DIRECTION('',(7.38208753594573E-17,-1.,-6.15822340371199E-58));
#6447=DIRECTION('',(0.,0.,1.));
#6448=DIRECTION('',(0.,-1.,0.));
#6449=DIRECTION('',(0.,-1.,0.));
#6450=DIRECTION('',(4.440892098502E-14,0.,1.));
#6451=DIRECTION('',(1.,4.80899222447332E-16,-3.98522237002289E-41));
#6452=DIRECTION('',(4.80899222447332E-16,-1.,-1.27179959655015E-15));
#6453=DIRECTION('',(0.,-1.,0.));
#6454=DIRECTION('',(0.,-1.,0.));
#6455=DIRECTION('',(0.,-1.,0.));
#6456=DIRECTION('',(1.,0.,0.));
#6457=DIRECTION('',(0.,0.,1.));
#6458=DIRECTION('',(1.,0.,0.));
#6459=DIRECTION('',(0.,0.,1.));
#6460=DIRECTION('',(1.,0.,0.));
#6461=DIRECTION('',(-1.,0.,0.));
#6462=DIRECTION('',(0.,-1.,0.));
#6463=DIRECTION('',(0.,0.,1.));
#6464=DIRECTION('',(0.,-1.,0.));
#6465=DIRECTION('',(0.,-1.,0.));
#6466=DIRECTION('',(0.,-1.,0.));
#6467=DIRECTION('',(1.,0.,0.));
#6468=DIRECTION('',(0.,0.,1.));
#6469=DIRECTION('',(1.,0.,0.));
#6470=DIRECTION('',(1.,0.,0.));
#6471=DIRECTION('',(1.,0.,0.));
#6472=DIRECTION('',(0.,1.,0.));
#6473=DIRECTION('',(0.,0.,1.));
#6474=DIRECTION('',(0.,1.,0.));
#6475=DIRECTION('',(0.,1.,0.));
#6476=DIRECTION('',(0.,1.,0.));
#6477=DIRECTION('',(-1.,0.,0.));
#6478=DIRECTION('',(0.,0.,1.));
#6479=DIRECTION('',(-1.,0.,0.));
#6480=DIRECTION('',(-1.,0.,0.));
#6481=DIRECTION('',(-1.,0.,0.));
#6482=DIRECTION('',(0.,-1.,0.));
#6483=DIRECTION('',(0.,-1.,0.));
#6484=DIRECTION('',(0.,-1.,0.));
#6485=DIRECTION('',(0.,0.,1.));
#6486=DIRECTION('',(-1.,0.,0.));
#6487=DIRECTION('',(0.,0.,-1.));
#6488=DIRECTION('',(-1.,0.,0.));
#6489=DIRECTION('',(0.,0.,1.));
#6490=DIRECTION('',(-1.,0.,0.));
#6491=DIRECTION('',(0.,0.,1.));
#6492=DIRECTION('',(-1.,0.,0.));
#6493=DIRECTION('',(0.,0.,1.));
#6494=DIRECTION('',(-1.,0.,0.));
#6495=DIRECTION('',(0.,0.,1.));
#6496=DIRECTION('',(-1.,0.,0.));
#6497=DIRECTION('',(0.,0.,1.));
#6498=DIRECTION('',(-1.,0.,0.));
#6499=DIRECTION('',(0.,0.,1.));
#6500=DIRECTION('',(-1.,0.,0.));
#6501=DIRECTION('',(0.990328603990952,0.138741688462167,0.));
#6502=DIRECTION('',(0.,0.,1.));
#6503=DIRECTION('',(-1.,0.,0.));
#6504=DIRECTION('',(0.,0.,1.));
#6505=DIRECTION('',(-1.,0.,0.));
#6506=DIRECTION('',(0.,0.,1.));
#6507=DIRECTION('',(-1.,0.,0.));
#6508=DIRECTION('',(0.,0.,1.));
#6509=DIRECTION('',(-1.,0.,0.));
#6510=DIRECTION('',(0.,0.,1.));
#6511=DIRECTION('',(-1.,0.,0.));
#6512=DIRECTION('',(0.,0.,1.));
#6513=DIRECTION('',(-1.,0.,0.));
#6514=DIRECTION('',(0.,0.,1.));
#6515=DIRECTION('',(-1.,0.,0.));
#6516=DIRECTION('',(0.,0.,1.));
#6517=DIRECTION('',(-1.,0.,0.));
#6518=DIRECTION('',(0.,0.,1.));
#6519=DIRECTION('',(0.866025403784329,-0.50000000000019,0.));
#6520=DIRECTION('',(0.,0.,1.));
#6521=DIRECTION('',(-0.866025403784329,0.50000000000019,0.));
#6522=DIRECTION('',(0.,0.,1.));
#6523=DIRECTION('',(-0.866025403784329,0.50000000000019,0.));
#6524=DIRECTION('',(0.,0.,1.));
#6525=DIRECTION('',(0.50000000000019,-0.866025403784329,0.));
#6526=DIRECTION('',(0.,0.,1.));
#6527=DIRECTION('',(-0.50000000000019,0.866025403784329,0.));
#6528=DIRECTION('',(0.,0.,1.));
#6529=DIRECTION('',(-0.50000000000019,0.866025403784329,0.));
#6530=DIRECTION('',(0.,0.,1.));
#6531=DIRECTION('',(0.,-1.,0.));
#6532=DIRECTION('',(0.,0.,1.));
#6533=DIRECTION('',(0.,1.,0.));
#6534=DIRECTION('',(0.,0.,1.));
#6535=DIRECTION('',(0.,1.,0.));
#6536=DIRECTION('',(0.,0.,1.));
#6537=DIRECTION('',(-0.50000000000019,-0.866025403784329,0.));
#6538=DIRECTION('',(0.,0.,1.));
#6539=DIRECTION('',(0.50000000000019,0.866025403784329,0.));
#6540=DIRECTION('',(0.,0.,1.));
#6541=DIRECTION('',(0.50000000000019,0.866025403784329,0.));
#6542=DIRECTION('',(0.,0.,1.));
#6543=DIRECTION('',(-0.866025403784329,-0.50000000000019,0.));
#6544=DIRECTION('',(0.,0.,1.));
#6545=DIRECTION('',(0.866025403784329,0.50000000000019,0.));
#6546=DIRECTION('',(0.,0.,1.));
#6547=DIRECTION('',(0.866025403784329,0.50000000000019,0.));
#6548=DIRECTION('',(0.,0.,1.));
#6549=DIRECTION('',(-1.,0.,0.));
#6550=DIRECTION('',(0.,0.,1.));
#6551=DIRECTION('',(1.,0.,0.));
#6552=DIRECTION('',(0.,0.,1.));
#6553=DIRECTION('',(1.,0.,0.));
#6554=DIRECTION('',(0.,0.,1.));
#6555=DIRECTION('',(-0.866025403784329,0.50000000000019,0.));
#6556=DIRECTION('',(0.,0.,1.));
#6557=DIRECTION('',(0.866025403784329,-0.50000000000019,0.));
#6558=DIRECTION('',(0.,0.,1.));
#6559=DIRECTION('',(0.866025403784329,-0.50000000000019,0.));
#6560=DIRECTION('',(0.,0.,1.));
#6561=DIRECTION('',(-0.50000000000019,0.866025403784329,0.));
#6562=DIRECTION('',(0.,0.,1.));
#6563=DIRECTION('',(0.50000000000019,-0.866025403784329,0.));
#6564=DIRECTION('',(0.,0.,1.));
#6565=DIRECTION('',(0.50000000000019,-0.866025403784329,0.));
#6566=DIRECTION('',(0.,0.,1.));
#6567=DIRECTION('',(0.,1.,0.));
#6568=DIRECTION('',(0.,0.,1.));
#6569=DIRECTION('',(0.,-1.,0.));
#6570=DIRECTION('',(0.,0.,1.));
#6571=DIRECTION('',(0.,-1.,0.));
#6572=DIRECTION('',(0.,0.,1.));
#6573=DIRECTION('',(0.50000000000019,0.866025403784329,0.));
#6574=DIRECTION('',(0.,0.,1.));
#6575=DIRECTION('',(-0.50000000000019,-0.866025403784329,0.));
#6576=DIRECTION('',(0.,0.,1.));
#6577=DIRECTION('',(-0.50000000000019,-0.866025403784329,0.));
#6578=DIRECTION('',(0.,0.,1.));
#6579=DIRECTION('',(0.866025403784329,0.50000000000019,0.));
#6580=DIRECTION('',(0.,0.,1.));
#6581=DIRECTION('',(-0.866025403784329,-0.50000000000019,0.));
#6582=DIRECTION('',(0.,0.,1.));
#6583=DIRECTION('',(-0.866025403784329,-0.50000000000019,0.));
#6584=DIRECTION('',(0.,0.,1.));
#6585=DIRECTION('',(1.,0.,0.));
#6586=DIRECTION('',(0.,0.,1.));
#6587=DIRECTION('',(-1.,0.,0.));
#6588=DIRECTION('',(0.,0.,1.));
#6589=DIRECTION('',(-1.,0.,0.));
#6590=DIRECTION('',(0.,0.,1.));
#6591=DIRECTION('',(0.30901699437504,-0.951056516295123,0.));
#6592=DIRECTION('',(0.,0.,1.));
#6593=DIRECTION('',(-0.30901699437504,0.951056516295123,0.));
#6594=DIRECTION('',(0.,0.,1.));
#6595=DIRECTION('',(-0.30901699437504,0.951056516295123,0.));
#6596=DIRECTION('',(0.,0.,1.));
#6597=DIRECTION('',(-0.809016994374715,-0.587785252292793,0.));
#6598=DIRECTION('',(0.,0.,1.));
#6599=DIRECTION('',(0.809016994374715,0.587785252292793,0.));
#6600=DIRECTION('',(0.,0.,1.));
#6601=DIRECTION('',(0.809016994374715,0.587785252292793,0.));
#6602=DIRECTION('',(0.,0.,1.));
#6603=DIRECTION('',(-0.809016994374715,0.587785252292793,0.));
#6604=DIRECTION('',(0.,0.,1.));
#6605=DIRECTION('',(0.809016994374715,-0.587785252292793,0.));
#6606=DIRECTION('',(0.,0.,1.));
#6607=DIRECTION('',(0.809016994374715,-0.587785252292793,0.));
#6608=DIRECTION('',(0.,0.,1.));
#6609=DIRECTION('',(0.30901699437504,0.951056516295123,0.));
#6610=DIRECTION('',(0.,0.,1.));
#6611=DIRECTION('',(-0.30901699437504,-0.951056516295123,0.));
#6612=DIRECTION('',(0.,0.,1.));
#6613=DIRECTION('',(-0.30901699437504,-0.951056516295123,0.));
#6614=DIRECTION('',(0.,0.,1.));
#6615=DIRECTION('',(1.,0.,0.));
#6616=DIRECTION('',(0.,0.,1.));
#6617=DIRECTION('',(-1.,0.,0.));
#6618=DIRECTION('',(0.,0.,1.));
#6619=DIRECTION('',(-1.,0.,0.));
#6620=DIRECTION('',(0.,0.,1.));
#6621=DIRECTION('',(1.,0.,0.));
#6622=DIRECTION('',(0.,0.,1.));
#6623=DIRECTION('',(1.,0.,0.));
#6624=DIRECTION('',(0.,0.,1.));
#6625=DIRECTION('',(1.,0.,0.));
#6626=DIRECTION('',(0.,0.,1.));
#6627=DIRECTION('',(-1.,0.,0.));
#6628=DIRECTION('',(0.,0.,1.));
#6629=DIRECTION('',(1.,0.,0.));
#6630=DIRECTION('',(0.,0.,1.));
#6631=DIRECTION('',(1.,0.,0.));
#6632=DIRECTION('',(0.,0.,1.));
#6633=DIRECTION('',(1.,0.,0.));
#6634=DIRECTION('',(0.,0.,1.));
#6635=DIRECTION('',(-1.,0.,0.));
#6636=DIRECTION('',(0.,1.,0.));
#6637=DIRECTION('',(1.,0.,0.));
#6638=DIRECTION('',(0.,0.,-1.));
#6639=DIRECTION('',(1.,0.,0.));
#6640=DIRECTION('',(0.,0.,-1.));
#6641=DIRECTION('',(1.,0.,0.));
#6642=DIRECTION('',(1.,0.,0.));
#6643=DIRECTION('',(0.,-1.,0.));
#6644=DIRECTION('',(0.,0.,-1.));
#6645=DIRECTION('',(0.,-1.,0.));
#6646=DIRECTION('',(0.,-1.,0.));
#6647=DIRECTION('',(0.,-1.,0.));
#6648=DIRECTION('',(-1.,0.,0.));
#6649=DIRECTION('',(0.,0.,-1.));
#6650=DIRECTION('',(-1.,0.,0.));
#6651=DIRECTION('',(-1.,0.,0.));
#6652=DIRECTION('',(-1.,0.,0.));
#6653=DIRECTION('',(0.,1.,0.));
#6654=DIRECTION('',(0.,1.,0.));
#6655=DIRECTION('',(0.,1.,0.));
#6656=DIRECTION('',(0.,0.,-1.));
#6657=DIRECTION('',(1.,0.,0.));
#6658=DIRECTION('',(0.,0.,-1.));
#6659=DIRECTION('',(1.,0.,0.));
#6660=DIRECTION('',(-1.,0.,0.));
#6661=DIRECTION('',(0.,1.,0.));
#6662=DIRECTION('',(1.,0.,0.));
#6663=DIRECTION('',(0.,1.,0.));
#6664=DIRECTION('',(1.,0.,0.));
#6665=DIRECTION('',(0.,-1.,0.));
#6666=DIRECTION('',(1.,0.,0.));
#6667=DIRECTION('',(0.,-1.,0.));
#6668=DIRECTION('',(-1.,0.,0.));
#6669=DIRECTION('',(0.,-1.,0.));
#6670=DIRECTION('',(-1.,0.,0.));
#6671=DIRECTION('',(0.,1.,0.));
#6672=DIRECTION('',(0.,-1.,0.));
#6673=DIRECTION('',(-1.,0.,0.));
#6674=DIRECTION('',(0.,0.,-1.));
#6675=DIRECTION('',(0.,0.,-1.));
#6676=DIRECTION('',(-1.,0.,0.));
#6677=DIRECTION('',(-1.,0.,0.));
#6678=DIRECTION('',(0.,1.,0.));
#6679=DIRECTION('',(0.,0.,-1.));
#6680=DIRECTION('',(0.,1.,0.));
#6681=DIRECTION('',(0.,1.,0.));
#6682=DIRECTION('',(1.,0.,0.));
#6683=DIRECTION('',(0.,0.,-1.));
#6684=DIRECTION('',(1.,0.,0.));
#6685=DIRECTION('',(-1.,0.,0.));
#6686=DIRECTION('',(0.,1.,0.));
#6687=DIRECTION('',(0.,0.,-1.));
#6688=DIRECTION('',(0.,1.,0.));
#6689=DIRECTION('',(0.,1.,0.));
#6690=DIRECTION('',(1.,0.,0.));
#6691=DIRECTION('',(0.,0.,-1.));
#6692=DIRECTION('',(1.,0.,0.));
#6693=DIRECTION('',(1.,0.,0.));
#6694=DIRECTION('',(0.,-1.,0.));
#6695=DIRECTION('',(0.,0.,-1.));
#6696=DIRECTION('',(0.,-1.,0.));
#6697=DIRECTION('',(0.,1.,0.));
#6698=DIRECTION('',(1.,0.,0.));
#6699=DIRECTION('',(0.,0.,-1.));
#6700=DIRECTION('',(1.,0.,0.));
#6701=DIRECTION('',(1.,0.,0.));
#6702=DIRECTION('',(0.,-1.,0.));
#6703=DIRECTION('',(0.,0.,-1.));
#6704=DIRECTION('',(0.,-1.,0.));
#6705=DIRECTION('',(0.,-1.,0.));
#6706=DIRECTION('',(-1.,0.,0.));
#6707=DIRECTION('',(0.,0.,-1.));
#6708=DIRECTION('',(-1.,0.,0.));
#6709=DIRECTION('',(1.,0.,0.));
#6710=DIRECTION('',(0.,-1.,0.));
#6711=DIRECTION('',(0.,0.,-1.));
#6712=DIRECTION('',(0.,-1.,0.));
#6713=DIRECTION('',(0.,-1.,0.));
#6714=DIRECTION('',(-1.,0.,0.));
#6715=DIRECTION('',(0.,0.,-1.));
#6716=DIRECTION('',(-1.,0.,0.));
#6717=DIRECTION('',(-1.,0.,0.));
#6718=DIRECTION('',(0.,1.,0.));
#6719=DIRECTION('',(0.,1.,0.));
#6720=DIRECTION('',(0.,0.,-1.));
#6721=DIRECTION('',(1.,0.,0.));
#6722=DIRECTION('',(0.,0.,-1.));
#6723=DIRECTION('',(-1.,0.,0.));
#6724=DIRECTION('',(0.,0.,-1.));
#6725=DIRECTION('',(-1.,0.,0.));
#6726=DIRECTION('',(0.,0.,-1.));
#6727=DIRECTION('',(1.,0.,0.));
#6728=DIRECTION('',(0.,0.,-1.));
#6729=DIRECTION('',(1.,0.,0.));
#6730=DIRECTION('',(0.,0.,-1.));
#6731=DIRECTION('',(1.,0.,0.));
#6732=DIRECTION('',(0.,0.,-1.));
#6733=DIRECTION('',(1.,0.,0.));
#6734=DIRECTION('',(0.,0.,-1.));
#6735=DIRECTION('',(-1.,0.,0.));
#6736=DIRECTION('',(0.,0.,-1.));
#6737=DIRECTION('',(1.,0.,0.));
#6738=DIRECTION('',(0.,0.,-1.));
#6739=DIRECTION('',(-1.,0.,0.));
#6740=DIRECTION('',(0.,0.,-1.));
#6741=DIRECTION('',(-1.,0.,0.));
#6742=DIRECTION('',(0.,0.,1.));
#6743=DIRECTION('',(1.,0.,0.));
#6744=DIRECTION('',(0.,0.,1.));
#6745=DIRECTION('',(1.,0.,0.));
#6746=DIRECTION('',(0.,0.,-1.));
#6747=DIRECTION('',(1.,0.,0.));
#6748=DIRECTION('',(0.,0.,-1.));
#6749=DIRECTION('',(1.,0.,0.));
#6750=DIRECTION('',(0.,0.,-1.));
#6751=DIRECTION('',(-1.,0.,0.));
#6752=DIRECTION('',(0.,0.,-1.));
#6753=DIRECTION('',(1.,0.,0.));
#6754=DIRECTION('',(0.,0.,-1.));
#6755=DIRECTION('',(1.,0.,0.));
#6756=DIRECTION('',(0.,0.,-1.));
#6757=DIRECTION('',(-1.,0.,0.));
#6758=DIRECTION('',(0.,0.,1.));
#6759=DIRECTION('',(1.,0.,0.));
#6760=DIRECTION('',(0.,0.,-1.));
#6761=DIRECTION('',(-1.,0.,0.));
#6762=DIRECTION('',(0.,0.,-1.));
#6763=DIRECTION('',(-1.,0.,0.));
#6764=DIRECTION('',(0.,0.,1.));
#6765=DIRECTION('',(1.,0.,0.));
#6766=DIRECTION('',(0.,0.,-1.));
#6767=DIRECTION('',(1.,0.,0.));
#6768=DIRECTION('',(0.,0.,1.));
#6769=DIRECTION('',(1.,0.,0.));
#6770=DIRECTION('',(0.,0.,1.));
#6771=DIRECTION('',(1.,0.,0.));
#6772=DIRECTION('',(0.,0.,1.));
#6773=DIRECTION('',(1.,0.,0.));
#6774=DIRECTION('',(0.,0.,1.));
#6775=DIRECTION('',(-1.,0.,0.));
#6776=DIRECTION('',(0.,0.,-1.));
#6777=DIRECTION('',(0.,-1.,0.));
#6778=DIRECTION('',(0.,0.,1.));
#6779=DIRECTION('',(1.,0.,0.));
#6780=DIRECTION('',(0.,0.,1.));
#6781=DIRECTION('',(1.,0.,0.));
#6782=DIRECTION('',(0.,0.,1.));
#6783=DIRECTION('',(1.,0.,0.));
#6784=DIRECTION('',(0.,0.,1.));
#6785=DIRECTION('',(1.,0.,0.));
#6786=DIRECTION('',(0.,0.,1.));
#6787=DIRECTION('',(1.,0.,0.));
#6788=DIRECTION('',(0.,0.,1.));
#6789=DIRECTION('',(1.,0.,0.));
#6790=DIRECTION('',(0.,0.,1.));
#6791=DIRECTION('',(1.,0.,0.));
#6792=DIRECTION('',(0.,0.,1.));
#6793=DIRECTION('',(1.,0.,0.));
#6794=DIRECTION('',(0.990328603990952,0.138741688462167,0.));
#6795=DIRECTION('',(-0.138741688454791,0.990328603991985,-2.79149078868264E-26));
#6796=DIRECTION('',(-0.990328603991985,-0.138741688454791,1.09843862982722E-39));
#6797=DIRECTION('',(0.,0.,1.));
#6798=DIRECTION('',(1.,0.,0.));
#6799=DIRECTION('',(0.,0.,-1.));
#6800=DIRECTION('',(-1.,0.,0.));
#6801=DIRECTION('',(0.,0.,-1.));
#6802=DIRECTION('',(1.,0.,0.));
#6803=DIRECTION('',(0.,0.,-1.));
#6804=DIRECTION('',(1.,0.,0.));
#6805=DIRECTION('',(0.,0.,-1.));
#6806=DIRECTION('',(-1.,0.,0.));
#6807=DIRECTION('',(0.,0.,-1.));
#6808=DIRECTION('',(-1.,0.,0.));
#6809=DIRECTION('',(0.,0.,-1.));
#6810=DIRECTION('',(-1.,0.,0.));
#6811=DIRECTION('',(0.,0.,-1.));
#6812=DIRECTION('',(1.,0.,0.));
#6813=DIRECTION('',(0.,0.,-1.));
#6814=DIRECTION('',(-1.,0.,0.));
#6815=DIRECTION('',(0.,0.,1.));
#6816=DIRECTION('',(1.,0.,0.));
#6817=DIRECTION('',(0.,0.,1.));
#6818=DIRECTION('',(-1.,0.,0.));
#6819=DIRECTION('',(0.,0.,1.));
#6820=DIRECTION('',(1.,0.,0.));
#6821=DIRECTION('',(0.,0.,1.));
#6822=DIRECTION('',(1.,0.,0.));
#6823=DIRECTION('',(0.,0.,1.));
#6824=DIRECTION('',(1.,0.,0.));
#6825=DIRECTION('',(0.,0.,1.));
#6826=DIRECTION('',(-1.,0.,0.));
#6827=DIRECTION('',(0.,0.,1.));
#6828=DIRECTION('',(-1.,0.,0.));
#6829=DIRECTION('',(0.,0.,1.));
#6830=DIRECTION('',(1.,0.,0.));
#6831=DIRECTION('',(0.,0.,1.));
#6832=DIRECTION('',(1.,0.,0.));
#6833=DIRECTION('',(0.,0.,1.));
#6834=DIRECTION('',(1.,0.,0.));
#6835=DIRECTION('',(0.,0.,-1.));
#6836=DIRECTION('',(-1.,0.,0.));
#6837=DIRECTION('',(0.,0.,-1.));
#6838=DIRECTION('',(1.,0.,0.));
#6839=DIRECTION('',(0.,0.,-1.));
#6840=DIRECTION('',(1.,0.,0.));
#6841=DIRECTION('',(0.,0.,-1.));
#6842=DIRECTION('',(-1.,0.,0.));
#6843=DIRECTION('',(0.,0.,-1.));
#6844=DIRECTION('',(-1.,0.,0.));
#6845=DIRECTION('',(0.,0.,-1.));
#6846=DIRECTION('',(-1.,0.,0.));
#6847=DIRECTION('',(0.,0.,-1.));
#6848=DIRECTION('',(1.,0.,0.));
#6849=DIRECTION('',(0.,0.,-1.));
#6850=DIRECTION('',(-1.,0.,0.));
#6851=DIRECTION('',(0.,0.,1.));
#6852=DIRECTION('',(1.,0.,0.));
#6853=DIRECTION('',(0.,0.,-1.));
#6854=DIRECTION('',(-1.,0.,0.));
#6855=DIRECTION('',(0.,0.,-1.));
#6856=DIRECTION('',(1.,0.,0.));
#6857=DIRECTION('',(0.,0.,-1.));
#6858=DIRECTION('',(1.,0.,0.));
#6859=DIRECTION('',(0.,0.,-1.));
#6860=DIRECTION('',(-1.,0.,0.));
#6861=DIRECTION('',(0.,0.,-1.));
#6862=DIRECTION('',(-1.,0.,0.));
#6863=DIRECTION('',(0.,0.,-1.));
#6864=DIRECTION('',(-1.,0.,0.));
#6865=DIRECTION('',(0.,0.,-1.));
#6866=DIRECTION('',(1.,0.,0.));
#6867=DIRECTION('',(0.,0.,-1.));
#6868=DIRECTION('',(-1.,0.,0.));
#6869=DIRECTION('',(0.,0.,1.));
#6870=DIRECTION('',(1.,0.,0.));
#6871=DIRECTION('',(0.,0.,1.));
#6872=DIRECTION('',(-1.,0.,0.));
#6873=DIRECTION('',(0.,0.,1.));
#6874=DIRECTION('',(1.,0.,0.));
#6875=DIRECTION('',(0.,0.,1.));
#6876=DIRECTION('',(1.,0.,0.));
#6877=DIRECTION('',(0.,0.,1.));
#6878=DIRECTION('',(1.,0.,0.));
#6879=DIRECTION('',(0.,0.,1.));
#6880=DIRECTION('',(-1.,0.,0.));
#6881=DIRECTION('',(0.,0.,1.));
#6882=DIRECTION('',(-1.,0.,0.));
#6883=DIRECTION('',(0.,0.,1.));
#6884=DIRECTION('',(1.,0.,0.));
#6885=DIRECTION('',(0.,0.,1.));
#6886=DIRECTION('',(1.,0.,0.));
#6887=DIRECTION('',(0.,0.,1.));
#6888=DIRECTION('',(1.,0.,0.));
#6889=DIRECTION('',(0.,0.,1.));
#6890=DIRECTION('',(-1.,0.,0.));
#6891=DIRECTION('',(0.,0.,1.));
#6892=DIRECTION('',(1.,0.,0.));
#6893=DIRECTION('',(0.,0.,1.));
#6894=DIRECTION('',(1.,0.,0.));
#6895=DIRECTION('',(0.,0.,1.));
#6896=DIRECTION('',(1.,0.,0.));
#6897=DIRECTION('',(0.,0.,1.));
#6898=DIRECTION('',(-1.,0.,0.));
#6899=DIRECTION('',(0.,0.,1.));
#6900=DIRECTION('',(-1.,0.,0.));
#6901=DIRECTION('',(0.,0.,1.));
#6902=DIRECTION('',(1.,0.,0.));
#6903=DIRECTION('',(0.,0.,1.));
#6904=DIRECTION('',(1.,0.,0.));
#6905=DIRECTION('',(0.,0.,1.));
#6906=DIRECTION('',(1.,0.,0.));
#6907=DIRECTION('',(0.,0.,1.));
#6908=DIRECTION('',(-1.,0.,0.));
#6909=DIRECTION('',(0.,0.,1.));
#6910=DIRECTION('',(1.,0.,0.));
#6911=DIRECTION('',(0.,0.,1.));
#6912=DIRECTION('',(1.,0.,0.));
#6913=DIRECTION('',(0.,0.,1.));
#6914=DIRECTION('',(1.,0.,0.));
#6915=DIRECTION('',(0.,0.,1.));
#6916=DIRECTION('',(-1.,0.,0.));
#6917=DIRECTION('',(0.,0.,1.));
#6918=DIRECTION('',(-1.,0.,0.));
#6919=DIRECTION('',(0.,0.,1.));
#6920=DIRECTION('',(1.,0.,0.));
#6921=DIRECTION('',(0.,0.,1.));
#6922=DIRECTION('',(1.,0.,0.));
#6923=DIRECTION('',(0.,0.,1.));
#6924=DIRECTION('',(1.,0.,0.));
#6925=DIRECTION('',(0.,0.,-1.));
#6926=DIRECTION('',(-1.,0.,0.));
#6927=DIRECTION('',(0.,0.,-1.));
#6928=DIRECTION('',(1.,0.,0.));
#6929=DIRECTION('',(0.,0.,-1.));
#6930=DIRECTION('',(1.,0.,0.));
#6931=DIRECTION('',(0.,0.,-1.));
#6932=DIRECTION('',(-1.,0.,0.));
#6933=DIRECTION('',(0.,0.,-1.));
#6934=DIRECTION('',(-1.,0.,0.));
#6935=DIRECTION('',(0.,0.,-1.));
#6936=DIRECTION('',(-1.,0.,0.));
#6937=DIRECTION('',(0.,0.,-1.));
#6938=DIRECTION('',(1.,0.,0.));
#6939=DIRECTION('',(0.,0.,-1.));
#6940=DIRECTION('',(-1.,0.,0.));
#6941=DIRECTION('',(0.,0.,1.));
#6942=DIRECTION('',(1.,0.,0.));
#6943=DIRECTION('',(0.,0.,1.));
#6944=DIRECTION('',(-1.,0.,0.));
#6945=DIRECTION('',(0.,0.,1.));
#6946=DIRECTION('',(1.,0.,0.));
#6947=DIRECTION('',(0.,0.,1.));
#6948=DIRECTION('',(1.,0.,0.));
#6949=DIRECTION('',(0.,0.,1.));
#6950=DIRECTION('',(1.,0.,0.));
#6951=DIRECTION('',(0.,0.,1.));
#6952=DIRECTION('',(-1.,0.,0.));
#6953=DIRECTION('',(0.,0.,1.));
#6954=DIRECTION('',(-1.,0.,0.));
#6955=DIRECTION('',(0.,0.,1.));
#6956=DIRECTION('',(1.,0.,0.));
#6957=DIRECTION('',(0.,0.,1.));
#6958=DIRECTION('',(1.,0.,0.));
#6959=DIRECTION('',(0.,0.,1.));
#6960=DIRECTION('',(1.,0.,0.));
#6961=DIRECTION('',(0.,0.,-1.));
#6962=DIRECTION('',(-1.,0.,0.));
#6963=DIRECTION('',(0.,0.,-1.));
#6964=DIRECTION('',(1.,0.,0.));
#6965=DIRECTION('',(0.,0.,-1.));
#6966=DIRECTION('',(1.,0.,0.));
#6967=DIRECTION('',(0.,0.,-1.));
#6968=DIRECTION('',(-1.,0.,0.));
#6969=DIRECTION('',(0.,0.,-1.));
#6970=DIRECTION('',(-1.,0.,0.));
#6971=DIRECTION('',(0.,0.,-1.));
#6972=DIRECTION('',(-1.,0.,0.));
#6973=DIRECTION('',(0.,0.,-1.));
#6974=DIRECTION('',(1.,0.,0.));
#6975=DIRECTION('',(0.,0.,-1.));
#6976=DIRECTION('',(-1.,0.,0.));
#6977=DIRECTION('',(0.,0.,1.));
#6978=DIRECTION('',(1.,0.,0.));
#6979=DIRECTION('',(0.,0.,-1.));
#6980=DIRECTION('',(-1.,0.,0.));
#6981=DIRECTION('',(0.,0.,-1.));
#6982=DIRECTION('',(1.,0.,0.));
#6983=DIRECTION('',(0.,0.,-1.));
#6984=DIRECTION('',(1.,0.,0.));
#6985=DIRECTION('',(0.,0.,-1.));
#6986=DIRECTION('',(-1.,0.,0.));
#6987=DIRECTION('',(0.,0.,-1.));
#6988=DIRECTION('',(-1.,0.,0.));
#6989=DIRECTION('',(0.,0.,-1.));
#6990=DIRECTION('',(-1.,0.,0.));
#6991=DIRECTION('',(0.,0.,-1.));
#6992=DIRECTION('',(1.,0.,0.));
#6993=DIRECTION('',(0.,0.,-1.));
#6994=DIRECTION('',(-1.,0.,0.));
#6995=DIRECTION('',(0.,0.,1.));
#6996=DIRECTION('',(1.,0.,0.));
#6997=DIRECTION('',(0.,0.,-1.));
#6998=DIRECTION('',(-1.,0.,0.));
#6999=DIRECTION('',(0.,0.,-1.));
#7000=DIRECTION('',(1.,0.,0.));
#7001=DIRECTION('',(0.,0.,-1.));
#7002=DIRECTION('',(1.,0.,0.));
#7003=DIRECTION('',(0.,0.,-1.));
#7004=DIRECTION('',(-1.,0.,0.));
#7005=DIRECTION('',(0.,0.,-1.));
#7006=DIRECTION('',(-1.,0.,0.));
#7007=DIRECTION('',(0.,0.,-1.));
#7008=DIRECTION('',(-1.,0.,0.));
#7009=DIRECTION('',(0.,0.,-1.));
#7010=DIRECTION('',(1.,0.,0.));
#7011=DIRECTION('',(0.,0.,-1.));
#7012=DIRECTION('',(-1.,0.,0.));
#7013=DIRECTION('',(0.,0.,1.));
#7014=DIRECTION('',(1.,0.,0.));
#7015=DIRECTION('',(0.,0.,1.));
#7016=DIRECTION('',(-1.,0.,0.));
#7017=DIRECTION('',(0.,0.,1.));
#7018=DIRECTION('',(1.,0.,0.));
#7019=DIRECTION('',(0.,0.,1.));
#7020=DIRECTION('',(1.,0.,0.));
#7021=DIRECTION('',(0.,0.,1.));
#7022=DIRECTION('',(1.,0.,0.));
#7023=DIRECTION('',(0.,0.,1.));
#7024=DIRECTION('',(-1.,0.,0.));
#7025=DIRECTION('',(0.,0.,1.));
#7026=DIRECTION('',(-1.,0.,0.));
#7027=DIRECTION('',(0.,0.,1.));
#7028=DIRECTION('',(1.,0.,0.));
#7029=DIRECTION('',(0.,0.,1.));
#7030=DIRECTION('',(1.,0.,0.));
#7031=DIRECTION('',(0.,0.,1.));
#7032=DIRECTION('',(1.,0.,0.));
#7033=DIRECTION('',(0.,0.,-1.));
#7034=DIRECTION('',(-1.,0.,0.));
#7035=DIRECTION('',(0.,0.,-1.));
#7036=DIRECTION('',(1.,0.,0.));
#7037=DIRECTION('',(0.,0.,-1.));
#7038=DIRECTION('',(1.,0.,0.));
#7039=DIRECTION('',(0.,0.,-1.));
#7040=DIRECTION('',(-1.,0.,0.));
#7041=DIRECTION('',(0.,0.,-1.));
#7042=DIRECTION('',(-1.,0.,0.));
#7043=DIRECTION('',(0.,0.,-1.));
#7044=DIRECTION('',(-1.,0.,0.));
#7045=DIRECTION('',(0.,0.,-1.));
#7046=DIRECTION('',(1.,0.,0.));
#7047=DIRECTION('',(0.,0.,-1.));
#7048=DIRECTION('',(-1.,0.,0.));
#7049=DIRECTION('',(0.,0.,1.));
#7050=DIRECTION('',(1.,0.,0.));
#7051=DIRECTION('',(0.,0.,1.));
#7052=DIRECTION('',(-1.,0.,0.));
#7053=DIRECTION('',(0.,0.,1.));
#7054=DIRECTION('',(1.,0.,0.));
#7055=DIRECTION('',(0.,0.,1.));
#7056=DIRECTION('',(1.,0.,0.));
#7057=DIRECTION('',(0.,0.,1.));
#7058=DIRECTION('',(1.,0.,0.));
#7059=DIRECTION('',(0.,0.,1.));
#7060=DIRECTION('',(-1.,0.,0.));
#7061=DIRECTION('',(0.,0.,1.));
#7062=DIRECTION('',(-1.,0.,0.));
#7063=DIRECTION('',(0.,0.,1.));
#7064=DIRECTION('',(1.,0.,0.));
#7065=DIRECTION('',(0.,0.,1.));
#7066=DIRECTION('',(1.,0.,0.));
#7067=DIRECTION('',(0.,0.,1.));
#7068=DIRECTION('',(1.,0.,0.));
#7069=CARTESIAN_POINT('',(0.,0.,0.));
#7070=CARTESIAN_POINT('',(0.,0.,0.003875));
#7071=CARTESIAN_POINT('',(0.,0.,0.003875));
#7072=CARTESIAN_POINT('',(0.001458421353703,0.,0.003875));
#7073=CARTESIAN_POINT('',(0.,0.,0.003875));
#7074=CARTESIAN_POINT('',(0.001708421353703,0.,0.003875));
#7075=CARTESIAN_POINT('',(0.,0.,0.005));
#7076=CARTESIAN_POINT('',(0.,0.,0.004125));
#7077=CARTESIAN_POINT('',(-0.001708421353703,0.,0.004125));
#7078=CARTESIAN_POINT('',(0.,0.,0.004125));
#7079=CARTESIAN_POINT('',(0.,0.,0.004125));
#7080=CARTESIAN_POINT('',(0.001458421353703,0.,0.004125));
#7081=CARTESIAN_POINT('',(0.,0.,0.005));
#7082=CARTESIAN_POINT('',(0.,0.,0.));
#7083=CARTESIAN_POINT('',(0.,0.,0.006272929351722));
#7084=CARTESIAN_POINT('',(0.,0.,0.006272929351722));
#7085=CARTESIAN_POINT('',(0.002767347299797,0.,0.006272929351722));
#7086=CARTESIAN_POINT('',(0.,0.,0.006272929351722));
#7087=CARTESIAN_POINT('',(0.003021488596353,0.,0.006272929351722));
#7088=CARTESIAN_POINT('',(0.,0.,0.0054));
#7089=CARTESIAN_POINT('',(0.,0.,0.006527070648278));
#7090=CARTESIAN_POINT('',(-0.002767347299797,0.,0.006527070648278));
#7091=CARTESIAN_POINT('',(0.,0.,0.006527070648278));
#7092=CARTESIAN_POINT('',(0.,0.,0.006527070648278));
#7093=CARTESIAN_POINT('',(0.003021488596353,0.,0.006527070648278));
#7094=CARTESIAN_POINT('',(0.,0.,0.0054));
#7095=CARTESIAN_POINT('',(0.,0.,0.));
#7096=CARTESIAN_POINT('',(0.,0.,0.005458392097237));
#7097=CARTESIAN_POINT('',(0.,0.,0.005458392097237));
#7098=CARTESIAN_POINT('',(0.005079103006532,0.,0.005458392097237));
#7099=CARTESIAN_POINT('',(0.,0.,0.005458392097237));
#7100=CARTESIAN_POINT('',(0.005325211059675,0.,0.005458392097237));
#7101=CARTESIAN_POINT('',(0.,0.,0.0066));
#7102=CARTESIAN_POINT('',(0.,0.,0.005741607902763));
#7103=CARTESIAN_POINT('',(-0.005325211059675,0.,0.005741607902763));
#7104=CARTESIAN_POINT('',(0.,0.,0.005741607902763));
#7105=CARTESIAN_POINT('',(0.,0.,0.005741607902763));
#7106=CARTESIAN_POINT('',(0.005079103006532,0.,0.005741607902763));
#7107=CARTESIAN_POINT('',(0.,0.,0.0066));
#7108=CARTESIAN_POINT('',(0.,0.,0.));
#7109=CARTESIAN_POINT('',(0.,0.,0.004658392097237));
#7110=CARTESIAN_POINT('',(0.,0.,0.004658392097237));
#7111=CARTESIAN_POINT('',(0.005079103006532,0.,0.004658392097237));
#7112=CARTESIAN_POINT('',(0.,0.,0.004658392097237));
#7113=CARTESIAN_POINT('',(0.005325211059675,0.,0.004658392097237));
#7114=CARTESIAN_POINT('',(0.,0.,0.0058));
#7115=CARTESIAN_POINT('',(0.,0.,0.004941607902763));
#7116=CARTESIAN_POINT('',(-0.005325211059675,0.,0.004941607902763));
#7117=CARTESIAN_POINT('',(0.,0.,0.004941607902763));
#7118=CARTESIAN_POINT('',(0.,0.,0.004941607902763));
#7119=CARTESIAN_POINT('',(0.005079103006532,0.,0.004941607902763));
#7120=CARTESIAN_POINT('',(0.,0.,0.0058));
#7121=CARTESIAN_POINT('',(0.,0.,0.));
#7122=CARTESIAN_POINT('',(0.,0.,0.006258392097237));
#7123=CARTESIAN_POINT('',(0.,0.,0.006258392097237));
#7124=CARTESIAN_POINT('',(0.005079103006532,0.,0.006258392097237));
#7125=CARTESIAN_POINT('',(0.,0.,0.006258392097237));
#7126=CARTESIAN_POINT('',(0.005325211059675,0.,0.006258392097237));
#7127=CARTESIAN_POINT('',(0.,0.,0.0074));
#7128=CARTESIAN_POINT('',(0.,0.,0.006541607902763));
#7129=CARTESIAN_POINT('',(-0.005325211059675,0.,0.006541607902763));
#7130=CARTESIAN_POINT('',(0.,0.,0.006541607902763));
#7131=CARTESIAN_POINT('',(0.,0.,0.006541607902763));
#7132=CARTESIAN_POINT('',(0.005079103006532,0.,0.006541607902763));
#7133=CARTESIAN_POINT('',(0.,0.,0.0074));
#7134=CARTESIAN_POINT('',(0.,0.,0.));
#7135=CARTESIAN_POINT('',(0.00183147621600401,0.00847966799618512,0.008));
#7136=CARTESIAN_POINT('',(0.00183147621600401,0.00847966799618512,0.00801));
#7137=CARTESIAN_POINT('',(0.0019611407950234,0.00846345984653444,0.008));
#7138=CARTESIAN_POINT('',(0.0019611407950234,0.00846345984653444,0.00801));
#7139=CARTESIAN_POINT('',(0.00224146128700232,0.0085237585444033,0.008));
#7140=CARTESIAN_POINT('',(0.00224146128700232,0.0085237585444033,0.00801));
#7141=CARTESIAN_POINT('',(0.00247707968503362,0.00889123495390692,0.008));
#7142=CARTESIAN_POINT('',(0.00247707968503362,0.00889123495390692,0.00801));
#7143=CARTESIAN_POINT('',(0.00239668783182886,0.00931386869137077,0.008));
#7144=CARTESIAN_POINT('',(0.00239668783182886,0.00931386869137077,0.00801));
#7145=CARTESIAN_POINT('',(0.00216333750894811,0.00948019826760473,0.008));
#7146=CARTESIAN_POINT('',(0.00216333750894811,0.00948019826760473,0.00801));
#7147=CARTESIAN_POINT('',(0.00203680915460253,0.00951285072100732,0.008));
#7148=CARTESIAN_POINT('',(0.00203680915460253,0.00951285072100732,0.00801));
#7149=CARTESIAN_POINT('',(0.002036809154693,0.009512850720984,0.008));
#7150=CARTESIAN_POINT('',(0.002036809154693,0.009512850720984,0.008));
#7151=CARTESIAN_POINT('',(0.002036809154693,0.009512850720984,0.00801));
#7152=CARTESIAN_POINT('',(0.001831476216004,0.008479667996185,0.00801));
#7153=CARTESIAN_POINT('',(0.001856364411483,0.008476556956918,0.00801));
#7154=CARTESIAN_POINT('',(0.002015975281747,0.008458664198264,0.00801));
#7155=CARTESIAN_POINT('',(0.002322219721459,0.008590008135886,0.00801));
#7156=CARTESIAN_POINT('',(0.002487221838388,0.008993596911518,0.00801));
#7157=CARTESIAN_POINT('',(0.002344653100525,0.00936443805717,0.00801));
#7158=CARTESIAN_POINT('',(0.002134951374971,0.009487523715876,0.00801));
#7159=CARTESIAN_POINT('',(0.002036809154693,0.009512850720984,0.00801));
#7160=CARTESIAN_POINT('',(0.001831476216004,0.008479667996185,0.00801));
#7161=CARTESIAN_POINT('',(0.00183167520971177,0.0084795215170944,0.008));
#7162=CARTESIAN_POINT('',(0.00183167520971177,0.0084795215170944,0.00800333333333333));
#7163=CARTESIAN_POINT('',(0.00183167520971177,0.0084795215170944,0.00800666666666666));
#7164=CARTESIAN_POINT('',(0.00183167520971177,0.0084795215170944,0.00801));
#7165=CARTESIAN_POINT('',(0.001831476216004,0.008479667996185,0.008));
#7166=CARTESIAN_POINT('',(0.001831476216004,0.008479667996185,0.008));
#7167=CARTESIAN_POINT('',(0.001856364411483,0.008476556956918,0.008));
#7168=CARTESIAN_POINT('',(0.002015975281747,0.008458664198264,0.008));
#7169=CARTESIAN_POINT('',(0.002322219721459,0.008590008135886,0.008));
#7170=CARTESIAN_POINT('',(0.002487221838388,0.008993596911518,0.008));
#7171=CARTESIAN_POINT('',(0.002344653100525,0.00936443805717,0.008));
#7172=CARTESIAN_POINT('',(0.002134951374971,0.009487523715876,0.008));
#7173=CARTESIAN_POINT('',(0.002036809154693,0.009512850720984,0.008));
#7174=CARTESIAN_POINT('',(0.00203680915534501,0.00951285071897893,0.008));
#7175=CARTESIAN_POINT('',(0.00203680915534501,0.00951285071897893,0.00801));
#7176=CARTESIAN_POINT('',(0.00199177040126143,0.00965143148443951,0.008));
#7177=CARTESIAN_POINT('',(0.00199177040126143,0.00965143148443951,0.00801));
#7178=CARTESIAN_POINT('',(0.00163976164947955,0.0098646111266747,0.008));
#7179=CARTESIAN_POINT('',(0.00163976164947955,0.0098646111266747,0.00801));
#7180=CARTESIAN_POINT('',(0.0014012550012397,0.00952167799693708,0.008));
#7181=CARTESIAN_POINT('',(0.0014012550012397,0.00952167799693708,0.00801));
#7182=CARTESIAN_POINT('',(0.00140125500123589,0.0093759621159124,0.008));
#7183=CARTESIAN_POINT('',(0.00140125500123589,0.0093759621159124,0.00801));
#7184=CARTESIAN_POINT('',(0.001401255001236,0.009375962115914,0.008));
#7185=CARTESIAN_POINT('',(0.001401255001236,0.009375962115914,0.008));
#7186=CARTESIAN_POINT('',(0.001401255001236,0.009375962115914,0.00801));
#7187=CARTESIAN_POINT('',(0.002036809154693,0.009512850720984,0.00801));
#7188=CARTESIAN_POINT('',(0.001997578405983,0.009633560699304,0.00801));
#7189=CARTESIAN_POINT('',(0.001695911862895,0.009866542587501,0.00801));
#7190=CARTESIAN_POINT('',(0.001395463619762,0.009550865726649,0.00801));
#7191=CARTESIAN_POINT('',(0.001401255001236,0.009386826288946,0.00801));
#7192=CARTESIAN_POINT('',(0.001401255001236,0.009375962115914,0.00801));
#7193=CARTESIAN_POINT('',(0.002036809154693,0.009512850720984,0.008));
#7194=CARTESIAN_POINT('',(0.001997578405983,0.009633560699304,0.008));
#7195=CARTESIAN_POINT('',(0.001695911862895,0.009866542587501,0.008));
#7196=CARTESIAN_POINT('',(0.001395463619762,0.009550865726649,0.008));
#7197=CARTESIAN_POINT('',(0.001401255001236,0.009386826288946,0.008));
#7198=CARTESIAN_POINT('',(0.001401255001236,0.009375962115914,0.008));
#7199=CARTESIAN_POINT('',(0.00117310736756372,0.00925536980147599,0.00799999999468128));
#7200=CARTESIAN_POINT('',(0.000944959733892,0.009134777487038,0.008));
#7201=CARTESIAN_POINT('',(0.000944959733892,0.009134777487038,0.008));
#7202=CARTESIAN_POINT('',(0.000944959733892,0.009134777487038,0.00801));
#7203=CARTESIAN_POINT('',(0.001173107367564,0.009255369801476,0.00801));
#7204=CARTESIAN_POINT('',(0.001173107367564,0.009255369801476,0.008));
#7205=CARTESIAN_POINT('',(0.000995478113624999,0.00904840729278429,0.00799999999468128));
#7206=CARTESIAN_POINT('',(0.001045996493359,0.008962037098531,0.008));
#7207=CARTESIAN_POINT('',(0.001045996493359,0.008962037098531,0.008));
#7208=CARTESIAN_POINT('',(0.001045996493359,0.008962037098531,0.00801));
#7209=CARTESIAN_POINT('',(0.0009954781136255,0.0090484072927845,0.00801));
#7210=CARTESIAN_POINT('',(0.0009954781136255,0.0090484072927845,0.008));
#7211=CARTESIAN_POINT('',(0.00126436636508446,0.0090761109153655,0.00799999999468128));
#7212=CARTESIAN_POINT('',(0.00148273623681,0.0091901847322,0.008));
#7213=CARTESIAN_POINT('',(0.00148273623681,0.0091901847322,0.008));
#7214=CARTESIAN_POINT('',(0.00148273623681,0.0091901847322,0.00801));
#7215=CARTESIAN_POINT('',(0.0012643663650845,0.0090761109153655,0.00801));
#7216=CARTESIAN_POINT('',(0.0012643663650845,0.0090761109153655,0.008));
#7217=CARTESIAN_POINT('',(0.00148273623664704,0.00919018473239068,0.008));
#7218=CARTESIAN_POINT('',(0.00148273623664704,0.00919018473239068,0.00801));
#7219=CARTESIAN_POINT('',(0.00155245062121872,0.00910885123433636,0.008));
#7220=CARTESIAN_POINT('',(0.00155245062121872,0.00910885123433636,0.00801));
#7221=CARTESIAN_POINT('',(0.00179049854044538,0.00902057067322949,0.008));
#7222=CARTESIAN_POINT('',(0.00179049854044538,0.00902057067322949,0.00801));
#7223=CARTESIAN_POINT('',(0.00199651698839465,0.00919396313648901,0.008));
#7224=CARTESIAN_POINT('',(0.00199651698839465,0.00919396313648901,0.00801));
#7225=CARTESIAN_POINT('',(0.00203354979721338,0.00929448081847722,0.008));
#7226=CARTESIAN_POINT('',(0.00203354979721338,0.00929448081847722,0.00801));
#7227=CARTESIAN_POINT('',(0.002033549797102,0.009294480818173,0.008));
#7228=CARTESIAN_POINT('',(0.002033549797102,0.009294480818173,0.008));
#7229=CARTESIAN_POINT('',(0.002033549797102,0.009294480818173,0.00801));
#7230=CARTESIAN_POINT('',(0.00148273623681,0.0091901847322,0.00801));
#7231=CARTESIAN_POINT('',(0.001540957975904,0.009122259328796,0.00801));
#7232=CARTESIAN_POINT('',(0.001762687789171,0.009014320771471,0.00801));
#7233=CARTESIAN_POINT('',(0.001990412007883,0.00917739246599,0.00801));
#7234=CARTESIAN_POINT('',(0.002033549797102,0.009294480818173,0.00801));
#7235=CARTESIAN_POINT('',(0.00148273623681,0.0091901847322,0.008));
#7236=CARTESIAN_POINT('',(0.001540957975904,0.009122259328796,0.008));
#7237=CARTESIAN_POINT('',(0.001762687789171,0.009014320771471,0.008));
#7238=CARTESIAN_POINT('',(0.001990412007883,0.00917739246599,0.008));
#7239=CARTESIAN_POINT('',(0.002033549797102,0.009294480818173,0.008));
#7240=CARTESIAN_POINT('',(0.00203354978871035,0.00929448082200928,0.008));
#7241=CARTESIAN_POINT('',(0.00203354978871035,0.00929448082200928,0.00801));
#7242=CARTESIAN_POINT('',(0.00210922087718679,0.00925988831918836,0.008));
#7243=CARTESIAN_POINT('',(0.00210922087718679,0.00925988831918836,0.00801));
#7244=CARTESIAN_POINT('',(0.00224840086327595,0.00911633821753494,0.008));
#7245=CARTESIAN_POINT('',(0.00224840086327595,0.00911633821753494,0.00801));
#7246=CARTESIAN_POINT('',(0.00221976642925038,0.00883876957087092,0.008));
#7247=CARTESIAN_POINT('',(0.00221976642925038,0.00883876957087092,0.00801));
#7248=CARTESIAN_POINT('',(0.00197880186525418,0.00863978350866794,0.008));
#7249=CARTESIAN_POINT('',(0.00197880186525418,0.00863978350866794,0.00801));
#7250=CARTESIAN_POINT('',(0.00180178546562624,0.00867478558023881,0.008));
#7251=CARTESIAN_POINT('',(0.00180178546562624,0.00867478558023881,0.00801));
#7252=CARTESIAN_POINT('',(0.00173043939273589,0.0087175932062944,0.008));
#7253=CARTESIAN_POINT('',(0.00173043939273589,0.0087175932062944,0.00801));
#7254=CARTESIAN_POINT('',(0.001730439394376,0.008717593205311,0.008));
#7255=CARTESIAN_POINT('',(0.001730439394376,0.008717593205311,0.008));
#7256=CARTESIAN_POINT('',(0.001730439394376,0.008717593205311,0.00801));
#7257=CARTESIAN_POINT('',(0.002033549797102,0.009294480818173,0.00801));
#7258=CARTESIAN_POINT('',(0.002142075563297,0.009244869027514,0.00801));
#7259=CARTESIAN_POINT('',(0.002350687379365,0.008957586886335,0.00801));
#7260=CARTESIAN_POINT('',(0.001996632196291,0.008613253008051,0.00801));
#7261=CARTESIAN_POINT('',(0.001781753291457,0.008686804880108,0.00801));
#7262=CARTESIAN_POINT('',(0.001730439394376,0.008717593205311,0.00801));
#7263=CARTESIAN_POINT('',(0.002033549797102,0.009294480818173,0.008));
#7264=CARTESIAN_POINT('',(0.002142075563297,0.009244869027514,0.008));
#7265=CARTESIAN_POINT('',(0.002350687379365,0.008957586886335,0.008));
#7266=CARTESIAN_POINT('',(0.001996632196291,0.008613253008051,0.008));
#7267=CARTESIAN_POINT('',(0.001781753291457,0.008686804880108,0.008));
#7268=CARTESIAN_POINT('',(0.001730439394376,0.008717593205311,0.008));
#7269=CARTESIAN_POINT('',(0.00173043939439269,0.00871759320536042,0.008));
#7270=CARTESIAN_POINT('',(0.00173043939439269,0.00871759320536042,0.00801));
#7271=CARTESIAN_POINT('',(0.00166891331825218,0.00853625314587995,0.008));
#7272=CARTESIAN_POINT('',(0.00166891331825218,0.00853625314587995,0.00801));
#7273=CARTESIAN_POINT('',(0.00124449496423634,0.0082362483243496,0.008));
#7274=CARTESIAN_POINT('',(0.00124449496423634,0.0082362483243496,0.00801));
#7275=CARTESIAN_POINT('',(0.000859147834086401,0.00862185685496397,0.008));
#7276=CARTESIAN_POINT('',(0.000859147834086401,0.00862185685496397,0.00801));
#7277=CARTESIAN_POINT('',(0.000837404445734558,0.00881211168481248,0.008));
#7278=CARTESIAN_POINT('',(0.000837404445734558,0.00881211168481248,0.00801));
#7279=CARTESIAN_POINT('',(0.000837404445741,0.008812111684751,0.008));
#7280=CARTESIAN_POINT('',(0.000837404445741,0.008812111684751,0.008));
#7281=CARTESIAN_POINT('',(0.000837404445741,0.008812111684751,0.00801));
#7282=CARTESIAN_POINT('',(0.001730439394376,0.008717593205311,0.00801));
#7283=CARTESIAN_POINT('',(0.00167290029856,0.008548004248769,0.00801));
#7284=CARTESIAN_POINT('',(0.001268035292653,0.008233179873944,0.00801));
#7285=CARTESIAN_POINT('',(0.000860556837718,0.008609528061757,0.00801));
#7286=CARTESIAN_POINT('',(0.000837404445741,0.008812111684751,0.00801));
#7287=CARTESIAN_POINT('',(0.001730439394376,0.008717593205311,0.008));
#7288=CARTESIAN_POINT('',(0.00167290029856,0.008548004248769,0.008));
#7289=CARTESIAN_POINT('',(0.001268035292653,0.008233179873944,0.008));
#7290=CARTESIAN_POINT('',(0.000860556837718,0.008609528061757,0.008));
#7291=CARTESIAN_POINT('',(0.000837404445741,0.008812111684751,0.008));
#7292=CARTESIAN_POINT('',(0.000837404445743533,0.00881211168475085,0.008));
#7293=CARTESIAN_POINT('',(0.000837404445743533,0.00881211168475085,0.00801));
#7294=CARTESIAN_POINT('',(0.000715476115609047,0.00881211168475155,0.008));
#7295=CARTESIAN_POINT('',(0.000715476115609047,0.00881211168475155,0.00801));
#7296=CARTESIAN_POINT('',(0.000424126475045853,0.00902909189350442,0.008));
#7297=CARTESIAN_POINT('',(0.000424126475045853,0.00902909189350442,0.00801));
#7298=CARTESIAN_POINT('',(0.000670171764333719,0.00931165716887541,0.008));
#7299=CARTESIAN_POINT('',(0.000670171764333719,0.00931165716887541,0.00801));
#7300=CARTESIAN_POINT('',(0.000791775001565985,0.00932055493349764,0.008));
#7301=CARTESIAN_POINT('',(0.000791775001565985,0.00932055493349764,0.00801));
#7302=CARTESIAN_POINT('',(0.000791774993604,0.009320554932915,0.008));
#7303=CARTESIAN_POINT('',(0.000791774993604,0.009320554932915,0.008));
#7304=CARTESIAN_POINT('',(0.000791774993604,0.009320554932915,0.00801));
#7305=CARTESIAN_POINT('',(0.000837404445741,0.008812111684751,0.00801));
#7306=CARTESIAN_POINT('',(0.000828713115604,0.008812111684751,0.00801));
#7307=CARTESIAN_POINT('',(0.000700665797189,0.00880747517322,0.00801));
#7308=CARTESIAN_POINT('',(0.000430500842716,0.009058856098311,0.00801));
#7309=CARTESIAN_POINT('',(0.000676758373049,0.009312139108731,0.00801));
#7310=CARTESIAN_POINT('',(0.000791774993604,0.009320554932915,0.00801));
#7311=CARTESIAN_POINT('',(0.000837404445741,0.008812111684751,0.008));
#7312=CARTESIAN_POINT('',(0.000828713115604,0.008812111684751,0.008));
#7313=CARTESIAN_POINT('',(0.000700665797189,0.00880747517322,0.008));
#7314=CARTESIAN_POINT('',(0.000430500842716,0.009058856098311,0.008));
#7315=CARTESIAN_POINT('',(0.000676758373049,0.009312139108731,0.008));
#7316=CARTESIAN_POINT('',(0.000791774993604,0.009320554932915,0.008));
#7317=CARTESIAN_POINT('',(0.0008651081615705,0.00932055493291496,0.00799999999468128));
#7318=CARTESIAN_POINT('',(0.000938441329536,0.009320554932915,0.008));
#7319=CARTESIAN_POINT('',(0.000938441329536,0.009320554932915,0.008));
#7320=CARTESIAN_POINT('',(0.000938441329536,0.009320554932915,0.00801));
#7321=CARTESIAN_POINT('',(0.00086510816157,0.009320554932915,0.00801));
#7322=CARTESIAN_POINT('',(0.00086510816157,0.009320554932915,0.008));
#7323=CARTESIAN_POINT('',(0.000938441329669138,0.00932055493291474,0.008));
#7324=CARTESIAN_POINT('',(0.000938441329669138,0.00932055493291474,0.00801));
#7325=CARTESIAN_POINT('',(0.000963530321256962,0.00932055493280095,0.008));
#7326=CARTESIAN_POINT('',(0.000963530321256962,0.00932055493280095,0.00801));
#7327=CARTESIAN_POINT('',(0.00101579778123586,0.00931836140524497,0.008));
#7328=CARTESIAN_POINT('',(0.00101579778123586,0.00931836140524497,0.00801));
#7329=CARTESIAN_POINT('',(0.00109160358121166,0.00943454499279093,0.008));
#7330=CARTESIAN_POINT('',(0.00109160358121166,0.00943454499279093,0.00801));
#7331=CARTESIAN_POINT('',(0.00101459546400446,0.00951623928538578,0.008));
#7332=CARTESIAN_POINT('',(0.00101459546400446,0.00951623928538578,0.00801));
#7333=CARTESIAN_POINT('',(0.000964515195258106,0.00951936924969343,0.008));
#7334=CARTESIAN_POINT('',(0.000964515195258106,0.00951936924969343,0.00801));
#7335=CARTESIAN_POINT('',(0.000964515195618,0.009519369249671,0.008));
#7336=CARTESIAN_POINT('',(0.000964515195618,0.009519369249671,0.008));
#7337=CARTESIAN_POINT('',(0.000964515195618,0.009519369249671,0.00801));
#7338=CARTESIAN_POINT('',(0.000938441329536,0.009320554932915,0.00801));
#7339=CARTESIAN_POINT('',(0.000945049728924,0.009320554932915,0.00801));
#7340=CARTESIAN_POINT('',(0.000997682609764,0.009302177382322,0.00801));
#7341=CARTESIAN_POINT('',(0.001110188395737,0.009420119924736,0.00801));
#7342=CARTESIAN_POINT('',(0.001010543768427,0.009516492511882,0.00801));
#7343=CARTESIAN_POINT('',(0.000964515195618,0.009519369249671,0.00801));
#7344=CARTESIAN_POINT('',(0.000938441329536,0.009320554932915,0.008));
#7345=CARTESIAN_POINT('',(0.000945049728924,0.009320554932915,0.008));
#7346=CARTESIAN_POINT('',(0.000997682609764,0.009302177382322,0.008));
#7347=CARTESIAN_POINT('',(0.001110188395737,0.009420119924736,0.008));
#7348=CARTESIAN_POINT('',(0.001010543768427,0.009516492511882,0.008));
#7349=CARTESIAN_POINT('',(0.000964515195618,0.009519369249671,0.008));
#7350=CARTESIAN_POINT('',(0.000878145032446499,0.00951936924967092,0.00799999999468128));
#7351=CARTESIAN_POINT('',(0.000791774869275,0.009519369249671,0.008));
#7352=CARTESIAN_POINT('',(0.000791774869275,0.009519369249671,0.008));
#7353=CARTESIAN_POINT('',(0.000791774869275,0.009519369249671,0.00801));
#7354=CARTESIAN_POINT('',(0.0008781450324465,0.009519369249671,0.00801));
#7355=CARTESIAN_POINT('',(0.0008781450324465,0.009519369249671,0.008));
#7356=CARTESIAN_POINT('',(0.000786886003844,0.00951936924967092,0.00799999999468128));
#7357=CARTESIAN_POINT('',(0.000781997138413,0.009519369249671,0.008));
#7358=CARTESIAN_POINT('',(0.000781997138413,0.009519369249671,0.008));
#7359=CARTESIAN_POINT('',(0.000781997138413,0.009519369249671,0.00801));
#7360=CARTESIAN_POINT('',(0.000786886003844,0.009519369249671,0.00801));
#7361=CARTESIAN_POINT('',(0.000786886003844,0.009519369249671,0.008));
#7362=CARTESIAN_POINT('',(0.000777108272980999,0.00951936924967092,0.00799999999468128));
#7363=CARTESIAN_POINT('',(0.000772219407549,0.009519369249671,0.008));
#7364=CARTESIAN_POINT('',(0.000772219407549,0.009519369249671,0.008));
#7365=CARTESIAN_POINT('',(0.000772219407549,0.009519369249671,0.00801));
#7366=CARTESIAN_POINT('',(0.000777108272981,0.009519369249671,0.00801));
#7367=CARTESIAN_POINT('',(0.000777108272981,0.009519369249671,0.008));
#7368=CARTESIAN_POINT('',(0.000772219407572797,0.00951936924967361,0.008));
#7369=CARTESIAN_POINT('',(0.000772219407572797,0.00951936924967361,0.00801));
#7370=CARTESIAN_POINT('',(0.000573227269839782,0.00950231282411479,0.008));
#7371=CARTESIAN_POINT('',(0.000573227269839782,0.00950231282411479,0.00801));
#7372=CARTESIAN_POINT('',(0.000185301846185452,0.00915798818665698,0.008));
#7373=CARTESIAN_POINT('',(0.000185301846185452,0.00915798818665698,0.00801));
#7374=CARTESIAN_POINT('',(0.000487249819645462,0.0086962545953398,0.008));
#7375=CARTESIAN_POINT('',(0.000487249819645462,0.0086962545953398,0.00801));
#7376=CARTESIAN_POINT('',(0.000677701052439008,0.00863611209406203,0.008));
#7377=CARTESIAN_POINT('',(0.000677701052439008,0.00863611209406203,0.00801));
#7378=CARTESIAN_POINT('',(0.000677297410160334,0.00863595778184245,0.00801));
#7379=CARTESIAN_POINT('',(0.000677297410160334,0.00863595778184245,0.00800666666666666));
#7380=CARTESIAN_POINT('',(0.000677297410160334,0.00863595778184245,0.00800333333333333));
#7381=CARTESIAN_POINT('',(0.000677297410160334,0.00863595778184245,0.008));
#7382=CARTESIAN_POINT('',(0.000677701052439,0.008636112094062,0.008));
#7383=CARTESIAN_POINT('',(0.000677701052439,0.008636112094062,0.00801));
#7384=CARTESIAN_POINT('',(0.000772219407549,0.009519369249671,0.00801));
#7385=CARTESIAN_POINT('',(0.000662330929861,0.009509950261252,0.00801));
#7386=CARTESIAN_POINT('',(0.00044446036685,0.009401083469043,0.00801));
#7387=CARTESIAN_POINT('',(0.000273643016704,0.008996670457643,0.00801));
#7388=CARTESIAN_POINT('',(0.000507590615399,0.008689831185438,0.00801));
#7389=CARTESIAN_POINT('',(0.000677701052439,0.008636112094062,0.00801));
#7390=CARTESIAN_POINT('',(0.000772219407549,0.009519369249671,0.008));
#7391=CARTESIAN_POINT('',(0.000662330929861,0.009509950261252,0.008));
#7392=CARTESIAN_POINT('',(0.00044446036685,0.009401083469043,0.008));
#7393=CARTESIAN_POINT('',(0.000273643016704,0.008996670457643,0.008));
#7394=CARTESIAN_POINT('',(0.000507590615399,0.008689831185438,0.008));
#7395=CARTESIAN_POINT('',(0.000677701052439,0.008636112094062,0.008));
#7396=CARTESIAN_POINT('',(0.0012972018268483,0.00887294689696491,0.008));
#7397=CARTESIAN_POINT('',(0.0012972018268483,0.00887294689696491,0.00801));
#7398=CARTESIAN_POINT('',(0.0012972018268483,0.00887294689696491,0.008));
#7399=CARTESIAN_POINT('',(-0.001526047704975,0.009059368887797,0.008));
#7400=CARTESIAN_POINT('',(-0.002196320754677,0.009059368887797,0.008));
#7401=CARTESIAN_POINT('',(-0.002196320754677,0.009059368887797,0.008));
#7402=CARTESIAN_POINT('',(-0.002196320754677,0.009059368887797,0.00801));
#7403=CARTESIAN_POINT('',(-0.002259598280348,0.009059368887797,0.00801));
#7404=CARTESIAN_POINT('',(-0.00225959828034795,0.009059368887797,0.00801));
#7405=CARTESIAN_POINT('',(-0.002259598280348,0.009059368887797,0.008));
#7406=CARTESIAN_POINT('',(-0.00225959828034795,0.009059368887797,0.008));
#7407=CARTESIAN_POINT('',(-0.002259598280348,0.009059368887797,0.008));
#7408=CARTESIAN_POINT('',(-0.002196320754677,0.009059368887797,0.008));
#7409=CARTESIAN_POINT('',(-0.002021721656067,0.009517779407101,0.008));
#7410=CARTESIAN_POINT('',(-0.00202172165606672,0.009517779407101,0.008));
#7411=CARTESIAN_POINT('',(-0.00202172165606672,0.009517779407101,0.00801));
#7412=CARTESIAN_POINT('',(-0.002196320754677,0.009059368887797,0.00801));
#7413=CARTESIAN_POINT('',(-0.002196320754677,0.009059368887797,0.008));
#7414=CARTESIAN_POINT('',(-0.001289928789743,0.009517779407101,0.008));
#7415=CARTESIAN_POINT('',(-0.002087108432591,0.009517779407101,0.008));
#7416=CARTESIAN_POINT('',(-0.002087108432591,0.009517779407101,0.008));
#7417=CARTESIAN_POINT('',(-0.002087108432591,0.009517779407101,0.00801));
#7418=CARTESIAN_POINT('',(-0.002021721656067,0.009517779407101,0.00801));
#7419=CARTESIAN_POINT('',(-0.002021721656067,0.009517779407101,0.008));
#7420=CARTESIAN_POINT('',(-0.002087108432591,0.009517779407101,0.008));
#7421=CARTESIAN_POINT('',(-0.002131168339362,0.009392396161792,0.008));
#7422=CARTESIAN_POINT('',(-0.002131168339362,0.009392396161792,0.008));
#7423=CARTESIAN_POINT('',(-0.002131168339362,0.009392396161792,0.00801));
#7424=CARTESIAN_POINT('',(-0.002087108432591,0.009517779407101,0.00801));
#7425=CARTESIAN_POINT('',(-0.002087108432591,0.009517779407101,0.008));
#7426=CARTESIAN_POINT('',(-0.002131168339362,0.009392396161792,0.008));
#7427=CARTESIAN_POINT('',(-0.002322055541802,0.009392396161792,0.008));
#7428=CARTESIAN_POINT('',(-0.002322055541802,0.009392396161792,0.008));
#7429=CARTESIAN_POINT('',(-0.002322055541802,0.009392396161792,0.00801));
#7430=CARTESIAN_POINT('',(-0.002131168339362,0.009392396161792,0.00801));
#7431=CARTESIAN_POINT('',(-0.002131168339362,0.009392396161792,0.008));
#7432=CARTESIAN_POINT('',(-0.002322055541802,0.009392396161792,0.008));
#7433=CARTESIAN_POINT('',(-0.002368810602436,0.009517779407101,0.008));
#7434=CARTESIAN_POINT('',(-0.00236881060243581,0.009517779407101,0.008));
#7435=CARTESIAN_POINT('',(-0.00236881060243581,0.009517779407101,0.00801));
#7436=CARTESIAN_POINT('',(-0.002322055541802,0.009392396161792,0.00801));
#7437=CARTESIAN_POINT('',(-0.002322055541802,0.009392396161792,0.008));
#7438=CARTESIAN_POINT('',(-0.001289928789743,0.009517779407101,0.008));
#7439=CARTESIAN_POINT('',(-0.00243419737896,0.009517779407101,0.008));
#7440=CARTESIAN_POINT('',(-0.00243419737896,0.009517779407101,0.008));
#7441=CARTESIAN_POINT('',(-0.00243419737896,0.009517779407101,0.00801));
#7442=CARTESIAN_POINT('',(-0.002368810602436,0.009517779407101,0.00801));
#7443=CARTESIAN_POINT('',(-0.002368810602436,0.009517779407101,0.008));
#7444=CARTESIAN_POINT('',(-0.00243419737896,0.009517779407101,0.008));
#7445=CARTESIAN_POINT('',(-0.00243419737896,0.009517779407101,0.00801));
#7446=CARTESIAN_POINT('',(-0.00243419737896,0.009517779407101,0.008));
#7447=CARTESIAN_POINT('',(-0.00226914849949706,0.00924533450490631,0.00799999999468128));
#7448=CARTESIAN_POINT('',(-0.002303775367714,0.009340602335223,0.008));
#7449=CARTESIAN_POINT('',(-0.002303775367714,0.009340602335223,0.008));
#7450=CARTESIAN_POINT('',(-0.002303775367714,0.009340602335223,0.00801));
#7451=CARTESIAN_POINT('',(-0.00226880223081534,0.00924438182660333,0.00801));
#7452=CARTESIAN_POINT('',(-0.00223450697557065,0.00915007158475093,0.00800999975));
#7453=CARTESIAN_POINT('',(-0.00223452163128082,0.00915006667459007,0.00800999975));
#7454=CARTESIAN_POINT('',(-0.00223452163128082,0.00915006667459007,0.00800666658333334));
#7455=CARTESIAN_POINT('',(-0.00223452163128082,0.00915006667459007,0.00800333341666667));
#7456=CARTESIAN_POINT('',(-0.00223452163128082,0.00915006667459007,0.00800000025));
#7457=CARTESIAN_POINT('',(-0.00223450697557065,0.00915007158475093,0.00800000025));
#7458=CARTESIAN_POINT('',(-0.00226880223081534,0.00924438182660333,0.008));
#7459=CARTESIAN_POINT('',(-0.0022268463017825,0.00934060233522296,0.00799999999468128));
#7460=CARTESIAN_POINT('',(-0.002149917235851,0.009340602335223,0.008));
#7461=CARTESIAN_POINT('',(-0.002149917235851,0.009340602335223,0.008));
#7462=CARTESIAN_POINT('',(-0.002149917235851,0.009340602335223,0.00801));
#7463=CARTESIAN_POINT('',(-0.0022268463017825,0.009340602335223,0.00801));
#7464=CARTESIAN_POINT('',(-0.0022268463017825,0.009340602335223,0.008));
#7465=CARTESIAN_POINT('',(-0.00218419256225357,0.00924533450490627,0.00799999999468128));
#7466=CARTESIAN_POINT('',(-0.00221846788865612,0.00915006667459005,0.00800000025));
#7467=CARTESIAN_POINT('',(-0.00221846788865612,0.00915006667459005,0.0080033335));
#7468=CARTESIAN_POINT('',(-0.00221846788865612,0.00915006667459005,0.00800666675));
#7469=CARTESIAN_POINT('',(-0.00221846788865612,0.00915006667459005,0.00801));
#7470=CARTESIAN_POINT('',(-0.00221847826526346,0.0091500704386955,0.00800000025));
#7471=CARTESIAN_POINT('',(-0.00221847826526349,0.00915007043869551,0.00801));
#7472=CARTESIAN_POINT('',(-0.0021841925622535,0.0092453345049065,0.00801));
#7473=CARTESIAN_POINT('',(-0.0021841925622535,0.0092453345049065,0.008));
#7474=CARTESIAN_POINT('',(-0.00206139659790301,0.00909308919791229,0.008));
#7475=CARTESIAN_POINT('',(-0.00222667003690418,0.00911778517779455,0.008));
#7476=CARTESIAN_POINT('',(-0.002226665813436,0.009117959189346,0.008));
#7477=CARTESIAN_POINT('',(-0.002226665813436,0.009117959189346,0.00801));
#7478=CARTESIAN_POINT('',(-0.00206139659790301,0.00909308919791229,0.00801));
#7479=CARTESIAN_POINT('',(-0.00206139659790301,0.00909308919791229,0.008));
#7480=CARTESIAN_POINT('',(-0.00241869924481238,0.00908836091610915,0.008));
#7481=CARTESIAN_POINT('',(-0.00241869924481238,0.00908836091610915,0.00801));
#7482=CARTESIAN_POINT('',(-0.00241869924481238,0.00908836091610915,0.008));
#7483=CARTESIAN_POINT('',(-0.00175384679169713,0.0090593688877975,0.008));
#7484=CARTESIAN_POINT('',(-0.00175384679169713,0.0090593688877975,0.00801));
#7485=CARTESIAN_POINT('',(-0.00181500490320717,0.00905936888661951,0.008));
#7486=CARTESIAN_POINT('',(-0.00181500490320717,0.00905936888661951,0.00801));
#7487=CARTESIAN_POINT('',(-0.00194799841377445,0.00909729282718406,0.008));
#7488=CARTESIAN_POINT('',(-0.00194799841377445,0.00909729282718406,0.00801));
#7489=CARTESIAN_POINT('',(-0.00202173379346732,0.00929018709726622,0.008));
#7490=CARTESIAN_POINT('',(-0.00202173379346732,0.00929018709726622,0.00801));
#7491=CARTESIAN_POINT('',(-0.00194282662613596,0.00947943285393452,0.008));
#7492=CARTESIAN_POINT('',(-0.00194282662613596,0.00947943285393452,0.00801));
#7493=CARTESIAN_POINT('',(-0.00181031768019138,0.00951777940808603,0.008));
#7494=CARTESIAN_POINT('',(-0.00181031768019138,0.00951777940808603,0.00801));
#7495=CARTESIAN_POINT('',(-0.00174915956860329,0.00951777940710096,0.008));
#7496=CARTESIAN_POINT('',(-0.00174915956860329,0.00951777940710096,0.00801));
#7497=CARTESIAN_POINT('',(-0.00175384679739,0.009059368887797,0.008));
#7498=CARTESIAN_POINT('',(-0.00175384679739,0.009059368887797,0.008));
#7499=CARTESIAN_POINT('',(-0.00175384679739,0.009059368887797,0.00801));
#7500=CARTESIAN_POINT('',(-0.00174915957327,0.009517779407101,0.00801));
#7501=CARTESIAN_POINT('',(-0.001812235025525,0.009517779407101,0.00801));
#7502=CARTESIAN_POINT('',(-0.001947165403236,0.009477125378787,0.00801));
#7503=CARTESIAN_POINT('',(-0.002020880702741,0.009285061340529,0.00801));
#7504=CARTESIAN_POINT('',(-0.001945636102635,0.009096677301615,0.00801));
#7505=CARTESIAN_POINT('',(-0.001815057572199,0.009059368887797,0.00801));
#7506=CARTESIAN_POINT('',(-0.00175384679739,0.009059368887797,0.00801));
#7507=CARTESIAN_POINT('',(-0.00174915957327,0.009517779407101,0.00801));
#7508=CARTESIAN_POINT('',(-0.00174915957327,0.009517779407101,0.008));
#7509=CARTESIAN_POINT('',(-0.00174915957327,0.009517779407101,0.008));
#7510=CARTESIAN_POINT('',(-0.00175384679739,0.009059368887797,0.008));
#7511=CARTESIAN_POINT('',(-0.001815057572199,0.009059368887797,0.008));
#7512=CARTESIAN_POINT('',(-0.001945636102635,0.009096677301615,0.008));
#7513=CARTESIAN_POINT('',(-0.002020880702741,0.009285061340529,0.008));
#7514=CARTESIAN_POINT('',(-0.001947165403236,0.009477125378787,0.008));
#7515=CARTESIAN_POINT('',(-0.001812235025525,0.009517779407101,0.008));
#7516=CARTESIAN_POINT('',(-0.00174915957327,0.009517779407101,0.008));
#7517=CARTESIAN_POINT('',(-0.0016884600208645,0.00905936888779693,0.00799999999468128));
#7518=CARTESIAN_POINT('',(-0.001623073244339,0.009059368887797,0.008));
#7519=CARTESIAN_POINT('',(-0.001623073244339,0.009059368887797,0.008));
#7520=CARTESIAN_POINT('',(-0.001623073244339,0.009059368887797,0.00801));
#7521=CARTESIAN_POINT('',(-0.0016884600208645,0.009059368887797,0.00801));
#7522=CARTESIAN_POINT('',(-0.0016884600208645,0.009059368887797,0.008));
#7523=CARTESIAN_POINT('',(-0.0016230732443395,0.00928857414744898,0.00799999999468128));
#7524=CARTESIAN_POINT('',(-0.00162307324434,0.009517779407101,0.008));
#7525=CARTESIAN_POINT('',(-0.00162307324434,0.009517779407101,0.008));
#7526=CARTESIAN_POINT('',(-0.00162307324434,0.009517779407101,0.00801));
#7527=CARTESIAN_POINT('',(-0.0016230732443395,0.009288574147449,0.00801));
#7528=CARTESIAN_POINT('',(-0.0016230732443395,0.009288574147449,0.008));
#7529=CARTESIAN_POINT('',(-0.0016861164088055,0.00951777940710095,0.00799999999468128));
#7530=CARTESIAN_POINT('',(-0.001686116408805,0.009517779407101,0.00801));
#7531=CARTESIAN_POINT('',(-0.001686116408805,0.009517779407101,0.008));
#7532=CARTESIAN_POINT('',(-0.00174880803120407,0.0094655168581194,0.008));
#7533=CARTESIAN_POINT('',(-0.00174880803120407,0.0094655168581194,0.00801));
#7534=CARTESIAN_POINT('',(-0.00179582529029347,0.00946551685816913,0.008));
#7535=CARTESIAN_POINT('',(-0.00179582529029347,0.00946551685816913,0.00801));
#7536=CARTESIAN_POINT('',(-0.00190059204521864,0.00943770309233221,0.008));
#7537=CARTESIAN_POINT('',(-0.00190059204521864,0.00943770309233221,0.00801));
#7538=CARTESIAN_POINT('',(-0.00195001784804738,0.0092897410396032,0.008));
#7539=CARTESIAN_POINT('',(-0.00195001784804738,0.0092897410396032,0.00801));
#7540=CARTESIAN_POINT('',(-0.00190380055975818,0.00913746057859796,0.008));
#7541=CARTESIAN_POINT('',(-0.00190380055975818,0.00913746057859796,0.00801));
#7542=CARTESIAN_POINT('',(-0.00179852044411072,0.00911210015913419,0.008));
#7543=CARTESIAN_POINT('',(-0.00179852044411072,0.00911210015913419,0.00801));
#7544=CARTESIAN_POINT('',(-0.00175150318502714,0.00911210015918775,0.008));
#7545=CARTESIAN_POINT('',(-0.00175150318502714,0.00911210015918775,0.00801));
#7546=CARTESIAN_POINT('',(-0.001748808031457,0.009465516858119,0.008));
#7547=CARTESIAN_POINT('',(-0.001748808031457,0.009465516858119,0.008));
#7548=CARTESIAN_POINT('',(-0.001748808031457,0.009465516858119,0.00801));
#7549=CARTESIAN_POINT('',(-0.001751503185327,0.009112100159188,0.00801));
#7550=CARTESIAN_POINT('',(-0.001797885673294,0.009112100159188,0.00801));
#7551=CARTESIAN_POINT('',(-0.00190162049784,0.009136549979426,0.00801));
#7552=CARTESIAN_POINT('',(-0.001949826766472,0.009285633581284,0.00801));
#7553=CARTESIAN_POINT('',(-0.001903249951275,0.009436351577086,0.00801));
#7554=CARTESIAN_POINT('',(-0.00179694936081,0.009465516858119,0.00801));
#7555=CARTESIAN_POINT('',(-0.001748808031457,0.009465516858119,0.00801));
#7556=CARTESIAN_POINT('',(-0.001751503185327,0.009112100159188,0.00801));
#7557=CARTESIAN_POINT('',(-0.001751503185327,0.009112100159188,0.008));
#7558=CARTESIAN_POINT('',(-0.001751503185327,0.009112100159188,0.008));
#7559=CARTESIAN_POINT('',(-0.001748808031457,0.009465516858119,0.008));
#7560=CARTESIAN_POINT('',(-0.00179694936081,0.009465516858119,0.008));
#7561=CARTESIAN_POINT('',(-0.001903249951275,0.009436351577086,0.008));
#7562=CARTESIAN_POINT('',(-0.001949826766472,0.009285633581284,0.008));
#7563=CARTESIAN_POINT('',(-0.00190162049784,0.009136549979426,0.008));
#7564=CARTESIAN_POINT('',(-0.001797885673294,0.009112100159188,0.008));
#7565=CARTESIAN_POINT('',(-0.001751503185327,0.009112100159188,0.008));
#7566=CARTESIAN_POINT('',(-0.00171552874017917,0.00946551685811903,0.00799999999468128));
#7567=CARTESIAN_POINT('',(-0.001682249448901,0.009465516858119,0.008));
#7568=CARTESIAN_POINT('',(-0.001682249448901,0.009465516858119,0.008));
#7569=CARTESIAN_POINT('',(-0.001682249448901,0.009465516858119,0.00801));
#7570=CARTESIAN_POINT('',(-0.001715528740179,0.009465516858119,0.00801));
#7571=CARTESIAN_POINT('',(-0.001715528740179,0.009465516858119,0.008));
#7572=CARTESIAN_POINT('',(-0.0016822494489,0.00928880850865374,0.00799999999468128));
#7573=CARTESIAN_POINT('',(-0.001682249448899,0.009112100159188,0.008));
#7574=CARTESIAN_POINT('',(-0.001682249448899,0.009112100159188,0.008));
#7575=CARTESIAN_POINT('',(-0.001682249448899,0.009112100159188,0.00801));
#7576=CARTESIAN_POINT('',(-0.0016822494489,0.0092888085086535,0.00801));
#7577=CARTESIAN_POINT('',(-0.0016822494489,0.0092888085086535,0.008));
#7578=CARTESIAN_POINT('',(-0.00171687631711327,0.00911210015918804,0.00799999999468128));
#7579=CARTESIAN_POINT('',(-0.001716876317113,0.009112100159188,0.00801));
#7580=CARTESIAN_POINT('',(-0.001716876317113,0.009112100159188,0.008));
#7581=CARTESIAN_POINT('',(-0.001536476778653,0.009465516858119,0.008));
#7582=CARTESIAN_POINT('',(-0.001349104994305,0.009465516858119,0.008));
#7583=CARTESIAN_POINT('',(-0.001349104994305,0.009465516858119,0.008));
#7584=CARTESIAN_POINT('',(-0.001349104994305,0.009465516858119,0.00801));
#7585=CARTESIAN_POINT('',(-0.001536476778653,0.009465516858119,0.00801));
#7586=CARTESIAN_POINT('',(-0.001536476778653,0.009465516858119,0.00801));
#7587=CARTESIAN_POINT('',(-0.001536476778653,0.009465516858119,0.008));
#7588=CARTESIAN_POINT('',(-0.001536476778653,0.009465516858119,0.008));
#7589=CARTESIAN_POINT('',(-0.001536476778653,0.009465516858119,0.008));
#7590=CARTESIAN_POINT('',(-0.001349104994305,0.009258810274264,0.008));
#7591=CARTESIAN_POINT('',(-0.001349104994305,0.00931130718445,0.008));
#7592=CARTESIAN_POINT('',(-0.001349104994305,0.00931130718445,0.008));
#7593=CARTESIAN_POINT('',(-0.001349104994305,0.00931130718445,0.00801));
#7594=CARTESIAN_POINT('',(-0.001349104994305,0.009465516858119,0.00801));
#7595=CARTESIAN_POINT('',(-0.001349104994305,0.009465516858119,0.008));
#7596=CARTESIAN_POINT('',(-0.001349104994305,0.00931130718445,0.008));
#7597=CARTESIAN_POINT('',(-0.001513040658032,0.00931130718445,0.008));
#7598=CARTESIAN_POINT('',(-0.001513040658032,0.00931130718445,0.008));
#7599=CARTESIAN_POINT('',(-0.001513040658032,0.00931130718445,0.00801));
#7600=CARTESIAN_POINT('',(-0.001349104994305,0.00931130718445,0.00801));
#7601=CARTESIAN_POINT('',(-0.001349104994305,0.00931130718445,0.008));
#7602=CARTESIAN_POINT('',(-0.001513040658032,0.00931130718445,0.008));
#7603=CARTESIAN_POINT('',(-0.001513040658032,0.009258810274264,0.008));
#7604=CARTESIAN_POINT('',(-0.001513040658032,0.009258810274264,0.008));
#7605=CARTESIAN_POINT('',(-0.001513040658032,0.009258810274264,0.00801));
#7606=CARTESIAN_POINT('',(-0.001513040658032,0.00931130718445,0.00801));
#7607=CARTESIAN_POINT('',(-0.001513040658032,0.00931130718445,0.008));
#7608=CARTESIAN_POINT('',(-0.001513040658032,0.009258810274264,0.008));
#7609=CARTESIAN_POINT('',(-0.001349104994305,0.009258810274264,0.008));
#7610=CARTESIAN_POINT('',(-0.001349104994305,0.009258810274264,0.008));
#7611=CARTESIAN_POINT('',(-0.001349104994305,0.009258810274264,0.00801));
#7612=CARTESIAN_POINT('',(-0.001513040658032,0.009258810274264,0.00801));
#7613=CARTESIAN_POINT('',(-0.001513040658032,0.009258810274264,0.008));
#7614=CARTESIAN_POINT('',(-0.001349104994305,0.009258810274264,0.008));
#7615=CARTESIAN_POINT('',(-0.001349104994305,0.009112100159188,0.008));
#7616=CARTESIAN_POINT('',(-0.001349104994305,0.009112100159188,0.008));
#7617=CARTESIAN_POINT('',(-0.001349104994305,0.009112100159188,0.00801));
#7618=CARTESIAN_POINT('',(-0.001349104994305,0.009258810274264,0.00801));
#7619=CARTESIAN_POINT('',(-0.001349104994305,0.009258810274264,0.008));
#7620=CARTESIAN_POINT('',(-0.001349104994305,0.009112100159188,0.008));
#7621=CARTESIAN_POINT('',(-0.001526047704975,0.009112100159188,0.008));
#7622=CARTESIAN_POINT('',(-0.001526047704975,0.009112100159188,0.008));
#7623=CARTESIAN_POINT('',(-0.001526047704975,0.009112100159188,0.00801));
#7624=CARTESIAN_POINT('',(-0.001349104994305,0.009112100159188,0.00801));
#7625=CARTESIAN_POINT('',(-0.001349104994305,0.009112100159188,0.008));
#7626=CARTESIAN_POINT('',(-0.001526047704975,0.009112100159188,0.008));
#7627=CARTESIAN_POINT('',(-0.001526047704975,0.009059368887797,0.008));
#7628=CARTESIAN_POINT('',(-0.001526047704975,0.009059368887797,0.008));
#7629=CARTESIAN_POINT('',(-0.001526047704975,0.009059368887797,0.00801));
#7630=CARTESIAN_POINT('',(-0.001526047704975,0.009112100159188,0.00801));
#7631=CARTESIAN_POINT('',(-0.001526047704975,0.009112100159188,0.008));
#7632=CARTESIAN_POINT('',(-0.001526047704975,0.009059368887797,0.008));
#7633=CARTESIAN_POINT('',(-0.001289928789743,0.009059368887797,0.008));
#7634=CARTESIAN_POINT('',(-0.001289928789743,0.009059368887797,0.008));
#7635=CARTESIAN_POINT('',(-0.001289928789743,0.009059368887797,0.00801));
#7636=CARTESIAN_POINT('',(-0.001526047704975,0.009059368887797,0.00801));
#7637=CARTESIAN_POINT('',(-0.001526047704975,0.009059368887797,0.008));
#7638=CARTESIAN_POINT('',(-0.001289928789743,0.009059368887797,0.008));
#7639=CARTESIAN_POINT('',(-0.001289928789743,0.009517779407101,0.008));
#7640=CARTESIAN_POINT('',(-0.001289928789743,0.009517779407101,0.008));
#7641=CARTESIAN_POINT('',(-0.001289928789743,0.009517779407101,0.00801));
#7642=CARTESIAN_POINT('',(-0.001289928789743,0.009059368887797,0.00801));
#7643=CARTESIAN_POINT('',(-0.001289928789743,0.009059368887797,0.008));
#7644=CARTESIAN_POINT('',(-0.001289928789743,0.009517779407101,0.008));
#7645=CARTESIAN_POINT('',(-0.001536476778653,0.009517779407101,0.008));
#7646=CARTESIAN_POINT('',(-0.001536476778653,0.009517779407101,0.008));
#7647=CARTESIAN_POINT('',(-0.001536476778653,0.009517779407101,0.00801));
#7648=CARTESIAN_POINT('',(-0.001289928789743,0.009517779407101,0.00801));
#7649=CARTESIAN_POINT('',(-0.001289928789743,0.009517779407101,0.008));
#7650=CARTESIAN_POINT('',(-0.001536476778653,0.009517779407101,0.008));
#7651=CARTESIAN_POINT('',(-0.001536476778653,0.009517779407101,0.00801));
#7652=CARTESIAN_POINT('',(-0.001536476778653,0.009517779407101,0.008));
#7653=CARTESIAN_POINT('',(-0.00102076494443474,0.009313416435305,0.00799999999468128));
#7654=CARTESIAN_POINT('',(-0.000977994024306,0.009190376802056,0.008));
#7655=CARTESIAN_POINT('',(-0.000977994024306,0.009190376802056,0.008));
#7656=CARTESIAN_POINT('',(-0.000977994024306,0.009190376802056,0.00801));
#7657=CARTESIAN_POINT('',(-0.0010207649444345,0.009313416435305,0.00801));
#7658=CARTESIAN_POINT('',(-0.001063535864563,0.009436456068554,0.00801));
#7659=CARTESIAN_POINT('',(-0.001063535864563,0.009436456068554,0.008));
#7660=CARTESIAN_POINT('',(-0.001063535864563,0.009436456068554,0.008));
#7661=CARTESIAN_POINT('',(-0.0010207649444345,0.009313416435305,0.008));
#7662=CARTESIAN_POINT('',(-0.000945886539058405,0.00919037680205603,0.00799999999468128));
#7663=CARTESIAN_POINT('',(-0.000913779053811,0.009190376802056,0.008));
#7664=CARTESIAN_POINT('',(-0.000913779053811,0.009190376802056,0.008));
#7665=CARTESIAN_POINT('',(-0.000913779053811,0.009190376802056,0.00801));
#7666=CARTESIAN_POINT('',(-0.0009458865390585,0.009190376802056,0.00801));
#7667=CARTESIAN_POINT('',(-0.0009458865390585,0.009190376802056,0.008));
#7668=CARTESIAN_POINT('',(-0.000977994024305981,0.0093537265627685,0.00799999999468128));
#7669=CARTESIAN_POINT('',(-0.001042208994801,0.009517076323481,0.008));
#7670=CARTESIAN_POINT('',(-0.001042208994801,0.009517076323481,0.008));
#7671=CARTESIAN_POINT('',(-0.001042208994801,0.009517076323481,0.00801));
#7672=CARTESIAN_POINT('',(-0.000977994024306,0.0093537265627685,0.00801));
#7673=CARTESIAN_POINT('',(-0.000977994024306,0.0093537265627685,0.008));
#7674=CARTESIAN_POINT('',(-0.00102961207996776,0.00954684019666774,0.00799999999468128));
#7675=CARTESIAN_POINT('',(-0.001017015165135,0.009576604069854,0.008));
#7676=CARTESIAN_POINT('',(-0.001017015165135,0.009576604069854,0.008));
#7677=CARTESIAN_POINT('',(-0.001017015165135,0.009576604069854,0.00801));
#7678=CARTESIAN_POINT('',(-0.001029612079968,0.0095468401966675,0.00801));
#7679=CARTESIAN_POINT('',(-0.001029612079968,0.0095468401966675,0.008));
#7680=CARTESIAN_POINT('',(-0.00092561443586694,0.00961621116956713,0.008));
#7681=CARTESIAN_POINT('',(-0.00092561443586694,0.00961621116956713,0.00801));
#7682=CARTESIAN_POINT('',(-0.000959090493005002,0.00962946207248288,0.008));
#7683=CARTESIAN_POINT('',(-0.000959090493005002,0.00962946207248288,0.00801));
#7684=CARTESIAN_POINT('',(-0.00100306074204721,0.00960979299033362,0.008));
#7685=CARTESIAN_POINT('',(-0.00100306074204721,0.00960979299033362,0.00801));
#7686=CARTESIAN_POINT('',(-0.00101701517133697,0.00957660405510407,0.008));
#7687=CARTESIAN_POINT('',(-0.00101701517133697,0.00957660405510407,0.00801));
#7688=CARTESIAN_POINT('',(-0.000925614294723,0.009616211113698,0.008));
#7689=CARTESIAN_POINT('',(-0.000925614294723,0.009616211113698,0.008));
#7690=CARTESIAN_POINT('',(-0.000925614294723,0.009616211113698,0.00801));
#7691=CARTESIAN_POINT('',(-0.001017015165135,0.009576604069854,0.00801));
#7692=CARTESIAN_POINT('',(-0.001007353972816,0.009599582040778,0.00801));
#7693=CARTESIAN_POINT('',(-0.000972331796408,0.009630722451137,0.00801));
#7694=CARTESIAN_POINT('',(-0.000935913628652,0.009620287933379,0.00801));
#7695=CARTESIAN_POINT('',(-0.000925614294723,0.009616211113698,0.00801));
#7696=CARTESIAN_POINT('',(-0.000925614294723,0.009616211113698,0.008));
#7697=CARTESIAN_POINT('',(-0.000935913628652,0.009620287933379,0.008));
#7698=CARTESIAN_POINT('',(-0.000972331796408,0.009630722451137,0.008));
#7699=CARTESIAN_POINT('',(-0.001007353972816,0.009599582040778,0.008));
#7700=CARTESIAN_POINT('',(-0.001017015165135,0.009576604069854,0.008));
#7701=CARTESIAN_POINT('',(-0.000925614294722992,0.00964175648517425,0.00799999999468128));
#7702=CARTESIAN_POINT('',(-0.000925614294723,0.00966730185665,0.008));
#7703=CARTESIAN_POINT('',(-0.000925614294723,0.00966730185665,0.008));
#7704=CARTESIAN_POINT('',(-0.000925614294723,0.00966730185665,0.00801));
#7705=CARTESIAN_POINT('',(-0.000925614294723,0.009641756485174,0.00801));
#7706=CARTESIAN_POINT('',(-0.000925614294723,0.009641756485174,0.008));
#7707=CARTESIAN_POINT('',(-0.00107947242861088,0.00956722961649191,0.008));
#7708=CARTESIAN_POINT('',(-0.00107947242861088,0.00956722961649191,0.00801));
#7709=CARTESIAN_POINT('',(-0.00105563481988215,0.00962742968462964,0.008));
#7710=CARTESIAN_POINT('',(-0.00105563481988215,0.00962742968462964,0.00801));
#7711=CARTESIAN_POINT('',(-0.000987651174588947,0.00968584155864225,0.008));
#7712=CARTESIAN_POINT('',(-0.000987651174588947,0.00968584155864225,0.00801));
#7713=CARTESIAN_POINT('',(-0.000925614397053075,0.00966730188723145,0.008));
#7714=CARTESIAN_POINT('',(-0.000925614397053075,0.00966730188723145,0.00801));
#7715=CARTESIAN_POINT('',(-0.001079472426586,0.009567229621606,0.008));
#7716=CARTESIAN_POINT('',(-0.001079472426586,0.009567229621606,0.008));
#7717=CARTESIAN_POINT('',(-0.001079472426586,0.009567229621606,0.00801));
#7718=CARTESIAN_POINT('',(-0.000925614294723,0.00966730185665,0.00801));
#7719=CARTESIAN_POINT('',(-0.000937534871376,0.009670864327832,0.00801));
#7720=CARTESIAN_POINT('',(-0.00100381947106,0.009681028559833,0.00801));
#7721=CARTESIAN_POINT('',(-0.001060215282528,0.009615862070159,0.00801));
#7722=CARTESIAN_POINT('',(-0.001079472426586,0.009567229621606,0.00801));
#7723=CARTESIAN_POINT('',(-0.001079472426586,0.009567229621606,0.008));
#7724=CARTESIAN_POINT('',(-0.001060215282528,0.009615862070159,0.008));
#7725=CARTESIAN_POINT('',(-0.00100381947106,0.009681028559833,0.008));
#7726=CARTESIAN_POINT('',(-0.000937534871376,0.009670864327832,0.008));
#7727=CARTESIAN_POINT('',(-0.000925614294723,0.00966730185665,0.008));
#7728=CARTESIAN_POINT('',(-0.00115376492894699,0.00937880321183103,0.00799999999468128));
#7729=CARTESIAN_POINT('',(-0.001228057431308,0.009190376802056,0.008));
#7730=CARTESIAN_POINT('',(-0.001228057431308,0.009190376802056,0.008));
#7731=CARTESIAN_POINT('',(-0.001228057431308,0.009190376802056,0.00801));
#7732=CARTESIAN_POINT('',(-0.001153764928947,0.009378803211831,0.00801));
#7733=CARTESIAN_POINT('',(-0.001153764928947,0.009378803211831,0.008));
#7734=CARTESIAN_POINT('',(-0.0011982935581234,0.00919037680205603,0.00799999999468128));
#7735=CARTESIAN_POINT('',(-0.001168529684939,0.009190376802056,0.008));
#7736=CARTESIAN_POINT('',(-0.001168529684939,0.009190376802056,0.008));
#7737=CARTESIAN_POINT('',(-0.001168529684939,0.009190376802056,0.00801));
#7738=CARTESIAN_POINT('',(-0.0011982935581235,0.009190376802056,0.00801));
#7739=CARTESIAN_POINT('',(-0.0011982935581235,0.009190376802056,0.008));
#7740=CARTESIAN_POINT('',(-0.0011238252848572,0.00931365079651144,0.00799999999468128));
#7741=CARTESIAN_POINT('',(-0.00107912088477604,0.00943692479096602,0.008));
#7742=CARTESIAN_POINT('',(-0.00107912088477604,0.00943692479096602,0.00800333333333334));
#7743=CARTESIAN_POINT('',(-0.00107912088477604,0.00943692479096602,0.00800666666666667));
#7744=CARTESIAN_POINT('',(-0.00107912088477604,0.00943692479096602,0.00801));
#7745=CARTESIAN_POINT('',(-0.00107905569444767,0.00943690535867444,0.00800000005000486));
#7746=CARTESIAN_POINT('',(-0.00107905576744653,0.00943690511957121,0.00801));
#7747=CARTESIAN_POINT('',(-0.0011238252848575,0.009313650796511,0.00801));
#7748=CARTESIAN_POINT('',(-0.0011238252848575,0.009313650796511,0.008));
#7749=CARTESIAN_POINT('',(-0.00107499483375301,0.00945011261856311,0.00799999999468128));
#7750=CARTESIAN_POINT('',(-0.00107100542118596,0.00946331859074999,0.008));
#7751=CARTESIAN_POINT('',(-0.00107100542118596,0.00946331859074999,0.00800333333333334));
#7752=CARTESIAN_POINT('',(-0.00107100542118596,0.00946331859074999,0.00800666666666667));
#7753=CARTESIAN_POINT('',(-0.00107100542118596,0.00946331859074999,0.00801));
#7754=CARTESIAN_POINT('',(-0.00107107427367971,0.00946309067145054,0.008));
#7755=CARTESIAN_POINT('',(-0.00107107427367971,0.00946309067145054,0.00801));
#7756=CARTESIAN_POINT('',(-0.00107499483375301,0.00945011261856311,0.00801));
#7757=CARTESIAN_POINT('',(-0.00107499483375301,0.00945011261856311,0.008));
#7758=CARTESIAN_POINT('',(-0.0010674179765485,0.00944993183790956,0.00799999999468128));
#7759=CARTESIAN_POINT('',(-0.0010674179765485,0.0094499318379095,0.00801));
#7760=CARTESIAN_POINT('',(-0.0010674179765485,0.0094499318379095,0.008));
#7761=CARTESIAN_POINT('',(-0.000868195799207671,0.00925318560531678,0.008));
#7762=CARTESIAN_POINT('',(-0.000868195799207671,0.00925318560531678,0.00801));
#7763=CARTESIAN_POINT('',(-0.000844432836213372,0.0092379500213851,0.008));
#7764=CARTESIAN_POINT('',(-0.000844432836213372,0.0092379500213851,0.00801));
#7765=CARTESIAN_POINT('',(-0.000789613819730265,0.00921369811519902,0.008));
#7766=CARTESIAN_POINT('',(-0.000789613819730265,0.00921369811519902,0.00801));
#7767=CARTESIAN_POINT('',(-0.000690993996425613,0.00927228689269874,0.008));
#7768=CARTESIAN_POINT('',(-0.000690993996425613,0.00927228689269874,0.00801));
#7769=CARTESIAN_POINT('',(-0.000780311158784672,0.00933667053720881,0.008));
#7770=CARTESIAN_POINT('',(-0.000780311158784672,0.00933667053720881,0.00801));
#7771=CARTESIAN_POINT('',(-0.000865528199490891,0.00935284847884349,0.008));
#7772=CARTESIAN_POINT('',(-0.000865528199490891,0.00935284847884349,0.00801));
#7773=CARTESIAN_POINT('',(-0.000898310307279557,0.00944853378675796,0.008));
#7774=CARTESIAN_POINT('',(-0.000898310307279557,0.00944853378675796,0.00801));
#7775=CARTESIAN_POINT('',(-0.000811870190877154,0.00954350162522543,0.008));
#7776=CARTESIAN_POINT('',(-0.000811870190877154,0.00954350162522543,0.00801));
#7777=CARTESIAN_POINT('',(-0.000713273395505837,0.0095315433047644,0.008));
#7778=CARTESIAN_POINT('',(-0.000713273395505837,0.0095315433047644,0.00801));
#7779=CARTESIAN_POINT('',(-0.000662778201975844,0.0095062957079957,0.008));
#7780=CARTESIAN_POINT('',(-0.000662778201975844,0.0095062957079957,0.00801));
#7781=CARTESIAN_POINT('',(-0.000868195799207,0.009253185605316,0.008));
#7782=CARTESIAN_POINT('',(-0.000868195799207,0.009253185605316,0.008));
#7783=CARTESIAN_POINT('',(-0.000868195799207,0.009253185605316,0.00801));
#7784=CARTESIAN_POINT('',(-0.000662778201981,0.009506295707998,0.00801));
#7785=CARTESIAN_POINT('',(-0.000689872808141,0.009519843011079,0.00801));
#7786=CARTESIAN_POINT('',(-0.000753388210307,0.009530978156094,0.00801));
#7787=CARTESIAN_POINT('',(-0.000849121465006,0.009515856081024,0.00801));
#7788=CARTESIAN_POINT('',(-0.000894568588173,0.00943661248739,0.00801));
#7789=CARTESIAN_POINT('',(-0.000865583805956,0.009360078850153,0.00801));
#7790=CARTESIAN_POINT('',(-0.000798574246117,0.009333158651869,0.00801));
#7791=CARTESIAN_POINT('',(-0.000737792719405,0.009316815086586,0.00801));
#7792=CARTESIAN_POINT('',(-0.000715970061108,0.009272351151558,0.00801));
#7793=CARTESIAN_POINT('',(-0.00073953440963,0.009233736258998,0.00801));
#7794=CARTESIAN_POINT('',(-0.000799215185938,0.009225125157961,0.00801));
#7795=CARTESIAN_POINT('',(-0.00084392299169,0.009237623135423,0.00801));
#7796=CARTESIAN_POINT('',(-0.000868195799207,0.009253185605316,0.00801));
#7797=CARTESIAN_POINT('',(-0.000662778201981,0.009506295707998,0.00801));
#7798=CARTESIAN_POINT('',(-0.000662778201981,0.009506295707998,0.008));
#7799=CARTESIAN_POINT('',(-0.000662778201981,0.009506295707998,0.008));
#7800=CARTESIAN_POINT('',(-0.000868195799207,0.009253185605316,0.008));
#7801=CARTESIAN_POINT('',(-0.00084392299169,0.009237623135423,0.008));
#7802=CARTESIAN_POINT('',(-0.000799215185938,0.009225125157961,0.008));
#7803=CARTESIAN_POINT('',(-0.00073953440963,0.009233736258998,0.008));
#7804=CARTESIAN_POINT('',(-0.000715970061108,0.009272351151558,0.008));
#7805=CARTESIAN_POINT('',(-0.000737792719405,0.009316815086586,0.008));
#7806=CARTESIAN_POINT('',(-0.000798574246117,0.009333158651869,0.008));
#7807=CARTESIAN_POINT('',(-0.000865583805956,0.009360078850153,0.008));
#7808=CARTESIAN_POINT('',(-0.000894568588173,0.00943661248739,0.008));
#7809=CARTESIAN_POINT('',(-0.000849121465006,0.009515856081024,0.008));
#7810=CARTESIAN_POINT('',(-0.000753388210307,0.009530978156094,0.008));
#7811=CARTESIAN_POINT('',(-0.000689872808141,0.009519843011079,0.008));
#7812=CARTESIAN_POINT('',(-0.000662778201981,0.009506295707998,0.008));
#7813=CARTESIAN_POINT('',(-0.000868195799206996,0.00922529662178004,0.00799999999468128));
#7814=CARTESIAN_POINT('',(-0.000868195799207,0.009197407638244,0.008));
#7815=CARTESIAN_POINT('',(-0.000868195799207,0.009197407638244,0.008));
#7816=CARTESIAN_POINT('',(-0.000868195799207,0.009197407638244,0.00801));
#7817=CARTESIAN_POINT('',(-0.000868195799207,0.00922529662178,0.00801));
#7818=CARTESIAN_POINT('',(-0.000868195799207,0.00922529662178,0.008));
#7819=CARTESIAN_POINT('',(-0.000662778392837099,0.00944700246024831,0.008));
#7820=CARTESIAN_POINT('',(-0.000662778392837099,0.00944700246024831,0.00801));
#7821=CARTESIAN_POINT('',(-0.000685477995656144,0.00946334615443397,0.008));
#7822=CARTESIAN_POINT('',(-0.000685477995656144,0.00946334615443397,0.00801));
#7823=CARTESIAN_POINT('',(-0.000730088968333142,0.00949366229971424,0.008));
#7824=CARTESIAN_POINT('',(-0.000730088968333142,0.00949366229971424,0.00801));
#7825=CARTESIAN_POINT('',(-0.000855553486568428,0.00945161917662153,0.008));
#7826=CARTESIAN_POINT('',(-0.000855553486568428,0.00945161917662153,0.00801));
#7827=CARTESIAN_POINT('',(-0.000781852949457936,0.00937168281700687,0.008));
#7828=CARTESIAN_POINT('',(-0.000781852949457936,0.00937168281700687,0.00801));
#7829=CARTESIAN_POINT('',(-0.000693132963201557,0.00936344444072465,0.008));
#7830=CARTESIAN_POINT('',(-0.000693132963201557,0.00936344444072465,0.00801));
#7831=CARTESIAN_POINT('',(-0.000646672951738602,0.0092776085483854,0.008));
#7832=CARTESIAN_POINT('',(-0.000646672951738602,0.0092776085483854,0.00801));
#7833=CARTESIAN_POINT('',(-0.000716513926116955,0.00916824942751811,0.008));
#7834=CARTESIAN_POINT('',(-0.000716513926116955,0.00916824942751811,0.00801));
#7835=CARTESIAN_POINT('',(-0.000816467078937025,0.00917610757695221,0.008));
#7836=CARTESIAN_POINT('',(-0.000816467078937025,0.00917610757695221,0.00801));
#7837=CARTESIAN_POINT('',(-0.000868195799210703,0.00919740763824555,0.008));
#7838=CARTESIAN_POINT('',(-0.000868195799210703,0.00919740763824555,0.00801));
#7839=CARTESIAN_POINT('',(-0.000662778201981,0.009447002322832,0.008));
#7840=CARTESIAN_POINT('',(-0.000662778201981,0.009447002322832,0.008));
#7841=CARTESIAN_POINT('',(-0.000662778201981,0.009447002322832,0.00801));
#7842=CARTESIAN_POINT('',(-0.000868195799207,0.009197407638244,0.00801));
#7843=CARTESIAN_POINT('',(-0.000843869774556,0.009187391039857,0.00801));
#7844=CARTESIAN_POINT('',(-0.000786267501552,0.009177630240271,0.00801));
#7845=CARTESIAN_POINT('',(-0.000696983648493,0.009194138354938,0.00801));
#7846=CARTESIAN_POINT('',(-0.000653620562686,0.009269920947562,0.00801));
#7847=CARTESIAN_POINT('',(-0.000678082811091,0.009344680041176,0.00801));
#7848=CARTESIAN_POINT('',(-0.00074460838366,0.009374802234177,0.00801));
#7849=CARTESIAN_POINT('',(-0.000805656842986,0.009388803093679,0.00801));
#7850=CARTESIAN_POINT('',(-0.000840459004281,0.009451878449549,0.00801));
#7851=CARTESIAN_POINT('',(-0.000743042845864,0.009495751835342,0.00801));
#7852=CARTESIAN_POINT('',(-0.000689722763582,0.009466402407185,0.00801));
#7853=CARTESIAN_POINT('',(-0.000662778201981,0.009447002322832,0.00801));
#7854=CARTESIAN_POINT('',(-0.000662778201981,0.009447002322832,0.008));
#7855=CARTESIAN_POINT('',(-0.000689722763582,0.009466402407185,0.008));
#7856=CARTESIAN_POINT('',(-0.000743042845864,0.009495751835342,0.008));
#7857=CARTESIAN_POINT('',(-0.000840459004281,0.009451878449549,0.008));
#7858=CARTESIAN_POINT('',(-0.000805656842986,0.009388803093679,0.008));
#7859=CARTESIAN_POINT('',(-0.00074460838366,0.009374802234177,0.008));
#7860=CARTESIAN_POINT('',(-0.000678082811091,0.009344680041176,0.008));
#7861=CARTESIAN_POINT('',(-0.000653620562686,0.009269920947562,0.008));
#7862=CARTESIAN_POINT('',(-0.000696983648493,0.009194138354938,0.008));
#7863=CARTESIAN_POINT('',(-0.000786267501552,0.009177630240271,0.008));
#7864=CARTESIAN_POINT('',(-0.000843869774556,0.009187391039857,0.008));
#7865=CARTESIAN_POINT('',(-0.000868195799207,0.009197407638244,0.008));
#7866=CARTESIAN_POINT('',(-0.000662778201980997,0.009476649015415,0.00799999999468128));
#7867=CARTESIAN_POINT('',(-0.000662778201981,0.009476649015415,0.00801));
#7868=CARTESIAN_POINT('',(-0.000662778201981,0.009476649015415,0.008));
#7869=CARTESIAN_POINT('',(-0.00052755178600819,0.00930966665772096,0.008));
#7870=CARTESIAN_POINT('',(-0.00052755178600819,0.00930966665772096,0.00801));
#7871=CARTESIAN_POINT('',(-0.000527551787120286,0.0092732589589576,0.008));
#7872=CARTESIAN_POINT('',(-0.000527551787120286,0.0092732589589576,0.00801));
#7873=CARTESIAN_POINT('',(-0.000457337482349522,0.00919717406412538,0.008));
#7874=CARTESIAN_POINT('',(-0.000457337482349522,0.00919717406412538,0.00801));
#7875=CARTESIAN_POINT('',(-0.000382159184083299,0.00924617916864429,0.008));
#7876=CARTESIAN_POINT('',(-0.000382159184083299,0.00924617916864429,0.00801));
#7877=CARTESIAN_POINT('',(-0.000353890131731049,0.00926912216773614,0.008));
#7878=CARTESIAN_POINT('',(-0.000353890131731049,0.00926912216773614,0.00801));
#7879=CARTESIAN_POINT('',(-0.000527551786008,0.009309666656005,0.008));
#7880=CARTESIAN_POINT('',(-0.000527551786008,0.009309666656005,0.008));
#7881=CARTESIAN_POINT('',(-0.000527551786008,0.009309666656005,0.00801));
#7882=CARTESIAN_POINT('',(-0.000353890132222,0.009269122167337,0.00801));
#7883=CARTESIAN_POINT('',(-0.000383502101654,0.009245089264609,0.00801));
#7884=CARTESIAN_POINT('',(-0.000460095435639,0.009197429714927,0.00801));
#7885=CARTESIAN_POINT('',(-0.000527551786008,0.009274988500052,0.00801));
#7886=CARTESIAN_POINT('',(-0.000527551786008,0.009309666656005,0.00801));
#7887=CARTESIAN_POINT('',(-0.000353890132222,0.009269122167337,0.00801));
#7888=CARTESIAN_POINT('',(-0.000353890132222,0.009269122167337,0.008));
#7889=CARTESIAN_POINT('',(-0.000353890132222,0.009269122167337,0.008));
#7890=CARTESIAN_POINT('',(-0.000527551786008,0.009309666656005,0.008));
#7891=CARTESIAN_POINT('',(-0.000527551786008,0.009274988500052,0.008));
#7892=CARTESIAN_POINT('',(-0.000460095435639,0.009197429714927,0.008));
#7893=CARTESIAN_POINT('',(-0.000383502101654,0.009245089264609,0.008));
#7894=CARTESIAN_POINT('',(-0.000353890132222,0.009269122167337,0.008));
#7895=CARTESIAN_POINT('',(-0.000353890132222004,0.0092412331837995,0.00799999999468128));
#7896=CARTESIAN_POINT('',(-0.000353890132222,0.0092412331837995,0.00801));
#7897=CARTESIAN_POINT('',(-0.000353890132222,0.009213344200262,0.00801));
#7898=CARTESIAN_POINT('',(-0.000353890132222,0.009213344200262,0.008));
#7899=CARTESIAN_POINT('',(-0.000353890132222,0.009213344200262,0.008));
#7900=CARTESIAN_POINT('',(-0.000353890132222,0.0092412331837995,0.008));
#7901=CARTESIAN_POINT('',(-0.000353890131479204,0.00921334420072891,0.008));
#7902=CARTESIAN_POINT('',(-0.000353890131479204,0.00921334420072891,0.00801));
#7903=CARTESIAN_POINT('',(-0.000394584353052918,0.00918778176535194,0.008));
#7904=CARTESIAN_POINT('',(-0.000394584353052918,0.00918778176535194,0.00801));
#7905=CARTESIAN_POINT('',(-0.00049944391413183,0.00915827142196484,0.008));
#7906=CARTESIAN_POINT('',(-0.00049944391413183,0.00915827142196484,0.00801));
#7907=CARTESIAN_POINT('',(-0.000584970281631864,0.00925903186470062,0.008));
#7908=CARTESIAN_POINT('',(-0.000584970281631864,0.00925903186470062,0.00801));
#7909=CARTESIAN_POINT('',(-0.000584970281524912,0.00930708868292289,0.008));
#7910=CARTESIAN_POINT('',(-0.000584970281524912,0.00930708868292289,0.00801));
#7911=CARTESIAN_POINT('',(-0.000584970281525,0.009307088682739,0.00801));
#7912=CARTESIAN_POINT('',(-0.000584970281525,0.009249899159229,0.00801));
#7913=CARTESIAN_POINT('',(-0.000484940730803,0.00915289740744,0.00801));
#7914=CARTESIAN_POINT('',(-0.000386850834271,0.00919263964374,0.00801));
#7915=CARTESIAN_POINT('',(-0.000353890132222,0.009213344200262,0.00801));
#7916=CARTESIAN_POINT('',(-0.000584970281525,0.009307088682739,0.00801));
#7917=CARTESIAN_POINT('',(-0.000584970281525,0.009307088682739,0.008));
#7918=CARTESIAN_POINT('',(-0.000584970281525,0.009307088682739,0.008));
#7919=CARTESIAN_POINT('',(-0.000353890132222,0.009213344200262,0.008));
#7920=CARTESIAN_POINT('',(-0.000386850834271,0.00919263964374,0.008));
#7921=CARTESIAN_POINT('',(-0.000484940730803,0.00915289740744,0.008));
#7922=CARTESIAN_POINT('',(-0.000584970281525,0.009249899159229,0.008));
#7923=CARTESIAN_POINT('',(-0.000584970281525,0.009307088682739,0.008));
#7924=CARTESIAN_POINT('',(-0.00058497028152576,0.00941243404491999,0.00799999999468128));
#7925=CARTESIAN_POINT('',(-0.0005849702815255,0.00941243404492,0.00801));
#7926=CARTESIAN_POINT('',(-0.000584970281526,0.009517779407101,0.00801));
#7927=CARTESIAN_POINT('',(-0.000584970281526,0.009517779407101,0.008));
#7928=CARTESIAN_POINT('',(-0.000584970281526,0.009517779407101,0.008));
#7929=CARTESIAN_POINT('',(-0.0005849702815255,0.00941243404492,0.008));
#7930=CARTESIAN_POINT('',(-0.000556261033768001,0.00951777940710095,0.00799999999468128));
#7931=CARTESIAN_POINT('',(-0.000556261033768,0.009517779407101,0.00801));
#7932=CARTESIAN_POINT('',(-0.00052755178601,0.009517779407101,0.00801));
#7933=CARTESIAN_POINT('',(-0.00052755178601,0.009517779407101,0.008));
#7934=CARTESIAN_POINT('',(-0.00052755178601,0.009517779407101,0.008));
#7935=CARTESIAN_POINT('',(-0.000556261033768,0.009517779407101,0.008));
#7936=CARTESIAN_POINT('',(-0.000527551786039603,0.00946715738651179,0.008));
#7937=CARTESIAN_POINT('',(-0.000527551786039603,0.00946715738651179,0.00801));
#7938=CARTESIAN_POINT('',(-0.000491970371709802,0.00952836479363819,0.008));
#7939=CARTESIAN_POINT('',(-0.000491970371709802,0.00952836479363819,0.00801));
#7940=CARTESIAN_POINT('',(-0.000322982884119106,0.00954792726258395,0.008));
#7941=CARTESIAN_POINT('',(-0.000322982884119106,0.00954792726258395,0.00801));
#7942=CARTESIAN_POINT('',(-0.000317186021654692,0.00937523710314023,0.008));
#7943=CARTESIAN_POINT('',(-0.000317186021654692,0.00937523710314023,0.00801));
#7944=CARTESIAN_POINT('',(-0.000395465022814006,0.00932813867001188,0.008));
#7945=CARTESIAN_POINT('',(-0.000395465022814006,0.00932813867001188,0.00801));
#7946=CARTESIAN_POINT('',(-0.000430526262604878,0.00932325960374148,0.008));
#7947=CARTESIAN_POINT('',(-0.000430526262604878,0.00932325960374148,0.00801));
#7948=CARTESIAN_POINT('',(-0.00052755178601,0.009467157386564,0.008));
#7949=CARTESIAN_POINT('',(-0.00052755178601,0.009467157386564,0.008));
#7950=CARTESIAN_POINT('',(-0.00052755178601,0.009467157386564,0.00801));
#7951=CARTESIAN_POINT('',(-0.000430526246646,0.009323259605962,0.00801));
#7952=CARTESIAN_POINT('',(-0.000380216657616,0.009330260616736,0.00801));
#7953=CARTESIAN_POINT('',(-0.000297751723168,0.009401848842863,0.00801));
#7954=CARTESIAN_POINT('',(-0.000343418090063,0.009510491393873,0.00801));
#7955=CARTESIAN_POINT('',(-0.000438830187694,0.009539107731045,0.00801));
#7956=CARTESIAN_POINT('',(-0.000507890056764,0.009500979635838,0.00801));
#7957=CARTESIAN_POINT('',(-0.00052755178601,0.009467157386564,0.00801));
#7958=CARTESIAN_POINT('',(-0.000430526246646,0.009323259605962,0.00801));
#7959=CARTESIAN_POINT('',(-0.000430526246646,0.009323259605962,0.008));
#7960=CARTESIAN_POINT('',(-0.000430526246646,0.009323259605962,0.008));
#7961=CARTESIAN_POINT('',(-0.00052755178601,0.009467157386564,0.008));
#7962=CARTESIAN_POINT('',(-0.000507890056764,0.009500979635838,0.008));
#7963=CARTESIAN_POINT('',(-0.000438830187694,0.009539107731045,0.008));
#7964=CARTESIAN_POINT('',(-0.000343418090063,0.009510491393873,0.008));
#7965=CARTESIAN_POINT('',(-0.000297751723168,0.009401848842863,0.008));
#7966=CARTESIAN_POINT('',(-0.000380216657616,0.009330260616736,0.008));
#7967=CARTESIAN_POINT('',(-0.000430526246646,0.009323259605962,0.008));
#7968=CARTESIAN_POINT('',(-0.000527551786009996,0.0094924683968325,0.00799999999468128));
#7969=CARTESIAN_POINT('',(-0.00052755178601,0.0094924683968325,0.00801));
#7970=CARTESIAN_POINT('',(-0.00052755178601,0.0094924683968325,0.008));
#7971=CARTESIAN_POINT('',(-0.000527551786009996,0.0093691944023773,0.00799999999468128));
#7972=CARTESIAN_POINT('',(-0.00052755178601,0.009384896603192,0.008));
#7973=CARTESIAN_POINT('',(-0.00052755178601,0.009384896603192,0.008));
#7974=CARTESIAN_POINT('',(-0.00052755178601,0.009384896603192,0.00801));
#7975=CARTESIAN_POINT('',(-0.00052755178601,0.009369194402377,0.00801));
#7976=CARTESIAN_POINT('',(-0.00052755178601,0.009353492201562,0.00801));
#7977=CARTESIAN_POINT('',(-0.00052755178601,0.009353492201562,0.008));
#7978=CARTESIAN_POINT('',(-0.00052755178601,0.009353492201562,0.008));
#7979=CARTESIAN_POINT('',(-0.00052755178601,0.009369194402377,0.008));
#7980=CARTESIAN_POINT('',(-0.00045091567541078,0.00936380409410164,0.008));
#7981=CARTESIAN_POINT('',(-0.00045091567541078,0.00936380409410164,0.00801));
#7982=CARTESIAN_POINT('',(-0.000423664028031808,0.00936761218445033,0.008));
#7983=CARTESIAN_POINT('',(-0.000423664028031808,0.00936761218445033,0.00801));
#7984=CARTESIAN_POINT('',(-0.000359793409739226,0.00939369673165685,0.008));
#7985=CARTESIAN_POINT('',(-0.000359793409739226,0.00939369673165685,0.00801));
#7986=CARTESIAN_POINT('',(-0.000404531235552953,0.00949513665156093,0.008));
#7987=CARTESIAN_POINT('',(-0.000404531235552953,0.00949513665156093,0.00801));
#7988=CARTESIAN_POINT('',(-0.000506032128235612,0.00946957164626585,0.008));
#7989=CARTESIAN_POINT('',(-0.000506032128235612,0.00946957164626585,0.00801));
#7990=CARTESIAN_POINT('',(-0.000527551786108165,0.00941241303182346,0.008));
#7991=CARTESIAN_POINT('',(-0.000527551786108165,0.00941241303182346,0.00801));
#7992=CARTESIAN_POINT('',(-0.000527551786009677,0.00938489660282376,0.008));
#7993=CARTESIAN_POINT('',(-0.000527551786009677,0.00938489660282376,0.00801));
#7994=CARTESIAN_POINT('',(-0.000450915671587,0.009363804094636,0.008));
#7995=CARTESIAN_POINT('',(-0.000450915671587,0.009363804094636,0.008));
#7996=CARTESIAN_POINT('',(-0.000450915671587,0.009363804094636,0.00801));
#7997=CARTESIAN_POINT('',(-0.00052755178601,0.009384896603192,0.00801));
#7998=CARTESIAN_POINT('',(-0.00052755178601,0.009408623866907,0.00801));
#7999=CARTESIAN_POINT('',(-0.000511513384943,0.009458244285661,0.00801));
#8000=CARTESIAN_POINT('',(-0.000448555575324,0.0094849683035,0.00801));
#8001=CARTESIAN_POINT('',(-0.000393239808213,0.00947007344366,0.00801));
#8002=CARTESIAN_POINT('',(-0.000374363558036,0.009424891681933,0.00801));
#8003=CARTESIAN_POINT('',(-0.000392462932813,0.009373070643109,0.00801));
#8004=CARTESIAN_POINT('',(-0.000431409403342,0.009366529861377,0.00801));
#8005=CARTESIAN_POINT('',(-0.000450915671587,0.009363804094636,0.00801));
#8006=CARTESIAN_POINT('',(-0.000450915671587,0.009363804094636,0.008));
#8007=CARTESIAN_POINT('',(-0.000431409403342,0.009366529861377,0.008));
#8008=CARTESIAN_POINT('',(-0.000392462932813,0.009373070643109,0.008));
#8009=CARTESIAN_POINT('',(-0.000374363558036,0.009424891681933,0.008));
#8010=CARTESIAN_POINT('',(-0.000393239808213,0.00947007344366,0.008));
#8011=CARTESIAN_POINT('',(-0.000448555575324,0.0094849683035,0.008));
#8012=CARTESIAN_POINT('',(-0.000511513384943,0.009458244285661,0.008));
#8013=CARTESIAN_POINT('',(-0.00052755178601,0.009408623866907,0.008));
#8014=CARTESIAN_POINT('',(-0.00052755178601,0.009384896603192,0.008));
#8015=CARTESIAN_POINT('',(-0.000489233728798262,0.00935864814809933,0.00799999999468128));
#8016=CARTESIAN_POINT('',(-0.0004892337287985,0.009358648148099,0.00801));
#8017=CARTESIAN_POINT('',(-0.0004892337287985,0.009358648148099,0.008));
#8018=CARTESIAN_POINT('',(-0.001536476778653,0.009465516858119,0.008));
#8019=CARTESIAN_POINT('',(-7.957034038189E-5,0.009465516858119,0.008));
#8020=CARTESIAN_POINT('',(-7.957034038189E-5,0.009465516858119,0.008));
#8021=CARTESIAN_POINT('',(-7.957034038189E-5,0.009465516858119,0.00801));
#8022=CARTESIAN_POINT('',(-0.00026694212473,0.009465516858119,0.00801));
#8023=CARTESIAN_POINT('',(-0.00026694212473,0.009465516858119,0.00801));
#8024=CARTESIAN_POINT('',(-0.00026694212473,0.009465516858119,0.008));
#8025=CARTESIAN_POINT('',(-0.00026694212473,0.009465516858119,0.008));
#8026=CARTESIAN_POINT('',(-0.00026694212473,0.009465516858119,0.008));
#8027=CARTESIAN_POINT('',(-7.957034038189E-5,0.008738294035317,0.008));
#8028=CARTESIAN_POINT('',(-7.957034038189E-5,0.00931130718445,0.008));
#8029=CARTESIAN_POINT('',(-7.957034038189E-5,0.00931130718445,0.008));
#8030=CARTESIAN_POINT('',(-7.957034038189E-5,0.00931130718445,0.00801));
#8031=CARTESIAN_POINT('',(-7.957034038189E-5,0.009465516858119,0.00801));
#8032=CARTESIAN_POINT('',(-7.957034038189E-5,0.009465516858119,0.008));
#8033=CARTESIAN_POINT('',(-0.001349104994305,0.00931130718445,0.008));
#8034=CARTESIAN_POINT('',(-0.000243506004109,0.00931130718445,0.008));
#8035=CARTESIAN_POINT('',(-0.000243506004109,0.00931130718445,0.008));
#8036=CARTESIAN_POINT('',(-0.000243506004109,0.00931130718445,0.00801));
#8037=CARTESIAN_POINT('',(-7.957034038189E-5,0.00931130718445,0.00801));
#8038=CARTESIAN_POINT('',(-7.957034038189E-5,0.00931130718445,0.008));
#8039=CARTESIAN_POINT('',(-0.000243506004109,0.00931130718445,0.008));
#8040=CARTESIAN_POINT('',(-0.000243506004109,0.009258810274264,0.008));
#8041=CARTESIAN_POINT('',(-0.000243506004109,0.009258810274264,0.008));
#8042=CARTESIAN_POINT('',(-0.000243506004109,0.009258810274264,0.00801));
#8043=CARTESIAN_POINT('',(-0.000243506004109,0.00931130718445,0.00801));
#8044=CARTESIAN_POINT('',(-0.000243506004109,0.00931130718445,0.008));
#8045=CARTESIAN_POINT('',(-0.001513040658032,0.009258810274264,0.008));
#8046=CARTESIAN_POINT('',(-7.957034038189E-5,0.009258810274264,0.008));
#8047=CARTESIAN_POINT('',(-7.957034038189E-5,0.009258810274264,0.008));
#8048=CARTESIAN_POINT('',(-7.957034038189E-5,0.009258810274264,0.00801));
#8049=CARTESIAN_POINT('',(-0.000243506004109,0.009258810274264,0.00801));
#8050=CARTESIAN_POINT('',(-0.000243506004109,0.009258810274264,0.008));
#8051=CARTESIAN_POINT('',(-7.957034038189E-5,0.008738294035317,0.008));
#8052=CARTESIAN_POINT('',(-7.957034038189E-5,0.009112100159188,0.008));
#8053=CARTESIAN_POINT('',(-7.957034038189E-5,0.009112100159188,0.008));
#8054=CARTESIAN_POINT('',(-7.957034038189E-5,0.009112100159188,0.00801));
#8055=CARTESIAN_POINT('',(-7.957034038189E-5,0.009258810274264,0.00801));
#8056=CARTESIAN_POINT('',(-7.957034038189E-5,0.009258810274264,0.008));
#8057=CARTESIAN_POINT('',(-0.001349104994305,0.009112100159188,0.008));
#8058=CARTESIAN_POINT('',(-0.000256513051052,0.009112100159188,0.008));
#8059=CARTESIAN_POINT('',(-0.000256513051052,0.009112100159188,0.008));
#8060=CARTESIAN_POINT('',(-0.000256513051052,0.009112100159188,0.00801));
#8061=CARTESIAN_POINT('',(-7.957034038189E-5,0.009112100159188,0.00801));
#8062=CARTESIAN_POINT('',(-7.957034038189E-5,0.009112100159188,0.008));
#8063=CARTESIAN_POINT('',(-0.000256513051052,0.009112100159188,0.008));
#8064=CARTESIAN_POINT('',(-0.000256513051052,0.009059368887797,0.008));
#8065=CARTESIAN_POINT('',(-0.000256513051052,0.009059368887797,0.008));
#8066=CARTESIAN_POINT('',(-0.000256513051052,0.009059368887797,0.00801));
#8067=CARTESIAN_POINT('',(-0.000256513051052,0.009112100159188,0.00801));
#8068=CARTESIAN_POINT('',(-0.000256513051052,0.009112100159188,0.008));
#8069=CARTESIAN_POINT('',(-0.001526047704975,0.009059368887797,0.008));
#8070=CARTESIAN_POINT('',(-2.039413581977E-5,0.009059368887797,0.008));
#8071=CARTESIAN_POINT('',(-2.039413581977E-5,0.009059368887797,0.008));
#8072=CARTESIAN_POINT('',(-2.039413581977E-5,0.009059368887797,0.00801));
#8073=CARTESIAN_POINT('',(-0.000256513051052,0.009059368887797,0.00801));
#8074=CARTESIAN_POINT('',(-0.000256513051052,0.009059368887797,0.008));
#8075=CARTESIAN_POINT('',(-2.039413581977E-5,0.008332146064995,0.008));
#8076=CARTESIAN_POINT('',(-2.039413581977E-5,0.009517779407101,0.008));
#8077=CARTESIAN_POINT('',(-2.039413581977E-5,0.009517779407101,0.008));
#8078=CARTESIAN_POINT('',(-2.039413581977E-5,0.009517779407101,0.00801));
#8079=CARTESIAN_POINT('',(-2.039413581977E-5,0.009059368887797,0.00801));
#8080=CARTESIAN_POINT('',(-2.039413581977E-5,0.009059368887797,0.008));
#8081=CARTESIAN_POINT('',(-0.001289928789743,0.009517779407101,0.008));
#8082=CARTESIAN_POINT('',(-0.00026694212473,0.009517779407101,0.008));
#8083=CARTESIAN_POINT('',(-0.00026694212473,0.009517779407101,0.008));
#8084=CARTESIAN_POINT('',(-0.00026694212473,0.009517779407101,0.00801));
#8085=CARTESIAN_POINT('',(-2.039413581977E-5,0.009517779407101,0.00801));
#8086=CARTESIAN_POINT('',(-2.039413581977E-5,0.009517779407101,0.008));
#8087=CARTESIAN_POINT('',(-0.00026694212473,0.009517779407101,0.008));
#8088=CARTESIAN_POINT('',(-0.00026694212473,0.009517779407101,0.00801));
#8089=CARTESIAN_POINT('',(-0.00026694212473,0.009517779407101,0.008));
#8090=CARTESIAN_POINT('',(-0.000951979930416,0.008332146064995,0.008));
#8091=CARTESIAN_POINT('',(-0.001622252980118,0.008332146064995,0.008));
#8092=CARTESIAN_POINT('',(-0.001622252980118,0.008332146064995,0.008));
#8093=CARTESIAN_POINT('',(-0.001622252980118,0.008332146064995,0.00801));
#8094=CARTESIAN_POINT('',(-0.001685530505788,0.008332146064995,0.00801));
#8095=CARTESIAN_POINT('',(-0.00168553050578795,0.008332146064995,0.00801));
#8096=CARTESIAN_POINT('',(-0.001685530505788,0.008332146064995,0.008));
#8097=CARTESIAN_POINT('',(-0.00168553050578795,0.008332146064995,0.008));
#8098=CARTESIAN_POINT('',(-0.001685530505788,0.008332146064995,0.008));
#8099=CARTESIAN_POINT('',(-0.001622252980118,0.008332146064995,0.008));
#8100=CARTESIAN_POINT('',(-0.001447653881508,0.008790556584299,0.008));
#8101=CARTESIAN_POINT('',(-0.00144765388150772,0.008790556584299,0.008));
#8102=CARTESIAN_POINT('',(-0.00144765388150772,0.008790556584299,0.00801));
#8103=CARTESIAN_POINT('',(-0.001622252980118,0.008332146064995,0.00801));
#8104=CARTESIAN_POINT('',(-0.001622252980118,0.008332146064995,0.008));
#8105=CARTESIAN_POINT('',(-0.000715861015183,0.008790556584299,0.008));
#8106=CARTESIAN_POINT('',(-0.001513040658032,0.008790556584299,0.008));
#8107=CARTESIAN_POINT('',(-0.001513040658032,0.008790556584299,0.008));
#8108=CARTESIAN_POINT('',(-0.001513040658032,0.008790556584299,0.00801));
#8109=CARTESIAN_POINT('',(-0.001447653881508,0.008790556584299,0.00801));
#8110=CARTESIAN_POINT('',(-0.001447653881508,0.008790556584299,0.008));
#8111=CARTESIAN_POINT('',(-0.001513040658032,0.008790556584299,0.008));
#8112=CARTESIAN_POINT('',(-0.001557100564803,0.00866517333899,0.008));
#8113=CARTESIAN_POINT('',(-0.001557100564803,0.00866517333899,0.008));
#8114=CARTESIAN_POINT('',(-0.001557100564803,0.00866517333899,0.00801));
#8115=CARTESIAN_POINT('',(-0.001513040658032,0.008790556584299,0.00801));
#8116=CARTESIAN_POINT('',(-0.001513040658032,0.008790556584299,0.008));
#8117=CARTESIAN_POINT('',(-0.001557100564803,0.00866517333899,0.008));
#8118=CARTESIAN_POINT('',(-0.001747987767242,0.00866517333899,0.008));
#8119=CARTESIAN_POINT('',(-0.001747987767242,0.00866517333899,0.008));
#8120=CARTESIAN_POINT('',(-0.001747987767242,0.00866517333899,0.00801));
#8121=CARTESIAN_POINT('',(-0.001557100564803,0.00866517333899,0.00801));
#8122=CARTESIAN_POINT('',(-0.001557100564803,0.00866517333899,0.008));
#8123=CARTESIAN_POINT('',(-0.001747987767242,0.00866517333899,0.008));
#8124=CARTESIAN_POINT('',(-0.001794742827876,0.008790556584299,0.008));
#8125=CARTESIAN_POINT('',(-0.00179474282787581,0.008790556584299,0.008));
#8126=CARTESIAN_POINT('',(-0.00179474282787581,0.008790556584299,0.00801));
#8127=CARTESIAN_POINT('',(-0.001747987767242,0.00866517333899,0.00801));
#8128=CARTESIAN_POINT('',(-0.001747987767242,0.00866517333899,0.008));
#8129=CARTESIAN_POINT('',(-0.000715861015183,0.008790556584299,0.008));
#8130=CARTESIAN_POINT('',(-0.0018601296044,0.008790556584299,0.008));
#8131=CARTESIAN_POINT('',(-0.0018601296044,0.008790556584299,0.008));
#8132=CARTESIAN_POINT('',(-0.0018601296044,0.008790556584299,0.00801));
#8133=CARTESIAN_POINT('',(-0.001794742827876,0.008790556584299,0.00801));
#8134=CARTESIAN_POINT('',(-0.001794742827876,0.008790556584299,0.008));
#8135=CARTESIAN_POINT('',(-0.0018601296044,0.008790556584299,0.008));
#8136=CARTESIAN_POINT('',(-0.0018601296044,0.008790556584299,0.00801));
#8137=CARTESIAN_POINT('',(-0.0018601296044,0.008790556584299,0.008));
#8138=CARTESIAN_POINT('',(-0.0016950807249387,0.00851811168210752,0.00799999999468128));
#8139=CARTESIAN_POINT('',(-0.001729707593152,0.008613379512424,0.008));
#8140=CARTESIAN_POINT('',(-0.001729707593152,0.008613379512424,0.008));
#8141=CARTESIAN_POINT('',(-0.001729707593152,0.008613379512424,0.00801));
#8142=CARTESIAN_POINT('',(-0.00169473445625636,0.00851715900380433,0.00801));
#8143=CARTESIAN_POINT('',(-0.00166043824509666,0.00842284906531421,0.00800999975));
#8144=CARTESIAN_POINT('',(-0.00166045385672472,0.00842284385179111,0.00800999975));
#8145=CARTESIAN_POINT('',(-0.00166045385672472,0.00842284385179111,0.00800666658333334));
#8146=CARTESIAN_POINT('',(-0.00166045385672472,0.00842284385179111,0.00800333341666667));
#8147=CARTESIAN_POINT('',(-0.00166045385672472,0.00842284385179111,0.00800000025));
#8148=CARTESIAN_POINT('',(-0.00166043824509666,0.00842284906531421,0.00800000025));
#8149=CARTESIAN_POINT('',(-0.00169473445625636,0.00851715900380433,0.008));
#8150=CARTESIAN_POINT('',(-0.00165277852722127,0.00861337951242404,0.00799999999468128));
#8151=CARTESIAN_POINT('',(-0.00157584946129,0.008613379512424,0.008));
#8152=CARTESIAN_POINT('',(-0.00157584946129,0.008613379512424,0.008));
#8153=CARTESIAN_POINT('',(-0.00157584946129,0.008613379512424,0.00801));
#8154=CARTESIAN_POINT('',(-0.001652778527221,0.008613379512424,0.00801));
#8155=CARTESIAN_POINT('',(-0.001652778527221,0.008613379512424,0.008));
#8156=CARTESIAN_POINT('',(-0.001610124787695,0.00851811168210751,0.00799999999468128));
#8157=CARTESIAN_POINT('',(-0.00164440011409983,0.00842284385179094,0.00800000025));
#8158=CARTESIAN_POINT('',(-0.00164440011409983,0.00842284385179094,0.0080033335));
#8159=CARTESIAN_POINT('',(-0.00164440011409983,0.00842284385179094,0.00800666675));
#8160=CARTESIAN_POINT('',(-0.00164440011409983,0.00842284385179094,0.00801));
#8161=CARTESIAN_POINT('',(-0.00164440954578071,0.00842284728346055,0.00800000025));
#8162=CARTESIAN_POINT('',(-0.00164440954578075,0.00842284728346057,0.00801));
#8163=CARTESIAN_POINT('',(-0.001610124787695,0.0085181116821075,0.00801));
#8164=CARTESIAN_POINT('',(-0.001610124787695,0.0085181116821075,0.008));
#8165=CARTESIAN_POINT('',(-0.0014873500016589,0.00836570195888452,0.008));
#8166=CARTESIAN_POINT('',(-0.00165263340793307,0.00839056235134987,0.008));
#8167=CARTESIAN_POINT('',(-0.001652626993424,0.008390736366541,0.008));
#8168=CARTESIAN_POINT('',(-0.001652626993424,0.008390736366541,0.00801));
#8169=CARTESIAN_POINT('',(-0.0014873500016589,0.00836570195888452,0.00801));
#8170=CARTESIAN_POINT('',(-0.0014873500016589,0.00836570195888452,0.008));
#8171=CARTESIAN_POINT('',(-0.00184465458073372,0.00836132978488436,0.008));
#8172=CARTESIAN_POINT('',(-0.00184465458073372,0.00836132978488436,0.00801));
#8173=CARTESIAN_POINT('',(-0.00184465458073372,0.00836132978488436,0.008));
#8174=CARTESIAN_POINT('',(-0.00117977901713913,0.00833214606499532,0.008));
#8175=CARTESIAN_POINT('',(-0.00117977901713913,0.00833214606499532,0.00801));
#8176=CARTESIAN_POINT('',(-0.00124093712864903,0.00833214606381676,0.008));
#8177=CARTESIAN_POINT('',(-0.00124093712864903,0.00833214606381676,0.00801));
#8178=CARTESIAN_POINT('',(-0.00137393063921761,0.00837007000438529,0.008));
#8179=CARTESIAN_POINT('',(-0.00137393063921761,0.00837007000438529,0.00801));
#8180=CARTESIAN_POINT('',(-0.00144766601890563,0.00856296427446636,0.008));
#8181=CARTESIAN_POINT('',(-0.00144766601890563,0.00856296427446636,0.00801));
#8182=CARTESIAN_POINT('',(-0.00136875885157904,0.00875221003113816,0.008));
#8183=CARTESIAN_POINT('',(-0.00136875885157904,0.00875221003113816,0.00801));
#8184=CARTESIAN_POINT('',(-0.00123624990563209,0.00879055658528339,0.008));
#8185=CARTESIAN_POINT('',(-0.00123624990563209,0.00879055658528339,0.00801));
#8186=CARTESIAN_POINT('',(-0.00117509179404429,0.0087905565842988,0.008));
#8187=CARTESIAN_POINT('',(-0.00117509179404429,0.0087905565842988,0.00801));
#8188=CARTESIAN_POINT('',(-0.001179779022832,0.008332146064995,0.008));
#8189=CARTESIAN_POINT('',(-0.001179779022832,0.008332146064995,0.008));
#8190=CARTESIAN_POINT('',(-0.001179779022832,0.008332146064995,0.00801));
#8191=CARTESIAN_POINT('',(-0.001175091798711,0.008790556584299,0.00801));
#8192=CARTESIAN_POINT('',(-0.001238167250966,0.008790556584298,0.00801));
#8193=CARTESIAN_POINT('',(-0.001373097628681,0.00874990255599,0.00801));
#8194=CARTESIAN_POINT('',(-0.001446812928179,0.008557838517727,0.00801));
#8195=CARTESIAN_POINT('',(-0.001371568328077,0.008369454478816,0.00801));
#8196=CARTESIAN_POINT('',(-0.001240989797642,0.008332146064995,0.00801));
#8197=CARTESIAN_POINT('',(-0.001179779022832,0.008332146064995,0.00801));
#8198=CARTESIAN_POINT('',(-0.001175091798711,0.008790556584299,0.00801));
#8199=CARTESIAN_POINT('',(-0.001175091798711,0.008790556584299,0.008));
#8200=CARTESIAN_POINT('',(-0.001175091798711,0.008790556584299,0.008));
#8201=CARTESIAN_POINT('',(-0.001179779022832,0.008332146064995,0.008));
#8202=CARTESIAN_POINT('',(-0.001240989797642,0.008332146064995,0.008));
#8203=CARTESIAN_POINT('',(-0.001371568328077,0.008369454478816,0.008));
#8204=CARTESIAN_POINT('',(-0.001446812928179,0.008557838517727,0.008));
#8205=CARTESIAN_POINT('',(-0.001373097628681,0.00874990255599,0.008));
#8206=CARTESIAN_POINT('',(-0.001238167250966,0.008790556584298,0.008));
#8207=CARTESIAN_POINT('',(-0.001175091798711,0.008790556584299,0.008));
#8208=CARTESIAN_POINT('',(-0.001114392246305,0.008332146064995,0.00799999999468128));
#8209=CARTESIAN_POINT('',(-0.001049005469778,0.008332146064995,0.008));
#8210=CARTESIAN_POINT('',(-0.001049005469778,0.008332146064995,0.008));
#8211=CARTESIAN_POINT('',(-0.001049005469778,0.008332146064995,0.00801));
#8212=CARTESIAN_POINT('',(-0.001114392246305,0.008332146064995,0.00801));
#8213=CARTESIAN_POINT('',(-0.001114392246305,0.008332146064995,0.008));
#8214=CARTESIAN_POINT('',(-0.00104900546977924,0.00856135132464699,0.00799999999468128));
#8215=CARTESIAN_POINT('',(-0.001049005469781,0.008790556584299,0.008));
#8216=CARTESIAN_POINT('',(-0.001049005469781,0.008790556584299,0.008));
#8217=CARTESIAN_POINT('',(-0.001049005469781,0.008790556584299,0.00801));
#8218=CARTESIAN_POINT('',(-0.0010490054697795,0.008561351324647,0.00801));
#8219=CARTESIAN_POINT('',(-0.0010490054697795,0.008561351324647,0.008));
#8220=CARTESIAN_POINT('',(-0.00111204863424574,0.00879055658429895,0.00799999999468128));
#8221=CARTESIAN_POINT('',(-0.001112048634246,0.008790556584299,0.00801));
#8222=CARTESIAN_POINT('',(-0.001112048634246,0.008790556584299,0.008));
#8223=CARTESIAN_POINT('',(-0.00117474025664807,0.00873829403531739,0.008));
#8224=CARTESIAN_POINT('',(-0.00117474025664807,0.00873829403531739,0.00801));
#8225=CARTESIAN_POINT('',(-0.00122175751573724,0.00873829403536702,0.008));
#8226=CARTESIAN_POINT('',(-0.00122175751573724,0.00873829403536702,0.00801));
#8227=CARTESIAN_POINT('',(-0.00132652427066275,0.00871048026952824,0.008));
#8228=CARTESIAN_POINT('',(-0.00132652427066275,0.00871048026952824,0.00801));
#8229=CARTESIAN_POINT('',(-0.00137595007349537,0.00856251821679791,0.008));
#8230=CARTESIAN_POINT('',(-0.00137595007349537,0.00856251821679791,0.00801));
#8231=CARTESIAN_POINT('',(-0.00132973278519734,0.00841023775579436,0.008));
#8232=CARTESIAN_POINT('',(-0.00132973278519734,0.00841023775579436,0.00801));
#8233=CARTESIAN_POINT('',(-0.00122445266954947,0.00838487733633212,0.008));
#8234=CARTESIAN_POINT('',(-0.00122445266954947,0.00838487733633212,0.00801));
#8235=CARTESIAN_POINT('',(-0.00117743541046614,0.00838487733638574,0.008));
#8236=CARTESIAN_POINT('',(-0.00117743541046614,0.00838487733638574,0.00801));
#8237=CARTESIAN_POINT('',(-0.001174740256901,0.008738294035317,0.008));
#8238=CARTESIAN_POINT('',(-0.001174740256901,0.008738294035317,0.008));
#8239=CARTESIAN_POINT('',(-0.001174740256901,0.008738294035317,0.00801));
#8240=CARTESIAN_POINT('',(-0.001177435410766,0.008384877336386,0.00801));
#8241=CARTESIAN_POINT('',(-0.001223817898733,0.008384877336386,0.00801));
#8242=CARTESIAN_POINT('',(-0.001327552723281,0.008409327156623,0.00801));
#8243=CARTESIAN_POINT('',(-0.00137575899192,0.008558410758482,0.00801));
#8244=CARTESIAN_POINT('',(-0.001329182176717,0.008709128754283,0.00801));
#8245=CARTESIAN_POINT('',(-0.001222881586253,0.008738294035317,0.00801));
#8246=CARTESIAN_POINT('',(-0.001174740256901,0.008738294035317,0.00801));
#8247=CARTESIAN_POINT('',(-0.001177435410766,0.008384877336386,0.00801));
#8248=CARTESIAN_POINT('',(-0.001177435410766,0.008384877336386,0.008));
#8249=CARTESIAN_POINT('',(-0.001177435410766,0.008384877336386,0.008));
#8250=CARTESIAN_POINT('',(-0.001174740256901,0.008738294035317,0.008));
#8251=CARTESIAN_POINT('',(-0.001222881586253,0.008738294035317,0.008));
#8252=CARTESIAN_POINT('',(-0.001329182176717,0.008709128754283,0.008));
#8253=CARTESIAN_POINT('',(-0.00137575899192,0.008558410758482,0.008));
#8254=CARTESIAN_POINT('',(-0.001327552723281,0.008409327156623,0.008));
#8255=CARTESIAN_POINT('',(-0.001223817898733,0.008384877336386,0.008));
#8256=CARTESIAN_POINT('',(-0.001177435410766,0.008384877336386,0.008));
#8257=CARTESIAN_POINT('',(-0.00114146096562273,0.00873829403531702,0.00799999999468128));
#8258=CARTESIAN_POINT('',(-0.001108181674344,0.008738294035317,0.008));
#8259=CARTESIAN_POINT('',(-0.001108181674344,0.008738294035317,0.008));
#8260=CARTESIAN_POINT('',(-0.001108181674344,0.008738294035317,0.00801));
#8261=CARTESIAN_POINT('',(-0.0011414609656225,0.008738294035317,0.00801));
#8262=CARTESIAN_POINT('',(-0.0011414609656225,0.008738294035317,0.008));
#8263=CARTESIAN_POINT('',(-0.00110818167434276,0.00856158568585173,0.00799999999468128));
#8264=CARTESIAN_POINT('',(-0.001108181674341,0.008384877336386,0.008));
#8265=CARTESIAN_POINT('',(-0.001108181674341,0.008384877336386,0.008));
#8266=CARTESIAN_POINT('',(-0.001108181674341,0.008384877336386,0.00801));
#8267=CARTESIAN_POINT('',(-0.0011081816743425,0.0085615856858515,0.00801));
#8268=CARTESIAN_POINT('',(-0.0011081816743425,0.0085615856858515,0.008));
#8269=CARTESIAN_POINT('',(-0.0011428085425536,0.00838487733638605,0.00799999999468128));
#8270=CARTESIAN_POINT('',(-0.0011428085425535,0.008384877336386,0.00801));
#8271=CARTESIAN_POINT('',(-0.0011428085425535,0.008384877336386,0.008));
#8272=CARTESIAN_POINT('',(-0.000962409004093,0.008738294035317,0.008));
#8273=CARTESIAN_POINT('',(-0.000775037219746,0.008738294035317,0.008));
#8274=CARTESIAN_POINT('',(-0.000775037219746,0.008738294035317,0.008));
#8275=CARTESIAN_POINT('',(-0.000775037219746,0.008738294035317,0.00801));
#8276=CARTESIAN_POINT('',(-0.000962409004093,0.008738294035317,0.00801));
#8277=CARTESIAN_POINT('',(-0.000962409004093,0.008738294035317,0.00801));
#8278=CARTESIAN_POINT('',(-0.000962409004093,0.008738294035317,0.008));
#8279=CARTESIAN_POINT('',(-0.000962409004093,0.008738294035317,0.008));
#8280=CARTESIAN_POINT('',(-0.000962409004093,0.008738294035317,0.008));
#8281=CARTESIAN_POINT('',(-0.000775037219746,0.008531587451462,0.008));
#8282=CARTESIAN_POINT('',(-0.000775037219746,0.008584084361648,0.008));
#8283=CARTESIAN_POINT('',(-0.000775037219746,0.008584084361648,0.008));
#8284=CARTESIAN_POINT('',(-0.000775037219746,0.008584084361648,0.00801));
#8285=CARTESIAN_POINT('',(-0.000775037219746,0.008738294035317,0.00801));
#8286=CARTESIAN_POINT('',(-0.000775037219746,0.008738294035317,0.008));
#8287=CARTESIAN_POINT('',(-0.000775037219746,0.008584084361648,0.008));
#8288=CARTESIAN_POINT('',(-0.000938972883472,0.008584084361648,0.008));
#8289=CARTESIAN_POINT('',(-0.000938972883472,0.008584084361648,0.008));
#8290=CARTESIAN_POINT('',(-0.000938972883472,0.008584084361648,0.00801));
#8291=CARTESIAN_POINT('',(-0.000775037219746,0.008584084361648,0.00801));
#8292=CARTESIAN_POINT('',(-0.000775037219746,0.008584084361648,0.008));
#8293=CARTESIAN_POINT('',(-0.000938972883472,0.008584084361648,0.008));
#8294=CARTESIAN_POINT('',(-0.000938972883472,0.008531587451462,0.008));
#8295=CARTESIAN_POINT('',(-0.000938972883472,0.008531587451462,0.008));
#8296=CARTESIAN_POINT('',(-0.000938972883472,0.008531587451462,0.00801));
#8297=CARTESIAN_POINT('',(-0.000938972883472,0.008584084361648,0.00801));
#8298=CARTESIAN_POINT('',(-0.000938972883472,0.008584084361648,0.008));
#8299=CARTESIAN_POINT('',(-0.000938972883472,0.008531587451462,0.008));
#8300=CARTESIAN_POINT('',(-0.000775037219746,0.008531587451462,0.008));
#8301=CARTESIAN_POINT('',(-0.000775037219746,0.008531587451462,0.008));
#8302=CARTESIAN_POINT('',(-0.000775037219746,0.008531587451462,0.00801));
#8303=CARTESIAN_POINT('',(-0.000938972883472,0.008531587451462,0.00801));
#8304=CARTESIAN_POINT('',(-0.000938972883472,0.008531587451462,0.008));
#8305=CARTESIAN_POINT('',(-0.000775037219746,0.008531587451462,0.008));
#8306=CARTESIAN_POINT('',(-0.000775037219746,0.008384877336386,0.008));
#8307=CARTESIAN_POINT('',(-0.000775037219746,0.008384877336386,0.008));
#8308=CARTESIAN_POINT('',(-0.000775037219746,0.008384877336386,0.00801));
#8309=CARTESIAN_POINT('',(-0.000775037219746,0.008531587451462,0.00801));
#8310=CARTESIAN_POINT('',(-0.000775037219746,0.008531587451462,0.008));
#8311=CARTESIAN_POINT('',(-0.000775037219746,0.008384877336386,0.008));
#8312=CARTESIAN_POINT('',(-0.000951979930416,0.008384877336386,0.008));
#8313=CARTESIAN_POINT('',(-0.000951979930416,0.008384877336386,0.008));
#8314=CARTESIAN_POINT('',(-0.000951979930416,0.008384877336386,0.00801));
#8315=CARTESIAN_POINT('',(-0.000775037219746,0.008384877336386,0.00801));
#8316=CARTESIAN_POINT('',(-0.000775037219746,0.008384877336386,0.008));
#8317=CARTESIAN_POINT('',(-0.000951979930416,0.008384877336386,0.008));
#8318=CARTESIAN_POINT('',(-0.000951979930416,0.008332146064995,0.008));
#8319=CARTESIAN_POINT('',(-0.000951979930416,0.008332146064995,0.008));
#8320=CARTESIAN_POINT('',(-0.000951979930416,0.008332146064995,0.00801));
#8321=CARTESIAN_POINT('',(-0.000951979930416,0.008384877336386,0.00801));
#8322=CARTESIAN_POINT('',(-0.000951979930416,0.008384877336386,0.008));
#8323=CARTESIAN_POINT('',(-0.000951979930416,0.008332146064995,0.008));
#8324=CARTESIAN_POINT('',(-0.000715861015183,0.008332146064995,0.008));
#8325=CARTESIAN_POINT('',(-0.000715861015183,0.008332146064995,0.008));
#8326=CARTESIAN_POINT('',(-0.000715861015183,0.008332146064995,0.00801));
#8327=CARTESIAN_POINT('',(-0.000951979930416,0.008332146064995,0.00801));
#8328=CARTESIAN_POINT('',(-0.000951979930416,0.008332146064995,0.008));
#8329=CARTESIAN_POINT('',(-0.000715861015183,0.008332146064995,0.008));
#8330=CARTESIAN_POINT('',(-0.000715861015183,0.008790556584299,0.008));
#8331=CARTESIAN_POINT('',(-0.000715861015183,0.008790556584299,0.008));
#8332=CARTESIAN_POINT('',(-0.000715861015183,0.008790556584299,0.00801));
#8333=CARTESIAN_POINT('',(-0.000715861015183,0.008332146064995,0.00801));
#8334=CARTESIAN_POINT('',(-0.000715861015183,0.008332146064995,0.008));
#8335=CARTESIAN_POINT('',(-0.000715861015183,0.008790556584299,0.008));
#8336=CARTESIAN_POINT('',(-0.000962409004093,0.008790556584299,0.008));
#8337=CARTESIAN_POINT('',(-0.000962409004093,0.008790556584299,0.008));
#8338=CARTESIAN_POINT('',(-0.000962409004093,0.008790556584299,0.00801));
#8339=CARTESIAN_POINT('',(-0.000715861015183,0.008790556584299,0.00801));
#8340=CARTESIAN_POINT('',(-0.000715861015183,0.008790556584299,0.008));
#8341=CARTESIAN_POINT('',(-0.000962409004093,0.008790556584299,0.008));
#8342=CARTESIAN_POINT('',(-0.000962409004093,0.008790556584299,0.00801));
#8343=CARTESIAN_POINT('',(-0.000962409004093,0.008790556584299,0.008));
#8344=CARTESIAN_POINT('',(-0.000624108603443165,0.00840503240038661,0.008));
#8345=CARTESIAN_POINT('',(-0.000624108603443165,0.00840503240038661,0.00801));
#8346=CARTESIAN_POINT('',(-0.000567319182149327,0.00837339257977166,0.008));
#8347=CARTESIAN_POINT('',(-0.000567319182149327,0.00837339257977166,0.00801));
#8348=CARTESIAN_POINT('',(-0.000410351988538234,0.00836205000012448,0.00799999999999999));
#8349=CARTESIAN_POINT('',(-0.000410351988538234,0.00836205000012448,0.00800999999999999));
#8350=CARTESIAN_POINT('',(-0.000309476250764245,0.00856410986724219,0.008));
#8351=CARTESIAN_POINT('',(-0.000309476250764245,0.00856410986724219,0.00801));
#8352=CARTESIAN_POINT('',(-0.000409730396020929,0.00876650649158204,0.008));
#8353=CARTESIAN_POINT('',(-0.000409730396020929,0.00876650649158204,0.00801));
#8354=CARTESIAN_POINT('',(-0.000568570862472381,0.0087486466101353,0.008));
#8355=CARTESIAN_POINT('',(-0.000568570862472381,0.0087486466101353,0.00801));
#8356=CARTESIAN_POINT('',(-0.00062410860336883,0.00871485791445106,0.008));
#8357=CARTESIAN_POINT('',(-0.00062410860336883,0.00871485791445106,0.00801));
#8358=CARTESIAN_POINT('',(-0.000624108602961,0.008405032400118,0.008));
#8359=CARTESIAN_POINT('',(-0.000624108602961,0.008405032400118,0.008));
#8360=CARTESIAN_POINT('',(-0.000624108602961,0.008405032400118,0.00801));
#8361=CARTESIAN_POINT('',(-0.000624108602961,0.008714857914699,0.00801));
#8362=CARTESIAN_POINT('',(-0.000589289720061,0.00873604143087,0.00801));
#8363=CARTESIAN_POINT('',(-0.000504848496736,0.008759237693365,0.00801));
#8364=CARTESIAN_POINT('',(-0.000368514497055,0.008709748225097,0.00801));
#8365=CARTESIAN_POINT('',(-0.000329108922384,0.008563628729063,0.00801));
#8366=CARTESIAN_POINT('',(-0.000370886205422,0.008415760834521,0.00801));
#8367=CARTESIAN_POINT('',(-0.000509036527735,0.008364544115167,0.00801));
#8368=CARTESIAN_POINT('',(-0.000591667673078,0.008386958167758,0.00801));
#8369=CARTESIAN_POINT('',(-0.000624108602961,0.008405032400118,0.00801));
#8370=CARTESIAN_POINT('',(-0.000624108602961,0.008714857914699,0.00801));
#8371=CARTESIAN_POINT('',(-0.000624108602961,0.008714857914699,0.008));
#8372=CARTESIAN_POINT('',(-0.000624108602961,0.008714857914699,0.008));
#8373=CARTESIAN_POINT('',(-0.000624108602961,0.008405032400118,0.008));
#8374=CARTESIAN_POINT('',(-0.000591667673078,0.008386958167758,0.008));
#8375=CARTESIAN_POINT('',(-0.000509036527735,0.008364544115167,0.008));
#8376=CARTESIAN_POINT('',(-0.000370886205422,0.008415760834521,0.008));
#8377=CARTESIAN_POINT('',(-0.000329108922384,0.008563628729063,0.008));
#8378=CARTESIAN_POINT('',(-0.000368514497055,0.008709748225097,0.008));
#8379=CARTESIAN_POINT('',(-0.000504848496736,0.008759237693365,0.008));
#8380=CARTESIAN_POINT('',(-0.000589289720061,0.00873604143087,0.008));
#8381=CARTESIAN_POINT('',(-0.000624108602961,0.008714857914699,0.008));
#8382=CARTESIAN_POINT('',(-0.000624108602960999,0.00837409672090174,0.00799999999468128));
#8383=CARTESIAN_POINT('',(-0.000624108602961,0.008343161041686,0.008));
#8384=CARTESIAN_POINT('',(-0.000624108602961,0.008343161041686,0.008));
#8385=CARTESIAN_POINT('',(-0.000624108602961,0.008343161041686,0.00801));
#8386=CARTESIAN_POINT('',(-0.000624108602961,0.008374096720902,0.00801));
#8387=CARTESIAN_POINT('',(-0.000624108602961,0.008374096720902,0.008));
#8388=CARTESIAN_POINT('',(-0.000624108602967325,0.00877157332659269,0.008));
#8389=CARTESIAN_POINT('',(-0.000624108602967325,0.00877157332659269,0.00801));
#8390=CARTESIAN_POINT('',(-0.00055360494936655,0.00880878358822535,0.008));
#8391=CARTESIAN_POINT('',(-0.00055360494936655,0.00880878358822535,0.00801));
#8392=CARTESIAN_POINT('',(-0.000359124887424993,0.00881291448809412,0.008));
#8393=CARTESIAN_POINT('',(-0.000359124887424993,0.00881291448809412,0.00801));
#8394=CARTESIAN_POINT('',(-0.000241216347035054,0.00856597694608783,0.008));
#8395=CARTESIAN_POINT('',(-0.000241216347035054,0.00856597694608783,0.00801));
#8396=CARTESIAN_POINT('',(-0.000361472324107647,0.00832209605801577,0.008));
#8397=CARTESIAN_POINT('',(-0.000361472324107647,0.00832209605801577,0.00801));
#8398=CARTESIAN_POINT('',(-0.000550989733368546,0.00831139628685104,0.008));
#8399=CARTESIAN_POINT('',(-0.000550989733368546,0.00831139628685104,0.00801));
#8400=CARTESIAN_POINT('',(-0.000624108602970936,0.00834316104169,0.008));
#8401=CARTESIAN_POINT('',(-0.000624108602970936,0.00834316104169,0.00801));
#8402=CARTESIAN_POINT('',(-0.000624108602961,0.008771573326596,0.008));
#8403=CARTESIAN_POINT('',(-0.000624108602961,0.008771573326596,0.008));
#8404=CARTESIAN_POINT('',(-0.000624108602961,0.008771573326596,0.00801));
#8405=CARTESIAN_POINT('',(-0.000624108602961,0.008343161041686,0.00801));
#8406=CARTESIAN_POINT('',(-0.000590407215575,0.008328520275031,0.00801));
#8407=CARTESIAN_POINT('',(-0.000492045835674,0.008313436384288,0.00801));
#8408=CARTESIAN_POINT('',(-0.000323007258257,0.008372851601525,0.00801));
#8409=CARTESIAN_POINT('',(-0.000261056977028,0.008564619777187,0.00801));
#8410=CARTESIAN_POINT('',(-0.000316726623857,0.008754525824791,0.00801));
#8411=CARTESIAN_POINT('',(-0.000484550829456,0.008811271516318,0.00801));
#8412=CARTESIAN_POINT('',(-0.000585877110557,0.008791751058702,0.00801));
#8413=CARTESIAN_POINT('',(-0.000624108602961,0.008771573326596,0.00801));
#8414=CARTESIAN_POINT('',(-0.000624108602961,0.008771573326596,0.008));
#8415=CARTESIAN_POINT('',(-0.000585877110557,0.008791751058702,0.008));
#8416=CARTESIAN_POINT('',(-0.000484550829456,0.008811271516318,0.008));
#8417=CARTESIAN_POINT('',(-0.000316726623857,0.008754525824791,0.008));
#8418=CARTESIAN_POINT('',(-0.000261056977028,0.008564619777187,0.008));
#8419=CARTESIAN_POINT('',(-0.000323007258257,0.008372851601525,0.008));
#8420=CARTESIAN_POINT('',(-0.000492045835674,0.008313436384288,0.008));
#8421=CARTESIAN_POINT('',(-0.000590407215575,0.008328520275031,0.008));
#8422=CARTESIAN_POINT('',(-0.000624108602961,0.008343161041686,0.008));
#8423=CARTESIAN_POINT('',(-0.000624108602960999,0.00874321562064776,0.00799999999468128));
#8424=CARTESIAN_POINT('',(-0.000624108602961,0.0087432156206475,0.00801));
#8425=CARTESIAN_POINT('',(-0.000624108602961,0.0087432156206475,0.008));
#8426=CARTESIAN_POINT('',(-0.000962409004093,0.008738294035317,0.008));
#8427=CARTESIAN_POINT('',(-7.957034038189E-5,0.008738294035317,0.008));
#8428=CARTESIAN_POINT('',(-7.957034038189E-5,0.008738294035317,0.008));
#8429=CARTESIAN_POINT('',(-7.957034038189E-5,0.008738294035317,0.00801));
#8430=CARTESIAN_POINT('',(-0.000262137720003,0.008738294035317,0.00801));
#8431=CARTESIAN_POINT('',(-0.000262137720003,0.008738294035317,0.00801));
#8432=CARTESIAN_POINT('',(-0.000262137720003,0.008738294035317,0.008));
#8433=CARTESIAN_POINT('',(-0.000262137720003,0.008738294035317,0.008));
#8434=CARTESIAN_POINT('',(-0.000262137720003,0.008738294035317,0.008));
#8435=CARTESIAN_POINT('',(-7.957034038189E-5,0.008738294035317,0.008));
#8436=CARTESIAN_POINT('',(-7.957034038189E-5,0.008332146064995,0.008));
#8437=CARTESIAN_POINT('',(-7.957034038189E-5,0.008332146064995,0.008));
#8438=CARTESIAN_POINT('',(-7.957034038189E-5,0.008332146064995,0.00801));
#8439=CARTESIAN_POINT('',(-7.957034038189E-5,0.008738294035317,0.00801));
#8440=CARTESIAN_POINT('',(-7.957034038189E-5,0.008738294035317,0.008));
#8441=CARTESIAN_POINT('',(-0.000951979930416,0.008332146064995,0.008));
#8442=CARTESIAN_POINT('',(-2.039413581977E-5,0.008332146064995,0.008));
#8443=CARTESIAN_POINT('',(-2.039413581977E-5,0.008332146064995,0.008));
#8444=CARTESIAN_POINT('',(-2.039413581977E-5,0.008332146064995,0.00801));
#8445=CARTESIAN_POINT('',(-7.957034038189E-5,0.008332146064995,0.00801));
#8446=CARTESIAN_POINT('',(-7.957034038189E-5,0.008332146064995,0.008));
#8447=CARTESIAN_POINT('',(-2.039413581977E-5,0.008332146064995,0.008));
#8448=CARTESIAN_POINT('',(-2.039413581977E-5,0.008790556584299,0.008));
#8449=CARTESIAN_POINT('',(-2.039413581977E-5,0.008790556584299,0.008));
#8450=CARTESIAN_POINT('',(-2.039413581977E-5,0.008790556584299,0.00801));
#8451=CARTESIAN_POINT('',(-2.039413581977E-5,0.008332146064995,0.00801));
#8452=CARTESIAN_POINT('',(-2.039413581977E-5,0.008332146064995,0.008));
#8453=CARTESIAN_POINT('',(-0.000715861015183,0.008790556584299,0.008));
#8454=CARTESIAN_POINT('',(-0.000262137720003,0.008790556584299,0.008));
#8455=CARTESIAN_POINT('',(-0.000262137720003,0.008790556584299,0.008));
#8456=CARTESIAN_POINT('',(-0.000262137720003,0.008790556584299,0.00801));
#8457=CARTESIAN_POINT('',(-2.039413581977E-5,0.008790556584299,0.00801));
#8458=CARTESIAN_POINT('',(-2.039413581977E-5,0.008790556584299,0.008));
#8459=CARTESIAN_POINT('',(-0.000262137720003,0.008790556584299,0.008));
#8460=CARTESIAN_POINT('',(-0.000262137720003,0.008790556584299,0.00801));
#8461=CARTESIAN_POINT('',(-0.000262137720003,0.008790556584299,0.008));
#8462=CARTESIAN_POINT('',(0.,0.,0.00801));
#8463=CARTESIAN_POINT('',(0.00173043945654,0.00941181408585,0.00801));
#8464=CARTESIAN_POINT('',(0.001603328613417,0.00941181408585,0.00801));
#8465=CARTESIAN_POINT('',(0.,0.,0.00801));
#8466=CARTESIAN_POINT('',(0.,0.,0.00801));
#8467=CARTESIAN_POINT('',(0.,0.,0.00801));
#8468=CARTESIAN_POINT('',(0.,0.,0.00801));
#8469=CARTESIAN_POINT('',(0.,0.,0.00801));
#8470=CARTESIAN_POINT('',(0.,0.,0.00801));
#8471=CARTESIAN_POINT('',(-0.000479039016327,0.0093164631309835,0.00801));
#8472=CARTESIAN_POINT('',(0.,0.,0.00801));
#8473=CARTESIAN_POINT('',(0.,0.,0.00801));
#8474=CARTESIAN_POINT('',(0.,0.,0.00801));
#8475=CARTESIAN_POINT('',(0.,0.,0.00801));
#8476=CARTESIAN_POINT('',(0.,0.,0.00801));
#8477=CARTESIAN_POINT('',(0.,0.,0.00801));
#8478=CARTESIAN_POINT('',(0.00173043945654,0.00941181408585,0.008));
#8479=CARTESIAN_POINT('',(0.00173043945654,0.00941181408585,0.008));
#8480=CARTESIAN_POINT('',(0.001603328613417,0.00941181408585,0.008));
#8481=CARTESIAN_POINT('',(0.005481272745856,0.002440419858455,0.008));
#8482=CARTESIAN_POINT('',(0.005481272745856,0.002440419858455,0.0074));
#8483=CARTESIAN_POINT('',(0.00461524734207167,0.00294041985845519,0.0074));
#8484=CARTESIAN_POINT('',(0.005481272745856,0.002440419858455,0.008));
#8485=CARTESIAN_POINT('',(0.00461524734207167,0.00294041985845519,0.008));
#8486=CARTESIAN_POINT('',(0.00596713137221,-0.000627170779606,0.008));
#8487=CARTESIAN_POINT('',(0.00596713137221,-0.000627170779606,0.0074));
#8488=CARTESIAN_POINT('',(0.00546713137220981,0.000238854624178329,0.0074));
#8489=CARTESIAN_POINT('',(0.00596713137221,-0.000627170779606,0.008));
#8490=CARTESIAN_POINT('',(0.00546713137220981,0.000238854624178329,0.008));
#8491=CARTESIAN_POINT('',(0.00485410196625,-0.003526711513755,0.008));
#8492=CARTESIAN_POINT('',(0.00485410196625,-0.003526711513755,0.0074));
#8493=CARTESIAN_POINT('',(0.00485410196625,-0.002526711513755,0.0074));
#8494=CARTESIAN_POINT('',(0.00485410196625,-0.003526711513755,0.008));
#8495=CARTESIAN_POINT('',(0.00485410196625,-0.002526711513755,0.008));
#8496=CARTESIAN_POINT('',(0.002440419858455,-0.005481272745856,0.008));
#8497=CARTESIAN_POINT('',(0.002440419858455,-0.005481272745856,0.0074));
#8498=CARTESIAN_POINT('',(0.00294041985845519,-0.00461524734207167,0.0074));
#8499=CARTESIAN_POINT('',(0.002440419858455,-0.005481272745856,0.008));
#8500=CARTESIAN_POINT('',(0.00294041985845519,-0.00461524734207167,0.008));
#8501=CARTESIAN_POINT('',(-0.000627170779606,-0.00596713137221,0.008));
#8502=CARTESIAN_POINT('',(-0.000627170779606,-0.00596713137221,0.0074));
#8503=CARTESIAN_POINT('',(0.000238854624178329,-0.00546713137220981,0.0074));
#8504=CARTESIAN_POINT('',(-0.000627170779606,-0.00596713137221,0.008));
#8505=CARTESIAN_POINT('',(0.000238854624178329,-0.00546713137220981,0.008));
#8506=CARTESIAN_POINT('',(-0.003526711513755,-0.00485410196625,0.008));
#8507=CARTESIAN_POINT('',(-0.003526711513755,-0.00485410196625,0.0074));
#8508=CARTESIAN_POINT('',(-0.002526711513755,-0.00485410196625,0.0074));
#8509=CARTESIAN_POINT('',(-0.003526711513755,-0.00485410196625,0.008));
#8510=CARTESIAN_POINT('',(-0.002526711513755,-0.00485410196625,0.008));
#8511=CARTESIAN_POINT('',(-0.005481272745856,-0.002440419858455,0.008));
#8512=CARTESIAN_POINT('',(-0.005481272745856,-0.002440419858455,0.0074));
#8513=CARTESIAN_POINT('',(-0.00461524734207167,-0.00294041985845519,0.0074));
#8514=CARTESIAN_POINT('',(-0.005481272745856,-0.002440419858455,0.008));
#8515=CARTESIAN_POINT('',(-0.00461524734207167,-0.00294041985845519,0.008));
#8516=CARTESIAN_POINT('',(-0.00596713137221,0.000627170779606,0.008));
#8517=CARTESIAN_POINT('',(-0.00596713137221,0.000627170779606,0.0074));
#8518=CARTESIAN_POINT('',(-0.00546713137220981,-0.000238854624178329,0.0074));
#8519=CARTESIAN_POINT('',(-0.00596713137221,0.000627170779606,0.008));
#8520=CARTESIAN_POINT('',(-0.00546713137220981,-0.000238854624178329,0.008));
#8521=CARTESIAN_POINT('',(-0.00485410196625,0.003526711513755,0.008));
#8522=CARTESIAN_POINT('',(-0.00485410196625,0.003526711513755,0.0074));
#8523=CARTESIAN_POINT('',(-0.00485410196625,0.002526711513755,0.0074));
#8524=CARTESIAN_POINT('',(-0.00485410196625,0.003526711513755,0.008));
#8525=CARTESIAN_POINT('',(-0.00485410196625,0.002526711513755,0.008));
#8526=CARTESIAN_POINT('',(-0.002440419858455,0.005481272745856,0.008));
#8527=CARTESIAN_POINT('',(-0.002440419858455,0.005481272745856,0.0074));
#8528=CARTESIAN_POINT('',(-0.00294041985845519,0.00461524734207167,0.0074));
#8529=CARTESIAN_POINT('',(-0.002440419858455,0.005481272745856,0.008));
#8530=CARTESIAN_POINT('',(-0.00294041985845519,0.00461524734207167,0.008));
#8531=CARTESIAN_POINT('',(0.000627170779606,0.00596713137221,0.008));
#8532=CARTESIAN_POINT('',(0.000627170779606,0.00596713137221,0.0074));
#8533=CARTESIAN_POINT('',(-0.000238854624178329,0.00546713137220981,0.0074));
#8534=CARTESIAN_POINT('',(0.000627170779606,0.00596713137221,0.008));
#8535=CARTESIAN_POINT('',(-0.000238854624178329,0.00546713137220981,0.008));
#8536=CARTESIAN_POINT('',(0.003526711513755,0.00485410196625,0.008));
#8537=CARTESIAN_POINT('',(0.003526711513755,0.00485410196625,0.0074));
#8538=CARTESIAN_POINT('',(0.002526711513755,0.00485410196625,0.0074));
#8539=CARTESIAN_POINT('',(0.003526711513755,0.00485410196625,0.008));
#8540=CARTESIAN_POINT('',(0.002526711513755,0.00485410196625,0.008));
#8541=CARTESIAN_POINT('',(0.002853169548885,0.000927050983125,0.008));
#8542=CARTESIAN_POINT('',(0.002853169548885,0.000927050983125,0.0074));
#8543=CARTESIAN_POINT('',(0.00254415255450996,0.00187810749942012,0.0074));
#8544=CARTESIAN_POINT('',(0.002853169548885,0.000927050983125,0.008));
#8545=CARTESIAN_POINT('',(0.00254415255450996,0.00187810749942012,0.008));
#8546=CARTESIAN_POINT('',(0.001763355756877,-0.002427050983125,0.008));
#8547=CARTESIAN_POINT('',(0.001763355756877,-0.002427050983125,0.0074));
#8548=CARTESIAN_POINT('',(0.00257237275125172,-0.00183926573083221,0.0074));
#8549=CARTESIAN_POINT('',(0.001763355756877,-0.002427050983125,0.008));
#8550=CARTESIAN_POINT('',(0.00257237275125172,-0.00183926573083221,0.008));
#8551=CARTESIAN_POINT('',(-0.001763355756877,-0.002427050983125,0.008));
#8552=CARTESIAN_POINT('',(-0.001763355756877,-0.002427050983125,0.0074));
#8553=CARTESIAN_POINT('',(-0.000954338762502285,-0.00301483623541779,0.0074));
#8554=CARTESIAN_POINT('',(-0.001763355756877,-0.002427050983125,0.008));
#8555=CARTESIAN_POINT('',(-0.000954338762502285,-0.00301483623541779,0.008));
#8556=CARTESIAN_POINT('',(-0.002853169548885,0.000927050983125,0.008));
#8557=CARTESIAN_POINT('',(-0.002853169548885,0.000927050983125,0.0074));
#8558=CARTESIAN_POINT('',(-0.00316218654326004,-2.4005533170123E-5,0.0074));
#8559=CARTESIAN_POINT('',(-0.002853169548885,0.000927050983125,0.008));
#8560=CARTESIAN_POINT('',(-0.00316218654326004,-2.4005533170123E-5,0.008));
#8561=CARTESIAN_POINT('',(0.,0.003,0.008));
#8562=CARTESIAN_POINT('',(0.,0.003,0.0074));
#8563=CARTESIAN_POINT('',(-0.001,0.003,0.0074));
#8564=CARTESIAN_POINT('',(0.,0.003,0.008));
#8565=CARTESIAN_POINT('',(-0.001,0.003,0.008));
#8566=CARTESIAN_POINT('',(0.,0.,0.0029));
#8567=CARTESIAN_POINT('',(0.,0.,0.0029));
#8568=CARTESIAN_POINT('',(0.0105,0.,0.0029));
#8569=CARTESIAN_POINT('',(0.,0.,0.0074));
#8570=CARTESIAN_POINT('',(0.,0.,0.0074));
#8571=CARTESIAN_POINT('',(-0.0105,0.,0.0074));
#8572=CARTESIAN_POINT('',(0.,0.,0.0074));
#8573=CARTESIAN_POINT('',(0.,0.,0.0074));
#8574=CARTESIAN_POINT('',(0.001,0.,0.0074));
#8575=CARTESIAN_POINT('',(0.,0.,0.008));
#8576=CARTESIAN_POINT('',(0.,0.,0.008));
#8577=CARTESIAN_POINT('',(-0.001,0.,0.008));
#8578=CARTESIAN_POINT('',(0.00651287499109,0.00015,0.0003));
#8579=CARTESIAN_POINT('',(0.00901287499109,0.00015,0.0003));
#8580=CARTESIAN_POINT('',(0.00901287499109,0.00015,0.0003));
#8581=CARTESIAN_POINT('',(0.00901287499109,0.00015,0.00029));
#8582=CARTESIAN_POINT('',(0.00651287499109,0.00015,0.00029));
#8583=CARTESIAN_POINT('',(0.00651287499109,0.00015,0.00029));
#8584=CARTESIAN_POINT('',(0.00651287499109,0.00015,0.0003));
#8585=CARTESIAN_POINT('',(0.00651287499109,0.00015,0.0003));
#8586=CARTESIAN_POINT('',(0.00651287499109,0.00015,0.0003));
#8587=CARTESIAN_POINT('',(0.00901287499109,0.00015,0.0003));
#8588=CARTESIAN_POINT('',(0.00901287499109,-0.00015,0.0003));
#8589=CARTESIAN_POINT('',(0.00901287499109,-0.00015,0.0003));
#8590=CARTESIAN_POINT('',(0.00901287499109,-0.00015,0.00029));
#8591=CARTESIAN_POINT('',(0.00901287499109,0.00015,0.00029));
#8592=CARTESIAN_POINT('',(0.00901287499109,0.00015,0.0003));
#8593=CARTESIAN_POINT('',(0.00901287499109,-0.00015,0.0003));
#8594=CARTESIAN_POINT('',(0.00651287499109,-0.00015,0.0003));
#8595=CARTESIAN_POINT('',(0.00651287499109,-0.00015,0.0003));
#8596=CARTESIAN_POINT('',(0.00651287499109,-0.00015,0.00029));
#8597=CARTESIAN_POINT('',(0.00901287499109,-0.00015,0.00029));
#8598=CARTESIAN_POINT('',(0.00901287499109,-0.00015,0.0003));
#8599=CARTESIAN_POINT('',(0.00651287499109,-0.00015,0.0003));
#8600=CARTESIAN_POINT('',(0.00651287499109,-0.00015,0.00029));
#8601=CARTESIAN_POINT('',(0.00651287499109,-0.00015,0.0003));
#8602=CARTESIAN_POINT('',(0.,0.,0.00029));
#8603=CARTESIAN_POINT('',(0.,0.,0.00029));
#8604=CARTESIAN_POINT('',(-0.007589375833969,-0.00015,0.00029));
#8605=CARTESIAN_POINT('',(-0.007589375833969,-0.00015,0.00029));
#8606=CARTESIAN_POINT('',(-0.008689375833969,-0.00015,0.00029));
#8607=CARTESIAN_POINT('',(-0.008689375833969,-0.00015,0.00029));
#8608=CARTESIAN_POINT('',(-0.008689375833969,0.00015,0.00029));
#8609=CARTESIAN_POINT('',(-0.008689375833969,0.00015,0.00029));
#8610=CARTESIAN_POINT('',(-0.007589375833969,0.00015,0.00029));
#8611=CARTESIAN_POINT('',(-0.007589375833969,0.00015,0.00029));
#8612=CARTESIAN_POINT('',(-0.007589375833969,0.00125,0.00029));
#8613=CARTESIAN_POINT('',(-0.007589375833969,0.00125,0.00029));
#8614=CARTESIAN_POINT('',(-0.007289375833969,0.00125,0.00029));
#8615=CARTESIAN_POINT('',(-0.007289375833969,0.00125,0.00029));
#8616=CARTESIAN_POINT('',(-0.007289375833969,0.00015,0.00029));
#8617=CARTESIAN_POINT('',(-0.007289375833969,0.00015,0.00029));
#8618=CARTESIAN_POINT('',(-0.006189375833969,0.00015,0.00029));
#8619=CARTESIAN_POINT('',(-0.006189375833969,0.00015,0.00029));
#8620=CARTESIAN_POINT('',(-0.006189375833969,-0.00015,0.00029));
#8621=CARTESIAN_POINT('',(-0.006189375833969,-0.00015,0.00029));
#8622=CARTESIAN_POINT('',(-0.007289375833969,-0.00015,0.00029));
#8623=CARTESIAN_POINT('',(-0.007289375833969,-0.00015,0.00029));
#8624=CARTESIAN_POINT('',(-0.007289375833969,-0.00125,0.00029));
#8625=CARTESIAN_POINT('',(-0.007289375833969,-0.00125,0.00029));
#8626=CARTESIAN_POINT('',(-0.007589375833969,-0.00125,0.00029));
#8627=CARTESIAN_POINT('',(-0.007589375833969,-0.00125,0.00029));
#8628=CARTESIAN_POINT('',(0.00901287499109,-0.00015,0.0003));
#8629=CARTESIAN_POINT('',(-0.008689375833969,-0.00015,0.0003));
#8630=CARTESIAN_POINT('',(-0.008689375833969,-0.00015,0.0003));
#8631=CARTESIAN_POINT('',(-0.007589375833969,-0.00015,0.0003));
#8632=CARTESIAN_POINT('',(-0.007589375833969,-0.00015,0.0003));
#8633=CARTESIAN_POINT('',(-0.007589375833969,-0.00015,0.0003));
#8634=CARTESIAN_POINT('',(-0.008689375833969,-0.00015,0.0003));
#8635=CARTESIAN_POINT('',(-0.008689375833969,0.00015,0.0003));
#8636=CARTESIAN_POINT('',(-0.008689375833969,0.00015,0.0003));
#8637=CARTESIAN_POINT('',(-0.008689375833969,-0.00015,0.0003));
#8638=CARTESIAN_POINT('',(0.00651287499109,0.00015,0.0003));
#8639=CARTESIAN_POINT('',(-0.007589375833969,0.00015,0.0003));
#8640=CARTESIAN_POINT('',(-0.007589375833969,0.00015,0.0003));
#8641=CARTESIAN_POINT('',(-0.008689375833969,0.00015,0.0003));
#8642=CARTESIAN_POINT('',(-0.007589375833969,-0.00125,0.0003));
#8643=CARTESIAN_POINT('',(-0.007589375833969,0.00125,0.0003));
#8644=CARTESIAN_POINT('',(-0.007589375833969,0.00125,0.0003));
#8645=CARTESIAN_POINT('',(-0.007589375833969,0.00015,0.0003));
#8646=CARTESIAN_POINT('',(-0.007589375833969,0.00125,0.0003));
#8647=CARTESIAN_POINT('',(-0.007289375833969,0.00125,0.0003));
#8648=CARTESIAN_POINT('',(-0.007289375833969,0.00125,0.0003));
#8649=CARTESIAN_POINT('',(-0.007589375833969,0.00125,0.0003));
#8650=CARTESIAN_POINT('',(-0.007289375833969,-0.00015,0.0003));
#8651=CARTESIAN_POINT('',(-0.007289375833969,0.00015,0.0003));
#8652=CARTESIAN_POINT('',(-0.007289375833969,0.00015,0.0003));
#8653=CARTESIAN_POINT('',(-0.007289375833969,0.00125,0.0003));
#8654=CARTESIAN_POINT('',(0.00651287499109,0.00015,0.0003));
#8655=CARTESIAN_POINT('',(-0.006189375833969,0.00015,0.0003));
#8656=CARTESIAN_POINT('',(-0.006189375833969,0.00015,0.0003));
#8657=CARTESIAN_POINT('',(-0.007289375833969,0.00015,0.0003));
#8658=CARTESIAN_POINT('',(-0.006189375833969,0.00015,0.0003));
#8659=CARTESIAN_POINT('',(-0.006189375833969,-0.00015,0.0003));
#8660=CARTESIAN_POINT('',(-0.006189375833969,-0.00015,0.0003));
#8661=CARTESIAN_POINT('',(-0.006189375833969,0.00015,0.0003));
#8662=CARTESIAN_POINT('',(0.00901287499109,-0.00015,0.0003));
#8663=CARTESIAN_POINT('',(-0.007289375833969,-0.00015,0.0003));
#8664=CARTESIAN_POINT('',(-0.007289375833969,-0.00015,0.0003));
#8665=CARTESIAN_POINT('',(-0.006189375833969,-0.00015,0.0003));
#8666=CARTESIAN_POINT('',(-0.007289375833969,-0.00015,0.0003));
#8667=CARTESIAN_POINT('',(-0.007289375833969,-0.00125,0.0003));
#8668=CARTESIAN_POINT('',(-0.007289375833969,-0.00125,0.0003));
#8669=CARTESIAN_POINT('',(-0.007289375833969,-0.00015,0.0003));
#8670=CARTESIAN_POINT('',(-0.007289375833969,-0.00125,0.0003));
#8671=CARTESIAN_POINT('',(-0.007589375833969,-0.00125,0.0003));
#8672=CARTESIAN_POINT('',(-0.007589375833969,-0.00125,0.0003));
#8673=CARTESIAN_POINT('',(-0.007289375833969,-0.00125,0.0003));
#8674=CARTESIAN_POINT('',(-0.007589375833969,-0.00125,0.0003));
#8675=CARTESIAN_POINT('',(-0.007589375833969,-0.00125,0.0003));
#8676=CARTESIAN_POINT('',(0.005,0.,0.));
#8677=CARTESIAN_POINT('',(0.005,0.,-0.006));
#8678=CARTESIAN_POINT('',(0.0046,0.,-0.006));
#8679=CARTESIAN_POINT('',(0.005,0.,0.));
#8680=CARTESIAN_POINT('',(0.0046,0.,0.));
#8681=CARTESIAN_POINT('',(0.,0.,-0.006));
#8682=CARTESIAN_POINT('',(0.,0.,-0.006));
#8683=CARTESIAN_POINT('',(-0.005,0.,-0.006));
#8684=CARTESIAN_POINT('',(-0.0046,0.,-0.006));
#8685=CARTESIAN_POINT('',(-0.005,0.,0.));
#8686=CARTESIAN_POINT('',(-0.005,0.,0.));
#8687=CARTESIAN_POINT('',(-0.0054,0.,0.));
#8688=CARTESIAN_POINT('',(0.005,0.,0.0003));
#8689=CARTESIAN_POINT('',(0.005,0.,0.));
#8690=CARTESIAN_POINT('',(0.0042,0.,0.));
#8691=CARTESIAN_POINT('',(0.005,0.,0.0003));
#8692=CARTESIAN_POINT('',(0.0042,0.,0.0003));
#8693=CARTESIAN_POINT('',(0.,0.,0.));
#8694=CARTESIAN_POINT('',(0.,0.,0.));
#8695=CARTESIAN_POINT('',(-0.005,0.,0.));
#8696=CARTESIAN_POINT('',(-0.0042,0.,0.));
#8697=CARTESIAN_POINT('',(-0.005,0.,0.0003));
#8698=CARTESIAN_POINT('',(-0.005,0.,0.0003));
#8699=CARTESIAN_POINT('',(-0.0058,0.,0.0003));
#8700=CARTESIAN_POINT('',(0.,0.,0.0003));
#8701=CARTESIAN_POINT('',(0.,0.,0.0003));
#8702=CARTESIAN_POINT('',(0.0095,0.,0.0003));
#8703=CARTESIAN_POINT('',(0.,0.,0.));
#8704=CARTESIAN_POINT('',(0.,0.,0.0008));
#8705=CARTESIAN_POINT('',(0.0095,0.,0.0008));
#8706=CARTESIAN_POINT('',(0.,0.,0.0008));
#8707=CARTESIAN_POINT('',(0.,0.,0.0008));
#8708=CARTESIAN_POINT('',(-0.0105,0.,0.0008));
#8709=CARTESIAN_POINT('',(0.,0.,0.0074));
#8710=CARTESIAN_POINT('',(0.,0.,0.));
#8711=CARTESIAN_POINT('',(0.0105,0.,0.));
#8712=CARTESIAN_POINT('',(0.,0.,0.));
#8713=CARTESIAN_POINT('',(0.,0.,0.));
#8714=CARTESIAN_POINT('',(0.0115,0.,0.));
#8715=CARTESIAN_POINT('',(0.,0.,0.));
#8716=CARTESIAN_POINT('',(0.,0.,0.0075));
#8717=CARTESIAN_POINT('',(-0.0115,0.,0.0075));
#8718=CARTESIAN_POINT('',(0.,3.098356401843E-17,0.007750000000032));
#8719=CARTESIAN_POINT('',(0.,0.,0.008));
#8720=CARTESIAN_POINT('',(0.011,0.,0.008));
#8721=CARTESIAN_POINT('',(0.,0.,0.008));
#8722=CARTESIAN_POINT('',(0.,0.,0.008));
#8723=CARTESIAN_POINT('',(0.,0.,0.008));
#8724=CARTESIAN_POINT('',(0.,0.,0.008));
#8725=CARTESIAN_POINT('',(0.,0.,0.008));
#8726=CARTESIAN_POINT('',(0.,0.,0.008));
#8727=CARTESIAN_POINT('',(0.,0.,0.008));
#8728=CARTESIAN_POINT('',(-0.000479039016327,0.0093164631309835,0.008));
#8729=CARTESIAN_POINT('',(-0.000479039016327417,0.00931646313098348,0.00799999999468128));
#8730=CARTESIAN_POINT('',(0.,0.,0.));
#8731=CARTESIAN_POINT('',(0.,0.,0.005498361710644));
#8732=CARTESIAN_POINT('',(0.,0.,0.005498361710644));
#8733=CARTESIAN_POINT('',(0.003898361710644,0.,0.005498361710644));
#8734=CARTESIAN_POINT('',(0.,0.,0.005498361710644));
#8735=CARTESIAN_POINT('',(0.004101638289356,0.,0.005498361710644));
#8736=CARTESIAN_POINT('',(0.,0.,0.0066));
#8737=CARTESIAN_POINT('',(0.,0.,0.005701638289356));
#8738=CARTESIAN_POINT('',(-0.004101638289356,0.,0.005701638289356));
#8739=CARTESIAN_POINT('',(0.,0.,0.005701638289356));
#8740=CARTESIAN_POINT('',(0.,0.,0.005701638289356));
#8741=CARTESIAN_POINT('',(0.003898361710644,0.,0.005701638289356));
#8742=CARTESIAN_POINT('',(0.,0.,0.0066));
#8743=CARTESIAN_POINT('',(0.,0.,0.));
#8744=CARTESIAN_POINT('',(0.,0.,0.006184452253157));
#8745=CARTESIAN_POINT('',(0.,0.,0.006184452253157));
#8746=CARTESIAN_POINT('',(0.005858600085764,0.,0.006184452253157));
#8747=CARTESIAN_POINT('',(0.,0.,0.006184452253157));
#8748=CARTESIAN_POINT('',(0.00628969557945,0.,0.006184452253157));
#8749=CARTESIAN_POINT('',(0.,0.,0.0054));
#8750=CARTESIAN_POINT('',(0.,0.,0.006615547746843));
#8751=CARTESIAN_POINT('',(-0.005858600085764,0.,0.006615547746843));
#8752=CARTESIAN_POINT('',(0.,0.,0.006615547746843));
#8753=CARTESIAN_POINT('',(0.,0.,0.006615547746843));
#8754=CARTESIAN_POINT('',(0.00628969557945,0.,0.006615547746843));
#8755=CARTESIAN_POINT('',(0.,0.,0.0054));
#8756=CARTESIAN_POINT('',(0.,0.,0.));
#8757=CARTESIAN_POINT('',(0.,0.,0.006275));
#8758=CARTESIAN_POINT('',(0.,0.,0.006275));
#8759=CARTESIAN_POINT('',(0.001458421353703,0.,0.006275));
#8760=CARTESIAN_POINT('',(0.,0.,0.006275));
#8761=CARTESIAN_POINT('',(0.001708421353703,0.,0.006275));
#8762=CARTESIAN_POINT('',(0.,0.,0.0074));
#8763=CARTESIAN_POINT('',(0.,0.,0.006525));
#8764=CARTESIAN_POINT('',(-0.001708421353703,0.,0.006525));
#8765=CARTESIAN_POINT('',(0.,0.,0.006525));
#8766=CARTESIAN_POINT('',(0.,0.,0.006525));
#8767=CARTESIAN_POINT('',(0.001458421353703,0.,0.006525));
#8768=CARTESIAN_POINT('',(0.,0.,0.0074));
#8769=CARTESIAN_POINT('',(0.,0.,0.));
#8770=CARTESIAN_POINT('',(0.,0.,0.004675));
#8771=CARTESIAN_POINT('',(0.,0.,0.004675));
#8772=CARTESIAN_POINT('',(0.001458421353703,0.,0.004675));
#8773=CARTESIAN_POINT('',(0.,0.,0.004675));
#8774=CARTESIAN_POINT('',(0.001708421353703,0.,0.004675));
#8775=CARTESIAN_POINT('',(0.,0.,0.0058));
#8776=CARTESIAN_POINT('',(0.,0.,0.004925));
#8777=CARTESIAN_POINT('',(-0.001708421353703,0.,0.004925));
#8778=CARTESIAN_POINT('',(0.,0.,0.004925));
#8779=CARTESIAN_POINT('',(0.,0.,0.004925));
#8780=CARTESIAN_POINT('',(0.001458421353703,0.,0.004925));
#8781=CARTESIAN_POINT('',(0.,0.,0.0058));
#8782=CARTESIAN_POINT('',(0.,0.,0.));
#8783=CARTESIAN_POINT('',(0.,0.,0.003784452253157));
#8784=CARTESIAN_POINT('',(0.,0.,0.003784452253157));
#8785=CARTESIAN_POINT('',(0.005858600085764,0.,0.003784452253157));
#8786=CARTESIAN_POINT('',(0.,0.,0.003784452253157));
#8787=CARTESIAN_POINT('',(0.00628969557945,0.,0.003784452253157));
#8788=CARTESIAN_POINT('',(0.,0.,0.003));
#8789=CARTESIAN_POINT('',(0.,0.,0.004215547746843));
#8790=CARTESIAN_POINT('',(-0.005858600085764,0.,0.004215547746843));
#8791=CARTESIAN_POINT('',(0.,0.,0.004215547746843));
#8792=CARTESIAN_POINT('',(0.,0.,0.004215547746843));
#8793=CARTESIAN_POINT('',(0.00628969557945,0.,0.004215547746843));
#8794=CARTESIAN_POINT('',(0.,0.,0.003));
#8795=CARTESIAN_POINT('',(0.,0.,0.));
#8796=CARTESIAN_POINT('',(0.,0.,0.004672929351722));
#8797=CARTESIAN_POINT('',(0.,0.,0.004672929351722));
#8798=CARTESIAN_POINT('',(0.002767347299797,0.,0.004672929351722));
#8799=CARTESIAN_POINT('',(0.,0.,0.004672929351722));
#8800=CARTESIAN_POINT('',(0.003021488596353,0.,0.004672929351722));
#8801=CARTESIAN_POINT('',(0.,0.,0.0038));
#8802=CARTESIAN_POINT('',(0.,0.,0.004927070648278));
#8803=CARTESIAN_POINT('',(-0.002767347299797,0.,0.004927070648278));
#8804=CARTESIAN_POINT('',(0.,0.,0.004927070648278));
#8805=CARTESIAN_POINT('',(0.,0.,0.004927070648278));
#8806=CARTESIAN_POINT('',(0.003021488596353,0.,0.004927070648278));
#8807=CARTESIAN_POINT('',(0.,0.,0.0038));
#8808=CARTESIAN_POINT('',(0.,0.,0.));
#8809=CARTESIAN_POINT('',(0.,0.,0.004584452253157));
#8810=CARTESIAN_POINT('',(0.,0.,0.004584452253157));
#8811=CARTESIAN_POINT('',(0.005858600085764,0.,0.004584452253157));
#8812=CARTESIAN_POINT('',(0.,0.,0.004584452253157));
#8813=CARTESIAN_POINT('',(0.00628969557945,0.,0.004584452253157));
#8814=CARTESIAN_POINT('',(0.,0.,0.0038));
#8815=CARTESIAN_POINT('',(0.,0.,0.005015547746843));
#8816=CARTESIAN_POINT('',(-0.005858600085764,0.,0.005015547746843));
#8817=CARTESIAN_POINT('',(0.,0.,0.005015547746843));
#8818=CARTESIAN_POINT('',(0.,0.,0.005015547746843));
#8819=CARTESIAN_POINT('',(0.00628969557945,0.,0.005015547746843));
#8820=CARTESIAN_POINT('',(0.,0.,0.0038));
#8821=CARTESIAN_POINT('',(0.,0.,0.));
#8822=CARTESIAN_POINT('',(0.,0.,0.005475));
#8823=CARTESIAN_POINT('',(0.,0.,0.005475));
#8824=CARTESIAN_POINT('',(0.001458421353703,0.,0.005475));
#8825=CARTESIAN_POINT('',(0.,0.,0.005475));
#8826=CARTESIAN_POINT('',(0.001708421353703,0.,0.005475));
#8827=CARTESIAN_POINT('',(0.,0.,0.0066));
#8828=CARTESIAN_POINT('',(0.,0.,0.005725));
#8829=CARTESIAN_POINT('',(-0.001708421353703,0.,0.005725));
#8830=CARTESIAN_POINT('',(0.,0.,0.005725));
#8831=CARTESIAN_POINT('',(0.,0.,0.005725));
#8832=CARTESIAN_POINT('',(0.001458421353703,0.,0.005725));
#8833=CARTESIAN_POINT('',(0.,0.,0.0066));
#8834=CARTESIAN_POINT('',(0.,0.,0.));
#8835=CARTESIAN_POINT('',(0.,0.,0.005384452253157));
#8836=CARTESIAN_POINT('',(0.,0.,0.005384452253157));
#8837=CARTESIAN_POINT('',(0.005858600085764,0.,0.005384452253157));
#8838=CARTESIAN_POINT('',(0.,0.,0.005384452253157));
#8839=CARTESIAN_POINT('',(0.00628969557945,0.,0.005384452253157));
#8840=CARTESIAN_POINT('',(0.,0.,0.0046));
#8841=CARTESIAN_POINT('',(0.,0.,0.005815547746843));
#8842=CARTESIAN_POINT('',(-0.005858600085764,0.,0.005815547746843));
#8843=CARTESIAN_POINT('',(0.,0.,0.005815547746843));
#8844=CARTESIAN_POINT('',(0.,0.,0.005815547746843));
#8845=CARTESIAN_POINT('',(0.00628969557945,0.,0.005815547746843));
#8846=CARTESIAN_POINT('',(0.,0.,0.0046));
#8847=CARTESIAN_POINT('',(0.,0.,0.));
#8848=CARTESIAN_POINT('',(0.,0.,0.004698361710644));
#8849=CARTESIAN_POINT('',(0.,0.,0.004698361710644));
#8850=CARTESIAN_POINT('',(0.003898361710644,0.,0.004698361710644));
#8851=CARTESIAN_POINT('',(0.,0.,0.004698361710644));
#8852=CARTESIAN_POINT('',(0.004101638289356,0.,0.004698361710644));
#8853=CARTESIAN_POINT('',(0.,0.,0.0058));
#8854=CARTESIAN_POINT('',(0.,0.,0.004901638289356));
#8855=CARTESIAN_POINT('',(-0.004101638289356,0.,0.004901638289356));
#8856=CARTESIAN_POINT('',(0.,0.,0.004901638289356));
#8857=CARTESIAN_POINT('',(0.,0.,0.004901638289356));
#8858=CARTESIAN_POINT('',(0.003898361710644,0.,0.004901638289356));
#8859=CARTESIAN_POINT('',(0.,0.,0.0058));
#8860=CARTESIAN_POINT('',(0.,0.,0.));
#8861=CARTESIAN_POINT('',(0.,0.,0.003858392097237));
#8862=CARTESIAN_POINT('',(0.,0.,0.003858392097237));
#8863=CARTESIAN_POINT('',(0.005079103006532,0.,0.003858392097237));
#8864=CARTESIAN_POINT('',(0.,0.,0.003858392097237));
#8865=CARTESIAN_POINT('',(0.005325211059675,0.,0.003858392097237));
#8866=CARTESIAN_POINT('',(0.,0.,0.005));
#8867=CARTESIAN_POINT('',(0.,0.,0.004141607902763));
#8868=CARTESIAN_POINT('',(-0.005325211059675,0.,0.004141607902763));
#8869=CARTESIAN_POINT('',(0.,0.,0.004141607902763));
#8870=CARTESIAN_POINT('',(0.,0.,0.004141607902763));
#8871=CARTESIAN_POINT('',(0.005079103006532,0.,0.004141607902763));
#8872=CARTESIAN_POINT('',(0.,0.,0.005));
#8873=CARTESIAN_POINT('',(0.,0.,0.));
#8874=CARTESIAN_POINT('',(0.,0.,0.003898361710644));
#8875=CARTESIAN_POINT('',(0.,0.,0.003898361710644));
#8876=CARTESIAN_POINT('',(0.003898361710644,0.,0.003898361710644));
#8877=CARTESIAN_POINT('',(0.,0.,0.003898361710644));
#8878=CARTESIAN_POINT('',(0.004101638289356,0.,0.003898361710644));
#8879=CARTESIAN_POINT('',(0.,0.,0.005));
#8880=CARTESIAN_POINT('',(0.,0.,0.004101638289356));
#8881=CARTESIAN_POINT('',(-0.004101638289356,0.,0.004101638289356));
#8882=CARTESIAN_POINT('',(0.,0.,0.004101638289356));
#8883=CARTESIAN_POINT('',(0.,0.,0.004101638289356));
#8884=CARTESIAN_POINT('',(0.003898361710644,0.,0.004101638289356));
#8885=CARTESIAN_POINT('',(0.,0.,0.005));
#8886=CARTESIAN_POINT('',(0.,0.,0.));
#8887=CARTESIAN_POINT('',(0.,0.,0.003872929351722));
#8888=CARTESIAN_POINT('',(0.,0.,0.003872929351722));
#8889=CARTESIAN_POINT('',(0.002767347299797,0.,0.003872929351722));
#8890=CARTESIAN_POINT('',(0.,0.,0.003872929351722));
#8891=CARTESIAN_POINT('',(0.003021488596353,0.,0.003872929351722));
#8892=CARTESIAN_POINT('',(0.,0.,0.003));
#8893=CARTESIAN_POINT('',(0.,0.,0.004127070648278));
#8894=CARTESIAN_POINT('',(-0.002767347299797,0.,0.004127070648278));
#8895=CARTESIAN_POINT('',(0.,0.,0.004127070648278));
#8896=CARTESIAN_POINT('',(0.,0.,0.004127070648278));
#8897=CARTESIAN_POINT('',(0.003021488596353,0.,0.004127070648278));
#8898=CARTESIAN_POINT('',(0.,0.,0.003));
#8899=CARTESIAN_POINT('',(0.,0.,0.));
#8900=CARTESIAN_POINT('',(0.,0.,0.006298361710644));
#8901=CARTESIAN_POINT('',(0.,0.,0.006298361710644));
#8902=CARTESIAN_POINT('',(0.003898361710644,0.,0.006298361710644));
#8903=CARTESIAN_POINT('',(0.,0.,0.006298361710644));
#8904=CARTESIAN_POINT('',(0.004101638289356,0.,0.006298361710644));
#8905=CARTESIAN_POINT('',(0.,0.,0.0074));
#8906=CARTESIAN_POINT('',(0.,0.,0.006501638289356));
#8907=CARTESIAN_POINT('',(-0.004101638289356,0.,0.006501638289356));
#8908=CARTESIAN_POINT('',(0.,0.,0.006501638289356));
#8909=CARTESIAN_POINT('',(0.,0.,0.006501638289356));
#8910=CARTESIAN_POINT('',(0.003898361710644,0.,0.006501638289356));
#8911=CARTESIAN_POINT('',(0.,0.,0.0074));
#8912=CARTESIAN_POINT('',(0.,0.,0.));
#8913=CARTESIAN_POINT('',(0.,0.,0.005472929351722));
#8914=CARTESIAN_POINT('',(0.,0.,0.005472929351722));
#8915=CARTESIAN_POINT('',(0.002767347299797,0.,0.005472929351722));
#8916=CARTESIAN_POINT('',(0.,0.,0.005472929351722));
#8917=CARTESIAN_POINT('',(0.003021488596353,0.,0.005472929351722));
#8918=CARTESIAN_POINT('',(0.,0.,0.0046));
#8919=CARTESIAN_POINT('',(0.,0.,0.005727070648278));
#8920=CARTESIAN_POINT('',(-0.002767347299797,0.,0.005727070648278));
#8921=CARTESIAN_POINT('',(0.,0.,0.005727070648278));
#8922=CARTESIAN_POINT('',(0.,0.,0.005727070648278));
#8923=CARTESIAN_POINT('',(0.003021488596353,0.,0.005727070648278));
#8924=CARTESIAN_POINT('',(0.,0.,0.0046));
#8925=CARTESIAN_POINT('',(0.,0.,0.));
#8926=MECHANICAL_DESIGN_GEOMETRIC_PRESENTATION_REPRESENTATION('',(#4816,
#4817,#4818,#4819,#4820,#4821,#11,#12,#13,#14,#15,#16,#17,#18,#19,#20,#21,
#22,#23,#24,#25,#26,#27,#28,#29,#30,#31,#32,#33,#34,#35,#36,#37,#38,#39,
#40,#41,#42,#43,#44,#45,#46,#47,#48,#49,#50,#51,#52,#53,#54,#55,#56,#57,
#58,#59,#60,#61,#62,#63,#64,#65,#66,#67,#68,#69,#70,#71,#4822,#4823,#4824,
#4825,#4826,#4827,#4828,#4829,#4830,#4831,#4832,#4833,#4834,#4835,#4836),
#8927);
#8927=(
GEOMETRIC_REPRESENTATION_CONTEXT(3)
GLOBAL_UNCERTAINTY_ASSIGNED_CONTEXT((#8949))
GLOBAL_UNIT_ASSIGNED_CONTEXT((#8973,#8972,#8971))
REPRESENTATION_CONTEXT('SPK-TH_BD23.0-P10.00-D0.8-L-RD',
'TOP_LEVEL_ASSEMBLY_PART')
);
#8928=(
GEOMETRIC_REPRESENTATION_CONTEXT(3)
GLOBAL_UNCERTAINTY_ASSIGNED_CONTEXT((#8950))
GLOBAL_UNIT_ASSIGNED_CONTEXT((#8973,#8972,#8971))
REPRESENTATION_CONTEXT('SPK-TH_BD2','COMPONENT_PART')
);
#8929=(
GEOMETRIC_REPRESENTATION_CONTEXT(3)
GLOBAL_UNCERTAINTY_ASSIGNED_CONTEXT((#8951))
GLOBAL_UNIT_ASSIGNED_CONTEXT((#8973,#8972,#8971))
REPRESENTATION_CONTEXT('SPK-TH_BD2','COMPONENT_PART')
);
#8930=(
GEOMETRIC_REPRESENTATION_CONTEXT(3)
GLOBAL_UNCERTAINTY_ASSIGNED_CONTEXT((#8952))
GLOBAL_UNIT_ASSIGNED_CONTEXT((#8973,#8972,#8971))
REPRESENTATION_CONTEXT('SPK-TH_BD2','COMPONENT_PART')
);
#8931=(
GEOMETRIC_REPRESENTATION_CONTEXT(3)
GLOBAL_UNCERTAINTY_ASSIGNED_CONTEXT((#8953))
GLOBAL_UNIT_ASSIGNED_CONTEXT((#8973,#8972,#8971))
REPRESENTATION_CONTEXT('SPK-TH_BD2','COMPONENT_PART')
);
#8932=(
GEOMETRIC_REPRESENTATION_CONTEXT(3)
GLOBAL_UNCERTAINTY_ASSIGNED_CONTEXT((#8954))
GLOBAL_UNIT_ASSIGNED_CONTEXT((#8973,#8972,#8971))
REPRESENTATION_CONTEXT('SPK-TH_BD2','COMPONENT_PART')
);
#8933=(
GEOMETRIC_REPRESENTATION_CONTEXT(3)
GLOBAL_UNCERTAINTY_ASSIGNED_CONTEXT((#8955))
GLOBAL_UNIT_ASSIGNED_CONTEXT((#8973,#8972,#8971))
REPRESENTATION_CONTEXT('SPK-TH_BD2','COMPONENT_PART')
);
#8934=(
GEOMETRIC_REPRESENTATION_CONTEXT(3)
GLOBAL_UNCERTAINTY_ASSIGNED_CONTEXT((#8956))
GLOBAL_UNIT_ASSIGNED_CONTEXT((#8973,#8972,#8971))
REPRESENTATION_CONTEXT('SPK-TH_BD2','COMPONENT_PART')
);
#8935=(
GEOMETRIC_REPRESENTATION_CONTEXT(3)
GLOBAL_UNCERTAINTY_ASSIGNED_CONTEXT((#8957))
GLOBAL_UNIT_ASSIGNED_CONTEXT((#8973,#8972,#8971))
REPRESENTATION_CONTEXT('SPK-TH_BD2','COMPONENT_PART')
);
#8936=(
GEOMETRIC_REPRESENTATION_CONTEXT(3)
GLOBAL_UNCERTAINTY_ASSIGNED_CONTEXT((#8958))
GLOBAL_UNIT_ASSIGNED_CONTEXT((#8973,#8972,#8971))
REPRESENTATION_CONTEXT('SPK-TH_BD2','COMPONENT_PART')
);
#8937=(
GEOMETRIC_REPRESENTATION_CONTEXT(3)
GLOBAL_UNCERTAINTY_ASSIGNED_CONTEXT((#8959))
GLOBAL_UNIT_ASSIGNED_CONTEXT((#8973,#8972,#8971))
REPRESENTATION_CONTEXT('SPK-TH_BD2','COMPONENT_PART')
);
#8938=(
GEOMETRIC_REPRESENTATION_CONTEXT(3)
GLOBAL_UNCERTAINTY_ASSIGNED_CONTEXT((#8960))
GLOBAL_UNIT_ASSIGNED_CONTEXT((#8973,#8972,#8971))
REPRESENTATION_CONTEXT('SPK-TH_BD2','COMPONENT_PART')
);
#8939=(
GEOMETRIC_REPRESENTATION_CONTEXT(3)
GLOBAL_UNCERTAINTY_ASSIGNED_CONTEXT((#8961))
GLOBAL_UNIT_ASSIGNED_CONTEXT((#8973,#8972,#8971))
REPRESENTATION_CONTEXT('SPK-TH_BD2','COMPONENT_PART')
);
#8940=(
GEOMETRIC_REPRESENTATION_CONTEXT(3)
GLOBAL_UNCERTAINTY_ASSIGNED_CONTEXT((#8962))
GLOBAL_UNIT_ASSIGNED_CONTEXT((#8973,#8972,#8971))
REPRESENTATION_CONTEXT('SPK-TH_BD2','COMPONENT_PART')
);
#8941=(
GEOMETRIC_REPRESENTATION_CONTEXT(3)
GLOBAL_UNCERTAINTY_ASSIGNED_CONTEXT((#8963))
GLOBAL_UNIT_ASSIGNED_CONTEXT((#8973,#8972,#8971))
REPRESENTATION_CONTEXT('SPK-TH_BD2','COMPONENT_PART')
);
#8942=(
GEOMETRIC_REPRESENTATION_CONTEXT(3)
GLOBAL_UNCERTAINTY_ASSIGNED_CONTEXT((#8964))
GLOBAL_UNIT_ASSIGNED_CONTEXT((#8973,#8972,#8971))
REPRESENTATION_CONTEXT('SPK-TH_BD2','COMPONENT_PART')
);
#8943=(
GEOMETRIC_REPRESENTATION_CONTEXT(3)
GLOBAL_UNCERTAINTY_ASSIGNED_CONTEXT((#8965))
GLOBAL_UNIT_ASSIGNED_CONTEXT((#8973,#8972,#8971))
REPRESENTATION_CONTEXT('SPK-TH_BD2','COMPONENT_PART')
);
#8944=(
GEOMETRIC_REPRESENTATION_CONTEXT(3)
GLOBAL_UNCERTAINTY_ASSIGNED_CONTEXT((#8966))
GLOBAL_UNIT_ASSIGNED_CONTEXT((#8973,#8972,#8971))
REPRESENTATION_CONTEXT('SPK-TH_BD2','COMPONENT_PART')
);
#8945=(
GEOMETRIC_REPRESENTATION_CONTEXT(3)
GLOBAL_UNCERTAINTY_ASSIGNED_CONTEXT((#8967))
GLOBAL_UNIT_ASSIGNED_CONTEXT((#8973,#8972,#8971))
REPRESENTATION_CONTEXT('SPK-TH_BD2','COMPONENT_PART')
);
#8946=(
GEOMETRIC_REPRESENTATION_CONTEXT(3)
GLOBAL_UNCERTAINTY_ASSIGNED_CONTEXT((#8968))
GLOBAL_UNIT_ASSIGNED_CONTEXT((#8973,#8972,#8971))
REPRESENTATION_CONTEXT('SPK-TH_BD2','COMPONENT_PART')
);
#8947=(
GEOMETRIC_REPRESENTATION_CONTEXT(3)
GLOBAL_UNCERTAINTY_ASSIGNED_CONTEXT((#8969))
GLOBAL_UNIT_ASSIGNED_CONTEXT((#8973,#8972,#8971))
REPRESENTATION_CONTEXT('SPK-TH_BD2','COMPONENT_PART')
);
#8948=(
GEOMETRIC_REPRESENTATION_CONTEXT(3)
GLOBAL_UNCERTAINTY_ASSIGNED_CONTEXT((#8970))
GLOBAL_UNIT_ASSIGNED_CONTEXT((#8973,#8972,#8971))
REPRESENTATION_CONTEXT('SPK-TH_BD2','COMPONENT_PART')
);
#8949=UNCERTAINTY_MEASURE_WITH_UNIT(LENGTH_MEASURE(1.E-8),#8973,
'DISTANCE_ACCURACY_VALUE','Maximum Tolerance applied to model');
#8950=UNCERTAINTY_MEASURE_WITH_UNIT(LENGTH_MEASURE(1.E-8),#8973,
'DISTANCE_ACCURACY_VALUE','Maximum Tolerance applied to model');
#8951=UNCERTAINTY_MEASURE_WITH_UNIT(LENGTH_MEASURE(1.E-8),#8973,
'DISTANCE_ACCURACY_VALUE','Maximum Tolerance applied to model');
#8952=UNCERTAINTY_MEASURE_WITH_UNIT(LENGTH_MEASURE(1.E-8),#8973,
'DISTANCE_ACCURACY_VALUE','Maximum Tolerance applied to model');
#8953=UNCERTAINTY_MEASURE_WITH_UNIT(LENGTH_MEASURE(1.E-8),#8973,
'DISTANCE_ACCURACY_VALUE','Maximum Tolerance applied to model');
#8954=UNCERTAINTY_MEASURE_WITH_UNIT(LENGTH_MEASURE(1.E-8),#8973,
'DISTANCE_ACCURACY_VALUE','Maximum Tolerance applied to model');
#8955=UNCERTAINTY_MEASURE_WITH_UNIT(LENGTH_MEASURE(2.E-5),#8973,
'DISTANCE_ACCURACY_VALUE','Maximum Tolerance applied to model');
#8956=UNCERTAINTY_MEASURE_WITH_UNIT(LENGTH_MEASURE(1.E-8),#8973,
'DISTANCE_ACCURACY_VALUE','Maximum Tolerance applied to model');
#8957=UNCERTAINTY_MEASURE_WITH_UNIT(LENGTH_MEASURE(1.E-8),#8973,
'DISTANCE_ACCURACY_VALUE','Maximum Tolerance applied to model');
#8958=UNCERTAINTY_MEASURE_WITH_UNIT(LENGTH_MEASURE(1.E-8),#8973,
'DISTANCE_ACCURACY_VALUE','Maximum Tolerance applied to model');
#8959=UNCERTAINTY_MEASURE_WITH_UNIT(LENGTH_MEASURE(1.E-8),#8973,
'DISTANCE_ACCURACY_VALUE','Maximum Tolerance applied to model');
#8960=UNCERTAINTY_MEASURE_WITH_UNIT(LENGTH_MEASURE(1.E-8),#8973,
'DISTANCE_ACCURACY_VALUE','Maximum Tolerance applied to model');
#8961=UNCERTAINTY_MEASURE_WITH_UNIT(LENGTH_MEASURE(1.E-8),#8973,
'DISTANCE_ACCURACY_VALUE','Maximum Tolerance applied to model');
#8962=UNCERTAINTY_MEASURE_WITH_UNIT(LENGTH_MEASURE(1.E-8),#8973,
'DISTANCE_ACCURACY_VALUE','Maximum Tolerance applied to model');
#8963=UNCERTAINTY_MEASURE_WITH_UNIT(LENGTH_MEASURE(1.E-8),#8973,
'DISTANCE_ACCURACY_VALUE','Maximum Tolerance applied to model');
#8964=UNCERTAINTY_MEASURE_WITH_UNIT(LENGTH_MEASURE(1.E-8),#8973,
'DISTANCE_ACCURACY_VALUE','Maximum Tolerance applied to model');
#8965=UNCERTAINTY_MEASURE_WITH_UNIT(LENGTH_MEASURE(1.E-8),#8973,
'DISTANCE_ACCURACY_VALUE','Maximum Tolerance applied to model');
#8966=UNCERTAINTY_MEASURE_WITH_UNIT(LENGTH_MEASURE(1.E-8),#8973,
'DISTANCE_ACCURACY_VALUE','Maximum Tolerance applied to model');
#8967=UNCERTAINTY_MEASURE_WITH_UNIT(LENGTH_MEASURE(1.E-8),#8973,
'DISTANCE_ACCURACY_VALUE','Maximum Tolerance applied to model');
#8968=UNCERTAINTY_MEASURE_WITH_UNIT(LENGTH_MEASURE(1.E-8),#8973,
'DISTANCE_ACCURACY_VALUE','Maximum Tolerance applied to model');
#8969=UNCERTAINTY_MEASURE_WITH_UNIT(LENGTH_MEASURE(1.E-8),#8973,
'DISTANCE_ACCURACY_VALUE','Maximum Tolerance applied to model');
#8970=UNCERTAINTY_MEASURE_WITH_UNIT(LENGTH_MEASURE(1.E-8),#8973,
'DISTANCE_ACCURACY_VALUE','Maximum Tolerance applied to model');
#8971=(
NAMED_UNIT(*)
SI_UNIT($,.STERADIAN.)
SOLID_ANGLE_UNIT()
);
#8972=(
NAMED_UNIT(*)
PLANE_ANGLE_UNIT()
SI_UNIT($,.RADIAN.)
);
#8973=(
LENGTH_UNIT()
NAMED_UNIT(*)
SI_UNIT($,.METRE.)
);
#8974=PRODUCT_DEFINITION_SHAPE('','',#9017);
#8975=PRODUCT_DEFINITION_SHAPE('','',#9018);
#8976=PRODUCT_DEFINITION_SHAPE(' ','NAUO PRDDFN',#925);
#8977=PRODUCT_DEFINITION_SHAPE('','',#9019);
#8978=PRODUCT_DEFINITION_SHAPE(' ','NAUO PRDDFN',#926);
#8979=PRODUCT_DEFINITION_SHAPE('','',#9020);
#8980=PRODUCT_DEFINITION_SHAPE(' ','NAUO PRDDFN',#927);
#8981=PRODUCT_DEFINITION_SHAPE('','',#9021);
#8982=PRODUCT_DEFINITION_SHAPE(' ','NAUO PRDDFN',#928);
#8983=PRODUCT_DEFINITION_SHAPE('','',#9022);
#8984=PRODUCT_DEFINITION_SHAPE(' ','NAUO PRDDFN',#929);
#8985=PRODUCT_DEFINITION_SHAPE('','',#9023);
#8986=PRODUCT_DEFINITION_SHAPE(' ','NAUO PRDDFN',#930);
#8987=PRODUCT_DEFINITION_SHAPE('','',#9024);
#8988=PRODUCT_DEFINITION_SHAPE(' ','NAUO PRDDFN',#931);
#8989=PRODUCT_DEFINITION_SHAPE('','',#9025);
#8990=PRODUCT_DEFINITION_SHAPE(' ','NAUO PRDDFN',#932);
#8991=PRODUCT_DEFINITION_SHAPE('','',#9026);
#8992=PRODUCT_DEFINITION_SHAPE(' ','NAUO PRDDFN',#933);
#8993=PRODUCT_DEFINITION_SHAPE('','',#9027);
#8994=PRODUCT_DEFINITION_SHAPE(' ','NAUO PRDDFN',#934);
#8995=PRODUCT_DEFINITION_SHAPE('','',#9028);
#8996=PRODUCT_DEFINITION_SHAPE(' ','NAUO PRDDFN',#935);
#8997=PRODUCT_DEFINITION_SHAPE('','',#9029);
#8998=PRODUCT_DEFINITION_SHAPE(' ','NAUO PRDDFN',#936);
#8999=PRODUCT_DEFINITION_SHAPE('','',#9030);
#9000=PRODUCT_DEFINITION_SHAPE(' ','NAUO PRDDFN',#937);
#9001=PRODUCT_DEFINITION_SHAPE('','',#9031);
#9002=PRODUCT_DEFINITION_SHAPE(' ','NAUO PRDDFN',#938);
#9003=PRODUCT_DEFINITION_SHAPE('','',#9032);
#9004=PRODUCT_DEFINITION_SHAPE(' ','NAUO PRDDFN',#939);
#9005=PRODUCT_DEFINITION_SHAPE('','',#9033);
#9006=PRODUCT_DEFINITION_SHAPE(' ','NAUO PRDDFN',#940);
#9007=PRODUCT_DEFINITION_SHAPE('','',#9034);
#9008=PRODUCT_DEFINITION_SHAPE(' ','NAUO PRDDFN',#941);
#9009=PRODUCT_DEFINITION_SHAPE('','',#9035);
#9010=PRODUCT_DEFINITION_SHAPE(' ','NAUO PRDDFN',#942);
#9011=PRODUCT_DEFINITION_SHAPE('','',#9036);
#9012=PRODUCT_DEFINITION_SHAPE(' ','NAUO PRDDFN',#943);
#9013=PRODUCT_DEFINITION_SHAPE('','',#9037);
#9014=PRODUCT_DEFINITION_SHAPE(' ','NAUO PRDDFN',#944);
#9015=PRODUCT_DEFINITION_SHAPE('','',#9038);
#9016=PRODUCT_DEFINITION_SHAPE(' ','NAUO PRDDFN',#945);
#9017=PRODUCT_DEFINITION('','',#9061,#9039);
#9018=PRODUCT_DEFINITION('','',#9062,#9040);
#9019=PRODUCT_DEFINITION('','',#9063,#9041);
#9020=PRODUCT_DEFINITION('','',#9064,#9042);
#9021=PRODUCT_DEFINITION('','',#9065,#9043);
#9022=PRODUCT_DEFINITION('','',#9066,#9044);
#9023=PRODUCT_DEFINITION('','',#9067,#9045);
#9024=PRODUCT_DEFINITION('','',#9068,#9046);
#9025=PRODUCT_DEFINITION('','',#9069,#9047);
#9026=PRODUCT_DEFINITION('','',#9070,#9048);
#9027=PRODUCT_DEFINITION('','',#9071,#9049);
#9028=PRODUCT_DEFINITION('','',#9072,#9050);
#9029=PRODUCT_DEFINITION('','',#9073,#9051);
#9030=PRODUCT_DEFINITION('','',#9074,#9052);
#9031=PRODUCT_DEFINITION('','',#9075,#9053);
#9032=PRODUCT_DEFINITION('','',#9076,#9054);
#9033=PRODUCT_DEFINITION('','',#9077,#9055);
#9034=PRODUCT_DEFINITION('','',#9078,#9056);
#9035=PRODUCT_DEFINITION('','',#9079,#9057);
#9036=PRODUCT_DEFINITION('','',#9080,#9058);
#9037=PRODUCT_DEFINITION('','',#9081,#9059);
#9038=PRODUCT_DEFINITION('','',#9082,#9060);
#9039=PRODUCT_DEFINITION_CONTEXT('',#9172,'design');
#9040=PRODUCT_DEFINITION_CONTEXT('',#9172,'design');
#9041=PRODUCT_DEFINITION_CONTEXT('',#9172,'design');
#9042=PRODUCT_DEFINITION_CONTEXT('',#9172,'design');
#9043=PRODUCT_DEFINITION_CONTEXT('',#9172,'design');
#9044=PRODUCT_DEFINITION_CONTEXT('',#9172,'design');
#9045=PRODUCT_DEFINITION_CONTEXT('',#9172,'design');
#9046=PRODUCT_DEFINITION_CONTEXT('',#9172,'design');
#9047=PRODUCT_DEFINITION_CONTEXT('',#9172,'design');
#9048=PRODUCT_DEFINITION_CONTEXT('',#9172,'design');
#9049=PRODUCT_DEFINITION_CONTEXT('',#9172,'design');
#9050=PRODUCT_DEFINITION_CONTEXT('',#9172,'design');
#9051=PRODUCT_DEFINITION_CONTEXT('',#9172,'design');
#9052=PRODUCT_DEFINITION_CONTEXT('',#9172,'design');
#9053=PRODUCT_DEFINITION_CONTEXT('',#9172,'design');
#9054=PRODUCT_DEFINITION_CONTEXT('',#9172,'design');
#9055=PRODUCT_DEFINITION_CONTEXT('',#9172,'design');
#9056=PRODUCT_DEFINITION_CONTEXT('',#9172,'design');
#9057=PRODUCT_DEFINITION_CONTEXT('',#9172,'design');
#9058=PRODUCT_DEFINITION_CONTEXT('',#9172,'design');
#9059=PRODUCT_DEFINITION_CONTEXT('',#9172,'design');
#9060=PRODUCT_DEFINITION_CONTEXT('',#9172,'design');
#9061=PRODUCT_DEFINITION_FORMATION_WITH_SPECIFIED_SOURCE('','',#9105,
 .NOT_KNOWN.);
#9062=PRODUCT_DEFINITION_FORMATION_WITH_SPECIFIED_SOURCE('','',#9106,
 .NOT_KNOWN.);
#9063=PRODUCT_DEFINITION_FORMATION_WITH_SPECIFIED_SOURCE('','',#9107,
 .NOT_KNOWN.);
#9064=PRODUCT_DEFINITION_FORMATION_WITH_SPECIFIED_SOURCE('','',#9108,
 .NOT_KNOWN.);
#9065=PRODUCT_DEFINITION_FORMATION_WITH_SPECIFIED_SOURCE('','',#9109,
 .NOT_KNOWN.);
#9066=PRODUCT_DEFINITION_FORMATION_WITH_SPECIFIED_SOURCE('','',#9110,
 .NOT_KNOWN.);
#9067=PRODUCT_DEFINITION_FORMATION_WITH_SPECIFIED_SOURCE('','',#9111,
 .NOT_KNOWN.);
#9068=PRODUCT_DEFINITION_FORMATION_WITH_SPECIFIED_SOURCE('','',#9112,
 .NOT_KNOWN.);
#9069=PRODUCT_DEFINITION_FORMATION_WITH_SPECIFIED_SOURCE('','',#9113,
 .NOT_KNOWN.);
#9070=PRODUCT_DEFINITION_FORMATION_WITH_SPECIFIED_SOURCE('','',#9114,
 .NOT_KNOWN.);
#9071=PRODUCT_DEFINITION_FORMATION_WITH_SPECIFIED_SOURCE('','',#9115,
 .NOT_KNOWN.);
#9072=PRODUCT_DEFINITION_FORMATION_WITH_SPECIFIED_SOURCE('','',#9116,
 .NOT_KNOWN.);
#9073=PRODUCT_DEFINITION_FORMATION_WITH_SPECIFIED_SOURCE('','',#9117,
 .NOT_KNOWN.);
#9074=PRODUCT_DEFINITION_FORMATION_WITH_SPECIFIED_SOURCE('','',#9118,
 .NOT_KNOWN.);
#9075=PRODUCT_DEFINITION_FORMATION_WITH_SPECIFIED_SOURCE('','',#9119,
 .NOT_KNOWN.);
#9076=PRODUCT_DEFINITION_FORMATION_WITH_SPECIFIED_SOURCE('','',#9120,
 .NOT_KNOWN.);
#9077=PRODUCT_DEFINITION_FORMATION_WITH_SPECIFIED_SOURCE('','',#9121,
 .NOT_KNOWN.);
#9078=PRODUCT_DEFINITION_FORMATION_WITH_SPECIFIED_SOURCE('','',#9122,
 .NOT_KNOWN.);
#9079=PRODUCT_DEFINITION_FORMATION_WITH_SPECIFIED_SOURCE('','',#9123,
 .NOT_KNOWN.);
#9080=PRODUCT_DEFINITION_FORMATION_WITH_SPECIFIED_SOURCE('','',#9124,
 .NOT_KNOWN.);
#9081=PRODUCT_DEFINITION_FORMATION_WITH_SPECIFIED_SOURCE('','',#9125,
 .NOT_KNOWN.);
#9082=PRODUCT_DEFINITION_FORMATION_WITH_SPECIFIED_SOURCE('','',#9126,
 .NOT_KNOWN.);
#9083=PRODUCT_RELATED_PRODUCT_CATEGORY('','',(#9105));
#9084=PRODUCT_RELATED_PRODUCT_CATEGORY('','',(#9106));
#9085=PRODUCT_RELATED_PRODUCT_CATEGORY('','',(#9107));
#9086=PRODUCT_RELATED_PRODUCT_CATEGORY('','',(#9108));
#9087=PRODUCT_RELATED_PRODUCT_CATEGORY('','',(#9109));
#9088=PRODUCT_RELATED_PRODUCT_CATEGORY('','',(#9110));
#9089=PRODUCT_RELATED_PRODUCT_CATEGORY('','',(#9111));
#9090=PRODUCT_RELATED_PRODUCT_CATEGORY('','',(#9112));
#9091=PRODUCT_RELATED_PRODUCT_CATEGORY('','',(#9113));
#9092=PRODUCT_RELATED_PRODUCT_CATEGORY('','',(#9114));
#9093=PRODUCT_RELATED_PRODUCT_CATEGORY('','',(#9115));
#9094=PRODUCT_RELATED_PRODUCT_CATEGORY('','',(#9116));
#9095=PRODUCT_RELATED_PRODUCT_CATEGORY('','',(#9117));
#9096=PRODUCT_RELATED_PRODUCT_CATEGORY('','',(#9118));
#9097=PRODUCT_RELATED_PRODUCT_CATEGORY('','',(#9119));
#9098=PRODUCT_RELATED_PRODUCT_CATEGORY('','',(#9120));
#9099=PRODUCT_RELATED_PRODUCT_CATEGORY('','',(#9121));
#9100=PRODUCT_RELATED_PRODUCT_CATEGORY('','',(#9122));
#9101=PRODUCT_RELATED_PRODUCT_CATEGORY('','',(#9123));
#9102=PRODUCT_RELATED_PRODUCT_CATEGORY('','',(#9124));
#9103=PRODUCT_RELATED_PRODUCT_CATEGORY('','',(#9125));
#9104=PRODUCT_RELATED_PRODUCT_CATEGORY('','',(#9126));
#9105=PRODUCT('SPK-TH_BD23.0-P10.00-D0.8-L-RD',
'SPK-TH_BD23.0-P10.00-D0.8-L-RD','SPK-TH_BD23.0-P10.00-D0.8-L-RD',(#9149));
#9106=PRODUCT('SPK-TH_BD2','SPK-TH_BD2','SPK-TH_BD2',(#9150));
#9107=PRODUCT('SPK-TH_BD2','SPK-TH_BD2','SPK-TH_BD2',(#9151));
#9108=PRODUCT('SPK-TH_BD2','SPK-TH_BD2','SPK-TH_BD2',(#9152));
#9109=PRODUCT('SPK-TH_BD2','SPK-TH_BD2','SPK-TH_BD2',(#9153));
#9110=PRODUCT('SPK-TH_BD2','SPK-TH_BD2','SPK-TH_BD2',(#9154));
#9111=PRODUCT('SPK-TH_BD2','SPK-TH_BD2','SPK-TH_BD2',(#9155));
#9112=PRODUCT('SPK-TH_BD2','SPK-TH_BD2','SPK-TH_BD2',(#9156));
#9113=PRODUCT('SPK-TH_BD2','SPK-TH_BD2','SPK-TH_BD2',(#9157));
#9114=PRODUCT('SPK-TH_BD2','SPK-TH_BD2','SPK-TH_BD2',(#9158));
#9115=PRODUCT('SPK-TH_BD2','SPK-TH_BD2','SPK-TH_BD2',(#9159));
#9116=PRODUCT('SPK-TH_BD2','SPK-TH_BD2','SPK-TH_BD2',(#9160));
#9117=PRODUCT('SPK-TH_BD2','SPK-TH_BD2','SPK-TH_BD2',(#9161));
#9118=PRODUCT('SPK-TH_BD2','SPK-TH_BD2','SPK-TH_BD2',(#9162));
#9119=PRODUCT('SPK-TH_BD2','SPK-TH_BD2','SPK-TH_BD2',(#9163));
#9120=PRODUCT('SPK-TH_BD2','SPK-TH_BD2','SPK-TH_BD2',(#9164));
#9121=PRODUCT('SPK-TH_BD2','SPK-TH_BD2','SPK-TH_BD2',(#9165));
#9122=PRODUCT('SPK-TH_BD2','SPK-TH_BD2','SPK-TH_BD2',(#9166));
#9123=PRODUCT('SPK-TH_BD2','SPK-TH_BD2','SPK-TH_BD2',(#9167));
#9124=PRODUCT('SPK-TH_BD2','SPK-TH_BD2','SPK-TH_BD2',(#9168));
#9125=PRODUCT('SPK-TH_BD2','SPK-TH_BD2','SPK-TH_BD2',(#9169));
#9126=PRODUCT('SPK-TH_BD2','SPK-TH_BD2','SPK-TH_BD2',(#9170));
#9127=PRODUCT_CATEGORY('','');
#9128=PRODUCT_CATEGORY('','');
#9129=PRODUCT_CATEGORY('','');
#9130=PRODUCT_CATEGORY('','');
#9131=PRODUCT_CATEGORY('','');
#9132=PRODUCT_CATEGORY('','');
#9133=PRODUCT_CATEGORY('','');
#9134=PRODUCT_CATEGORY('','');
#9135=PRODUCT_CATEGORY('','');
#9136=PRODUCT_CATEGORY('','');
#9137=PRODUCT_CATEGORY('','');
#9138=PRODUCT_CATEGORY('','');
#9139=PRODUCT_CATEGORY('','');
#9140=PRODUCT_CATEGORY('','');
#9141=PRODUCT_CATEGORY('','');
#9142=PRODUCT_CATEGORY('','');
#9143=PRODUCT_CATEGORY('','');
#9144=PRODUCT_CATEGORY('','');
#9145=PRODUCT_CATEGORY('','');
#9146=PRODUCT_CATEGORY('','');
#9147=PRODUCT_CATEGORY('','');
#9148=PRODUCT_CATEGORY('','');
#9149=PRODUCT_CONTEXT('',#9172,'mechanical');
#9150=PRODUCT_CONTEXT('',#9172,'mechanical');
#9151=PRODUCT_CONTEXT('',#9172,'mechanical');
#9152=PRODUCT_CONTEXT('',#9172,'mechanical');
#9153=PRODUCT_CONTEXT('',#9172,'mechanical');
#9154=PRODUCT_CONTEXT('',#9172,'mechanical');
#9155=PRODUCT_CONTEXT('',#9172,'mechanical');
#9156=PRODUCT_CONTEXT('',#9172,'mechanical');
#9157=PRODUCT_CONTEXT('',#9172,'mechanical');
#9158=PRODUCT_CONTEXT('',#9172,'mechanical');
#9159=PRODUCT_CONTEXT('',#9172,'mechanical');
#9160=PRODUCT_CONTEXT('',#9172,'mechanical');
#9161=PRODUCT_CONTEXT('',#9172,'mechanical');
#9162=PRODUCT_CONTEXT('',#9172,'mechanical');
#9163=PRODUCT_CONTEXT('',#9172,'mechanical');
#9164=PRODUCT_CONTEXT('',#9172,'mechanical');
#9165=PRODUCT_CONTEXT('',#9172,'mechanical');
#9166=PRODUCT_CONTEXT('',#9172,'mechanical');
#9167=PRODUCT_CONTEXT('',#9172,'mechanical');
#9168=PRODUCT_CONTEXT('',#9172,'mechanical');
#9169=PRODUCT_CONTEXT('',#9172,'mechanical');
#9170=PRODUCT_CONTEXT('',#9172,'mechanical');
#9171=APPLICATION_PROTOCOL_DEFINITION('international standard',
'ap242_managed_model_based_3d_engineering',2020,#9172);
#9172=APPLICATION_CONTEXT('managed model based 3d engineering');
ENDSEC;
END-ISO-10303-21;
