ISO-10303-21;
HEADER;
/* Generated by software containing ST-Developer
 * from STEP Tools, Inc. (www.steptools.com) 
 */
/* OPTION: using custom renumber hook */

FILE_DESCRIPTION(
/* description */ ('STEP AP242 Edition 2',
'CAx-IF Rec.Pracs.---Representation and Presentation of Product Manufa
cturing Information (PMI)---4.0---2014-10-13',
'CAx-IF Rec.Pracs.---3D Tessellated Geometry---0.4---2014-09-14','2;1',
'CAx-IF Rec.Pracs.---User Defined Attributes---1.5---2016-08-15'),
/* implementation_level */ '2;1');

FILE_NAME(
/* name */ 'Part Studio 1',
/* time_stamp */ '2026-06-21T02:54:45Z',
/* author */ (''),
/* organization */ (''),
/* preprocessor_version */ 'ST-DEVELOPER v20',
/* originating_system */ 'ONSHAPE BY PTC INC, 1.216',
/* authorisation */ '  ');

FILE_SCHEMA (('AP242_MANAGED_MODEL_BASED_3D_ENGINEERING_MIM_LF { 1 0 10303 442 3 1 4 }'));
ENDSEC;

DATA;
#10=SHAPE_REPRESENTATION_RELATIONSHIP('','',#2687,#11);
#11=ADVANCED_BREP_SHAPE_REPRESENTATION('',(#2685),#4713);
#12=TOROIDAL_SURFACE('',#2926,0.005,0.001);
#13=TOROIDAL_SURFACE('',#2927,0.005,0.001);
#14=CONICAL_SURFACE('',#2899,0.001,1.0471975511966);
#15=CONICAL_SURFACE('',#2901,0.001,1.0471975511966);
#16=CONICAL_SURFACE('',#2903,0.001,1.0471975511966);
#17=CONICAL_SURFACE('',#2905,0.001,1.0471975511966);
#18=CONICAL_SURFACE('',#2907,0.001,1.0471975511966);
#19=CONICAL_SURFACE('',#2909,0.001,1.0471975511966);
#20=CONICAL_SURFACE('',#2911,0.001,1.0471975511966);
#21=CONICAL_SURFACE('',#2913,0.001,1.0471975511966);
#22=B_SPLINE_SURFACE_WITH_KNOTS('',1,3,((#4478,#4479,#4480,#4481,#4482,
#4483),(#4484,#4485,#4486,#4487,#4488,#4489)),.RULED_SURF.,.F.,.F.,.F.,
(2,2),(4,2,4),(0.,1.),(1.5707963267949,2.35619449019234,3.14159265358979),
 .UNSPECIFIED.);
#23=B_SPLINE_SURFACE_WITH_KNOTS('',1,3,((#4508,#4509,#4510,#4511,#4512,
#4513),(#4514,#4515,#4516,#4517,#4518,#4519)),.RULED_SURF.,.F.,.F.,.F.,
(2,2),(4,2,4),(0.,1.),(3.1415926535898,3.92699081698724,4.71238898038468),
 .UNSPECIFIED.);
#24=B_SPLINE_SURFACE_WITH_KNOTS('',1,3,((#4524,#4525,#4526,#4527,#4528,
#4529),(#4530,#4531,#4532,#4533,#4534,#4535)),.RULED_SURF.,.F.,.F.,.F.,
(2,2),(4,2,4),(0.,1.),(0.,0.785398163397448,1.5707963267949),
 .UNSPECIFIED.);
#25=B_SPLINE_SURFACE_WITH_KNOTS('',1,3,((#4550,#4551,#4552,#4553,#4554,
#4555),(#4556,#4557,#4558,#4559,#4560,#4561)),.RULED_SURF.,.F.,.F.,.F.,
(2,2),(4,2,4),(0.,1.),(4.7123889803847,5.49778714378215,6.2831853071796),
 .UNSPECIFIED.);
#26=B_SPLINE_SURFACE_WITH_KNOTS('',1,3,((#4562,#4563,#4564,#4565,#4566,
#4567),(#4568,#4569,#4570,#4571,#4572,#4573)),.RULED_SURF.,.F.,.F.,.F.,
(2,2),(4,2,4),(0.,1.),(4.71238898038469,5.49778714378214,6.28318530717959),
 .UNSPECIFIED.);
#27=B_SPLINE_SURFACE_WITH_KNOTS('',1,3,((#4592,#4593,#4594,#4595,#4596,
#4597),(#4598,#4599,#4600,#4601,#4602,#4603)),.RULED_SURF.,.F.,.F.,.F.,
(2,2),(4,2,4),(0.,1.),(0.,0.785398163397448,1.5707963267949),
 .UNSPECIFIED.);
#28=B_SPLINE_SURFACE_WITH_KNOTS('',1,3,((#4608,#4609,#4610,#4611,#4612,
#4613),(#4614,#4615,#4616,#4617,#4618,#4619)),.RULED_SURF.,.F.,.F.,.F.,
(2,2),(4,2,4),(0.,1.),(3.1415926535898,3.92699081698724,4.71238898038469),
 .UNSPECIFIED.);
#29=B_SPLINE_SURFACE_WITH_KNOTS('',1,3,((#4634,#4635,#4636,#4637,#4638,
#4639),(#4640,#4641,#4642,#4643,#4644,#4645)),.RULED_SURF.,.F.,.F.,.F.,
(2,2),(4,2,4),(0.,1.),(1.5707963267949,2.35619449019234,3.1415926535898),
 .UNSPECIFIED.);
#30=CYLINDRICAL_SURFACE('',#2762,0.00761393069771306);
#31=CYLINDRICAL_SURFACE('',#2764,0.003030431669628);
#32=CYLINDRICAL_SURFACE('',#2766,0.0026020035294118);
#33=CYLINDRICAL_SURFACE('',#2768,0.00205320718720194);
#34=CYLINDRICAL_SURFACE('',#2770,0.00210692034483269);
#35=CYLINDRICAL_SURFACE('',#2773,0.0112886086060801);
#36=CYLINDRICAL_SURFACE('',#2774,0.00361134104024735);
#37=CYLINDRICAL_SURFACE('',#2775,0.00288201490919819);
#38=CYLINDRICAL_SURFACE('',#2777,0.001);
#39=CYLINDRICAL_SURFACE('',#2779,0.001);
#40=CYLINDRICAL_SURFACE('',#2782,0.001);
#41=CYLINDRICAL_SURFACE('',#2785,0.001);
#42=CYLINDRICAL_SURFACE('',#2787,0.001);
#43=CYLINDRICAL_SURFACE('',#2789,0.001);
#44=CYLINDRICAL_SURFACE('',#2792,0.001);
#45=CYLINDRICAL_SURFACE('',#2795,0.001);
#46=CYLINDRICAL_SURFACE('',#2796,0.001);
#47=CYLINDRICAL_SURFACE('',#2800,0.001);
#48=CYLINDRICAL_SURFACE('',#2803,0.001);
#49=CYLINDRICAL_SURFACE('',#2806,0.001);
#50=CYLINDRICAL_SURFACE('',#2809,0.001);
#51=CYLINDRICAL_SURFACE('',#2812,0.001);
#52=CYLINDRICAL_SURFACE('',#2816,0.001);
#53=CYLINDRICAL_SURFACE('',#2820,0.001);
#54=CYLINDRICAL_SURFACE('',#2822,0.001);
#55=CYLINDRICAL_SURFACE('',#2825,0.001);
#56=CYLINDRICAL_SURFACE('',#2828,0.001);
#57=CYLINDRICAL_SURFACE('',#2831,0.001);
#58=CYLINDRICAL_SURFACE('',#2843,0.001);
#59=CYLINDRICAL_SURFACE('',#2846,0.001);
#60=CYLINDRICAL_SURFACE('',#2849,0.001);
#61=CYLINDRICAL_SURFACE('',#2852,0.001);
#62=CYLINDRICAL_SURFACE('',#2856,0.001);
#63=CYLINDRICAL_SURFACE('',#2859,0.001);
#64=CYLINDRICAL_SURFACE('',#2862,0.001);
#65=CYLINDRICAL_SURFACE('',#2865,0.001);
#66=CYLINDRICAL_SURFACE('',#2868,0.001);
#67=CYLINDRICAL_SURFACE('',#2872,0.001);
#68=CYLINDRICAL_SURFACE('',#2876,0.001);
#69=CYLINDRICAL_SURFACE('',#2880,0.001);
#70=CYLINDRICAL_SURFACE('',#2914,0.00125);
#71=CYLINDRICAL_SURFACE('',#2916,0.00125);
#72=CYLINDRICAL_SURFACE('',#2918,0.00125);
#73=CYLINDRICAL_SURFACE('',#2920,0.00125);
#74=CYLINDRICAL_SURFACE('',#2928,0.0021);
#75=CYLINDRICAL_SURFACE('',#2931,0.0021);
#76=CYLINDRICAL_SURFACE('',#2934,0.0021);
#77=CYLINDRICAL_SURFACE('',#2937,0.0021);
#78=B_SPLINE_CURVE_WITH_KNOTS('',3,(#3878,#3879,#3880,#3881,#3882),
 .UNSPECIFIED.,.F.,.F.,(4,1,4),(0.,0.5,1.),.UNSPECIFIED.);
#79=B_SPLINE_CURVE_WITH_KNOTS('',3,(#3886,#3887,#3888,#3889,#3890),
 .UNSPECIFIED.,.F.,.F.,(4,1,4),(0.,0.5,1.),.UNSPECIFIED.);
#80=B_SPLINE_CURVE_WITH_KNOTS('',3,(#3894,#3895,#3896,#3897,#3898),
 .UNSPECIFIED.,.F.,.F.,(4,1,4),(0.,0.5,1.),.UNSPECIFIED.);
#81=B_SPLINE_CURVE_WITH_KNOTS('',3,(#3902,#3903,#3904,#3905,#3906),
 .UNSPECIFIED.,.F.,.F.,(4,1,4),(0.,0.5,1.),.UNSPECIFIED.);
#82=B_SPLINE_CURVE_WITH_KNOTS('',3,(#3943,#3944,#3945,#3946,#3947),
 .UNSPECIFIED.,.F.,.F.,(4,1,4),(0.,0.5,1.),.UNSPECIFIED.);
#83=B_SPLINE_CURVE_WITH_KNOTS('',3,(#3951,#3952,#3953,#3954,#3955),
 .UNSPECIFIED.,.F.,.F.,(4,1,4),(0.,0.5,1.),.UNSPECIFIED.);
#84=B_SPLINE_CURVE_WITH_KNOTS('',3,(#3959,#3960,#3961,#3962,#3963),
 .UNSPECIFIED.,.F.,.F.,(4,1,4),(0.,0.5,1.),.UNSPECIFIED.);
#85=B_SPLINE_CURVE_WITH_KNOTS('',3,(#3967,#3968,#3969,#3970,#3971),
 .UNSPECIFIED.,.F.,.F.,(4,1,4),(0.,0.5,1.),.UNSPECIFIED.);
#86=B_SPLINE_CURVE_WITH_KNOTS('',3,(#4038,#4039,#4040,#4041),
 .UNSPECIFIED.,.F.,.F.,(4,4),(0.,0.00120984845170585),.UNSPECIFIED.);
#87=B_SPLINE_CURVE_WITH_KNOTS('',3,(#4045,#4046,#4047,#4048),
 .UNSPECIFIED.,.F.,.F.,(4,4),(0.,0.0012098435749918),.UNSPECIFIED.);
#88=B_SPLINE_CURVE_WITH_KNOTS('',3,(#4052,#4053,#4054,#4055,#4056,#4057,
#4058,#4059,#4060),.UNSPECIFIED.,.F.,.F.,(4,1,1,1,1,1,4),(0.,0.25,0.375,
0.5,0.625,0.75,1.),.UNSPECIFIED.);
#89=B_SPLINE_CURVE_WITH_KNOTS('',3,(#4068,#4069,#4070,#4071,#4072,#4073,
#4074,#4075,#4076),.UNSPECIFIED.,.F.,.F.,(4,1,1,1,1,1,4),(0.,0.25,0.375,
0.5,0.625,0.75,1.),.UNSPECIFIED.);
#90=B_SPLINE_CURVE_WITH_KNOTS('',3,(#4090,#4091,#4092,#4093),
 .UNSPECIFIED.,.F.,.F.,(4,4),(0.,0.00145622643540356),.UNSPECIFIED.);
#91=B_SPLINE_CURVE_WITH_KNOTS('',3,(#4097,#4098,#4099,#4100),
 .UNSPECIFIED.,.F.,.F.,(4,4),(0.,0.00145622643540356),.UNSPECIFIED.);
#92=B_SPLINE_CURVE_WITH_KNOTS('',3,(#4104,#4105,#4106,#4107,#4108,#4109,
#4110,#4111,#4112),.UNSPECIFIED.,.F.,.F.,(4,1,1,1,1,1,4),(0.,0.25,0.375,
0.5,0.625,0.75,1.),.UNSPECIFIED.);
#93=B_SPLINE_CURVE_WITH_KNOTS('',3,(#4123,#4124,#4125,#4126,#4127,#4128,
#4129,#4130,#4131),.UNSPECIFIED.,.F.,.F.,(4,1,1,1,1,1,4),(0.,0.25,0.375,
0.5,0.625,0.75,1.),.UNSPECIFIED.);
#94=B_SPLINE_CURVE_WITH_KNOTS('',3,(#4140,#4141,#4142,#4143),
 .UNSPECIFIED.,.F.,.F.,(4,4),(0.,0.0012358122573487),.UNSPECIFIED.);
#95=B_SPLINE_CURVE_WITH_KNOTS('',3,(#4147,#4148,#4149,#4150),
 .UNSPECIFIED.,.F.,.F.,(4,4),(0.,0.00123578982337343),.UNSPECIFIED.);
#96=B_SPLINE_CURVE_WITH_KNOTS('',3,(#4154,#4155,#4156,#4157,#4158,#4159,
#4160,#4161,#4162),.UNSPECIFIED.,.F.,.F.,(4,1,1,1,1,1,4),(0.,0.25,0.375,
0.5,0.625,0.75,1.),.UNSPECIFIED.);
#97=B_SPLINE_CURVE_WITH_KNOTS('',3,(#4170,#4171,#4172,#4173,#4174,#4175,
#4176,#4177,#4178),.UNSPECIFIED.,.F.,.F.,(4,1,1,1,1,1,4),(0.,0.25,0.375,
0.5,0.625,0.75,1.),.UNSPECIFIED.);
#98=B_SPLINE_CURVE_WITH_KNOTS('',3,(#4192,#4193,#4194,#4195),
 .UNSPECIFIED.,.F.,.F.,(4,4),(0.,0.00146783120096796),.UNSPECIFIED.);
#99=B_SPLINE_CURVE_WITH_KNOTS('',3,(#4199,#4200,#4201,#4202),
 .UNSPECIFIED.,.F.,.F.,(4,4),(0.,0.00146783120096796),.UNSPECIFIED.);
#100=B_SPLINE_CURVE_WITH_KNOTS('',3,(#4206,#4207,#4208,#4209,#4210,#4211,
#4212,#4213,#4214),.UNSPECIFIED.,.F.,.F.,(4,1,1,1,1,1,4),(0.,0.25,0.375,
0.5,0.625,0.75,1.),.UNSPECIFIED.);
#101=B_SPLINE_CURVE_WITH_KNOTS('',3,(#4225,#4226,#4227,#4228,#4229,#4230,
#4231,#4232,#4233),.UNSPECIFIED.,.F.,.F.,(4,1,1,1,1,1,4),(0.,0.25,0.375,
0.5,0.625,0.75,1.),.UNSPECIFIED.);
#102=B_SPLINE_CURVE_WITH_KNOTS('',3,(#4490,#4491,#4492,#4493),
 .UNSPECIFIED.,.F.,.F.,(4,4),(0.,1.),.UNSPECIFIED.);
#103=B_SPLINE_CURVE_WITH_KNOTS('',3,(#4494,#4495,#4496,#4497),
 .UNSPECIFIED.,.F.,.F.,(4,4),(0.,1.),.UNSPECIFIED.);
#104=B_SPLINE_CURVE_WITH_KNOTS('',3,(#4499,#4500,#4501,#4502),
 .UNSPECIFIED.,.F.,.F.,(4,4),(0.,1.),.UNSPECIFIED.);
#105=B_SPLINE_CURVE_WITH_KNOTS('',3,(#4504,#4505,#4506,#4507),
 .UNSPECIFIED.,.F.,.F.,(4,4),(0.,1.),.UNSPECIFIED.);
#106=B_SPLINE_CURVE_WITH_KNOTS('',3,(#4520,#4521,#4522,#4523),
 .UNSPECIFIED.,.F.,.F.,(4,4),(0.,1.),.UNSPECIFIED.);
#107=B_SPLINE_CURVE_WITH_KNOTS('',3,(#4536,#4537,#4538,#4539),
 .UNSPECIFIED.,.F.,.F.,(4,4),(0.,1.),.UNSPECIFIED.);
#108=B_SPLINE_CURVE_WITH_KNOTS('',3,(#4541,#4542,#4543,#4544),
 .UNSPECIFIED.,.F.,.F.,(4,4),(0.,1.),.UNSPECIFIED.);
#109=B_SPLINE_CURVE_WITH_KNOTS('',3,(#4546,#4547,#4548,#4549),
 .UNSPECIFIED.,.F.,.F.,(4,4),(0.,1.),.UNSPECIFIED.);
#110=B_SPLINE_CURVE_WITH_KNOTS('',3,(#4574,#4575,#4576,#4577),
 .UNSPECIFIED.,.F.,.F.,(4,4),(0.,1.),.UNSPECIFIED.);
#111=B_SPLINE_CURVE_WITH_KNOTS('',3,(#4578,#4579,#4580,#4581),
 .UNSPECIFIED.,.F.,.F.,(4,4),(0.,1.),.UNSPECIFIED.);
#112=B_SPLINE_CURVE_WITH_KNOTS('',3,(#4583,#4584,#4585,#4586),
 .UNSPECIFIED.,.F.,.F.,(4,4),(0.,1.),.UNSPECIFIED.);
#113=B_SPLINE_CURVE_WITH_KNOTS('',3,(#4588,#4589,#4590,#4591),
 .UNSPECIFIED.,.F.,.F.,(4,4),(0.,1.),.UNSPECIFIED.);
#114=B_SPLINE_CURVE_WITH_KNOTS('',3,(#4604,#4605,#4606,#4607),
 .UNSPECIFIED.,.F.,.F.,(4,4),(0.,1.),.UNSPECIFIED.);
#115=B_SPLINE_CURVE_WITH_KNOTS('',3,(#4620,#4621,#4622,#4623),
 .UNSPECIFIED.,.F.,.F.,(4,4),(0.,1.),.UNSPECIFIED.);
#116=B_SPLINE_CURVE_WITH_KNOTS('',3,(#4625,#4626,#4627,#4628),
 .UNSPECIFIED.,.F.,.F.,(4,4),(0.,1.),.UNSPECIFIED.);
#117=B_SPLINE_CURVE_WITH_KNOTS('',3,(#4630,#4631,#4632,#4633),
 .UNSPECIFIED.,.F.,.F.,(4,4),(0.,1.),.UNSPECIFIED.);
#118=ELLIPSE('',#2743,0.00212108058061931,0.0021);
#119=ELLIPSE('',#2744,0.00212108058061931,0.0021);
#120=ELLIPSE('',#2745,0.0020738180441724,0.00205320718720194);
#121=ELLIPSE('',#2746,0.00262812340806584,0.0026020035294118);
#122=ELLIPSE('',#2747,0.00306085226921033,0.003030431669628);
#123=ELLIPSE('',#2748,0.00769036216433352,0.00761393069771306);
#124=ELLIPSE('',#2751,0.00211986646246677,0.0021);
#125=ELLIPSE('',#2752,0.00211986646246677,0.0021);
#126=ELLIPSE('',#2753,0.0113954013294966,0.0112886086060801);
#127=ELLIPSE('',#2754,0.00290927940492306,0.00288201490919819);
#128=ELLIPSE('',#2755,0.00364550512178581,0.00361134104024735);
#129=ELLIPSE('',#2756,0.00212685227528558,0.00210692034483269);
#130=ELLIPSE('',#2780,0.00115470053837925,0.001);
#131=ELLIPSE('',#2783,0.00115470053837925,0.001);
#132=ELLIPSE('',#2790,0.00115470053837925,0.001);
#133=ELLIPSE('',#2793,0.00115470053837925,0.001);
#134=LINE('',#3679,#364);
#135=LINE('',#3683,#365);
#136=LINE('',#3687,#366);
#137=LINE('',#3691,#367);
#138=LINE('',#3695,#368);
#139=LINE('',#3700,#369);
#140=LINE('',#3704,#370);
#141=LINE('',#3708,#371);
#142=LINE('',#3712,#372);
#143=LINE('',#3716,#373);
#144=LINE('',#3721,#374);
#145=LINE('',#3725,#375);
#146=LINE('',#3729,#376);
#147=LINE('',#3733,#377);
#148=LINE('',#3737,#378);
#149=LINE('',#3742,#379);
#150=LINE('',#3746,#380);
#151=LINE('',#3750,#381);
#152=LINE('',#3754,#382);
#153=LINE('',#3758,#383);
#154=LINE('',#3772,#384);
#155=LINE('',#3777,#385);
#156=LINE('',#3781,#386);
#157=LINE('',#3785,#387);
#158=LINE('',#3788,#388);
#159=LINE('',#3793,#389);
#160=LINE('',#3797,#390);
#161=LINE('',#3801,#391);
#162=LINE('',#3805,#392);
#163=LINE('',#3809,#393);
#164=LINE('',#3813,#394);
#165=LINE('',#3817,#395);
#166=LINE('',#3820,#396);
#167=LINE('',#3823,#397);
#168=LINE('',#3825,#398);
#169=LINE('',#3827,#399);
#170=LINE('',#3828,#400);
#171=LINE('',#3833,#401);
#172=LINE('',#3837,#402);
#173=LINE('',#3841,#403);
#174=LINE('',#3845,#404);
#175=LINE('',#3848,#405);
#176=LINE('',#3850,#406);
#177=LINE('',#3854,#407);
#178=LINE('',#3858,#408);
#179=LINE('',#3861,#409);
#180=LINE('',#3863,#410);
#181=LINE('',#3867,#411);
#182=LINE('',#3875,#412);
#183=LINE('',#3884,#413);
#184=LINE('',#3892,#414);
#185=LINE('',#3900,#415);
#186=LINE('',#3907,#416);
#187=LINE('',#3909,#417);
#188=LINE('',#3911,#418);
#189=LINE('',#3913,#419);
#190=LINE('',#3915,#420);
#191=LINE('',#3918,#421);
#192=LINE('',#3922,#422);
#193=LINE('',#3926,#423);
#194=LINE('',#3930,#424);
#195=LINE('',#3932,#425);
#196=LINE('',#3934,#426);
#197=LINE('',#3940,#427);
#198=LINE('',#3949,#428);
#199=LINE('',#3957,#429);
#200=LINE('',#3965,#430);
#201=LINE('',#3972,#431);
#202=LINE('',#3975,#432);
#203=LINE('',#3978,#433);
#204=LINE('',#3983,#434);
#205=LINE('',#3986,#435);
#206=LINE('',#3988,#436);
#207=LINE('',#3990,#437);
#208=LINE('',#3992,#438);
#209=LINE('',#3993,#439);
#210=LINE('',#3995,#440);
#211=LINE('',#3996,#441);
#212=LINE('',#3998,#442);
#213=LINE('',#3999,#443);
#214=LINE('',#4002,#444);
#215=LINE('',#4003,#445);
#216=LINE('',#4005,#446);
#217=LINE('',#4007,#447);
#218=LINE('',#4009,#448);
#219=LINE('',#4011,#449);
#220=LINE('',#4013,#450);
#221=LINE('',#4015,#451);
#222=LINE('',#4017,#452);
#223=LINE('',#4019,#453);
#224=LINE('',#4021,#454);
#225=LINE('',#4023,#455);
#226=LINE('',#4025,#456);
#227=LINE('',#4026,#457);
#228=LINE('',#4031,#458);
#229=LINE('',#4033,#459);
#230=LINE('',#4035,#460);
#231=LINE('',#4036,#461);
#232=LINE('',#4043,#462);
#233=LINE('',#4050,#463);
#234=LINE('',#4062,#464);
#235=LINE('',#4064,#465);
#236=LINE('',#4066,#466);
#237=LINE('',#4078,#467);
#238=LINE('',#4082,#468);
#239=LINE('',#4084,#469);
#240=LINE('',#4086,#470);
#241=LINE('',#4088,#471);
#242=LINE('',#4095,#472);
#243=LINE('',#4102,#473);
#244=LINE('',#4114,#474);
#245=LINE('',#4115,#475);
#246=LINE('',#4119,#476);
#247=LINE('',#4121,#477);
#248=LINE('',#4133,#478);
#249=LINE('',#4135,#479);
#250=LINE('',#4137,#480);
#251=LINE('',#4138,#481);
#252=LINE('',#4145,#482);
#253=LINE('',#4152,#483);
#254=LINE('',#4164,#484);
#255=LINE('',#4166,#485);
#256=LINE('',#4168,#486);
#257=LINE('',#4180,#487);
#258=LINE('',#4184,#488);
#259=LINE('',#4186,#489);
#260=LINE('',#4188,#490);
#261=LINE('',#4190,#491);
#262=LINE('',#4197,#492);
#263=LINE('',#4204,#493);
#264=LINE('',#4216,#494);
#265=LINE('',#4217,#495);
#266=LINE('',#4221,#496);
#267=LINE('',#4223,#497);
#268=LINE('',#4237,#498);
#269=LINE('',#4241,#499);
#270=LINE('',#4243,#500);
#271=LINE('',#4245,#501);
#272=LINE('',#4247,#502);
#273=LINE('',#4251,#503);
#274=LINE('',#4253,#504);
#275=LINE('',#4255,#505);
#276=LINE('',#4259,#506);
#277=LINE('',#4262,#507);
#278=LINE('',#4263,#508);
#279=LINE('',#4265,#509);
#280=LINE('',#4271,#510);
#281=LINE('',#4273,#511);
#282=LINE('',#4277,#512);
#283=LINE('',#4279,#513);
#284=LINE('',#4281,#514);
#285=LINE('',#4287,#515);
#286=LINE('',#4290,#516);
#287=LINE('',#4291,#517);
#288=LINE('',#4293,#518);
#289=LINE('',#4299,#519);
#290=LINE('',#4300,#520);
#291=LINE('',#4302,#521);
#292=LINE('',#4304,#522);
#293=LINE('',#4308,#523);
#294=LINE('',#4312,#524);
#295=LINE('',#4314,#525);
#296=LINE('',#4316,#526);
#297=LINE('',#4320,#527);
#298=LINE('',#4322,#528);
#299=LINE('',#4324,#529);
#300=LINE('',#4328,#530);
#301=LINE('',#4330,#531);
#302=LINE('',#4332,#532);
#303=LINE('',#4336,#533);
#304=LINE('',#4338,#534);
#305=LINE('',#4340,#535);
#306=LINE('',#4342,#536);
#307=LINE('',#4343,#537);
#308=LINE('',#4345,#538);
#309=LINE('',#4351,#539);
#310=LINE('',#4357,#540);
#311=LINE('',#4359,#541);
#312=LINE('',#4361,#542);
#313=LINE('',#4365,#543);
#314=LINE('',#4367,#544);
#315=LINE('',#4369,#545);
#316=LINE('',#4373,#546);
#317=LINE('',#4375,#547);
#318=LINE('',#4377,#548);
#319=LINE('',#4381,#549);
#320=LINE('',#4383,#550);
#321=LINE('',#4385,#551);
#322=LINE('',#4389,#552);
#323=LINE('',#4393,#553);
#324=LINE('',#4395,#554);
#325=LINE('',#4397,#555);
#326=LINE('',#4399,#556);
#327=LINE('',#4403,#557);
#328=LINE('',#4405,#558);
#329=LINE('',#4407,#559);
#330=LINE('',#4411,#560);
#331=LINE('',#4414,#561);
#332=LINE('',#4415,#562);
#333=LINE('',#4417,#563);
#334=LINE('',#4423,#564);
#335=LINE('',#4425,#565);
#336=LINE('',#4429,#566);
#337=LINE('',#4431,#567);
#338=LINE('',#4433,#568);
#339=LINE('',#4439,#569);
#340=LINE('',#4442,#570);
#341=LINE('',#4443,#571);
#342=LINE('',#4445,#572);
#343=LINE('',#4451,#573);
#344=LINE('',#4452,#574);
#345=LINE('',#4454,#575);
#346=LINE('',#4456,#576);
#347=LINE('',#4460,#577);
#348=LINE('',#4461,#578);
#349=LINE('',#4463,#579);
#350=LINE('',#4467,#580);
#351=LINE('',#4473,#581);
#352=LINE('',#4649,#582);
#353=LINE('',#4651,#583);
#354=LINE('',#4653,#584);
#355=LINE('',#4656,#585);
#356=LINE('',#4658,#586);
#357=LINE('',#4660,#587);
#358=LINE('',#4663,#588);
#359=LINE('',#4665,#589);
#360=LINE('',#4667,#590);
#361=LINE('',#4670,#591);
#362=LINE('',#4672,#592);
#363=LINE('',#4674,#593);
#364=VECTOR('',#2946,1.);
#365=VECTOR('',#2949,1.);
#366=VECTOR('',#2952,1.);
#367=VECTOR('',#2955,1.);
#368=VECTOR('',#2958,1.);
#369=VECTOR('',#2963,1.);
#370=VECTOR('',#2966,1.);
#371=VECTOR('',#2969,1.);
#372=VECTOR('',#2972,1.);
#373=VECTOR('',#2975,1.);
#374=VECTOR('',#2980,1.);
#375=VECTOR('',#2983,1.);
#376=VECTOR('',#2986,1.);
#377=VECTOR('',#2989,1.);
#378=VECTOR('',#2992,1.);
#379=VECTOR('',#2997,1.);
#380=VECTOR('',#3000,1.);
#381=VECTOR('',#3003,1.);
#382=VECTOR('',#3006,1.);
#383=VECTOR('',#3009,1.);
#384=VECTOR('',#3024,1.);
#385=VECTOR('',#3027,1.);
#386=VECTOR('',#3030,1.);
#387=VECTOR('',#3033,1.);
#388=VECTOR('',#3036,1.);
#389=VECTOR('',#3039,1.);
#390=VECTOR('',#3042,1.);
#391=VECTOR('',#3045,1.);
#392=VECTOR('',#3048,1.);
#393=VECTOR('',#3051,1.);
#394=VECTOR('',#3054,1.);
#395=VECTOR('',#3057,1.);
#396=VECTOR('',#3060,1.);
#397=VECTOR('',#3061,1.);
#398=VECTOR('',#3062,1.);
#399=VECTOR('',#3063,1.);
#400=VECTOR('',#3064,1.);
#401=VECTOR('',#3067,1.);
#402=VECTOR('',#3070,1.);
#403=VECTOR('',#3073,1.);
#404=VECTOR('',#3078,1.);
#405=VECTOR('',#3079,1.);
#406=VECTOR('',#3080,1.);
#407=VECTOR('',#3083,1.);
#408=VECTOR('',#3088,1.);
#409=VECTOR('',#3089,1.);
#410=VECTOR('',#3090,1.);
#411=VECTOR('',#3093,1.);
#412=VECTOR('',#3102,1.);
#413=VECTOR('',#3103,1.);
#414=VECTOR('',#3104,1.);
#415=VECTOR('',#3105,1.);
#416=VECTOR('',#3106,1.);
#417=VECTOR('',#3107,1.);
#418=VECTOR('',#3108,1.);
#419=VECTOR('',#3109,1.);
#420=VECTOR('',#3110,1.);
#421=VECTOR('',#3113,1.);
#422=VECTOR('',#3116,1.);
#423=VECTOR('',#3119,1.);
#424=VECTOR('',#3124,1.);
#425=VECTOR('',#3125,1.);
#426=VECTOR('',#3126,1.);
#427=VECTOR('',#3133,1.);
#428=VECTOR('',#3134,1.);
#429=VECTOR('',#3135,1.);
#430=VECTOR('',#3136,1.);
#431=VECTOR('',#3137,1.);
#432=VECTOR('',#3138,1.);
#433=VECTOR('',#3141,1.);
#434=VECTOR('',#3146,1.);
#435=VECTOR('',#3149,1.);
#436=VECTOR('',#3150,1.);
#437=VECTOR('',#3151,1.);
#438=VECTOR('',#3154,1.);
#439=VECTOR('',#3155,1.);
#440=VECTOR('',#3158,1.);
#441=VECTOR('',#3159,1.);
#442=VECTOR('',#3162,1.);
#443=VECTOR('',#3163,1.);
#444=VECTOR('',#3168,1.);
#445=VECTOR('',#3169,1.);
#446=VECTOR('',#3172,1.);
#447=VECTOR('',#3175,1.);
#448=VECTOR('',#3178,1.);
#449=VECTOR('',#3181,1.);
#450=VECTOR('',#3184,1.);
#451=VECTOR('',#3187,1.);
#452=VECTOR('',#3190,1.);
#453=VECTOR('',#3193,1.);
#454=VECTOR('',#3196,1.);
#455=VECTOR('',#3199,1.);
#456=VECTOR('',#3202,1.);
#457=VECTOR('',#3203,1.);
#458=VECTOR('',#3212,1.);
#459=VECTOR('',#3213,1.);
#460=VECTOR('',#3214,1.);
#461=VECTOR('',#3215,1.);
#462=VECTOR('',#3216,1.);
#463=VECTOR('',#3217,1.);
#464=VECTOR('',#3220,1.);
#465=VECTOR('',#3223,1.);
#466=VECTOR('',#3224,1.);
#467=VECTOR('',#3227,1.);
#468=VECTOR('',#3230,1.);
#469=VECTOR('',#3233,1.);
#470=VECTOR('',#3234,1.);
#471=VECTOR('',#3235,1.);
#472=VECTOR('',#3236,1.);
#473=VECTOR('',#3237,1.);
#474=VECTOR('',#3240,1.);
#475=VECTOR('',#3241,1.);
#476=VECTOR('',#3246,1.);
#477=VECTOR('',#3247,1.);
#478=VECTOR('',#3252,1.);
#479=VECTOR('',#3253,1.);
#480=VECTOR('',#3254,1.);
#481=VECTOR('',#3255,1.);
#482=VECTOR('',#3256,1.);
#483=VECTOR('',#3257,1.);
#484=VECTOR('',#3260,1.);
#485=VECTOR('',#3263,1.);
#486=VECTOR('',#3264,1.);
#487=VECTOR('',#3267,1.);
#488=VECTOR('',#3270,1.);
#489=VECTOR('',#3273,1.);
#490=VECTOR('',#3274,1.);
#491=VECTOR('',#3275,1.);
#492=VECTOR('',#3276,1.);
#493=VECTOR('',#3277,1.);
#494=VECTOR('',#3280,1.);
#495=VECTOR('',#3281,1.);
#496=VECTOR('',#3286,1.);
#497=VECTOR('',#3287,1.);
#498=VECTOR('',#3294,1.);
#499=VECTOR('',#3297,1.);
#500=VECTOR('',#3300,1.);
#501=VECTOR('',#3301,1.);
#502=VECTOR('',#3304,1.);
#503=VECTOR('',#3309,1.);
#504=VECTOR('',#3310,1.);
#505=VECTOR('',#3313,1.);
#506=VECTOR('',#3318,1.);
#507=VECTOR('',#3319,1.);
#508=VECTOR('',#3320,1.);
#509=VECTOR('',#3323,1.);
#510=VECTOR('',#3330,1.);
#511=VECTOR('',#3331,1.);
#512=VECTOR('',#3336,1.);
#513=VECTOR('',#3337,1.);
#514=VECTOR('',#3340,1.);
#515=VECTOR('',#3347,1.);
#516=VECTOR('',#3348,1.);
#517=VECTOR('',#3349,1.);
#518=VECTOR('',#3352,1.);
#519=VECTOR('',#3359,1.);
#520=VECTOR('',#3360,1.);
#521=VECTOR('',#3361,1.);
#522=VECTOR('',#3364,1.);
#523=VECTOR('',#3369,1.);
#524=VECTOR('',#3372,1.);
#525=VECTOR('',#3375,1.);
#526=VECTOR('',#3376,1.);
#527=VECTOR('',#3381,1.);
#528=VECTOR('',#3384,1.);
#529=VECTOR('',#3385,1.);
#530=VECTOR('',#3390,1.);
#531=VECTOR('',#3393,1.);
#532=VECTOR('',#3394,1.);
#533=VECTOR('',#3399,1.);
#534=VECTOR('',#3402,1.);
#535=VECTOR('',#3405,1.);
#536=VECTOR('',#3408,1.);
#537=VECTOR('',#3409,1.);
#538=VECTOR('',#3412,1.);
#539=VECTOR('',#3417,1.);
#540=VECTOR('',#3426,1.);
#541=VECTOR('',#3427,1.);
#542=VECTOR('',#3428,1.);
#543=VECTOR('',#3433,1.);
#544=VECTOR('',#3436,1.);
#545=VECTOR('',#3437,1.);
#546=VECTOR('',#3442,1.);
#547=VECTOR('',#3445,1.);
#548=VECTOR('',#3446,1.);
#549=VECTOR('',#3451,1.);
#550=VECTOR('',#3454,1.);
#551=VECTOR('',#3455,1.);
#552=VECTOR('',#3460,1.);
#553=VECTOR('',#3463,1.);
#554=VECTOR('',#3466,1.);
#555=VECTOR('',#3467,1.);
#556=VECTOR('',#3470,1.);
#557=VECTOR('',#3475,1.);
#558=VECTOR('',#3476,1.);
#559=VECTOR('',#3479,1.);
#560=VECTOR('',#3484,1.);
#561=VECTOR('',#3485,1.);
#562=VECTOR('',#3486,1.);
#563=VECTOR('',#3489,1.);
#564=VECTOR('',#3496,1.);
#565=VECTOR('',#3497,1.);
#566=VECTOR('',#3502,1.);
#567=VECTOR('',#3503,1.);
#568=VECTOR('',#3506,1.);
#569=VECTOR('',#3513,1.);
#570=VECTOR('',#3514,1.);
#571=VECTOR('',#3515,1.);
#572=VECTOR('',#3518,1.);
#573=VECTOR('',#3525,1.);
#574=VECTOR('',#3526,1.);
#575=VECTOR('',#3527,1.);
#576=VECTOR('',#3530,1.);
#577=VECTOR('',#3535,1.);
#578=VECTOR('',#3536,1.);
#579=VECTOR('',#3539,1.);
#580=VECTOR('',#3546,1.);
#581=VECTOR('',#3551,1.);
#582=VECTOR('',#3580,1.);
#583=VECTOR('',#3583,1.);
#584=VECTOR('',#3586,1.);
#585=VECTOR('',#3591,1.);
#586=VECTOR('',#3594,1.);
#587=VECTOR('',#3597,1.);
#588=VECTOR('',#3602,1.);
#589=VECTOR('',#3605,1.);
#590=VECTOR('',#3608,1.);
#591=VECTOR('',#3613,1.);
#592=VECTOR('',#3616,1.);
#593=VECTOR('',#3619,1.);
#594=ORIENTED_EDGE('',*,*,#1358,.F.);
#595=ORIENTED_EDGE('',*,*,#1359,.T.);
#596=ORIENTED_EDGE('',*,*,#1360,.F.);
#597=ORIENTED_EDGE('',*,*,#1361,.F.);
#598=ORIENTED_EDGE('',*,*,#1362,.F.);
#599=ORIENTED_EDGE('',*,*,#1363,.F.);
#600=ORIENTED_EDGE('',*,*,#1364,.F.);
#601=ORIENTED_EDGE('',*,*,#1365,.F.);
#602=ORIENTED_EDGE('',*,*,#1366,.F.);
#603=ORIENTED_EDGE('',*,*,#1367,.T.);
#604=ORIENTED_EDGE('',*,*,#1368,.F.);
#605=ORIENTED_EDGE('',*,*,#1369,.T.);
#606=ORIENTED_EDGE('',*,*,#1370,.F.);
#607=ORIENTED_EDGE('',*,*,#1371,.T.);
#608=ORIENTED_EDGE('',*,*,#1372,.F.);
#609=ORIENTED_EDGE('',*,*,#1373,.F.);
#610=ORIENTED_EDGE('',*,*,#1374,.F.);
#611=ORIENTED_EDGE('',*,*,#1375,.T.);
#612=ORIENTED_EDGE('',*,*,#1376,.F.);
#613=ORIENTED_EDGE('',*,*,#1377,.T.);
#614=ORIENTED_EDGE('',*,*,#1378,.F.);
#615=ORIENTED_EDGE('',*,*,#1379,.T.);
#616=ORIENTED_EDGE('',*,*,#1380,.F.);
#617=ORIENTED_EDGE('',*,*,#1381,.F.);
#618=ORIENTED_EDGE('',*,*,#1382,.F.);
#619=ORIENTED_EDGE('',*,*,#1383,.F.);
#620=ORIENTED_EDGE('',*,*,#1384,.F.);
#621=ORIENTED_EDGE('',*,*,#1385,.F.);
#622=ORIENTED_EDGE('',*,*,#1386,.F.);
#623=ORIENTED_EDGE('',*,*,#1387,.T.);
#624=ORIENTED_EDGE('',*,*,#1388,.F.);
#625=ORIENTED_EDGE('',*,*,#1389,.T.);
#626=ORIENTED_EDGE('',*,*,#1390,.F.);
#627=ORIENTED_EDGE('',*,*,#1391,.T.);
#628=ORIENTED_EDGE('',*,*,#1392,.F.);
#629=ORIENTED_EDGE('',*,*,#1393,.F.);
#630=ORIENTED_EDGE('',*,*,#1394,.F.);
#631=ORIENTED_EDGE('',*,*,#1395,.T.);
#632=ORIENTED_EDGE('',*,*,#1396,.F.);
#633=ORIENTED_EDGE('',*,*,#1397,.T.);
#634=ORIENTED_EDGE('',*,*,#1398,.T.);
#635=ORIENTED_EDGE('',*,*,#1399,.T.);
#636=ORIENTED_EDGE('',*,*,#1400,.F.);
#637=ORIENTED_EDGE('',*,*,#1401,.F.);
#638=ORIENTED_EDGE('',*,*,#1402,.F.);
#639=ORIENTED_EDGE('',*,*,#1403,.F.);
#640=ORIENTED_EDGE('',*,*,#1404,.T.);
#641=ORIENTED_EDGE('',*,*,#1405,.T.);
#642=ORIENTED_EDGE('',*,*,#1406,.T.);
#643=ORIENTED_EDGE('',*,*,#1407,.T.);
#644=ORIENTED_EDGE('',*,*,#1408,.F.);
#645=ORIENTED_EDGE('',*,*,#1409,.T.);
#646=ORIENTED_EDGE('',*,*,#1410,.F.);
#647=ORIENTED_EDGE('',*,*,#1411,.T.);
#648=ORIENTED_EDGE('',*,*,#1412,.F.);
#649=ORIENTED_EDGE('',*,*,#1413,.T.);
#650=ORIENTED_EDGE('',*,*,#1414,.T.);
#651=ORIENTED_EDGE('',*,*,#1415,.T.);
#652=ORIENTED_EDGE('',*,*,#1416,.F.);
#653=ORIENTED_EDGE('',*,*,#1417,.T.);
#654=ORIENTED_EDGE('',*,*,#1418,.F.);
#655=ORIENTED_EDGE('',*,*,#1419,.T.);
#656=ORIENTED_EDGE('',*,*,#1420,.F.);
#657=ORIENTED_EDGE('',*,*,#1421,.T.);
#658=ORIENTED_EDGE('',*,*,#1422,.T.);
#659=ORIENTED_EDGE('',*,*,#1423,.T.);
#660=ORIENTED_EDGE('',*,*,#1424,.F.);
#661=ORIENTED_EDGE('',*,*,#1425,.T.);
#662=ORIENTED_EDGE('',*,*,#1426,.F.);
#663=ORIENTED_EDGE('',*,*,#1427,.T.);
#664=ORIENTED_EDGE('',*,*,#1428,.T.);
#665=ORIENTED_EDGE('',*,*,#1429,.T.);
#666=ORIENTED_EDGE('',*,*,#1430,.F.);
#667=ORIENTED_EDGE('',*,*,#1431,.F.);
#668=ORIENTED_EDGE('',*,*,#1432,.F.);
#669=ORIENTED_EDGE('',*,*,#1433,.T.);
#670=ORIENTED_EDGE('',*,*,#1434,.F.);
#671=ORIENTED_EDGE('',*,*,#1435,.T.);
#672=ORIENTED_EDGE('',*,*,#1436,.T.);
#673=ORIENTED_EDGE('',*,*,#1437,.T.);
#674=ORIENTED_EDGE('',*,*,#1438,.T.);
#675=ORIENTED_EDGE('',*,*,#1439,.T.);
#676=ORIENTED_EDGE('',*,*,#1440,.F.);
#677=ORIENTED_EDGE('',*,*,#1441,.T.);
#678=ORIENTED_EDGE('',*,*,#1442,.T.);
#679=ORIENTED_EDGE('',*,*,#1443,.F.);
#680=ORIENTED_EDGE('',*,*,#1444,.T.);
#681=ORIENTED_EDGE('',*,*,#1445,.F.);
#682=ORIENTED_EDGE('',*,*,#1446,.T.);
#683=ORIENTED_EDGE('',*,*,#1447,.T.);
#684=ORIENTED_EDGE('',*,*,#1448,.F.);
#685=ORIENTED_EDGE('',*,*,#1449,.F.);
#686=ORIENTED_EDGE('',*,*,#1450,.T.);
#687=ORIENTED_EDGE('',*,*,#1451,.F.);
#688=ORIENTED_EDGE('',*,*,#1452,.T.);
#689=ORIENTED_EDGE('',*,*,#1453,.T.);
#690=ORIENTED_EDGE('',*,*,#1454,.T.);
#691=ORIENTED_EDGE('',*,*,#1455,.T.);
#692=ORIENTED_EDGE('',*,*,#1456,.T.);
#693=ORIENTED_EDGE('',*,*,#1457,.T.);
#694=ORIENTED_EDGE('',*,*,#1458,.T.);
#695=ORIENTED_EDGE('',*,*,#1459,.T.);
#696=ORIENTED_EDGE('',*,*,#1460,.T.);
#697=ORIENTED_EDGE('',*,*,#1461,.T.);
#698=ORIENTED_EDGE('',*,*,#1442,.F.);
#699=ORIENTED_EDGE('',*,*,#1462,.T.);
#700=ORIENTED_EDGE('',*,*,#1463,.T.);
#701=ORIENTED_EDGE('',*,*,#1464,.T.);
#702=ORIENTED_EDGE('',*,*,#1465,.F.);
#703=ORIENTED_EDGE('',*,*,#1466,.T.);
#704=ORIENTED_EDGE('',*,*,#1446,.F.);
#705=ORIENTED_EDGE('',*,*,#1467,.F.);
#706=ORIENTED_EDGE('',*,*,#1468,.T.);
#707=ORIENTED_EDGE('',*,*,#1469,.F.);
#708=ORIENTED_EDGE('',*,*,#1470,.F.);
#709=ORIENTED_EDGE('',*,*,#1471,.F.);
#710=ORIENTED_EDGE('',*,*,#1472,.T.);
#711=ORIENTED_EDGE('',*,*,#1473,.F.);
#712=ORIENTED_EDGE('',*,*,#1474,.F.);
#713=ORIENTED_EDGE('',*,*,#1475,.T.);
#714=ORIENTED_EDGE('',*,*,#1476,.F.);
#715=ORIENTED_EDGE('',*,*,#1414,.F.);
#716=ORIENTED_EDGE('',*,*,#1477,.T.);
#717=ORIENTED_EDGE('',*,*,#1478,.T.);
#718=ORIENTED_EDGE('',*,*,#1479,.T.);
#719=ORIENTED_EDGE('',*,*,#1480,.T.);
#720=ORIENTED_EDGE('',*,*,#1481,.T.);
#721=ORIENTED_EDGE('',*,*,#1482,.T.);
#722=ORIENTED_EDGE('',*,*,#1483,.T.);
#723=ORIENTED_EDGE('',*,*,#1484,.T.);
#724=ORIENTED_EDGE('',*,*,#1485,.T.);
#725=ORIENTED_EDGE('',*,*,#1486,.T.);
#726=ORIENTED_EDGE('',*,*,#1487,.T.);
#727=ORIENTED_EDGE('',*,*,#1488,.T.);
#728=ORIENTED_EDGE('',*,*,#1440,.T.);
#729=ORIENTED_EDGE('',*,*,#1489,.F.);
#730=ORIENTED_EDGE('',*,*,#1490,.T.);
#731=ORIENTED_EDGE('',*,*,#1491,.F.);
#732=ORIENTED_EDGE('',*,*,#1475,.F.);
#733=ORIENTED_EDGE('',*,*,#1492,.F.);
#734=ORIENTED_EDGE('',*,*,#1493,.T.);
#735=ORIENTED_EDGE('',*,*,#1494,.F.);
#736=ORIENTED_EDGE('',*,*,#1448,.T.);
#737=ORIENTED_EDGE('',*,*,#1495,.T.);
#738=ORIENTED_EDGE('',*,*,#1496,.F.);
#739=ORIENTED_EDGE('',*,*,#1497,.F.);
#740=ORIENTED_EDGE('',*,*,#1498,.F.);
#741=ORIENTED_EDGE('',*,*,#1430,.T.);
#742=ORIENTED_EDGE('',*,*,#1499,.T.);
#743=ORIENTED_EDGE('',*,*,#1464,.F.);
#744=ORIENTED_EDGE('',*,*,#1496,.T.);
#745=ORIENTED_EDGE('',*,*,#1500,.T.);
#746=ORIENTED_EDGE('',*,*,#1465,.T.);
#747=ORIENTED_EDGE('',*,*,#1499,.F.);
#748=ORIENTED_EDGE('',*,*,#1429,.F.);
#749=ORIENTED_EDGE('',*,*,#1501,.T.);
#750=ORIENTED_EDGE('',*,*,#1463,.F.);
#751=ORIENTED_EDGE('',*,*,#1502,.T.);
#752=ORIENTED_EDGE('',*,*,#1487,.F.);
#753=ORIENTED_EDGE('',*,*,#1503,.F.);
#754=ORIENTED_EDGE('',*,*,#1431,.T.);
#755=ORIENTED_EDGE('',*,*,#1498,.T.);
#756=ORIENTED_EDGE('',*,*,#1503,.T.);
#757=ORIENTED_EDGE('',*,*,#1497,.T.);
#758=ORIENTED_EDGE('',*,*,#1501,.F.);
#759=ORIENTED_EDGE('',*,*,#1428,.F.);
#760=ORIENTED_EDGE('',*,*,#1504,.F.);
#761=ORIENTED_EDGE('',*,*,#1418,.T.);
#762=ORIENTED_EDGE('',*,*,#1505,.T.);
#763=ORIENTED_EDGE('',*,*,#1444,.F.);
#764=ORIENTED_EDGE('',*,*,#1443,.T.);
#765=ORIENTED_EDGE('',*,*,#1473,.T.);
#766=ORIENTED_EDGE('',*,*,#1506,.F.);
#767=ORIENTED_EDGE('',*,*,#1419,.F.);
#768=ORIENTED_EDGE('',*,*,#1504,.T.);
#769=ORIENTED_EDGE('',*,*,#1507,.F.);
#770=ORIENTED_EDGE('',*,*,#1420,.T.);
#771=ORIENTED_EDGE('',*,*,#1506,.T.);
#772=ORIENTED_EDGE('',*,*,#1472,.F.);
#773=ORIENTED_EDGE('',*,*,#1471,.T.);
#774=ORIENTED_EDGE('',*,*,#1508,.F.);
#775=ORIENTED_EDGE('',*,*,#1421,.F.);
#776=ORIENTED_EDGE('',*,*,#1507,.T.);
#777=ORIENTED_EDGE('',*,*,#1470,.T.);
#778=ORIENTED_EDGE('',*,*,#1509,.F.);
#779=ORIENTED_EDGE('',*,*,#1422,.F.);
#780=ORIENTED_EDGE('',*,*,#1508,.T.);
#781=ORIENTED_EDGE('',*,*,#1469,.T.);
#782=ORIENTED_EDGE('',*,*,#1510,.F.);
#783=ORIENTED_EDGE('',*,*,#1423,.F.);
#784=ORIENTED_EDGE('',*,*,#1509,.T.);
#785=ORIENTED_EDGE('',*,*,#1511,.F.);
#786=ORIENTED_EDGE('',*,*,#1424,.T.);
#787=ORIENTED_EDGE('',*,*,#1510,.T.);
#788=ORIENTED_EDGE('',*,*,#1468,.F.);
#789=ORIENTED_EDGE('',*,*,#1451,.T.);
#790=ORIENTED_EDGE('',*,*,#1512,.F.);
#791=ORIENTED_EDGE('',*,*,#1425,.F.);
#792=ORIENTED_EDGE('',*,*,#1511,.T.);
#793=ORIENTED_EDGE('',*,*,#1467,.T.);
#794=ORIENTED_EDGE('',*,*,#1513,.F.);
#795=ORIENTED_EDGE('',*,*,#1426,.T.);
#796=ORIENTED_EDGE('',*,*,#1512,.T.);
#797=ORIENTED_EDGE('',*,*,#1450,.F.);
#798=ORIENTED_EDGE('',*,*,#1513,.T.);
#799=ORIENTED_EDGE('',*,*,#1449,.T.);
#800=ORIENTED_EDGE('',*,*,#1494,.T.);
#801=ORIENTED_EDGE('',*,*,#1514,.F.);
#802=ORIENTED_EDGE('',*,*,#1427,.F.);
#803=ORIENTED_EDGE('',*,*,#1412,.T.);
#804=ORIENTED_EDGE('',*,*,#1514,.T.);
#805=ORIENTED_EDGE('',*,*,#1493,.F.);
#806=ORIENTED_EDGE('',*,*,#1515,.F.);
#807=ORIENTED_EDGE('',*,*,#1416,.T.);
#808=ORIENTED_EDGE('',*,*,#1516,.T.);
#809=ORIENTED_EDGE('',*,*,#1490,.F.);
#810=ORIENTED_EDGE('',*,*,#1517,.F.);
#811=ORIENTED_EDGE('',*,*,#1517,.T.);
#812=ORIENTED_EDGE('',*,*,#1489,.T.);
#813=ORIENTED_EDGE('',*,*,#1445,.T.);
#814=ORIENTED_EDGE('',*,*,#1505,.F.);
#815=ORIENTED_EDGE('',*,*,#1417,.F.);
#816=ORIENTED_EDGE('',*,*,#1515,.T.);
#817=ORIENTED_EDGE('',*,*,#1492,.T.);
#818=ORIENTED_EDGE('',*,*,#1474,.T.);
#819=ORIENTED_EDGE('',*,*,#1413,.F.);
#820=ORIENTED_EDGE('',*,*,#1476,.T.);
#821=ORIENTED_EDGE('',*,*,#1491,.T.);
#822=ORIENTED_EDGE('',*,*,#1516,.F.);
#823=ORIENTED_EDGE('',*,*,#1415,.F.);
#824=ORIENTED_EDGE('',*,*,#1518,.T.);
#825=ORIENTED_EDGE('',*,*,#1519,.T.);
#826=ORIENTED_EDGE('',*,*,#1520,.F.);
#827=ORIENTED_EDGE('',*,*,#1389,.F.);
#828=ORIENTED_EDGE('',*,*,#1521,.F.);
#829=ORIENTED_EDGE('',*,*,#1522,.T.);
#830=ORIENTED_EDGE('',*,*,#1523,.F.);
#831=ORIENTED_EDGE('',*,*,#1524,.T.);
#832=ORIENTED_EDGE('',*,*,#1525,.F.);
#833=ORIENTED_EDGE('',*,*,#1387,.F.);
#834=ORIENTED_EDGE('',*,*,#1520,.T.);
#835=ORIENTED_EDGE('',*,*,#1526,.T.);
#836=ORIENTED_EDGE('',*,*,#1527,.F.);
#837=ORIENTED_EDGE('',*,*,#1390,.T.);
#838=ORIENTED_EDGE('',*,*,#1527,.T.);
#839=ORIENTED_EDGE('',*,*,#1528,.T.);
#840=ORIENTED_EDGE('',*,*,#1529,.F.);
#841=ORIENTED_EDGE('',*,*,#1391,.F.);
#842=ORIENTED_EDGE('',*,*,#1529,.T.);
#843=ORIENTED_EDGE('',*,*,#1530,.T.);
#844=ORIENTED_EDGE('',*,*,#1531,.F.);
#845=ORIENTED_EDGE('',*,*,#1532,.T.);
#846=ORIENTED_EDGE('',*,*,#1533,.T.);
#847=ORIENTED_EDGE('',*,*,#1392,.T.);
#848=ORIENTED_EDGE('',*,*,#1531,.T.);
#849=ORIENTED_EDGE('',*,*,#1534,.T.);
#850=ORIENTED_EDGE('',*,*,#1535,.F.);
#851=ORIENTED_EDGE('',*,*,#1536,.T.);
#852=ORIENTED_EDGE('',*,*,#1537,.T.);
#853=ORIENTED_EDGE('',*,*,#1538,.T.);
#854=ORIENTED_EDGE('',*,*,#1539,.T.);
#855=ORIENTED_EDGE('',*,*,#1540,.T.);
#856=ORIENTED_EDGE('',*,*,#1535,.T.);
#857=ORIENTED_EDGE('',*,*,#1541,.T.);
#858=ORIENTED_EDGE('',*,*,#1542,.F.);
#859=ORIENTED_EDGE('',*,*,#1384,.T.);
#860=ORIENTED_EDGE('',*,*,#1543,.T.);
#861=ORIENTED_EDGE('',*,*,#1544,.T.);
#862=ORIENTED_EDGE('',*,*,#1542,.T.);
#863=ORIENTED_EDGE('',*,*,#1545,.T.);
#864=ORIENTED_EDGE('',*,*,#1546,.F.);
#865=ORIENTED_EDGE('',*,*,#1385,.T.);
#866=ORIENTED_EDGE('',*,*,#1546,.T.);
#867=ORIENTED_EDGE('',*,*,#1547,.T.);
#868=ORIENTED_EDGE('',*,*,#1518,.F.);
#869=ORIENTED_EDGE('',*,*,#1386,.T.);
#870=ORIENTED_EDGE('',*,*,#1548,.T.);
#871=ORIENTED_EDGE('',*,*,#1549,.T.);
#872=ORIENTED_EDGE('',*,*,#1550,.F.);
#873=ORIENTED_EDGE('',*,*,#1369,.F.);
#874=ORIENTED_EDGE('',*,*,#1551,.F.);
#875=ORIENTED_EDGE('',*,*,#1552,.T.);
#876=ORIENTED_EDGE('',*,*,#1553,.F.);
#877=ORIENTED_EDGE('',*,*,#1554,.T.);
#878=ORIENTED_EDGE('',*,*,#1555,.F.);
#879=ORIENTED_EDGE('',*,*,#1367,.F.);
#880=ORIENTED_EDGE('',*,*,#1550,.T.);
#881=ORIENTED_EDGE('',*,*,#1556,.T.);
#882=ORIENTED_EDGE('',*,*,#1557,.F.);
#883=ORIENTED_EDGE('',*,*,#1370,.T.);
#884=ORIENTED_EDGE('',*,*,#1557,.T.);
#885=ORIENTED_EDGE('',*,*,#1558,.T.);
#886=ORIENTED_EDGE('',*,*,#1559,.F.);
#887=ORIENTED_EDGE('',*,*,#1371,.F.);
#888=ORIENTED_EDGE('',*,*,#1559,.T.);
#889=ORIENTED_EDGE('',*,*,#1560,.T.);
#890=ORIENTED_EDGE('',*,*,#1561,.F.);
#891=ORIENTED_EDGE('',*,*,#1562,.T.);
#892=ORIENTED_EDGE('',*,*,#1563,.T.);
#893=ORIENTED_EDGE('',*,*,#1372,.T.);
#894=ORIENTED_EDGE('',*,*,#1561,.T.);
#895=ORIENTED_EDGE('',*,*,#1564,.T.);
#896=ORIENTED_EDGE('',*,*,#1565,.F.);
#897=ORIENTED_EDGE('',*,*,#1566,.T.);
#898=ORIENTED_EDGE('',*,*,#1567,.T.);
#899=ORIENTED_EDGE('',*,*,#1568,.T.);
#900=ORIENTED_EDGE('',*,*,#1569,.T.);
#901=ORIENTED_EDGE('',*,*,#1570,.T.);
#902=ORIENTED_EDGE('',*,*,#1565,.T.);
#903=ORIENTED_EDGE('',*,*,#1571,.T.);
#904=ORIENTED_EDGE('',*,*,#1572,.F.);
#905=ORIENTED_EDGE('',*,*,#1364,.T.);
#906=ORIENTED_EDGE('',*,*,#1573,.T.);
#907=ORIENTED_EDGE('',*,*,#1574,.T.);
#908=ORIENTED_EDGE('',*,*,#1572,.T.);
#909=ORIENTED_EDGE('',*,*,#1575,.T.);
#910=ORIENTED_EDGE('',*,*,#1576,.F.);
#911=ORIENTED_EDGE('',*,*,#1365,.T.);
#912=ORIENTED_EDGE('',*,*,#1576,.T.);
#913=ORIENTED_EDGE('',*,*,#1577,.T.);
#914=ORIENTED_EDGE('',*,*,#1548,.F.);
#915=ORIENTED_EDGE('',*,*,#1366,.T.);
#916=ORIENTED_EDGE('',*,*,#1555,.T.);
#917=ORIENTED_EDGE('',*,*,#1578,.T.);
#918=ORIENTED_EDGE('',*,*,#1579,.T.);
#919=ORIENTED_EDGE('',*,*,#1580,.F.);
#920=ORIENTED_EDGE('',*,*,#1581,.F.);
#921=ORIENTED_EDGE('',*,*,#1358,.T.);
#922=ORIENTED_EDGE('',*,*,#1359,.F.);
#923=ORIENTED_EDGE('',*,*,#1581,.T.);
#924=ORIENTED_EDGE('',*,*,#1582,.T.);
#925=ORIENTED_EDGE('',*,*,#1583,.F.);
#926=ORIENTED_EDGE('',*,*,#1584,.F.);
#927=ORIENTED_EDGE('',*,*,#1360,.T.);
#928=ORIENTED_EDGE('',*,*,#1583,.T.);
#929=ORIENTED_EDGE('',*,*,#1585,.F.);
#930=ORIENTED_EDGE('',*,*,#1586,.F.);
#931=ORIENTED_EDGE('',*,*,#1361,.T.);
#932=ORIENTED_EDGE('',*,*,#1584,.T.);
#933=ORIENTED_EDGE('',*,*,#1587,.F.);
#934=ORIENTED_EDGE('',*,*,#1588,.F.);
#935=ORIENTED_EDGE('',*,*,#1362,.T.);
#936=ORIENTED_EDGE('',*,*,#1586,.T.);
#937=ORIENTED_EDGE('',*,*,#1589,.F.);
#938=ORIENTED_EDGE('',*,*,#1590,.F.);
#939=ORIENTED_EDGE('',*,*,#1591,.T.);
#940=ORIENTED_EDGE('',*,*,#1573,.F.);
#941=ORIENTED_EDGE('',*,*,#1363,.T.);
#942=ORIENTED_EDGE('',*,*,#1588,.T.);
#943=ORIENTED_EDGE('',*,*,#1592,.F.);
#944=ORIENTED_EDGE('',*,*,#1593,.F.);
#945=ORIENTED_EDGE('',*,*,#1594,.T.);
#946=ORIENTED_EDGE('',*,*,#1590,.T.);
#947=ORIENTED_EDGE('',*,*,#1595,.F.);
#948=ORIENTED_EDGE('',*,*,#1596,.F.);
#949=ORIENTED_EDGE('',*,*,#1376,.T.);
#950=ORIENTED_EDGE('',*,*,#1597,.T.);
#951=ORIENTED_EDGE('',*,*,#1598,.F.);
#952=ORIENTED_EDGE('',*,*,#1377,.F.);
#953=ORIENTED_EDGE('',*,*,#1596,.T.);
#954=ORIENTED_EDGE('',*,*,#1599,.T.);
#955=ORIENTED_EDGE('',*,*,#1600,.F.);
#956=ORIENTED_EDGE('',*,*,#1601,.F.);
#957=ORIENTED_EDGE('',*,*,#1602,.T.);
#958=ORIENTED_EDGE('',*,*,#1551,.T.);
#959=ORIENTED_EDGE('',*,*,#1368,.T.);
#960=ORIENTED_EDGE('',*,*,#1600,.T.);
#961=ORIENTED_EDGE('',*,*,#1603,.F.);
#962=ORIENTED_EDGE('',*,*,#1604,.F.);
#963=ORIENTED_EDGE('',*,*,#1605,.T.);
#964=ORIENTED_EDGE('',*,*,#1601,.T.);
#965=ORIENTED_EDGE('',*,*,#1606,.F.);
#966=ORIENTED_EDGE('',*,*,#1607,.F.);
#967=ORIENTED_EDGE('',*,*,#1608,.T.);
#968=ORIENTED_EDGE('',*,*,#1604,.T.);
#969=ORIENTED_EDGE('',*,*,#1609,.F.);
#970=ORIENTED_EDGE('',*,*,#1563,.F.);
#971=ORIENTED_EDGE('',*,*,#1610,.T.);
#972=ORIENTED_EDGE('',*,*,#1607,.T.);
#973=ORIENTED_EDGE('',*,*,#1611,.F.);
#974=ORIENTED_EDGE('',*,*,#1612,.F.);
#975=ORIENTED_EDGE('',*,*,#1373,.T.);
#976=ORIENTED_EDGE('',*,*,#1613,.F.);
#977=ORIENTED_EDGE('',*,*,#1374,.T.);
#978=ORIENTED_EDGE('',*,*,#1612,.T.);
#979=ORIENTED_EDGE('',*,*,#1614,.F.);
#980=ORIENTED_EDGE('',*,*,#1405,.F.);
#981=ORIENTED_EDGE('',*,*,#1615,.T.);
#982=ORIENTED_EDGE('',*,*,#1616,.T.);
#983=ORIENTED_EDGE('',*,*,#1617,.F.);
#984=ORIENTED_EDGE('',*,*,#1406,.F.);
#985=ORIENTED_EDGE('',*,*,#1617,.T.);
#986=ORIENTED_EDGE('',*,*,#1618,.T.);
#987=ORIENTED_EDGE('',*,*,#1619,.F.);
#988=ORIENTED_EDGE('',*,*,#1407,.F.);
#989=ORIENTED_EDGE('',*,*,#1619,.T.);
#990=ORIENTED_EDGE('',*,*,#1620,.T.);
#991=ORIENTED_EDGE('',*,*,#1621,.F.);
#992=ORIENTED_EDGE('',*,*,#1622,.F.);
#993=ORIENTED_EDGE('',*,*,#1408,.T.);
#994=ORIENTED_EDGE('',*,*,#1621,.T.);
#995=ORIENTED_EDGE('',*,*,#1623,.F.);
#996=ORIENTED_EDGE('',*,*,#1409,.F.);
#997=ORIENTED_EDGE('',*,*,#1622,.T.);
#998=ORIENTED_EDGE('',*,*,#1624,.T.);
#999=ORIENTED_EDGE('',*,*,#1625,.F.);
#1000=ORIENTED_EDGE('',*,*,#1626,.F.);
#1001=ORIENTED_EDGE('',*,*,#1410,.T.);
#1002=ORIENTED_EDGE('',*,*,#1625,.T.);
#1003=ORIENTED_EDGE('',*,*,#1627,.F.);
#1004=ORIENTED_EDGE('',*,*,#1411,.F.);
#1005=ORIENTED_EDGE('',*,*,#1626,.T.);
#1006=ORIENTED_EDGE('',*,*,#1628,.T.);
#1007=ORIENTED_EDGE('',*,*,#1629,.F.);
#1008=ORIENTED_EDGE('',*,*,#1375,.F.);
#1009=ORIENTED_EDGE('',*,*,#1613,.T.);
#1010=ORIENTED_EDGE('',*,*,#1630,.T.);
#1011=ORIENTED_EDGE('',*,*,#1597,.F.);
#1012=ORIENTED_EDGE('',*,*,#1404,.F.);
#1013=ORIENTED_EDGE('',*,*,#1629,.T.);
#1014=ORIENTED_EDGE('',*,*,#1631,.T.);
#1015=ORIENTED_EDGE('',*,*,#1615,.F.);
#1016=ORIENTED_EDGE('',*,*,#1579,.F.);
#1017=ORIENTED_EDGE('',*,*,#1632,.T.);
#1018=ORIENTED_EDGE('',*,*,#1593,.T.);
#1019=ORIENTED_EDGE('',*,*,#1633,.T.);
#1020=ORIENTED_EDGE('',*,*,#1634,.T.);
#1021=ORIENTED_EDGE('',*,*,#1635,.T.);
#1022=ORIENTED_EDGE('',*,*,#1553,.T.);
#1023=ORIENTED_EDGE('',*,*,#1636,.T.);
#1024=ORIENTED_EDGE('',*,*,#1637,.T.);
#1025=ORIENTED_EDGE('',*,*,#1638,.T.);
#1026=ORIENTED_EDGE('',*,*,#1568,.F.);
#1027=ORIENTED_EDGE('',*,*,#1639,.T.);
#1028=ORIENTED_EDGE('',*,*,#1616,.F.);
#1029=ORIENTED_EDGE('',*,*,#1631,.F.);
#1030=ORIENTED_EDGE('',*,*,#1628,.F.);
#1031=ORIENTED_EDGE('',*,*,#1627,.T.);
#1032=ORIENTED_EDGE('',*,*,#1624,.F.);
#1033=ORIENTED_EDGE('',*,*,#1623,.T.);
#1034=ORIENTED_EDGE('',*,*,#1620,.F.);
#1035=ORIENTED_EDGE('',*,*,#1618,.F.);
#1036=ORIENTED_EDGE('',*,*,#1598,.T.);
#1037=ORIENTED_EDGE('',*,*,#1630,.F.);
#1038=ORIENTED_EDGE('',*,*,#1614,.T.);
#1039=ORIENTED_EDGE('',*,*,#1611,.T.);
#1040=ORIENTED_EDGE('',*,*,#1609,.T.);
#1041=ORIENTED_EDGE('',*,*,#1606,.T.);
#1042=ORIENTED_EDGE('',*,*,#1603,.T.);
#1043=ORIENTED_EDGE('',*,*,#1599,.F.);
#1044=ORIENTED_EDGE('',*,*,#1580,.T.);
#1045=ORIENTED_EDGE('',*,*,#1633,.F.);
#1046=ORIENTED_EDGE('',*,*,#1595,.T.);
#1047=ORIENTED_EDGE('',*,*,#1592,.T.);
#1048=ORIENTED_EDGE('',*,*,#1589,.T.);
#1049=ORIENTED_EDGE('',*,*,#1587,.T.);
#1050=ORIENTED_EDGE('',*,*,#1585,.T.);
#1051=ORIENTED_EDGE('',*,*,#1582,.F.);
#1052=ORIENTED_EDGE('',*,*,#1640,.F.);
#1053=ORIENTED_EDGE('',*,*,#1432,.T.);
#1054=ORIENTED_EDGE('',*,*,#1641,.T.);
#1055=ORIENTED_EDGE('',*,*,#1642,.F.);
#1056=ORIENTED_EDGE('',*,*,#1433,.F.);
#1057=ORIENTED_EDGE('',*,*,#1640,.T.);
#1058=ORIENTED_EDGE('',*,*,#1643,.T.);
#1059=ORIENTED_EDGE('',*,*,#1644,.F.);
#1060=ORIENTED_EDGE('',*,*,#1645,.F.);
#1061=ORIENTED_EDGE('',*,*,#1434,.T.);
#1062=ORIENTED_EDGE('',*,*,#1644,.T.);
#1063=ORIENTED_EDGE('',*,*,#1646,.F.);
#1064=ORIENTED_EDGE('',*,*,#1435,.F.);
#1065=ORIENTED_EDGE('',*,*,#1645,.T.);
#1066=ORIENTED_EDGE('',*,*,#1647,.T.);
#1067=ORIENTED_EDGE('',*,*,#1648,.F.);
#1068=ORIENTED_EDGE('',*,*,#1436,.F.);
#1069=ORIENTED_EDGE('',*,*,#1648,.T.);
#1070=ORIENTED_EDGE('',*,*,#1649,.T.);
#1071=ORIENTED_EDGE('',*,*,#1650,.F.);
#1072=ORIENTED_EDGE('',*,*,#1437,.F.);
#1073=ORIENTED_EDGE('',*,*,#1650,.T.);
#1074=ORIENTED_EDGE('',*,*,#1651,.T.);
#1075=ORIENTED_EDGE('',*,*,#1652,.F.);
#1076=ORIENTED_EDGE('',*,*,#1438,.F.);
#1077=ORIENTED_EDGE('',*,*,#1652,.T.);
#1078=ORIENTED_EDGE('',*,*,#1653,.T.);
#1079=ORIENTED_EDGE('',*,*,#1654,.F.);
#1080=ORIENTED_EDGE('',*,*,#1525,.T.);
#1081=ORIENTED_EDGE('',*,*,#1655,.T.);
#1082=ORIENTED_EDGE('',*,*,#1656,.T.);
#1083=ORIENTED_EDGE('',*,*,#1657,.F.);
#1084=ORIENTED_EDGE('',*,*,#1658,.F.);
#1085=ORIENTED_EDGE('',*,*,#1378,.T.);
#1086=ORIENTED_EDGE('',*,*,#1379,.F.);
#1087=ORIENTED_EDGE('',*,*,#1658,.T.);
#1088=ORIENTED_EDGE('',*,*,#1659,.T.);
#1089=ORIENTED_EDGE('',*,*,#1660,.F.);
#1090=ORIENTED_EDGE('',*,*,#1661,.F.);
#1091=ORIENTED_EDGE('',*,*,#1380,.T.);
#1092=ORIENTED_EDGE('',*,*,#1660,.T.);
#1093=ORIENTED_EDGE('',*,*,#1662,.F.);
#1094=ORIENTED_EDGE('',*,*,#1663,.F.);
#1095=ORIENTED_EDGE('',*,*,#1381,.T.);
#1096=ORIENTED_EDGE('',*,*,#1661,.T.);
#1097=ORIENTED_EDGE('',*,*,#1664,.F.);
#1098=ORIENTED_EDGE('',*,*,#1665,.F.);
#1099=ORIENTED_EDGE('',*,*,#1382,.T.);
#1100=ORIENTED_EDGE('',*,*,#1663,.T.);
#1101=ORIENTED_EDGE('',*,*,#1666,.F.);
#1102=ORIENTED_EDGE('',*,*,#1667,.F.);
#1103=ORIENTED_EDGE('',*,*,#1668,.T.);
#1104=ORIENTED_EDGE('',*,*,#1543,.F.);
#1105=ORIENTED_EDGE('',*,*,#1383,.T.);
#1106=ORIENTED_EDGE('',*,*,#1665,.T.);
#1107=ORIENTED_EDGE('',*,*,#1669,.F.);
#1108=ORIENTED_EDGE('',*,*,#1670,.F.);
#1109=ORIENTED_EDGE('',*,*,#1671,.T.);
#1110=ORIENTED_EDGE('',*,*,#1667,.T.);
#1111=ORIENTED_EDGE('',*,*,#1672,.F.);
#1112=ORIENTED_EDGE('',*,*,#1673,.F.);
#1113=ORIENTED_EDGE('',*,*,#1396,.T.);
#1114=ORIENTED_EDGE('',*,*,#1674,.T.);
#1115=ORIENTED_EDGE('',*,*,#1675,.F.);
#1116=ORIENTED_EDGE('',*,*,#1397,.F.);
#1117=ORIENTED_EDGE('',*,*,#1673,.T.);
#1118=ORIENTED_EDGE('',*,*,#1676,.T.);
#1119=ORIENTED_EDGE('',*,*,#1677,.F.);
#1120=ORIENTED_EDGE('',*,*,#1678,.F.);
#1121=ORIENTED_EDGE('',*,*,#1679,.T.);
#1122=ORIENTED_EDGE('',*,*,#1521,.T.);
#1123=ORIENTED_EDGE('',*,*,#1388,.T.);
#1124=ORIENTED_EDGE('',*,*,#1677,.T.);
#1125=ORIENTED_EDGE('',*,*,#1680,.F.);
#1126=ORIENTED_EDGE('',*,*,#1681,.F.);
#1127=ORIENTED_EDGE('',*,*,#1682,.T.);
#1128=ORIENTED_EDGE('',*,*,#1678,.T.);
#1129=ORIENTED_EDGE('',*,*,#1683,.F.);
#1130=ORIENTED_EDGE('',*,*,#1684,.F.);
#1131=ORIENTED_EDGE('',*,*,#1685,.T.);
#1132=ORIENTED_EDGE('',*,*,#1681,.T.);
#1133=ORIENTED_EDGE('',*,*,#1686,.F.);
#1134=ORIENTED_EDGE('',*,*,#1533,.F.);
#1135=ORIENTED_EDGE('',*,*,#1687,.T.);
#1136=ORIENTED_EDGE('',*,*,#1684,.T.);
#1137=ORIENTED_EDGE('',*,*,#1688,.F.);
#1138=ORIENTED_EDGE('',*,*,#1689,.F.);
#1139=ORIENTED_EDGE('',*,*,#1393,.T.);
#1140=ORIENTED_EDGE('',*,*,#1690,.F.);
#1141=ORIENTED_EDGE('',*,*,#1394,.T.);
#1142=ORIENTED_EDGE('',*,*,#1689,.T.);
#1143=ORIENTED_EDGE('',*,*,#1691,.F.);
#1144=ORIENTED_EDGE('',*,*,#1656,.F.);
#1145=ORIENTED_EDGE('',*,*,#1692,.T.);
#1146=ORIENTED_EDGE('',*,*,#1670,.T.);
#1147=ORIENTED_EDGE('',*,*,#1693,.T.);
#1148=ORIENTED_EDGE('',*,*,#1395,.F.);
#1149=ORIENTED_EDGE('',*,*,#1690,.T.);
#1150=ORIENTED_EDGE('',*,*,#1694,.T.);
#1151=ORIENTED_EDGE('',*,*,#1674,.F.);
#1152=ORIENTED_EDGE('',*,*,#1439,.F.);
#1153=ORIENTED_EDGE('',*,*,#1654,.T.);
#1154=ORIENTED_EDGE('',*,*,#1695,.T.);
#1155=ORIENTED_EDGE('',*,*,#1641,.F.);
#1156=ORIENTED_EDGE('',*,*,#1696,.T.);
#1157=ORIENTED_EDGE('',*,*,#1697,.T.);
#1158=ORIENTED_EDGE('',*,*,#1523,.T.);
#1159=ORIENTED_EDGE('',*,*,#1698,.T.);
#1160=ORIENTED_EDGE('',*,*,#1699,.T.);
#1161=ORIENTED_EDGE('',*,*,#1700,.T.);
#1162=ORIENTED_EDGE('',*,*,#1538,.F.);
#1163=ORIENTED_EDGE('',*,*,#1701,.T.);
#1164=ORIENTED_EDGE('',*,*,#1675,.T.);
#1165=ORIENTED_EDGE('',*,*,#1694,.F.);
#1166=ORIENTED_EDGE('',*,*,#1691,.T.);
#1167=ORIENTED_EDGE('',*,*,#1688,.T.);
#1168=ORIENTED_EDGE('',*,*,#1686,.T.);
#1169=ORIENTED_EDGE('',*,*,#1683,.T.);
#1170=ORIENTED_EDGE('',*,*,#1680,.T.);
#1171=ORIENTED_EDGE('',*,*,#1676,.F.);
#1172=ORIENTED_EDGE('',*,*,#1657,.T.);
#1173=ORIENTED_EDGE('',*,*,#1693,.F.);
#1174=ORIENTED_EDGE('',*,*,#1672,.T.);
#1175=ORIENTED_EDGE('',*,*,#1669,.T.);
#1176=ORIENTED_EDGE('',*,*,#1666,.T.);
#1177=ORIENTED_EDGE('',*,*,#1664,.T.);
#1178=ORIENTED_EDGE('',*,*,#1662,.T.);
#1179=ORIENTED_EDGE('',*,*,#1659,.F.);
#1180=ORIENTED_EDGE('',*,*,#1642,.T.);
#1181=ORIENTED_EDGE('',*,*,#1695,.F.);
#1182=ORIENTED_EDGE('',*,*,#1653,.F.);
#1183=ORIENTED_EDGE('',*,*,#1651,.F.);
#1184=ORIENTED_EDGE('',*,*,#1649,.F.);
#1185=ORIENTED_EDGE('',*,*,#1647,.F.);
#1186=ORIENTED_EDGE('',*,*,#1646,.T.);
#1187=ORIENTED_EDGE('',*,*,#1643,.F.);
#1188=ORIENTED_EDGE('',*,*,#1702,.F.);
#1189=ORIENTED_EDGE('',*,*,#1526,.F.);
#1190=ORIENTED_EDGE('',*,*,#1703,.F.);
#1191=ORIENTED_EDGE('',*,*,#1484,.F.);
#1192=ORIENTED_EDGE('',*,*,#1703,.T.);
#1193=ORIENTED_EDGE('',*,*,#1519,.F.);
#1194=ORIENTED_EDGE('',*,*,#1704,.F.);
#1195=ORIENTED_EDGE('',*,*,#1485,.F.);
#1196=ORIENTED_EDGE('',*,*,#1702,.T.);
#1197=ORIENTED_EDGE('',*,*,#1483,.F.);
#1198=ORIENTED_EDGE('',*,*,#1705,.F.);
#1199=ORIENTED_EDGE('',*,*,#1528,.F.);
#1200=ORIENTED_EDGE('',*,*,#1704,.T.);
#1201=ORIENTED_EDGE('',*,*,#1547,.F.);
#1202=ORIENTED_EDGE('',*,*,#1706,.F.);
#1203=ORIENTED_EDGE('',*,*,#1486,.F.);
#1204=ORIENTED_EDGE('',*,*,#1705,.T.);
#1205=ORIENTED_EDGE('',*,*,#1482,.F.);
#1206=ORIENTED_EDGE('',*,*,#1707,.F.);
#1207=ORIENTED_EDGE('',*,*,#1530,.F.);
#1208=ORIENTED_EDGE('',*,*,#1706,.T.);
#1209=ORIENTED_EDGE('',*,*,#1545,.F.);
#1210=ORIENTED_EDGE('',*,*,#1708,.F.);
#1211=ORIENTED_EDGE('',*,*,#1479,.F.);
#1212=ORIENTED_EDGE('',*,*,#1707,.T.);
#1213=ORIENTED_EDGE('',*,*,#1481,.F.);
#1214=ORIENTED_EDGE('',*,*,#1709,.F.);
#1215=ORIENTED_EDGE('',*,*,#1534,.F.);
#1216=ORIENTED_EDGE('',*,*,#1708,.T.);
#1217=ORIENTED_EDGE('',*,*,#1541,.F.);
#1218=ORIENTED_EDGE('',*,*,#1709,.T.);
#1219=ORIENTED_EDGE('',*,*,#1480,.F.);
#1220=ORIENTED_EDGE('',*,*,#1710,.F.);
#1221=ORIENTED_EDGE('',*,*,#1556,.F.);
#1222=ORIENTED_EDGE('',*,*,#1711,.F.);
#1223=ORIENTED_EDGE('',*,*,#1459,.F.);
#1224=ORIENTED_EDGE('',*,*,#1711,.T.);
#1225=ORIENTED_EDGE('',*,*,#1549,.F.);
#1226=ORIENTED_EDGE('',*,*,#1712,.F.);
#1227=ORIENTED_EDGE('',*,*,#1460,.F.);
#1228=ORIENTED_EDGE('',*,*,#1710,.T.);
#1229=ORIENTED_EDGE('',*,*,#1458,.F.);
#1230=ORIENTED_EDGE('',*,*,#1713,.F.);
#1231=ORIENTED_EDGE('',*,*,#1558,.F.);
#1232=ORIENTED_EDGE('',*,*,#1712,.T.);
#1233=ORIENTED_EDGE('',*,*,#1577,.F.);
#1234=ORIENTED_EDGE('',*,*,#1714,.F.);
#1235=ORIENTED_EDGE('',*,*,#1461,.F.);
#1236=ORIENTED_EDGE('',*,*,#1713,.T.);
#1237=ORIENTED_EDGE('',*,*,#1457,.F.);
#1238=ORIENTED_EDGE('',*,*,#1715,.F.);
#1239=ORIENTED_EDGE('',*,*,#1560,.F.);
#1240=ORIENTED_EDGE('',*,*,#1714,.T.);
#1241=ORIENTED_EDGE('',*,*,#1575,.F.);
#1242=ORIENTED_EDGE('',*,*,#1716,.F.);
#1243=ORIENTED_EDGE('',*,*,#1454,.F.);
#1244=ORIENTED_EDGE('',*,*,#1715,.T.);
#1245=ORIENTED_EDGE('',*,*,#1456,.F.);
#1246=ORIENTED_EDGE('',*,*,#1717,.F.);
#1247=ORIENTED_EDGE('',*,*,#1564,.F.);
#1248=ORIENTED_EDGE('',*,*,#1716,.T.);
#1249=ORIENTED_EDGE('',*,*,#1571,.F.);
#1250=ORIENTED_EDGE('',*,*,#1717,.T.);
#1251=ORIENTED_EDGE('',*,*,#1455,.F.);
#1252=ORIENTED_EDGE('',*,*,#1488,.F.);
#1253=ORIENTED_EDGE('',*,*,#1502,.F.);
#1254=ORIENTED_EDGE('',*,*,#1462,.F.);
#1255=ORIENTED_EDGE('',*,*,#1441,.F.);
#1256=ORIENTED_EDGE('',*,*,#1495,.F.);
#1257=ORIENTED_EDGE('',*,*,#1447,.F.);
#1258=ORIENTED_EDGE('',*,*,#1466,.F.);
#1259=ORIENTED_EDGE('',*,*,#1500,.F.);
#1260=ORIENTED_EDGE('',*,*,#1544,.F.);
#1261=ORIENTED_EDGE('',*,*,#1668,.F.);
#1262=ORIENTED_EDGE('',*,*,#1718,.F.);
#1263=ORIENTED_EDGE('',*,*,#1536,.F.);
#1264=ORIENTED_EDGE('',*,*,#1718,.T.);
#1265=ORIENTED_EDGE('',*,*,#1671,.F.);
#1266=ORIENTED_EDGE('',*,*,#1719,.F.);
#1267=ORIENTED_EDGE('',*,*,#1701,.F.);
#1268=ORIENTED_EDGE('',*,*,#1537,.F.);
#1269=ORIENTED_EDGE('',*,*,#1719,.T.);
#1270=ORIENTED_EDGE('',*,*,#1692,.F.);
#1271=ORIENTED_EDGE('',*,*,#1720,.F.);
#1272=ORIENTED_EDGE('',*,*,#1696,.F.);
#1273=ORIENTED_EDGE('',*,*,#1524,.F.);
#1274=ORIENTED_EDGE('',*,*,#1697,.F.);
#1275=ORIENTED_EDGE('',*,*,#1720,.T.);
#1276=ORIENTED_EDGE('',*,*,#1655,.F.);
#1277=ORIENTED_EDGE('',*,*,#1532,.F.);
#1278=ORIENTED_EDGE('',*,*,#1540,.F.);
#1279=ORIENTED_EDGE('',*,*,#1721,.F.);
#1280=ORIENTED_EDGE('',*,*,#1687,.F.);
#1281=ORIENTED_EDGE('',*,*,#1539,.F.);
#1282=ORIENTED_EDGE('',*,*,#1700,.F.);
#1283=ORIENTED_EDGE('',*,*,#1722,.F.);
#1284=ORIENTED_EDGE('',*,*,#1685,.F.);
#1285=ORIENTED_EDGE('',*,*,#1721,.T.);
#1286=ORIENTED_EDGE('',*,*,#1722,.T.);
#1287=ORIENTED_EDGE('',*,*,#1699,.F.);
#1288=ORIENTED_EDGE('',*,*,#1723,.F.);
#1289=ORIENTED_EDGE('',*,*,#1682,.F.);
#1290=ORIENTED_EDGE('',*,*,#1723,.T.);
#1291=ORIENTED_EDGE('',*,*,#1698,.F.);
#1292=ORIENTED_EDGE('',*,*,#1522,.F.);
#1293=ORIENTED_EDGE('',*,*,#1679,.F.);
#1294=ORIENTED_EDGE('',*,*,#1574,.F.);
#1295=ORIENTED_EDGE('',*,*,#1591,.F.);
#1296=ORIENTED_EDGE('',*,*,#1724,.F.);
#1297=ORIENTED_EDGE('',*,*,#1566,.F.);
#1298=ORIENTED_EDGE('',*,*,#1724,.T.);
#1299=ORIENTED_EDGE('',*,*,#1594,.F.);
#1300=ORIENTED_EDGE('',*,*,#1725,.F.);
#1301=ORIENTED_EDGE('',*,*,#1639,.F.);
#1302=ORIENTED_EDGE('',*,*,#1567,.F.);
#1303=ORIENTED_EDGE('',*,*,#1725,.T.);
#1304=ORIENTED_EDGE('',*,*,#1632,.F.);
#1305=ORIENTED_EDGE('',*,*,#1726,.F.);
#1306=ORIENTED_EDGE('',*,*,#1634,.F.);
#1307=ORIENTED_EDGE('',*,*,#1554,.F.);
#1308=ORIENTED_EDGE('',*,*,#1635,.F.);
#1309=ORIENTED_EDGE('',*,*,#1726,.T.);
#1310=ORIENTED_EDGE('',*,*,#1578,.F.);
#1311=ORIENTED_EDGE('',*,*,#1562,.F.);
#1312=ORIENTED_EDGE('',*,*,#1570,.F.);
#1313=ORIENTED_EDGE('',*,*,#1727,.F.);
#1314=ORIENTED_EDGE('',*,*,#1610,.F.);
#1315=ORIENTED_EDGE('',*,*,#1569,.F.);
#1316=ORIENTED_EDGE('',*,*,#1638,.F.);
#1317=ORIENTED_EDGE('',*,*,#1728,.F.);
#1318=ORIENTED_EDGE('',*,*,#1608,.F.);
#1319=ORIENTED_EDGE('',*,*,#1727,.T.);
#1320=ORIENTED_EDGE('',*,*,#1728,.T.);
#1321=ORIENTED_EDGE('',*,*,#1637,.F.);
#1322=ORIENTED_EDGE('',*,*,#1729,.F.);
#1323=ORIENTED_EDGE('',*,*,#1605,.F.);
#1324=ORIENTED_EDGE('',*,*,#1729,.T.);
#1325=ORIENTED_EDGE('',*,*,#1636,.F.);
#1326=ORIENTED_EDGE('',*,*,#1552,.F.);
#1327=ORIENTED_EDGE('',*,*,#1602,.F.);
#1328=ORIENTED_EDGE('',*,*,#1730,.T.);
#1329=ORIENTED_EDGE('',*,*,#1402,.T.);
#1330=ORIENTED_EDGE('',*,*,#1731,.T.);
#1331=ORIENTED_EDGE('',*,*,#1400,.T.);
#1332=ORIENTED_EDGE('',*,*,#1732,.T.);
#1333=ORIENTED_EDGE('',*,*,#1403,.T.);
#1334=ORIENTED_EDGE('',*,*,#1733,.T.);
#1335=ORIENTED_EDGE('',*,*,#1401,.T.);
#1336=ORIENTED_EDGE('',*,*,#1734,.T.);
#1337=ORIENTED_EDGE('',*,*,#1735,.T.);
#1338=ORIENTED_EDGE('',*,*,#1735,.F.);
#1339=ORIENTED_EDGE('',*,*,#1398,.F.);
#1340=ORIENTED_EDGE('',*,*,#1734,.F.);
#1341=ORIENTED_EDGE('',*,*,#1399,.F.);
#1342=ORIENTED_EDGE('',*,*,#1736,.T.);
#1343=ORIENTED_EDGE('',*,*,#1453,.F.);
#1344=ORIENTED_EDGE('',*,*,#1736,.F.);
#1345=ORIENTED_EDGE('',*,*,#1733,.F.);
#1346=ORIENTED_EDGE('',*,*,#1737,.T.);
#1347=ORIENTED_EDGE('',*,*,#1452,.F.);
#1348=ORIENTED_EDGE('',*,*,#1737,.F.);
#1349=ORIENTED_EDGE('',*,*,#1732,.F.);
#1350=ORIENTED_EDGE('',*,*,#1738,.T.);
#1351=ORIENTED_EDGE('',*,*,#1478,.F.);
#1352=ORIENTED_EDGE('',*,*,#1738,.F.);
#1353=ORIENTED_EDGE('',*,*,#1731,.F.);
#1354=ORIENTED_EDGE('',*,*,#1739,.T.);
#1355=ORIENTED_EDGE('',*,*,#1477,.F.);
#1356=ORIENTED_EDGE('',*,*,#1739,.F.);
#1357=ORIENTED_EDGE('',*,*,#1730,.F.);
#1358=EDGE_CURVE('',#1740,#1741,#1992,.F.);
#1359=EDGE_CURVE('',#1740,#1742,#134,.T.);
#1360=EDGE_CURVE('',#1743,#1742,#1993,.F.);
#1361=EDGE_CURVE('',#1744,#1743,#135,.T.);
#1362=EDGE_CURVE('',#1745,#1744,#1994,.F.);
#1363=EDGE_CURVE('',#1746,#1745,#136,.T.);
#1364=EDGE_CURVE('',#1747,#1746,#1995,.T.);
#1365=EDGE_CURVE('',#1748,#1747,#137,.T.);
#1366=EDGE_CURVE('',#1749,#1748,#1996,.T.);
#1367=EDGE_CURVE('',#1749,#1741,#138,.T.);
#1368=EDGE_CURVE('',#1750,#1751,#1997,.F.);
#1369=EDGE_CURVE('',#1750,#1752,#139,.T.);
#1370=EDGE_CURVE('',#1753,#1752,#1998,.T.);
#1371=EDGE_CURVE('',#1753,#1754,#140,.T.);
#1372=EDGE_CURVE('',#1755,#1754,#1999,.T.);
#1373=EDGE_CURVE('',#1756,#1755,#141,.T.);
#1374=EDGE_CURVE('',#1757,#1756,#2000,.F.);
#1375=EDGE_CURVE('',#1757,#1758,#142,.T.);
#1376=EDGE_CURVE('',#1759,#1758,#2001,.F.);
#1377=EDGE_CURVE('',#1759,#1751,#143,.T.);
#1378=EDGE_CURVE('',#1760,#1761,#2002,.F.);
#1379=EDGE_CURVE('',#1760,#1762,#144,.T.);
#1380=EDGE_CURVE('',#1763,#1762,#2003,.F.);
#1381=EDGE_CURVE('',#1764,#1763,#145,.T.);
#1382=EDGE_CURVE('',#1765,#1764,#2004,.F.);
#1383=EDGE_CURVE('',#1766,#1765,#146,.T.);
#1384=EDGE_CURVE('',#1767,#1766,#2005,.T.);
#1385=EDGE_CURVE('',#1768,#1767,#147,.T.);
#1386=EDGE_CURVE('',#1769,#1768,#2006,.T.);
#1387=EDGE_CURVE('',#1769,#1761,#148,.T.);
#1388=EDGE_CURVE('',#1770,#1771,#2007,.F.);
#1389=EDGE_CURVE('',#1770,#1772,#149,.T.);
#1390=EDGE_CURVE('',#1773,#1772,#2008,.T.);
#1391=EDGE_CURVE('',#1773,#1774,#150,.T.);
#1392=EDGE_CURVE('',#1775,#1774,#2009,.T.);
#1393=EDGE_CURVE('',#1776,#1775,#151,.T.);
#1394=EDGE_CURVE('',#1777,#1776,#2010,.F.);
#1395=EDGE_CURVE('',#1777,#1778,#152,.T.);
#1396=EDGE_CURVE('',#1779,#1778,#2011,.F.);
#1397=EDGE_CURVE('',#1779,#1771,#153,.T.);
#1398=EDGE_CURVE('',#1780,#1780,#2012,.F.);
#1399=EDGE_CURVE('',#1781,#1781,#2013,.F.);
#1400=EDGE_CURVE('',#1782,#1782,#2014,.T.);
#1401=EDGE_CURVE('',#1783,#1783,#2015,.T.);
#1402=EDGE_CURVE('',#1784,#1784,#2016,.T.);
#1403=EDGE_CURVE('',#1785,#1785,#2017,.T.);
#1404=EDGE_CURVE('',#1786,#1787,#154,.T.);
#1405=EDGE_CURVE('',#1787,#1788,#2018,.F.);
#1406=EDGE_CURVE('',#1788,#1789,#155,.T.);
#1407=EDGE_CURVE('',#1789,#1790,#2019,.F.);
#1408=EDGE_CURVE('',#1791,#1790,#156,.T.);
#1409=EDGE_CURVE('',#1791,#1792,#2020,.F.);
#1410=EDGE_CURVE('',#1793,#1792,#157,.T.);
#1411=EDGE_CURVE('',#1793,#1786,#2021,.F.);
#1412=EDGE_CURVE('',#1794,#1795,#158,.T.);
#1413=EDGE_CURVE('',#1794,#1796,#2022,.T.);
#1414=EDGE_CURVE('',#1796,#1797,#159,.T.);
#1415=EDGE_CURVE('',#1797,#1798,#2023,.T.);
#1416=EDGE_CURVE('',#1799,#1798,#160,.T.);
#1417=EDGE_CURVE('',#1799,#1800,#2024,.T.);
#1418=EDGE_CURVE('',#1801,#1800,#161,.T.);
#1419=EDGE_CURVE('',#1801,#1802,#2025,.T.);
#1420=EDGE_CURVE('',#1803,#1802,#162,.T.);
#1421=EDGE_CURVE('',#1803,#1804,#2026,.T.);
#1422=EDGE_CURVE('',#1804,#1805,#163,.T.);
#1423=EDGE_CURVE('',#1805,#1806,#2027,.T.);
#1424=EDGE_CURVE('',#1807,#1806,#164,.T.);
#1425=EDGE_CURVE('',#1807,#1808,#2028,.T.);
#1426=EDGE_CURVE('',#1809,#1808,#165,.T.);
#1427=EDGE_CURVE('',#1809,#1795,#2029,.T.);
#1428=EDGE_CURVE('',#1810,#1811,#166,.T.);
#1429=EDGE_CURVE('',#1811,#1812,#167,.T.);
#1430=EDGE_CURVE('',#1813,#1812,#168,.T.);
#1431=EDGE_CURVE('',#1810,#1813,#169,.T.);
#1432=EDGE_CURVE('',#1814,#1815,#170,.T.);
#1433=EDGE_CURVE('',#1814,#1816,#2030,.F.);
#1434=EDGE_CURVE('',#1817,#1816,#171,.T.);
#1435=EDGE_CURVE('',#1817,#1818,#2031,.F.);
#1436=EDGE_CURVE('',#1818,#1819,#172,.T.);
#1437=EDGE_CURVE('',#1819,#1820,#2032,.F.);
#1438=EDGE_CURVE('',#1820,#1821,#173,.T.);
#1439=EDGE_CURVE('',#1821,#1815,#2033,.F.);
#1440=EDGE_CURVE('',#1822,#1823,#174,.T.);
#1441=EDGE_CURVE('',#1822,#1824,#175,.T.);
#1442=EDGE_CURVE('',#1824,#1825,#176,.T.);
#1443=EDGE_CURVE('',#1826,#1825,#2034,.T.);
#1444=EDGE_CURVE('',#1826,#1827,#177,.T.);
#1445=EDGE_CURVE('',#1823,#1827,#2035,.T.);
#1446=EDGE_CURVE('',#1828,#1829,#178,.T.);
#1447=EDGE_CURVE('',#1829,#1830,#179,.T.);
#1448=EDGE_CURVE('',#1831,#1830,#180,.T.);
#1449=EDGE_CURVE('',#1832,#1831,#2036,.T.);
#1450=EDGE_CURVE('',#1832,#1833,#181,.T.);
#1451=EDGE_CURVE('',#1828,#1833,#2037,.T.);
#1452=EDGE_CURVE('',#1834,#1834,#118,.T.);
#1453=EDGE_CURVE('',#1835,#1835,#119,.T.);
#1454=EDGE_CURVE('',#1836,#1837,#182,.T.);
#1455=EDGE_CURVE('',#1837,#1838,#78,.T.);
#1456=EDGE_CURVE('',#1838,#1839,#183,.T.);
#1457=EDGE_CURVE('',#1839,#1840,#79,.T.);
#1458=EDGE_CURVE('',#1840,#1841,#184,.T.);
#1459=EDGE_CURVE('',#1841,#1842,#80,.T.);
#1460=EDGE_CURVE('',#1842,#1843,#185,.T.);
#1461=EDGE_CURVE('',#1843,#1836,#81,.T.);
#1462=EDGE_CURVE('',#1824,#1844,#186,.F.);
#1463=EDGE_CURVE('',#1844,#1845,#187,.T.);
#1464=EDGE_CURVE('',#1845,#1846,#188,.T.);
#1465=EDGE_CURVE('',#1847,#1846,#189,.T.);
#1466=EDGE_CURVE('',#1847,#1829,#190,.T.);
#1467=EDGE_CURVE('',#1848,#1828,#120,.T.);
#1468=EDGE_CURVE('',#1848,#1849,#191,.T.);
#1469=EDGE_CURVE('',#1850,#1849,#121,.T.);
#1470=EDGE_CURVE('',#1851,#1850,#192,.T.);
#1471=EDGE_CURVE('',#1852,#1851,#122,.T.);
#1472=EDGE_CURVE('',#1852,#1853,#193,.T.);
#1473=EDGE_CURVE('',#1825,#1853,#123,.T.);
#1474=EDGE_CURVE('',#1854,#1796,#194,.F.);
#1475=EDGE_CURVE('',#1854,#1855,#195,.T.);
#1476=EDGE_CURVE('',#1797,#1855,#196,.T.);
#1477=EDGE_CURVE('',#1856,#1856,#124,.T.);
#1478=EDGE_CURVE('',#1857,#1857,#125,.T.);
#1479=EDGE_CURVE('',#1858,#1859,#197,.T.);
#1480=EDGE_CURVE('',#1859,#1860,#82,.T.);
#1481=EDGE_CURVE('',#1860,#1861,#198,.T.);
#1482=EDGE_CURVE('',#1861,#1862,#83,.T.);
#1483=EDGE_CURVE('',#1862,#1863,#199,.T.);
#1484=EDGE_CURVE('',#1863,#1864,#84,.T.);
#1485=EDGE_CURVE('',#1864,#1865,#200,.T.);
#1486=EDGE_CURVE('',#1865,#1858,#85,.T.);
#1487=EDGE_CURVE('',#1866,#1867,#201,.T.);
#1488=EDGE_CURVE('',#1867,#1822,#202,.F.);
#1489=EDGE_CURVE('',#1868,#1823,#126,.T.);
#1490=EDGE_CURVE('',#1868,#1869,#203,.T.);
#1491=EDGE_CURVE('',#1855,#1869,#127,.T.);
#1492=EDGE_CURVE('',#1870,#1854,#128,.T.);
#1493=EDGE_CURVE('',#1870,#1871,#204,.T.);
#1494=EDGE_CURVE('',#1831,#1871,#129,.T.);
#1495=EDGE_CURVE('',#1830,#1872,#205,.T.);
#1496=EDGE_CURVE('',#1873,#1872,#206,.T.);
#1497=EDGE_CURVE('',#1866,#1873,#207,.T.);
#1498=EDGE_CURVE('',#1813,#1845,#208,.T.);
#1499=EDGE_CURVE('',#1812,#1846,#209,.T.);
#1500=EDGE_CURVE('',#1872,#1847,#210,.T.);
#1501=EDGE_CURVE('',#1811,#1873,#211,.T.);
#1502=EDGE_CURVE('',#1844,#1867,#212,.T.);
#1503=EDGE_CURVE('',#1810,#1866,#213,.T.);
#1504=EDGE_CURVE('',#1801,#1826,#214,.T.);
#1505=EDGE_CURVE('',#1800,#1827,#215,.T.);
#1506=EDGE_CURVE('',#1802,#1853,#216,.T.);
#1507=EDGE_CURVE('',#1803,#1852,#217,.T.);
#1508=EDGE_CURVE('',#1804,#1851,#218,.T.);
#1509=EDGE_CURVE('',#1805,#1850,#219,.T.);
#1510=EDGE_CURVE('',#1806,#1849,#220,.T.);
#1511=EDGE_CURVE('',#1807,#1848,#221,.T.);
#1512=EDGE_CURVE('',#1808,#1833,#222,.T.);
#1513=EDGE_CURVE('',#1809,#1832,#223,.T.);
#1514=EDGE_CURVE('',#1795,#1871,#224,.T.);
#1515=EDGE_CURVE('',#1794,#1870,#225,.T.);
#1516=EDGE_CURVE('',#1798,#1869,#226,.T.);
#1517=EDGE_CURVE('',#1799,#1868,#227,.T.);
#1518=EDGE_CURVE('',#1769,#1874,#228,.T.);
#1519=EDGE_CURVE('',#1874,#1875,#229,.T.);
#1520=EDGE_CURVE('',#1772,#1875,#230,.T.);
#1521=EDGE_CURVE('',#1876,#1770,#231,.T.);
#1522=EDGE_CURVE('',#1876,#1877,#86,.T.);
#1523=EDGE_CURVE('',#1878,#1877,#232,.T.);
#1524=EDGE_CURVE('',#1878,#1879,#87,.T.);
#1525=EDGE_CURVE('',#1761,#1879,#233,.F.);
#1526=EDGE_CURVE('',#1875,#1880,#88,.T.);
#1527=EDGE_CURVE('',#1773,#1880,#234,.T.);
#1528=EDGE_CURVE('',#1880,#1881,#235,.T.);
#1529=EDGE_CURVE('',#1774,#1881,#236,.T.);
#1530=EDGE_CURVE('',#1881,#1882,#89,.T.);
#1531=EDGE_CURVE('',#1883,#1882,#237,.T.);
#1532=EDGE_CURVE('',#1883,#1884,#130,.T.);
#1533=EDGE_CURVE('',#1884,#1775,#238,.F.);
#1534=EDGE_CURVE('',#1882,#1885,#239,.T.);
#1535=EDGE_CURVE('',#1886,#1885,#240,.T.);
#1536=EDGE_CURVE('',#1886,#1887,#241,.F.);
#1537=EDGE_CURVE('',#1887,#1888,#90,.F.);
#1538=EDGE_CURVE('',#1888,#1889,#242,.T.);
#1539=EDGE_CURVE('',#1889,#1890,#91,.T.);
#1540=EDGE_CURVE('',#1890,#1883,#243,.F.);
#1541=EDGE_CURVE('',#1885,#1891,#92,.T.);
#1542=EDGE_CURVE('',#1767,#1891,#244,.T.);
#1543=EDGE_CURVE('',#1766,#1892,#245,.T.);
#1544=EDGE_CURVE('',#1892,#1886,#131,.T.);
#1545=EDGE_CURVE('',#1891,#1893,#246,.T.);
#1546=EDGE_CURVE('',#1768,#1893,#247,.T.);
#1547=EDGE_CURVE('',#1893,#1874,#93,.T.);
#1548=EDGE_CURVE('',#1749,#1894,#248,.T.);
#1549=EDGE_CURVE('',#1894,#1895,#249,.T.);
#1550=EDGE_CURVE('',#1752,#1895,#250,.T.);
#1551=EDGE_CURVE('',#1896,#1750,#251,.T.);
#1552=EDGE_CURVE('',#1896,#1897,#94,.T.);
#1553=EDGE_CURVE('',#1898,#1897,#252,.T.);
#1554=EDGE_CURVE('',#1898,#1899,#95,.T.);
#1555=EDGE_CURVE('',#1741,#1899,#253,.F.);
#1556=EDGE_CURVE('',#1895,#1900,#96,.T.);
#1557=EDGE_CURVE('',#1753,#1900,#254,.T.);
#1558=EDGE_CURVE('',#1900,#1901,#255,.T.);
#1559=EDGE_CURVE('',#1754,#1901,#256,.T.);
#1560=EDGE_CURVE('',#1901,#1902,#97,.T.);
#1561=EDGE_CURVE('',#1903,#1902,#257,.T.);
#1562=EDGE_CURVE('',#1903,#1904,#132,.T.);
#1563=EDGE_CURVE('',#1904,#1755,#258,.F.);
#1564=EDGE_CURVE('',#1902,#1905,#259,.T.);
#1565=EDGE_CURVE('',#1906,#1905,#260,.T.);
#1566=EDGE_CURVE('',#1906,#1907,#261,.F.);
#1567=EDGE_CURVE('',#1907,#1908,#98,.F.);
#1568=EDGE_CURVE('',#1908,#1909,#262,.T.);
#1569=EDGE_CURVE('',#1909,#1910,#99,.T.);
#1570=EDGE_CURVE('',#1910,#1903,#263,.F.);
#1571=EDGE_CURVE('',#1905,#1911,#100,.T.);
#1572=EDGE_CURVE('',#1747,#1911,#264,.T.);
#1573=EDGE_CURVE('',#1746,#1912,#265,.T.);
#1574=EDGE_CURVE('',#1912,#1906,#133,.T.);
#1575=EDGE_CURVE('',#1911,#1913,#266,.T.);
#1576=EDGE_CURVE('',#1748,#1913,#267,.T.);
#1577=EDGE_CURVE('',#1913,#1894,#101,.T.);
#1578=EDGE_CURVE('',#1899,#1914,#2038,.T.);
#1579=EDGE_CURVE('',#1914,#1915,#268,.T.);
#1580=EDGE_CURVE('',#1916,#1915,#2039,.T.);
#1581=EDGE_CURVE('',#1740,#1916,#269,.T.);
#1582=EDGE_CURVE('',#1916,#1917,#270,.T.);
#1583=EDGE_CURVE('',#1742,#1917,#271,.T.);
#1584=EDGE_CURVE('',#1743,#1918,#272,.T.);
#1585=EDGE_CURVE('',#1918,#1917,#2040,.T.);
#1586=EDGE_CURVE('',#1744,#1919,#273,.T.);
#1587=EDGE_CURVE('',#1919,#1918,#274,.T.);
#1588=EDGE_CURVE('',#1745,#1920,#275,.T.);
#1589=EDGE_CURVE('',#1920,#1919,#2041,.T.);
#1590=EDGE_CURVE('',#1921,#1922,#276,.T.);
#1591=EDGE_CURVE('',#1921,#1912,#277,.T.);
#1592=EDGE_CURVE('',#1922,#1920,#278,.T.);
#1593=EDGE_CURVE('',#1923,#1924,#279,.T.);
#1594=EDGE_CURVE('',#1923,#1921,#2042,.T.);
#1595=EDGE_CURVE('',#1924,#1922,#2043,.T.);
#1596=EDGE_CURVE('',#1759,#1925,#280,.T.);
#1597=EDGE_CURVE('',#1758,#1926,#281,.T.);
#1598=EDGE_CURVE('',#1925,#1926,#2044,.T.);
#1599=EDGE_CURVE('',#1925,#1927,#282,.T.);
#1600=EDGE_CURVE('',#1751,#1927,#283,.T.);
#1601=EDGE_CURVE('',#1928,#1929,#284,.T.);
#1602=EDGE_CURVE('',#1928,#1896,#2045,.T.);
#1603=EDGE_CURVE('',#1929,#1927,#2046,.T.);
#1604=EDGE_CURVE('',#1930,#1931,#285,.T.);
#1605=EDGE_CURVE('',#1930,#1928,#286,.T.);
#1606=EDGE_CURVE('',#1931,#1929,#287,.T.);
#1607=EDGE_CURVE('',#1932,#1933,#288,.T.);
#1608=EDGE_CURVE('',#1932,#1930,#2047,.T.);
#1609=EDGE_CURVE('',#1933,#1931,#2048,.T.);
#1610=EDGE_CURVE('',#1904,#1932,#289,.T.);
#1611=EDGE_CURVE('',#1934,#1933,#290,.T.);
#1612=EDGE_CURVE('',#1756,#1934,#291,.T.);
#1613=EDGE_CURVE('',#1757,#1935,#292,.T.);
#1614=EDGE_CURVE('',#1935,#1934,#2049,.T.);
#1615=EDGE_CURVE('',#1787,#1936,#293,.T.);
#1616=EDGE_CURVE('',#1936,#1937,#2050,.T.);
#1617=EDGE_CURVE('',#1788,#1937,#294,.T.);
#1618=EDGE_CURVE('',#1937,#1938,#295,.T.);
#1619=EDGE_CURVE('',#1789,#1938,#296,.T.);
#1620=EDGE_CURVE('',#1938,#1939,#2051,.T.);
#1621=EDGE_CURVE('',#1790,#1939,#297,.T.);
#1622=EDGE_CURVE('',#1791,#1940,#298,.T.);
#1623=EDGE_CURVE('',#1940,#1939,#299,.T.);
#1624=EDGE_CURVE('',#1940,#1941,#2052,.T.);
#1625=EDGE_CURVE('',#1792,#1941,#300,.T.);
#1626=EDGE_CURVE('',#1793,#1942,#301,.T.);
#1627=EDGE_CURVE('',#1942,#1941,#302,.T.);
#1628=EDGE_CURVE('',#1942,#1943,#2053,.T.);
#1629=EDGE_CURVE('',#1786,#1943,#303,.T.);
#1630=EDGE_CURVE('',#1935,#1926,#304,.T.);
#1631=EDGE_CURVE('',#1943,#1936,#305,.T.);
#1632=EDGE_CURVE('',#1914,#1923,#306,.T.);
#1633=EDGE_CURVE('',#1924,#1915,#307,.T.);
#1634=EDGE_CURVE('',#1944,#1945,#308,.T.);
#1635=EDGE_CURVE('',#1945,#1898,#2054,.F.);
#1636=EDGE_CURVE('',#1897,#1946,#2055,.F.);
#1637=EDGE_CURVE('',#1946,#1947,#309,.T.);
#1638=EDGE_CURVE('',#1947,#1909,#2056,.F.);
#1639=EDGE_CURVE('',#1908,#1944,#2057,.F.);
#1640=EDGE_CURVE('',#1814,#1948,#310,.T.);
#1641=EDGE_CURVE('',#1815,#1949,#311,.T.);
#1642=EDGE_CURVE('',#1948,#1949,#312,.T.);
#1643=EDGE_CURVE('',#1948,#1950,#2058,.T.);
#1644=EDGE_CURVE('',#1816,#1950,#313,.T.);
#1645=EDGE_CURVE('',#1817,#1951,#314,.T.);
#1646=EDGE_CURVE('',#1951,#1950,#315,.T.);
#1647=EDGE_CURVE('',#1951,#1952,#2059,.T.);
#1648=EDGE_CURVE('',#1818,#1952,#316,.T.);
#1649=EDGE_CURVE('',#1952,#1953,#317,.T.);
#1650=EDGE_CURVE('',#1819,#1953,#318,.T.);
#1651=EDGE_CURVE('',#1953,#1954,#2060,.T.);
#1652=EDGE_CURVE('',#1820,#1954,#319,.T.);
#1653=EDGE_CURVE('',#1954,#1955,#320,.T.);
#1654=EDGE_CURVE('',#1821,#1955,#321,.T.);
#1655=EDGE_CURVE('',#1879,#1956,#2061,.T.);
#1656=EDGE_CURVE('',#1956,#1957,#322,.T.);
#1657=EDGE_CURVE('',#1958,#1957,#2062,.T.);
#1658=EDGE_CURVE('',#1760,#1958,#323,.T.);
#1659=EDGE_CURVE('',#1958,#1959,#324,.T.);
#1660=EDGE_CURVE('',#1762,#1959,#325,.T.);
#1661=EDGE_CURVE('',#1763,#1960,#326,.T.);
#1662=EDGE_CURVE('',#1960,#1959,#2063,.T.);
#1663=EDGE_CURVE('',#1764,#1961,#327,.T.);
#1664=EDGE_CURVE('',#1961,#1960,#328,.T.);
#1665=EDGE_CURVE('',#1765,#1962,#329,.T.);
#1666=EDGE_CURVE('',#1962,#1961,#2064,.T.);
#1667=EDGE_CURVE('',#1963,#1964,#330,.T.);
#1668=EDGE_CURVE('',#1963,#1892,#331,.T.);
#1669=EDGE_CURVE('',#1964,#1962,#332,.T.);
#1670=EDGE_CURVE('',#1965,#1966,#333,.T.);
#1671=EDGE_CURVE('',#1965,#1963,#2065,.T.);
#1672=EDGE_CURVE('',#1966,#1964,#2066,.T.);
#1673=EDGE_CURVE('',#1779,#1967,#334,.T.);
#1674=EDGE_CURVE('',#1778,#1968,#335,.T.);
#1675=EDGE_CURVE('',#1967,#1968,#2067,.T.);
#1676=EDGE_CURVE('',#1967,#1969,#336,.T.);
#1677=EDGE_CURVE('',#1771,#1969,#337,.T.);
#1678=EDGE_CURVE('',#1970,#1971,#338,.T.);
#1679=EDGE_CURVE('',#1970,#1876,#2068,.T.);
#1680=EDGE_CURVE('',#1971,#1969,#2069,.T.);
#1681=EDGE_CURVE('',#1972,#1973,#339,.T.);
#1682=EDGE_CURVE('',#1972,#1970,#340,.T.);
#1683=EDGE_CURVE('',#1973,#1971,#341,.T.);
#1684=EDGE_CURVE('',#1974,#1975,#342,.T.);
#1685=EDGE_CURVE('',#1974,#1972,#2070,.T.);
#1686=EDGE_CURVE('',#1975,#1973,#2071,.T.);
#1687=EDGE_CURVE('',#1884,#1974,#343,.T.);
#1688=EDGE_CURVE('',#1976,#1975,#344,.T.);
#1689=EDGE_CURVE('',#1776,#1976,#345,.T.);
#1690=EDGE_CURVE('',#1777,#1977,#346,.T.);
#1691=EDGE_CURVE('',#1977,#1976,#2072,.T.);
#1692=EDGE_CURVE('',#1956,#1965,#347,.T.);
#1693=EDGE_CURVE('',#1966,#1957,#348,.T.);
#1694=EDGE_CURVE('',#1977,#1968,#349,.T.);
#1695=EDGE_CURVE('',#1955,#1949,#2073,.T.);
#1696=EDGE_CURVE('',#1978,#1979,#350,.T.);
#1697=EDGE_CURVE('',#1979,#1878,#2074,.F.);
#1698=EDGE_CURVE('',#1877,#1980,#2075,.F.);
#1699=EDGE_CURVE('',#1980,#1981,#351,.T.);
#1700=EDGE_CURVE('',#1981,#1889,#2076,.F.);
#1701=EDGE_CURVE('',#1888,#1978,#2077,.F.);
#1702=EDGE_CURVE('',#1880,#1863,#102,.T.);
#1703=EDGE_CURVE('',#1864,#1875,#103,.T.);
#1704=EDGE_CURVE('',#1865,#1874,#104,.F.);
#1705=EDGE_CURVE('',#1881,#1862,#105,.F.);
#1706=EDGE_CURVE('',#1858,#1893,#106,.T.);
#1707=EDGE_CURVE('',#1882,#1861,#107,.T.);
#1708=EDGE_CURVE('',#1859,#1891,#108,.F.);
#1709=EDGE_CURVE('',#1885,#1860,#109,.F.);
#1710=EDGE_CURVE('',#1900,#1841,#110,.T.);
#1711=EDGE_CURVE('',#1842,#1895,#111,.T.);
#1712=EDGE_CURVE('',#1843,#1894,#112,.F.);
#1713=EDGE_CURVE('',#1901,#1840,#113,.F.);
#1714=EDGE_CURVE('',#1836,#1913,#114,.T.);
#1715=EDGE_CURVE('',#1902,#1839,#115,.T.);
#1716=EDGE_CURVE('',#1837,#1911,#116,.F.);
#1717=EDGE_CURVE('',#1905,#1838,#117,.F.);
#1718=EDGE_CURVE('',#1887,#1963,#352,.T.);
#1719=EDGE_CURVE('',#1978,#1965,#353,.T.);
#1720=EDGE_CURVE('',#1979,#1956,#354,.T.);
#1721=EDGE_CURVE('',#1974,#1890,#355,.T.);
#1722=EDGE_CURVE('',#1972,#1981,#356,.T.);
#1723=EDGE_CURVE('',#1970,#1980,#357,.T.);
#1724=EDGE_CURVE('',#1907,#1921,#358,.T.);
#1725=EDGE_CURVE('',#1944,#1923,#359,.T.);
#1726=EDGE_CURVE('',#1945,#1914,#360,.T.);
#1727=EDGE_CURVE('',#1932,#1910,#361,.T.);
#1728=EDGE_CURVE('',#1930,#1947,#362,.T.);
#1729=EDGE_CURVE('',#1928,#1946,#363,.T.);
#1730=EDGE_CURVE('',#1982,#1982,#2078,.F.);
#1731=EDGE_CURVE('',#1983,#1983,#2079,.F.);
#1732=EDGE_CURVE('',#1984,#1984,#2080,.F.);
#1733=EDGE_CURVE('',#1985,#1985,#2081,.F.);
#1734=EDGE_CURVE('',#1986,#1986,#2082,.T.);
#1735=EDGE_CURVE('',#1987,#1987,#2083,.T.);
#1736=EDGE_CURVE('',#1988,#1988,#2084,.T.);
#1737=EDGE_CURVE('',#1989,#1989,#2085,.T.);
#1738=EDGE_CURVE('',#1990,#1990,#2086,.T.);
#1739=EDGE_CURVE('',#1991,#1991,#2087,.T.);
#1740=VERTEX_POINT('',#3677);
#1741=VERTEX_POINT('',#3678);
#1742=VERTEX_POINT('',#3680);
#1743=VERTEX_POINT('',#3682);
#1744=VERTEX_POINT('',#3684);
#1745=VERTEX_POINT('',#3686);
#1746=VERTEX_POINT('',#3688);
#1747=VERTEX_POINT('',#3690);
#1748=VERTEX_POINT('',#3692);
#1749=VERTEX_POINT('',#3694);
#1750=VERTEX_POINT('',#3698);
#1751=VERTEX_POINT('',#3699);
#1752=VERTEX_POINT('',#3701);
#1753=VERTEX_POINT('',#3703);
#1754=VERTEX_POINT('',#3705);
#1755=VERTEX_POINT('',#3707);
#1756=VERTEX_POINT('',#3709);
#1757=VERTEX_POINT('',#3711);
#1758=VERTEX_POINT('',#3713);
#1759=VERTEX_POINT('',#3715);
#1760=VERTEX_POINT('',#3719);
#1761=VERTEX_POINT('',#3720);
#1762=VERTEX_POINT('',#3722);
#1763=VERTEX_POINT('',#3724);
#1764=VERTEX_POINT('',#3726);
#1765=VERTEX_POINT('',#3728);
#1766=VERTEX_POINT('',#3730);
#1767=VERTEX_POINT('',#3732);
#1768=VERTEX_POINT('',#3734);
#1769=VERTEX_POINT('',#3736);
#1770=VERTEX_POINT('',#3740);
#1771=VERTEX_POINT('',#3741);
#1772=VERTEX_POINT('',#3743);
#1773=VERTEX_POINT('',#3745);
#1774=VERTEX_POINT('',#3747);
#1775=VERTEX_POINT('',#3749);
#1776=VERTEX_POINT('',#3751);
#1777=VERTEX_POINT('',#3753);
#1778=VERTEX_POINT('',#3755);
#1779=VERTEX_POINT('',#3757);
#1780=VERTEX_POINT('',#3761);
#1781=VERTEX_POINT('',#3763);
#1782=VERTEX_POINT('',#3765);
#1783=VERTEX_POINT('',#3767);
#1784=VERTEX_POINT('',#3769);
#1785=VERTEX_POINT('',#3771);
#1786=VERTEX_POINT('',#3773);
#1787=VERTEX_POINT('',#3774);
#1788=VERTEX_POINT('',#3776);
#1789=VERTEX_POINT('',#3778);
#1790=VERTEX_POINT('',#3780);
#1791=VERTEX_POINT('',#3782);
#1792=VERTEX_POINT('',#3784);
#1793=VERTEX_POINT('',#3786);
#1794=VERTEX_POINT('',#3789);
#1795=VERTEX_POINT('',#3790);
#1796=VERTEX_POINT('',#3792);
#1797=VERTEX_POINT('',#3794);
#1798=VERTEX_POINT('',#3796);
#1799=VERTEX_POINT('',#3798);
#1800=VERTEX_POINT('',#3800);
#1801=VERTEX_POINT('',#3802);
#1802=VERTEX_POINT('',#3804);
#1803=VERTEX_POINT('',#3806);
#1804=VERTEX_POINT('',#3808);
#1805=VERTEX_POINT('',#3810);
#1806=VERTEX_POINT('',#3812);
#1807=VERTEX_POINT('',#3814);
#1808=VERTEX_POINT('',#3816);
#1809=VERTEX_POINT('',#3818);
#1810=VERTEX_POINT('',#3821);
#1811=VERTEX_POINT('',#3822);
#1812=VERTEX_POINT('',#3824);
#1813=VERTEX_POINT('',#3826);
#1814=VERTEX_POINT('',#3829);
#1815=VERTEX_POINT('',#3830);
#1816=VERTEX_POINT('',#3832);
#1817=VERTEX_POINT('',#3834);
#1818=VERTEX_POINT('',#3836);
#1819=VERTEX_POINT('',#3838);
#1820=VERTEX_POINT('',#3840);
#1821=VERTEX_POINT('',#3842);
#1822=VERTEX_POINT('',#3846);
#1823=VERTEX_POINT('',#3847);
#1824=VERTEX_POINT('',#3849);
#1825=VERTEX_POINT('',#3851);
#1826=VERTEX_POINT('',#3853);
#1827=VERTEX_POINT('',#3855);
#1828=VERTEX_POINT('',#3859);
#1829=VERTEX_POINT('',#3860);
#1830=VERTEX_POINT('',#3862);
#1831=VERTEX_POINT('',#3864);
#1832=VERTEX_POINT('',#3866);
#1833=VERTEX_POINT('',#3868);
#1834=VERTEX_POINT('',#3872);
#1835=VERTEX_POINT('',#3874);
#1836=VERTEX_POINT('',#3876);
#1837=VERTEX_POINT('',#3877);
#1838=VERTEX_POINT('',#3883);
#1839=VERTEX_POINT('',#3885);
#1840=VERTEX_POINT('',#3891);
#1841=VERTEX_POINT('',#3893);
#1842=VERTEX_POINT('',#3899);
#1843=VERTEX_POINT('',#3901);
#1844=VERTEX_POINT('',#3908);
#1845=VERTEX_POINT('',#3910);
#1846=VERTEX_POINT('',#3912);
#1847=VERTEX_POINT('',#3914);
#1848=VERTEX_POINT('',#3917);
#1849=VERTEX_POINT('',#3919);
#1850=VERTEX_POINT('',#3921);
#1851=VERTEX_POINT('',#3923);
#1852=VERTEX_POINT('',#3925);
#1853=VERTEX_POINT('',#3927);
#1854=VERTEX_POINT('',#3931);
#1855=VERTEX_POINT('',#3933);
#1856=VERTEX_POINT('',#3937);
#1857=VERTEX_POINT('',#3939);
#1858=VERTEX_POINT('',#3941);
#1859=VERTEX_POINT('',#3942);
#1860=VERTEX_POINT('',#3948);
#1861=VERTEX_POINT('',#3950);
#1862=VERTEX_POINT('',#3956);
#1863=VERTEX_POINT('',#3958);
#1864=VERTEX_POINT('',#3964);
#1865=VERTEX_POINT('',#3966);
#1866=VERTEX_POINT('',#3973);
#1867=VERTEX_POINT('',#3974);
#1868=VERTEX_POINT('',#3977);
#1869=VERTEX_POINT('',#3979);
#1870=VERTEX_POINT('',#3982);
#1871=VERTEX_POINT('',#3984);
#1872=VERTEX_POINT('',#3987);
#1873=VERTEX_POINT('',#3989);
#1874=VERTEX_POINT('',#4032);
#1875=VERTEX_POINT('',#4034);
#1876=VERTEX_POINT('',#4037);
#1877=VERTEX_POINT('',#4042);
#1878=VERTEX_POINT('',#4044);
#1879=VERTEX_POINT('',#4049);
#1880=VERTEX_POINT('',#4061);
#1881=VERTEX_POINT('',#4065);
#1882=VERTEX_POINT('',#4077);
#1883=VERTEX_POINT('',#4079);
#1884=VERTEX_POINT('',#4081);
#1885=VERTEX_POINT('',#4085);
#1886=VERTEX_POINT('',#4087);
#1887=VERTEX_POINT('',#4089);
#1888=VERTEX_POINT('',#4094);
#1889=VERTEX_POINT('',#4096);
#1890=VERTEX_POINT('',#4101);
#1891=VERTEX_POINT('',#4113);
#1892=VERTEX_POINT('',#4116);
#1893=VERTEX_POINT('',#4120);
#1894=VERTEX_POINT('',#4134);
#1895=VERTEX_POINT('',#4136);
#1896=VERTEX_POINT('',#4139);
#1897=VERTEX_POINT('',#4144);
#1898=VERTEX_POINT('',#4146);
#1899=VERTEX_POINT('',#4151);
#1900=VERTEX_POINT('',#4163);
#1901=VERTEX_POINT('',#4167);
#1902=VERTEX_POINT('',#4179);
#1903=VERTEX_POINT('',#4181);
#1904=VERTEX_POINT('',#4183);
#1905=VERTEX_POINT('',#4187);
#1906=VERTEX_POINT('',#4189);
#1907=VERTEX_POINT('',#4191);
#1908=VERTEX_POINT('',#4196);
#1909=VERTEX_POINT('',#4198);
#1910=VERTEX_POINT('',#4203);
#1911=VERTEX_POINT('',#4215);
#1912=VERTEX_POINT('',#4218);
#1913=VERTEX_POINT('',#4222);
#1914=VERTEX_POINT('',#4236);
#1915=VERTEX_POINT('',#4238);
#1916=VERTEX_POINT('',#4240);
#1917=VERTEX_POINT('',#4244);
#1918=VERTEX_POINT('',#4248);
#1919=VERTEX_POINT('',#4252);
#1920=VERTEX_POINT('',#4256);
#1921=VERTEX_POINT('',#4260);
#1922=VERTEX_POINT('',#4261);
#1923=VERTEX_POINT('',#4266);
#1924=VERTEX_POINT('',#4267);
#1925=VERTEX_POINT('',#4272);
#1926=VERTEX_POINT('',#4274);
#1927=VERTEX_POINT('',#4278);
#1928=VERTEX_POINT('',#4282);
#1929=VERTEX_POINT('',#4283);
#1930=VERTEX_POINT('',#4288);
#1931=VERTEX_POINT('',#4289);
#1932=VERTEX_POINT('',#4294);
#1933=VERTEX_POINT('',#4295);
#1934=VERTEX_POINT('',#4301);
#1935=VERTEX_POINT('',#4305);
#1936=VERTEX_POINT('',#4309);
#1937=VERTEX_POINT('',#4311);
#1938=VERTEX_POINT('',#4315);
#1939=VERTEX_POINT('',#4319);
#1940=VERTEX_POINT('',#4323);
#1941=VERTEX_POINT('',#4327);
#1942=VERTEX_POINT('',#4331);
#1943=VERTEX_POINT('',#4335);
#1944=VERTEX_POINT('',#4346);
#1945=VERTEX_POINT('',#4347);
#1946=VERTEX_POINT('',#4350);
#1947=VERTEX_POINT('',#4352);
#1948=VERTEX_POINT('',#4358);
#1949=VERTEX_POINT('',#4360);
#1950=VERTEX_POINT('',#4364);
#1951=VERTEX_POINT('',#4368);
#1952=VERTEX_POINT('',#4372);
#1953=VERTEX_POINT('',#4376);
#1954=VERTEX_POINT('',#4380);
#1955=VERTEX_POINT('',#4384);
#1956=VERTEX_POINT('',#4388);
#1957=VERTEX_POINT('',#4390);
#1958=VERTEX_POINT('',#4392);
#1959=VERTEX_POINT('',#4396);
#1960=VERTEX_POINT('',#4400);
#1961=VERTEX_POINT('',#4404);
#1962=VERTEX_POINT('',#4408);
#1963=VERTEX_POINT('',#4412);
#1964=VERTEX_POINT('',#4413);
#1965=VERTEX_POINT('',#4418);
#1966=VERTEX_POINT('',#4419);
#1967=VERTEX_POINT('',#4424);
#1968=VERTEX_POINT('',#4426);
#1969=VERTEX_POINT('',#4430);
#1970=VERTEX_POINT('',#4434);
#1971=VERTEX_POINT('',#4435);
#1972=VERTEX_POINT('',#4440);
#1973=VERTEX_POINT('',#4441);
#1974=VERTEX_POINT('',#4446);
#1975=VERTEX_POINT('',#4447);
#1976=VERTEX_POINT('',#4453);
#1977=VERTEX_POINT('',#4457);
#1978=VERTEX_POINT('',#4468);
#1979=VERTEX_POINT('',#4469);
#1980=VERTEX_POINT('',#4472);
#1981=VERTEX_POINT('',#4474);
#1982=VERTEX_POINT('',#4678);
#1983=VERTEX_POINT('',#4681);
#1984=VERTEX_POINT('',#4684);
#1985=VERTEX_POINT('',#4687);
#1986=VERTEX_POINT('',#4690);
#1987=VERTEX_POINT('',#4693);
#1988=VERTEX_POINT('',#4698);
#1989=VERTEX_POINT('',#4702);
#1990=VERTEX_POINT('',#4706);
#1991=VERTEX_POINT('',#4710);
#1992=CIRCLE('',#2690,0.001);
#1993=CIRCLE('',#2691,0.001);
#1994=CIRCLE('',#2692,0.001);
#1995=CIRCLE('',#2693,0.001);
#1996=CIRCLE('',#2694,0.001);
#1997=CIRCLE('',#2696,0.001);
#1998=CIRCLE('',#2697,0.001);
#1999=CIRCLE('',#2698,0.001);
#2000=CIRCLE('',#2699,0.001);
#2001=CIRCLE('',#2700,0.001);
#2002=CIRCLE('',#2702,0.001);
#2003=CIRCLE('',#2703,0.001);
#2004=CIRCLE('',#2704,0.001);
#2005=CIRCLE('',#2705,0.001);
#2006=CIRCLE('',#2706,0.001);
#2007=CIRCLE('',#2708,0.001);
#2008=CIRCLE('',#2709,0.001);
#2009=CIRCLE('',#2710,0.001);
#2010=CIRCLE('',#2711,0.001);
#2011=CIRCLE('',#2712,0.001);
#2012=CIRCLE('',#2714,0.005);
#2013=CIRCLE('',#2715,0.005);
#2014=CIRCLE('',#2716,0.00125);
#2015=CIRCLE('',#2717,0.00125);
#2016=CIRCLE('',#2718,0.00125);
#2017=CIRCLE('',#2719,0.00125);
#2018=CIRCLE('',#2720,0.001);
#2019=CIRCLE('',#2721,0.001);
#2020=CIRCLE('',#2722,0.001);
#2021=CIRCLE('',#2723,0.001);
#2022=CIRCLE('',#2724,0.00361134104024735);
#2023=CIRCLE('',#2725,0.00288201490919819);
#2024=CIRCLE('',#2726,0.0112886086060801);
#2025=CIRCLE('',#2727,0.00761393069771306);
#2026=CIRCLE('',#2728,0.003030431669628);
#2027=CIRCLE('',#2729,0.0026020035294118);
#2028=CIRCLE('',#2730,0.00205320718720194);
#2029=CIRCLE('',#2731,0.00210692034483269);
#2030=CIRCLE('',#2732,0.001);
#2031=CIRCLE('',#2733,0.001);
#2032=CIRCLE('',#2734,0.001);
#2033=CIRCLE('',#2735,0.001);
#2034=CIRCLE('',#2737,0.00761393069771306);
#2035=CIRCLE('',#2738,0.0112886086060801);
#2036=CIRCLE('',#2740,0.00210692034483269);
#2037=CIRCLE('',#2741,0.00205320718720194);
#2038=CIRCLE('',#2797,0.001);
#2039=CIRCLE('',#2798,0.001);
#2040=CIRCLE('',#2801,0.001);
#2041=CIRCLE('',#2804,0.001);
#2042=CIRCLE('',#2807,0.001);
#2043=CIRCLE('',#2808,0.001);
#2044=CIRCLE('',#2810,0.001);
#2045=CIRCLE('',#2813,0.001);
#2046=CIRCLE('',#2814,0.001);
#2047=CIRCLE('',#2817,0.001);
#2048=CIRCLE('',#2818,0.001);
#2049=CIRCLE('',#2821,0.001);
#2050=CIRCLE('',#2823,0.001);
#2051=CIRCLE('',#2826,0.001);
#2052=CIRCLE('',#2829,0.001);
#2053=CIRCLE('',#2832,0.001);
#2054=CIRCLE('',#2837,0.00175);
#2055=CIRCLE('',#2838,0.00175);
#2056=CIRCLE('',#2839,0.00175);
#2057=CIRCLE('',#2840,0.00175);
#2058=CIRCLE('',#2844,0.001);
#2059=CIRCLE('',#2847,0.001);
#2060=CIRCLE('',#2850,0.001);
#2061=CIRCLE('',#2853,0.001);
#2062=CIRCLE('',#2854,0.001);
#2063=CIRCLE('',#2857,0.001);
#2064=CIRCLE('',#2860,0.001);
#2065=CIRCLE('',#2863,0.001);
#2066=CIRCLE('',#2864,0.001);
#2067=CIRCLE('',#2866,0.001);
#2068=CIRCLE('',#2869,0.001);
#2069=CIRCLE('',#2870,0.001);
#2070=CIRCLE('',#2873,0.001);
#2071=CIRCLE('',#2874,0.001);
#2072=CIRCLE('',#2877,0.001);
#2073=CIRCLE('',#2881,0.001);
#2074=CIRCLE('',#2883,0.00175);
#2075=CIRCLE('',#2884,0.00175);
#2076=CIRCLE('',#2885,0.00175);
#2077=CIRCLE('',#2886,0.00175);
#2078=CIRCLE('',#2915,0.00125);
#2079=CIRCLE('',#2917,0.00125);
#2080=CIRCLE('',#2919,0.00125);
#2081=CIRCLE('',#2921,0.00125);
#2082=CIRCLE('',#2923,0.00402859560018176);
#2083=CIRCLE('',#2925,0.00402859560018176);
#2084=CIRCLE('',#2929,0.0021);
#2085=CIRCLE('',#2932,0.0021);
#2086=CIRCLE('',#2935,0.0021);
#2087=CIRCLE('',#2938,0.0021);
#2088=EDGE_LOOP('',(#594,#595,#596,#597,#598,#599,#600,#601,#602,#603));
#2089=EDGE_LOOP('',(#604,#605,#606,#607,#608,#609,#610,#611,#612,#613));
#2090=EDGE_LOOP('',(#614,#615,#616,#617,#618,#619,#620,#621,#622,#623));
#2091=EDGE_LOOP('',(#624,#625,#626,#627,#628,#629,#630,#631,#632,#633));
#2092=EDGE_LOOP('',(#634));
#2093=EDGE_LOOP('',(#635));
#2094=EDGE_LOOP('',(#636));
#2095=EDGE_LOOP('',(#637));
#2096=EDGE_LOOP('',(#638));
#2097=EDGE_LOOP('',(#639));
#2098=EDGE_LOOP('',(#640,#641,#642,#643,#644,#645,#646,#647));
#2099=EDGE_LOOP('',(#648,#649,#650,#651,#652,#653,#654,#655,#656,#657,#658,
#659,#660,#661,#662,#663));
#2100=EDGE_LOOP('',(#664,#665,#666,#667));
#2101=EDGE_LOOP('',(#668,#669,#670,#671,#672,#673,#674,#675));
#2102=EDGE_LOOP('',(#676,#677,#678,#679,#680,#681));
#2103=EDGE_LOOP('',(#682,#683,#684,#685,#686,#687));
#2104=EDGE_LOOP('',(#688));
#2105=EDGE_LOOP('',(#689));
#2106=EDGE_LOOP('',(#690,#691,#692,#693,#694,#695,#696,#697));
#2107=EDGE_LOOP('',(#698,#699,#700,#701,#702,#703,#704,#705,#706,#707,#708,
#709,#710,#711));
#2108=EDGE_LOOP('',(#712,#713,#714,#715));
#2109=EDGE_LOOP('',(#716));
#2110=EDGE_LOOP('',(#717));
#2111=EDGE_LOOP('',(#718,#719,#720,#721,#722,#723,#724,#725));
#2112=EDGE_LOOP('',(#726,#727,#728,#729,#730,#731,#732,#733,#734,#735,#736,
#737,#738,#739));
#2113=EDGE_LOOP('',(#740,#741,#742,#743));
#2114=EDGE_LOOP('',(#744,#745,#746,#747,#748,#749));
#2115=EDGE_LOOP('',(#750,#751,#752,#753,#754,#755));
#2116=EDGE_LOOP('',(#756,#757,#758,#759));
#2117=EDGE_LOOP('',(#760,#761,#762,#763));
#2118=EDGE_LOOP('',(#764,#765,#766,#767,#768));
#2119=EDGE_LOOP('',(#769,#770,#771,#772));
#2120=EDGE_LOOP('',(#773,#774,#775,#776));
#2121=EDGE_LOOP('',(#777,#778,#779,#780));
#2122=EDGE_LOOP('',(#781,#782,#783,#784));
#2123=EDGE_LOOP('',(#785,#786,#787,#788));
#2124=EDGE_LOOP('',(#789,#790,#791,#792,#793));
#2125=EDGE_LOOP('',(#794,#795,#796,#797));
#2126=EDGE_LOOP('',(#798,#799,#800,#801,#802));
#2127=EDGE_LOOP('',(#803,#804,#805,#806));
#2128=EDGE_LOOP('',(#807,#808,#809,#810));
#2129=EDGE_LOOP('',(#811,#812,#813,#814,#815));
#2130=EDGE_LOOP('',(#816,#817,#818,#819));
#2131=EDGE_LOOP('',(#820,#821,#822,#823));
#2132=EDGE_LOOP('',(#824,#825,#826,#827,#828,#829,#830,#831,#832,#833));
#2133=EDGE_LOOP('',(#834,#835,#836,#837));
#2134=EDGE_LOOP('',(#838,#839,#840,#841));
#2135=EDGE_LOOP('',(#842,#843,#844,#845,#846,#847));
#2136=EDGE_LOOP('',(#848,#849,#850,#851,#852,#853,#854,#855));
#2137=EDGE_LOOP('',(#856,#857,#858,#859,#860,#861));
#2138=EDGE_LOOP('',(#862,#863,#864,#865));
#2139=EDGE_LOOP('',(#866,#867,#868,#869));
#2140=EDGE_LOOP('',(#870,#871,#872,#873,#874,#875,#876,#877,#878,#879));
#2141=EDGE_LOOP('',(#880,#881,#882,#883));
#2142=EDGE_LOOP('',(#884,#885,#886,#887));
#2143=EDGE_LOOP('',(#888,#889,#890,#891,#892,#893));
#2144=EDGE_LOOP('',(#894,#895,#896,#897,#898,#899,#900,#901));
#2145=EDGE_LOOP('',(#902,#903,#904,#905,#906,#907));
#2146=EDGE_LOOP('',(#908,#909,#910,#911));
#2147=EDGE_LOOP('',(#912,#913,#914,#915));
#2148=EDGE_LOOP('',(#916,#917,#918,#919,#920,#921));
#2149=EDGE_LOOP('',(#922,#923,#924,#925));
#2150=EDGE_LOOP('',(#926,#927,#928,#929));
#2151=EDGE_LOOP('',(#930,#931,#932,#933));
#2152=EDGE_LOOP('',(#934,#935,#936,#937));
#2153=EDGE_LOOP('',(#938,#939,#940,#941,#942,#943));
#2154=EDGE_LOOP('',(#944,#945,#946,#947));
#2155=EDGE_LOOP('',(#948,#949,#950,#951));
#2156=EDGE_LOOP('',(#952,#953,#954,#955));
#2157=EDGE_LOOP('',(#956,#957,#958,#959,#960,#961));
#2158=EDGE_LOOP('',(#962,#963,#964,#965));
#2159=EDGE_LOOP('',(#966,#967,#968,#969));
#2160=EDGE_LOOP('',(#970,#971,#972,#973,#974,#975));
#2161=EDGE_LOOP('',(#976,#977,#978,#979));
#2162=EDGE_LOOP('',(#980,#981,#982,#983));
#2163=EDGE_LOOP('',(#984,#985,#986,#987));
#2164=EDGE_LOOP('',(#988,#989,#990,#991));
#2165=EDGE_LOOP('',(#992,#993,#994,#995));
#2166=EDGE_LOOP('',(#996,#997,#998,#999));
#2167=EDGE_LOOP('',(#1000,#1001,#1002,#1003));
#2168=EDGE_LOOP('',(#1004,#1005,#1006,#1007));
#2169=EDGE_LOOP('',(#1008,#1009,#1010,#1011));
#2170=EDGE_LOOP('',(#1012,#1013,#1014,#1015));
#2171=EDGE_LOOP('',(#1016,#1017,#1018,#1019));
#2172=EDGE_LOOP('',(#1020,#1021,#1022,#1023,#1024,#1025,#1026,#1027));
#2173=EDGE_LOOP('',(#1028,#1029,#1030,#1031,#1032,#1033,#1034,#1035));
#2174=EDGE_LOOP('',(#1036,#1037,#1038,#1039,#1040,#1041,#1042,#1043));
#2175=EDGE_LOOP('',(#1044,#1045,#1046,#1047,#1048,#1049,#1050,#1051));
#2176=EDGE_LOOP('',(#1052,#1053,#1054,#1055));
#2177=EDGE_LOOP('',(#1056,#1057,#1058,#1059));
#2178=EDGE_LOOP('',(#1060,#1061,#1062,#1063));
#2179=EDGE_LOOP('',(#1064,#1065,#1066,#1067));
#2180=EDGE_LOOP('',(#1068,#1069,#1070,#1071));
#2181=EDGE_LOOP('',(#1072,#1073,#1074,#1075));
#2182=EDGE_LOOP('',(#1076,#1077,#1078,#1079));
#2183=EDGE_LOOP('',(#1080,#1081,#1082,#1083,#1084,#1085));
#2184=EDGE_LOOP('',(#1086,#1087,#1088,#1089));
#2185=EDGE_LOOP('',(#1090,#1091,#1092,#1093));
#2186=EDGE_LOOP('',(#1094,#1095,#1096,#1097));
#2187=EDGE_LOOP('',(#1098,#1099,#1100,#1101));
#2188=EDGE_LOOP('',(#1102,#1103,#1104,#1105,#1106,#1107));
#2189=EDGE_LOOP('',(#1108,#1109,#1110,#1111));
#2190=EDGE_LOOP('',(#1112,#1113,#1114,#1115));
#2191=EDGE_LOOP('',(#1116,#1117,#1118,#1119));
#2192=EDGE_LOOP('',(#1120,#1121,#1122,#1123,#1124,#1125));
#2193=EDGE_LOOP('',(#1126,#1127,#1128,#1129));
#2194=EDGE_LOOP('',(#1130,#1131,#1132,#1133));
#2195=EDGE_LOOP('',(#1134,#1135,#1136,#1137,#1138,#1139));
#2196=EDGE_LOOP('',(#1140,#1141,#1142,#1143));
#2197=EDGE_LOOP('',(#1144,#1145,#1146,#1147));
#2198=EDGE_LOOP('',(#1148,#1149,#1150,#1151));
#2199=EDGE_LOOP('',(#1152,#1153,#1154,#1155));
#2200=EDGE_LOOP('',(#1156,#1157,#1158,#1159,#1160,#1161,#1162,#1163));
#2201=EDGE_LOOP('',(#1164,#1165,#1166,#1167,#1168,#1169,#1170,#1171));
#2202=EDGE_LOOP('',(#1172,#1173,#1174,#1175,#1176,#1177,#1178,#1179));
#2203=EDGE_LOOP('',(#1180,#1181,#1182,#1183,#1184,#1185,#1186,#1187));
#2204=EDGE_LOOP('',(#1188,#1189,#1190,#1191));
#2205=EDGE_LOOP('',(#1192,#1193,#1194,#1195));
#2206=EDGE_LOOP('',(#1196,#1197,#1198,#1199));
#2207=EDGE_LOOP('',(#1200,#1201,#1202,#1203));
#2208=EDGE_LOOP('',(#1204,#1205,#1206,#1207));
#2209=EDGE_LOOP('',(#1208,#1209,#1210,#1211));
#2210=EDGE_LOOP('',(#1212,#1213,#1214,#1215));
#2211=EDGE_LOOP('',(#1216,#1217,#1218,#1219));
#2212=EDGE_LOOP('',(#1220,#1221,#1222,#1223));
#2213=EDGE_LOOP('',(#1224,#1225,#1226,#1227));
#2214=EDGE_LOOP('',(#1228,#1229,#1230,#1231));
#2215=EDGE_LOOP('',(#1232,#1233,#1234,#1235));
#2216=EDGE_LOOP('',(#1236,#1237,#1238,#1239));
#2217=EDGE_LOOP('',(#1240,#1241,#1242,#1243));
#2218=EDGE_LOOP('',(#1244,#1245,#1246,#1247));
#2219=EDGE_LOOP('',(#1248,#1249,#1250,#1251));
#2220=EDGE_LOOP('',(#1252,#1253,#1254,#1255));
#2221=EDGE_LOOP('',(#1256,#1257,#1258,#1259));
#2222=EDGE_LOOP('',(#1260,#1261,#1262,#1263));
#2223=EDGE_LOOP('',(#1264,#1265,#1266,#1267,#1268));
#2224=EDGE_LOOP('',(#1269,#1270,#1271,#1272));
#2225=EDGE_LOOP('',(#1273,#1274,#1275,#1276));
#2226=EDGE_LOOP('',(#1277,#1278,#1279,#1280));
#2227=EDGE_LOOP('',(#1281,#1282,#1283,#1284,#1285));
#2228=EDGE_LOOP('',(#1286,#1287,#1288,#1289));
#2229=EDGE_LOOP('',(#1290,#1291,#1292,#1293));
#2230=EDGE_LOOP('',(#1294,#1295,#1296,#1297));
#2231=EDGE_LOOP('',(#1298,#1299,#1300,#1301,#1302));
#2232=EDGE_LOOP('',(#1303,#1304,#1305,#1306));
#2233=EDGE_LOOP('',(#1307,#1308,#1309,#1310));
#2234=EDGE_LOOP('',(#1311,#1312,#1313,#1314));
#2235=EDGE_LOOP('',(#1315,#1316,#1317,#1318,#1319));
#2236=EDGE_LOOP('',(#1320,#1321,#1322,#1323));
#2237=EDGE_LOOP('',(#1324,#1325,#1326,#1327));
#2238=EDGE_LOOP('',(#1328));
#2239=EDGE_LOOP('',(#1329));
#2240=EDGE_LOOP('',(#1330));
#2241=EDGE_LOOP('',(#1331));
#2242=EDGE_LOOP('',(#1332));
#2243=EDGE_LOOP('',(#1333));
#2244=EDGE_LOOP('',(#1334));
#2245=EDGE_LOOP('',(#1335));
#2246=EDGE_LOOP('',(#1336));
#2247=EDGE_LOOP('',(#1337));
#2248=EDGE_LOOP('',(#1338));
#2249=EDGE_LOOP('',(#1339));
#2250=EDGE_LOOP('',(#1340));
#2251=EDGE_LOOP('',(#1341));
#2252=EDGE_LOOP('',(#1342));
#2253=EDGE_LOOP('',(#1343));
#2254=EDGE_LOOP('',(#1344));
#2255=EDGE_LOOP('',(#1345));
#2256=EDGE_LOOP('',(#1346));
#2257=EDGE_LOOP('',(#1347));
#2258=EDGE_LOOP('',(#1348));
#2259=EDGE_LOOP('',(#1349));
#2260=EDGE_LOOP('',(#1350));
#2261=EDGE_LOOP('',(#1351));
#2262=EDGE_LOOP('',(#1352));
#2263=EDGE_LOOP('',(#1353));
#2264=EDGE_LOOP('',(#1354));
#2265=EDGE_LOOP('',(#1355));
#2266=EDGE_LOOP('',(#1356));
#2267=EDGE_LOOP('',(#1357));
#2268=FACE_BOUND('',#2088,.T.);
#2269=FACE_BOUND('',#2089,.T.);
#2270=FACE_BOUND('',#2090,.T.);
#2271=FACE_BOUND('',#2091,.T.);
#2272=FACE_BOUND('',#2092,.T.);
#2273=FACE_BOUND('',#2093,.T.);
#2274=FACE_BOUND('',#2094,.T.);
#2275=FACE_BOUND('',#2095,.T.);
#2276=FACE_BOUND('',#2096,.T.);
#2277=FACE_BOUND('',#2097,.T.);
#2278=FACE_BOUND('',#2098,.T.);
#2279=FACE_BOUND('',#2099,.T.);
#2280=FACE_BOUND('',#2100,.T.);
#2281=FACE_BOUND('',#2101,.T.);
#2282=FACE_BOUND('',#2102,.T.);
#2283=FACE_BOUND('',#2103,.T.);
#2284=FACE_BOUND('',#2104,.T.);
#2285=FACE_BOUND('',#2105,.T.);
#2286=FACE_BOUND('',#2106,.T.);
#2287=FACE_BOUND('',#2107,.T.);
#2288=FACE_BOUND('',#2108,.T.);
#2289=FACE_BOUND('',#2109,.T.);
#2290=FACE_BOUND('',#2110,.T.);
#2291=FACE_BOUND('',#2111,.T.);
#2292=FACE_BOUND('',#2112,.T.);
#2293=FACE_BOUND('',#2113,.T.);
#2294=FACE_BOUND('',#2114,.T.);
#2295=FACE_BOUND('',#2115,.T.);
#2296=FACE_BOUND('',#2116,.T.);
#2297=FACE_BOUND('',#2117,.T.);
#2298=FACE_BOUND('',#2118,.T.);
#2299=FACE_BOUND('',#2119,.T.);
#2300=FACE_BOUND('',#2120,.T.);
#2301=FACE_BOUND('',#2121,.T.);
#2302=FACE_BOUND('',#2122,.T.);
#2303=FACE_BOUND('',#2123,.T.);
#2304=FACE_BOUND('',#2124,.T.);
#2305=FACE_BOUND('',#2125,.T.);
#2306=FACE_BOUND('',#2126,.T.);
#2307=FACE_BOUND('',#2127,.T.);
#2308=FACE_BOUND('',#2128,.T.);
#2309=FACE_BOUND('',#2129,.T.);
#2310=FACE_BOUND('',#2130,.T.);
#2311=FACE_BOUND('',#2131,.T.);
#2312=FACE_BOUND('',#2132,.T.);
#2313=FACE_BOUND('',#2133,.T.);
#2314=FACE_BOUND('',#2134,.T.);
#2315=FACE_BOUND('',#2135,.T.);
#2316=FACE_BOUND('',#2136,.T.);
#2317=FACE_BOUND('',#2137,.T.);
#2318=FACE_BOUND('',#2138,.T.);
#2319=FACE_BOUND('',#2139,.T.);
#2320=FACE_BOUND('',#2140,.T.);
#2321=FACE_BOUND('',#2141,.T.);
#2322=FACE_BOUND('',#2142,.T.);
#2323=FACE_BOUND('',#2143,.T.);
#2324=FACE_BOUND('',#2144,.T.);
#2325=FACE_BOUND('',#2145,.T.);
#2326=FACE_BOUND('',#2146,.T.);
#2327=FACE_BOUND('',#2147,.T.);
#2328=FACE_BOUND('',#2148,.T.);
#2329=FACE_BOUND('',#2149,.T.);
#2330=FACE_BOUND('',#2150,.T.);
#2331=FACE_BOUND('',#2151,.T.);
#2332=FACE_BOUND('',#2152,.T.);
#2333=FACE_BOUND('',#2153,.T.);
#2334=FACE_BOUND('',#2154,.T.);
#2335=FACE_BOUND('',#2155,.T.);
#2336=FACE_BOUND('',#2156,.T.);
#2337=FACE_BOUND('',#2157,.T.);
#2338=FACE_BOUND('',#2158,.T.);
#2339=FACE_BOUND('',#2159,.T.);
#2340=FACE_BOUND('',#2160,.T.);
#2341=FACE_BOUND('',#2161,.T.);
#2342=FACE_BOUND('',#2162,.T.);
#2343=FACE_BOUND('',#2163,.T.);
#2344=FACE_BOUND('',#2164,.T.);
#2345=FACE_BOUND('',#2165,.T.);
#2346=FACE_BOUND('',#2166,.T.);
#2347=FACE_BOUND('',#2167,.T.);
#2348=FACE_BOUND('',#2168,.T.);
#2349=FACE_BOUND('',#2169,.T.);
#2350=FACE_BOUND('',#2170,.T.);
#2351=FACE_BOUND('',#2171,.T.);
#2352=FACE_BOUND('',#2172,.T.);
#2353=FACE_BOUND('',#2173,.T.);
#2354=FACE_BOUND('',#2174,.T.);
#2355=FACE_BOUND('',#2175,.T.);
#2356=FACE_BOUND('',#2176,.T.);
#2357=FACE_BOUND('',#2177,.T.);
#2358=FACE_BOUND('',#2178,.T.);
#2359=FACE_BOUND('',#2179,.T.);
#2360=FACE_BOUND('',#2180,.T.);
#2361=FACE_BOUND('',#2181,.T.);
#2362=FACE_BOUND('',#2182,.T.);
#2363=FACE_BOUND('',#2183,.T.);
#2364=FACE_BOUND('',#2184,.T.);
#2365=FACE_BOUND('',#2185,.T.);
#2366=FACE_BOUND('',#2186,.T.);
#2367=FACE_BOUND('',#2187,.T.);
#2368=FACE_BOUND('',#2188,.T.);
#2369=FACE_BOUND('',#2189,.T.);
#2370=FACE_BOUND('',#2190,.T.);
#2371=FACE_BOUND('',#2191,.T.);
#2372=FACE_BOUND('',#2192,.T.);
#2373=FACE_BOUND('',#2193,.T.);
#2374=FACE_BOUND('',#2194,.T.);
#2375=FACE_BOUND('',#2195,.T.);
#2376=FACE_BOUND('',#2196,.T.);
#2377=FACE_BOUND('',#2197,.T.);
#2378=FACE_BOUND('',#2198,.T.);
#2379=FACE_BOUND('',#2199,.T.);
#2380=FACE_BOUND('',#2200,.T.);
#2381=FACE_BOUND('',#2201,.T.);
#2382=FACE_BOUND('',#2202,.T.);
#2383=FACE_BOUND('',#2203,.T.);
#2384=FACE_BOUND('',#2204,.T.);
#2385=FACE_BOUND('',#2205,.T.);
#2386=FACE_BOUND('',#2206,.T.);
#2387=FACE_BOUND('',#2207,.T.);
#2388=FACE_BOUND('',#2208,.T.);
#2389=FACE_BOUND('',#2209,.T.);
#2390=FACE_BOUND('',#2210,.T.);
#2391=FACE_BOUND('',#2211,.T.);
#2392=FACE_BOUND('',#2212,.T.);
#2393=FACE_BOUND('',#2213,.T.);
#2394=FACE_BOUND('',#2214,.T.);
#2395=FACE_BOUND('',#2215,.T.);
#2396=FACE_BOUND('',#2216,.T.);
#2397=FACE_BOUND('',#2217,.T.);
#2398=FACE_BOUND('',#2218,.T.);
#2399=FACE_BOUND('',#2219,.T.);
#2400=FACE_BOUND('',#2220,.T.);
#2401=FACE_BOUND('',#2221,.T.);
#2402=FACE_BOUND('',#2222,.T.);
#2403=FACE_BOUND('',#2223,.T.);
#2404=FACE_BOUND('',#2224,.T.);
#2405=FACE_BOUND('',#2225,.T.);
#2406=FACE_BOUND('',#2226,.T.);
#2407=FACE_BOUND('',#2227,.T.);
#2408=FACE_BOUND('',#2228,.T.);
#2409=FACE_BOUND('',#2229,.T.);
#2410=FACE_BOUND('',#2230,.T.);
#2411=FACE_BOUND('',#2231,.T.);
#2412=FACE_BOUND('',#2232,.T.);
#2413=FACE_BOUND('',#2233,.T.);
#2414=FACE_BOUND('',#2234,.T.);
#2415=FACE_BOUND('',#2235,.T.);
#2416=FACE_BOUND('',#2236,.T.);
#2417=FACE_BOUND('',#2237,.T.);
#2418=FACE_BOUND('',#2238,.T.);
#2419=FACE_BOUND('',#2239,.T.);
#2420=FACE_BOUND('',#2240,.T.);
#2421=FACE_BOUND('',#2241,.T.);
#2422=FACE_BOUND('',#2242,.T.);
#2423=FACE_BOUND('',#2243,.T.);
#2424=FACE_BOUND('',#2244,.T.);
#2425=FACE_BOUND('',#2245,.T.);
#2426=FACE_BOUND('',#2246,.T.);
#2427=FACE_BOUND('',#2247,.T.);
#2428=FACE_BOUND('',#2248,.T.);
#2429=FACE_BOUND('',#2249,.T.);
#2430=FACE_BOUND('',#2250,.T.);
#2431=FACE_BOUND('',#2251,.T.);
#2432=FACE_BOUND('',#2252,.T.);
#2433=FACE_BOUND('',#2253,.T.);
#2434=FACE_BOUND('',#2254,.T.);
#2435=FACE_BOUND('',#2255,.T.);
#2436=FACE_BOUND('',#2256,.T.);
#2437=FACE_BOUND('',#2257,.T.);
#2438=FACE_BOUND('',#2258,.T.);
#2439=FACE_BOUND('',#2259,.T.);
#2440=FACE_BOUND('',#2260,.T.);
#2441=FACE_BOUND('',#2261,.T.);
#2442=FACE_BOUND('',#2262,.T.);
#2443=FACE_BOUND('',#2263,.T.);
#2444=FACE_BOUND('',#2264,.T.);
#2445=FACE_BOUND('',#2265,.T.);
#2446=FACE_BOUND('',#2266,.T.);
#2447=FACE_BOUND('',#2267,.T.);
#2448=PLANE('',#2689);
#2449=PLANE('',#2695);
#2450=PLANE('',#2701);
#2451=PLANE('',#2707);
#2452=PLANE('',#2713);
#2453=PLANE('',#2736);
#2454=PLANE('',#2739);
#2455=PLANE('',#2742);
#2456=PLANE('',#2749);
#2457=PLANE('',#2750);
#2458=PLANE('',#2757);
#2459=PLANE('',#2758);
#2460=PLANE('',#2759);
#2461=PLANE('',#2760);
#2462=PLANE('',#2761);
#2463=PLANE('',#2763);
#2464=PLANE('',#2765);
#2465=PLANE('',#2767);
#2466=PLANE('',#2769);
#2467=PLANE('',#2771);
#2468=PLANE('',#2772);
#2469=PLANE('',#2776);
#2470=PLANE('',#2778);
#2471=PLANE('',#2781);
#2472=PLANE('',#2784);
#2473=PLANE('',#2786);
#2474=PLANE('',#2788);
#2475=PLANE('',#2791);
#2476=PLANE('',#2794);
#2477=PLANE('',#2799);
#2478=PLANE('',#2802);
#2479=PLANE('',#2805);
#2480=PLANE('',#2811);
#2481=PLANE('',#2815);
#2482=PLANE('',#2819);
#2483=PLANE('',#2824);
#2484=PLANE('',#2827);
#2485=PLANE('',#2830);
#2486=PLANE('',#2833);
#2487=PLANE('',#2834);
#2488=PLANE('',#2835);
#2489=PLANE('',#2836);
#2490=PLANE('',#2841);
#2491=PLANE('',#2842);
#2492=PLANE('',#2845);
#2493=PLANE('',#2848);
#2494=PLANE('',#2851);
#2495=PLANE('',#2855);
#2496=PLANE('',#2858);
#2497=PLANE('',#2861);
#2498=PLANE('',#2867);
#2499=PLANE('',#2871);
#2500=PLANE('',#2875);
#2501=PLANE('',#2878);
#2502=PLANE('',#2879);
#2503=PLANE('',#2882);
#2504=PLANE('',#2887);
#2505=PLANE('',#2888);
#2506=PLANE('',#2889);
#2507=PLANE('',#2890);
#2508=PLANE('',#2891);
#2509=PLANE('',#2892);
#2510=PLANE('',#2893);
#2511=PLANE('',#2894);
#2512=PLANE('',#2895);
#2513=PLANE('',#2896);
#2514=PLANE('',#2897);
#2515=PLANE('',#2898);
#2516=PLANE('',#2900);
#2517=PLANE('',#2902);
#2518=PLANE('',#2904);
#2519=PLANE('',#2906);
#2520=PLANE('',#2908);
#2521=PLANE('',#2910);
#2522=PLANE('',#2912);
#2523=PLANE('',#2922);
#2524=PLANE('',#2924);
#2525=PLANE('',#2930);
#2526=PLANE('',#2933);
#2527=PLANE('',#2936);
#2528=PLANE('',#2939);
#2529=ADVANCED_FACE('',(#2268),#2448,.T.);
#2530=ADVANCED_FACE('',(#2269),#2449,.T.);
#2531=ADVANCED_FACE('',(#2270),#2450,.T.);
#2532=ADVANCED_FACE('',(#2271),#2451,.T.);
#2533=ADVANCED_FACE('',(#2272,#2273,#2274,#2275,#2276,#2277,#2278,#2279,
#2280,#2281),#2452,.T.);
#2534=ADVANCED_FACE('',(#2282),#2453,.F.);
#2535=ADVANCED_FACE('',(#2283),#2454,.F.);
#2536=ADVANCED_FACE('',(#2284,#2285,#2286,#2287),#2455,.F.);
#2537=ADVANCED_FACE('',(#2288),#2456,.F.);
#2538=ADVANCED_FACE('',(#2289,#2290,#2291,#2292),#2457,.F.);
#2539=ADVANCED_FACE('',(#2293),#2458,.F.);
#2540=ADVANCED_FACE('',(#2294),#2459,.T.);
#2541=ADVANCED_FACE('',(#2295),#2460,.F.);
#2542=ADVANCED_FACE('',(#2296),#2461,.T.);
#2543=ADVANCED_FACE('',(#2297),#2462,.F.);
#2544=ADVANCED_FACE('',(#2298),#30,.T.);
#2545=ADVANCED_FACE('',(#2299),#2463,.F.);
#2546=ADVANCED_FACE('',(#2300),#31,.T.);
#2547=ADVANCED_FACE('',(#2301),#2464,.T.);
#2548=ADVANCED_FACE('',(#2302),#32,.T.);
#2549=ADVANCED_FACE('',(#2303),#2465,.F.);
#2550=ADVANCED_FACE('',(#2304),#33,.T.);
#2551=ADVANCED_FACE('',(#2305),#2466,.F.);
#2552=ADVANCED_FACE('',(#2306),#34,.T.);
#2553=ADVANCED_FACE('',(#2307),#2467,.F.);
#2554=ADVANCED_FACE('',(#2308),#2468,.F.);
#2555=ADVANCED_FACE('',(#2309),#35,.T.);
#2556=ADVANCED_FACE('',(#2310),#36,.T.);
#2557=ADVANCED_FACE('',(#2311),#37,.T.);
#2558=ADVANCED_FACE('',(#2312),#2469,.T.);
#2559=ADVANCED_FACE('',(#2313),#38,.F.);
#2560=ADVANCED_FACE('',(#2314),#2470,.T.);
#2561=ADVANCED_FACE('',(#2315),#39,.F.);
#2562=ADVANCED_FACE('',(#2316),#2471,.F.);
#2563=ADVANCED_FACE('',(#2317),#40,.F.);
#2564=ADVANCED_FACE('',(#2318),#2472,.F.);
#2565=ADVANCED_FACE('',(#2319),#41,.F.);
#2566=ADVANCED_FACE('',(#2320),#2473,.T.);
#2567=ADVANCED_FACE('',(#2321),#42,.F.);
#2568=ADVANCED_FACE('',(#2322),#2474,.T.);
#2569=ADVANCED_FACE('',(#2323),#43,.F.);
#2570=ADVANCED_FACE('',(#2324),#2475,.F.);
#2571=ADVANCED_FACE('',(#2325),#44,.F.);
#2572=ADVANCED_FACE('',(#2326),#2476,.F.);
#2573=ADVANCED_FACE('',(#2327),#45,.F.);
#2574=ADVANCED_FACE('',(#2328),#46,.F.);
#2575=ADVANCED_FACE('',(#2329),#2477,.F.);
#2576=ADVANCED_FACE('',(#2330),#47,.F.);
#2577=ADVANCED_FACE('',(#2331),#2478,.T.);
#2578=ADVANCED_FACE('',(#2332),#48,.F.);
#2579=ADVANCED_FACE('',(#2333),#2479,.T.);
#2580=ADVANCED_FACE('',(#2334),#49,.F.);
#2581=ADVANCED_FACE('',(#2335),#50,.F.);
#2582=ADVANCED_FACE('',(#2336),#2480,.F.);
#2583=ADVANCED_FACE('',(#2337),#51,.F.);
#2584=ADVANCED_FACE('',(#2338),#2481,.T.);
#2585=ADVANCED_FACE('',(#2339),#52,.F.);
#2586=ADVANCED_FACE('',(#2340),#2482,.T.);
#2587=ADVANCED_FACE('',(#2341),#53,.F.);
#2588=ADVANCED_FACE('',(#2342),#54,.T.);
#2589=ADVANCED_FACE('',(#2343),#2483,.F.);
#2590=ADVANCED_FACE('',(#2344),#55,.T.);
#2591=ADVANCED_FACE('',(#2345),#2484,.T.);
#2592=ADVANCED_FACE('',(#2346),#56,.T.);
#2593=ADVANCED_FACE('',(#2347),#2485,.T.);
#2594=ADVANCED_FACE('',(#2348),#57,.T.);
#2595=ADVANCED_FACE('',(#2349),#2486,.F.);
#2596=ADVANCED_FACE('',(#2350),#2487,.F.);
#2597=ADVANCED_FACE('',(#2351),#2488,.F.);
#2598=ADVANCED_FACE('',(#2352),#2489,.T.);
#2599=ADVANCED_FACE('',(#2353,#2354,#2355),#2490,.F.);
#2600=ADVANCED_FACE('',(#2356),#2491,.T.);
#2601=ADVANCED_FACE('',(#2357),#58,.T.);
#2602=ADVANCED_FACE('',(#2358),#2492,.T.);
#2603=ADVANCED_FACE('',(#2359),#59,.T.);
#2604=ADVANCED_FACE('',(#2360),#2493,.F.);
#2605=ADVANCED_FACE('',(#2361),#60,.T.);
#2606=ADVANCED_FACE('',(#2362),#2494,.F.);
#2607=ADVANCED_FACE('',(#2363),#61,.F.);
#2608=ADVANCED_FACE('',(#2364),#2495,.F.);
#2609=ADVANCED_FACE('',(#2365),#62,.F.);
#2610=ADVANCED_FACE('',(#2366),#2496,.T.);
#2611=ADVANCED_FACE('',(#2367),#63,.F.);
#2612=ADVANCED_FACE('',(#2368),#2497,.T.);
#2613=ADVANCED_FACE('',(#2369),#64,.F.);
#2614=ADVANCED_FACE('',(#2370),#65,.F.);
#2615=ADVANCED_FACE('',(#2371),#2498,.F.);
#2616=ADVANCED_FACE('',(#2372),#66,.F.);
#2617=ADVANCED_FACE('',(#2373),#2499,.T.);
#2618=ADVANCED_FACE('',(#2374),#67,.F.);
#2619=ADVANCED_FACE('',(#2375),#2500,.T.);
#2620=ADVANCED_FACE('',(#2376),#68,.F.);
#2621=ADVANCED_FACE('',(#2377),#2501,.F.);
#2622=ADVANCED_FACE('',(#2378),#2502,.F.);
#2623=ADVANCED_FACE('',(#2379),#69,.T.);
#2624=ADVANCED_FACE('',(#2380),#2503,.T.);
#2625=ADVANCED_FACE('',(#2381,#2382,#2383),#2504,.F.);
#2626=ADVANCED_FACE('',(#2384),#22,.T.);
#2627=ADVANCED_FACE('',(#2385),#2505,.T.);
#2628=ADVANCED_FACE('',(#2386),#2506,.T.);
#2629=ADVANCED_FACE('',(#2387),#23,.T.);
#2630=ADVANCED_FACE('',(#2388),#24,.T.);
#2631=ADVANCED_FACE('',(#2389),#2507,.F.);
#2632=ADVANCED_FACE('',(#2390),#2508,.F.);
#2633=ADVANCED_FACE('',(#2391),#25,.T.);
#2634=ADVANCED_FACE('',(#2392),#26,.T.);
#2635=ADVANCED_FACE('',(#2393),#2509,.T.);
#2636=ADVANCED_FACE('',(#2394),#2510,.T.);
#2637=ADVANCED_FACE('',(#2395),#27,.T.);
#2638=ADVANCED_FACE('',(#2396),#28,.T.);
#2639=ADVANCED_FACE('',(#2397),#2511,.F.);
#2640=ADVANCED_FACE('',(#2398),#2512,.F.);
#2641=ADVANCED_FACE('',(#2399),#29,.T.);
#2642=ADVANCED_FACE('',(#2400),#2513,.F.);
#2643=ADVANCED_FACE('',(#2401),#2514,.T.);
#2644=ADVANCED_FACE('',(#2402),#2515,.F.);
#2645=ADVANCED_FACE('',(#2403),#14,.F.);
#2646=ADVANCED_FACE('',(#2404),#2516,.T.);
#2647=ADVANCED_FACE('',(#2405),#15,.F.);
#2648=ADVANCED_FACE('',(#2406),#2517,.F.);
#2649=ADVANCED_FACE('',(#2407),#16,.F.);
#2650=ADVANCED_FACE('',(#2408),#2518,.F.);
#2651=ADVANCED_FACE('',(#2409),#17,.F.);
#2652=ADVANCED_FACE('',(#2410),#2519,.F.);
#2653=ADVANCED_FACE('',(#2411),#18,.F.);
#2654=ADVANCED_FACE('',(#2412),#2520,.T.);
#2655=ADVANCED_FACE('',(#2413),#19,.F.);
#2656=ADVANCED_FACE('',(#2414),#2521,.F.);
#2657=ADVANCED_FACE('',(#2415),#20,.F.);
#2658=ADVANCED_FACE('',(#2416),#2522,.F.);
#2659=ADVANCED_FACE('',(#2417),#21,.F.);
#2660=ADVANCED_FACE('',(#2418,#2419),#70,.F.);
#2661=ADVANCED_FACE('',(#2420,#2421),#71,.F.);
#2662=ADVANCED_FACE('',(#2422,#2423),#72,.F.);
#2663=ADVANCED_FACE('',(#2424,#2425),#73,.F.);
#2664=ADVANCED_FACE('',(#2426),#2523,.F.);
#2665=ADVANCED_FACE('',(#2427),#2524,.F.);
#2666=ADVANCED_FACE('',(#2428,#2429),#12,.T.);
#2667=ADVANCED_FACE('',(#2430,#2431),#13,.T.);
#2668=ADVANCED_FACE('',(#2432,#2433),#74,.F.);
#2669=ADVANCED_FACE('',(#2434,#2435),#2525,.F.);
#2670=ADVANCED_FACE('',(#2436,#2437),#75,.F.);
#2671=ADVANCED_FACE('',(#2438,#2439),#2526,.F.);
#2672=ADVANCED_FACE('',(#2440,#2441),#76,.F.);
#2673=ADVANCED_FACE('',(#2442,#2443),#2527,.F.);
#2674=ADVANCED_FACE('',(#2444,#2445),#77,.F.);
#2675=ADVANCED_FACE('',(#2446,#2447),#2528,.F.);
#2676=CLOSED_SHELL('',(#2529,#2530,#2531,#2532,#2533,#2534,#2535,#2536,
#2537,#2538,#2539,#2540,#2541,#2542,#2543,#2544,#2545,#2546,#2547,#2548,
#2549,#2550,#2551,#2552,#2553,#2554,#2555,#2556,#2557,#2558,#2559,#2560,
#2561,#2562,#2563,#2564,#2565,#2566,#2567,#2568,#2569,#2570,#2571,#2572,
#2573,#2574,#2575,#2576,#2577,#2578,#2579,#2580,#2581,#2582,#2583,#2584,
#2585,#2586,#2587,#2588,#2589,#2590,#2591,#2592,#2593,#2594,#2595,#2596,
#2597,#2598,#2599,#2600,#2601,#2602,#2603,#2604,#2605,#2606,#2607,#2608,
#2609,#2610,#2611,#2612,#2613,#2614,#2615,#2616,#2617,#2618,#2619,#2620,
#2621,#2622,#2623,#2624,#2625,#2626,#2627,#2628,#2629,#2630,#2631,#2632,
#2633,#2634,#2635,#2636,#2637,#2638,#2639,#2640,#2641,#2642,#2643,#2644,
#2645,#2646,#2647,#2648,#2649,#2650,#2651,#2652,#2653,#2654,#2655,#2656,
#2657,#2658,#2659,#2660,#2661,#2662,#2663,#2664,#2665,#2666,#2667,#2668,
#2669,#2670,#2671,#2672,#2673,#2674,#2675));
#2677=STYLED_ITEM('',(#2678),#2685);
#2678=PRESENTATION_STYLE_ASSIGNMENT((#2679));
#2679=SURFACE_STYLE_USAGE(.BOTH.,#2680);
#2680=SURFACE_SIDE_STYLE('',(#2681));
#2681=SURFACE_STYLE_FILL_AREA(#2682);
#2682=FILL_AREA_STYLE('',(#2683));
#2683=FILL_AREA_STYLE_COLOUR('',#2684);
#2684=COLOUR_RGB('',0.882352941176471,0.0980392156862745,0.);
#2685=MANIFOLD_SOLID_BREP('Part 1',#2676);
#2686=SHAPE_DEFINITION_REPRESENTATION(#4718,#2687);
#2687=SHAPE_REPRESENTATION('Part 1',(#2688),#4713);
#2688=AXIS2_PLACEMENT_3D('',#3674,#2940,#2941);
#2689=AXIS2_PLACEMENT_3D('',#3675,#2942,#2943);
#2690=AXIS2_PLACEMENT_3D('',#3676,#2944,#2945);
#2691=AXIS2_PLACEMENT_3D('',#3681,#2947,#2948);
#2692=AXIS2_PLACEMENT_3D('',#3685,#2950,#2951);
#2693=AXIS2_PLACEMENT_3D('',#3689,#2953,#2954);
#2694=AXIS2_PLACEMENT_3D('',#3693,#2956,#2957);
#2695=AXIS2_PLACEMENT_3D('',#3696,#2959,#2960);
#2696=AXIS2_PLACEMENT_3D('',#3697,#2961,#2962);
#2697=AXIS2_PLACEMENT_3D('',#3702,#2964,#2965);
#2698=AXIS2_PLACEMENT_3D('',#3706,#2967,#2968);
#2699=AXIS2_PLACEMENT_3D('',#3710,#2970,#2971);
#2700=AXIS2_PLACEMENT_3D('',#3714,#2973,#2974);
#2701=AXIS2_PLACEMENT_3D('',#3717,#2976,#2977);
#2702=AXIS2_PLACEMENT_3D('',#3718,#2978,#2979);
#2703=AXIS2_PLACEMENT_3D('',#3723,#2981,#2982);
#2704=AXIS2_PLACEMENT_3D('',#3727,#2984,#2985);
#2705=AXIS2_PLACEMENT_3D('',#3731,#2987,#2988);
#2706=AXIS2_PLACEMENT_3D('',#3735,#2990,#2991);
#2707=AXIS2_PLACEMENT_3D('',#3738,#2993,#2994);
#2708=AXIS2_PLACEMENT_3D('',#3739,#2995,#2996);
#2709=AXIS2_PLACEMENT_3D('',#3744,#2998,#2999);
#2710=AXIS2_PLACEMENT_3D('',#3748,#3001,#3002);
#2711=AXIS2_PLACEMENT_3D('',#3752,#3004,#3005);
#2712=AXIS2_PLACEMENT_3D('',#3756,#3007,#3008);
#2713=AXIS2_PLACEMENT_3D('',#3759,#3010,#3011);
#2714=AXIS2_PLACEMENT_3D('',#3760,#3012,#3013);
#2715=AXIS2_PLACEMENT_3D('',#3762,#3014,#3015);
#2716=AXIS2_PLACEMENT_3D('',#3764,#3016,#3017);
#2717=AXIS2_PLACEMENT_3D('',#3766,#3018,#3019);
#2718=AXIS2_PLACEMENT_3D('',#3768,#3020,#3021);
#2719=AXIS2_PLACEMENT_3D('',#3770,#3022,#3023);
#2720=AXIS2_PLACEMENT_3D('',#3775,#3025,#3026);
#2721=AXIS2_PLACEMENT_3D('',#3779,#3028,#3029);
#2722=AXIS2_PLACEMENT_3D('',#3783,#3031,#3032);
#2723=AXIS2_PLACEMENT_3D('',#3787,#3034,#3035);
#2724=AXIS2_PLACEMENT_3D('',#3791,#3037,#3038);
#2725=AXIS2_PLACEMENT_3D('',#3795,#3040,#3041);
#2726=AXIS2_PLACEMENT_3D('',#3799,#3043,#3044);
#2727=AXIS2_PLACEMENT_3D('',#3803,#3046,#3047);
#2728=AXIS2_PLACEMENT_3D('',#3807,#3049,#3050);
#2729=AXIS2_PLACEMENT_3D('',#3811,#3052,#3053);
#2730=AXIS2_PLACEMENT_3D('',#3815,#3055,#3056);
#2731=AXIS2_PLACEMENT_3D('',#3819,#3058,#3059);
#2732=AXIS2_PLACEMENT_3D('',#3831,#3065,#3066);
#2733=AXIS2_PLACEMENT_3D('',#3835,#3068,#3069);
#2734=AXIS2_PLACEMENT_3D('',#3839,#3071,#3072);
#2735=AXIS2_PLACEMENT_3D('',#3843,#3074,#3075);
#2736=AXIS2_PLACEMENT_3D('',#3844,#3076,#3077);
#2737=AXIS2_PLACEMENT_3D('',#3852,#3081,#3082);
#2738=AXIS2_PLACEMENT_3D('',#3856,#3084,#3085);
#2739=AXIS2_PLACEMENT_3D('',#3857,#3086,#3087);
#2740=AXIS2_PLACEMENT_3D('',#3865,#3091,#3092);
#2741=AXIS2_PLACEMENT_3D('',#3869,#3094,#3095);
#2742=AXIS2_PLACEMENT_3D('',#3870,#3096,#3097);
#2743=AXIS2_PLACEMENT_3D('',#3871,#3098,#3099);
#2744=AXIS2_PLACEMENT_3D('',#3873,#3100,#3101);
#2745=AXIS2_PLACEMENT_3D('',#3916,#3111,#3112);
#2746=AXIS2_PLACEMENT_3D('',#3920,#3114,#3115);
#2747=AXIS2_PLACEMENT_3D('',#3924,#3117,#3118);
#2748=AXIS2_PLACEMENT_3D('',#3928,#3120,#3121);
#2749=AXIS2_PLACEMENT_3D('',#3929,#3122,#3123);
#2750=AXIS2_PLACEMENT_3D('',#3935,#3127,#3128);
#2751=AXIS2_PLACEMENT_3D('',#3936,#3129,#3130);
#2752=AXIS2_PLACEMENT_3D('',#3938,#3131,#3132);
#2753=AXIS2_PLACEMENT_3D('',#3976,#3139,#3140);
#2754=AXIS2_PLACEMENT_3D('',#3980,#3142,#3143);
#2755=AXIS2_PLACEMENT_3D('',#3981,#3144,#3145);
#2756=AXIS2_PLACEMENT_3D('',#3985,#3147,#3148);
#2757=AXIS2_PLACEMENT_3D('',#3991,#3152,#3153);
#2758=AXIS2_PLACEMENT_3D('',#3994,#3156,#3157);
#2759=AXIS2_PLACEMENT_3D('',#3997,#3160,#3161);
#2760=AXIS2_PLACEMENT_3D('',#4000,#3164,#3165);
#2761=AXIS2_PLACEMENT_3D('',#4001,#3166,#3167);
#2762=AXIS2_PLACEMENT_3D('',#4004,#3170,#3171);
#2763=AXIS2_PLACEMENT_3D('',#4006,#3173,#3174);
#2764=AXIS2_PLACEMENT_3D('',#4008,#3176,#3177);
#2765=AXIS2_PLACEMENT_3D('',#4010,#3179,#3180);
#2766=AXIS2_PLACEMENT_3D('',#4012,#3182,#3183);
#2767=AXIS2_PLACEMENT_3D('',#4014,#3185,#3186);
#2768=AXIS2_PLACEMENT_3D('',#4016,#3188,#3189);
#2769=AXIS2_PLACEMENT_3D('',#4018,#3191,#3192);
#2770=AXIS2_PLACEMENT_3D('',#4020,#3194,#3195);
#2771=AXIS2_PLACEMENT_3D('',#4022,#3197,#3198);
#2772=AXIS2_PLACEMENT_3D('',#4024,#3200,#3201);
#2773=AXIS2_PLACEMENT_3D('',#4027,#3204,#3205);
#2774=AXIS2_PLACEMENT_3D('',#4028,#3206,#3207);
#2775=AXIS2_PLACEMENT_3D('',#4029,#3208,#3209);
#2776=AXIS2_PLACEMENT_3D('',#4030,#3210,#3211);
#2777=AXIS2_PLACEMENT_3D('',#4051,#3218,#3219);
#2778=AXIS2_PLACEMENT_3D('',#4063,#3221,#3222);
#2779=AXIS2_PLACEMENT_3D('',#4067,#3225,#3226);
#2780=AXIS2_PLACEMENT_3D('',#4080,#3228,#3229);
#2781=AXIS2_PLACEMENT_3D('',#4083,#3231,#3232);
#2782=AXIS2_PLACEMENT_3D('',#4103,#3238,#3239);
#2783=AXIS2_PLACEMENT_3D('',#4117,#3242,#3243);
#2784=AXIS2_PLACEMENT_3D('',#4118,#3244,#3245);
#2785=AXIS2_PLACEMENT_3D('',#4122,#3248,#3249);
#2786=AXIS2_PLACEMENT_3D('',#4132,#3250,#3251);
#2787=AXIS2_PLACEMENT_3D('',#4153,#3258,#3259);
#2788=AXIS2_PLACEMENT_3D('',#4165,#3261,#3262);
#2789=AXIS2_PLACEMENT_3D('',#4169,#3265,#3266);
#2790=AXIS2_PLACEMENT_3D('',#4182,#3268,#3269);
#2791=AXIS2_PLACEMENT_3D('',#4185,#3271,#3272);
#2792=AXIS2_PLACEMENT_3D('',#4205,#3278,#3279);
#2793=AXIS2_PLACEMENT_3D('',#4219,#3282,#3283);
#2794=AXIS2_PLACEMENT_3D('',#4220,#3284,#3285);
#2795=AXIS2_PLACEMENT_3D('',#4224,#3288,#3289);
#2796=AXIS2_PLACEMENT_3D('',#4234,#3290,#3291);
#2797=AXIS2_PLACEMENT_3D('',#4235,#3292,#3293);
#2798=AXIS2_PLACEMENT_3D('',#4239,#3295,#3296);
#2799=AXIS2_PLACEMENT_3D('',#4242,#3298,#3299);
#2800=AXIS2_PLACEMENT_3D('',#4246,#3302,#3303);
#2801=AXIS2_PLACEMENT_3D('',#4249,#3305,#3306);
#2802=AXIS2_PLACEMENT_3D('',#4250,#3307,#3308);
#2803=AXIS2_PLACEMENT_3D('',#4254,#3311,#3312);
#2804=AXIS2_PLACEMENT_3D('',#4257,#3314,#3315);
#2805=AXIS2_PLACEMENT_3D('',#4258,#3316,#3317);
#2806=AXIS2_PLACEMENT_3D('',#4264,#3321,#3322);
#2807=AXIS2_PLACEMENT_3D('',#4268,#3324,#3325);
#2808=AXIS2_PLACEMENT_3D('',#4269,#3326,#3327);
#2809=AXIS2_PLACEMENT_3D('',#4270,#3328,#3329);
#2810=AXIS2_PLACEMENT_3D('',#4275,#3332,#3333);
#2811=AXIS2_PLACEMENT_3D('',#4276,#3334,#3335);
#2812=AXIS2_PLACEMENT_3D('',#4280,#3338,#3339);
#2813=AXIS2_PLACEMENT_3D('',#4284,#3341,#3342);
#2814=AXIS2_PLACEMENT_3D('',#4285,#3343,#3344);
#2815=AXIS2_PLACEMENT_3D('',#4286,#3345,#3346);
#2816=AXIS2_PLACEMENT_3D('',#4292,#3350,#3351);
#2817=AXIS2_PLACEMENT_3D('',#4296,#3353,#3354);
#2818=AXIS2_PLACEMENT_3D('',#4297,#3355,#3356);
#2819=AXIS2_PLACEMENT_3D('',#4298,#3357,#3358);
#2820=AXIS2_PLACEMENT_3D('',#4303,#3362,#3363);
#2821=AXIS2_PLACEMENT_3D('',#4306,#3365,#3366);
#2822=AXIS2_PLACEMENT_3D('',#4307,#3367,#3368);
#2823=AXIS2_PLACEMENT_3D('',#4310,#3370,#3371);
#2824=AXIS2_PLACEMENT_3D('',#4313,#3373,#3374);
#2825=AXIS2_PLACEMENT_3D('',#4317,#3377,#3378);
#2826=AXIS2_PLACEMENT_3D('',#4318,#3379,#3380);
#2827=AXIS2_PLACEMENT_3D('',#4321,#3382,#3383);
#2828=AXIS2_PLACEMENT_3D('',#4325,#3386,#3387);
#2829=AXIS2_PLACEMENT_3D('',#4326,#3388,#3389);
#2830=AXIS2_PLACEMENT_3D('',#4329,#3391,#3392);
#2831=AXIS2_PLACEMENT_3D('',#4333,#3395,#3396);
#2832=AXIS2_PLACEMENT_3D('',#4334,#3397,#3398);
#2833=AXIS2_PLACEMENT_3D('',#4337,#3400,#3401);
#2834=AXIS2_PLACEMENT_3D('',#4339,#3403,#3404);
#2835=AXIS2_PLACEMENT_3D('',#4341,#3406,#3407);
#2836=AXIS2_PLACEMENT_3D('',#4344,#3410,#3411);
#2837=AXIS2_PLACEMENT_3D('',#4348,#3413,#3414);
#2838=AXIS2_PLACEMENT_3D('',#4349,#3415,#3416);
#2839=AXIS2_PLACEMENT_3D('',#4353,#3418,#3419);
#2840=AXIS2_PLACEMENT_3D('',#4354,#3420,#3421);
#2841=AXIS2_PLACEMENT_3D('',#4355,#3422,#3423);
#2842=AXIS2_PLACEMENT_3D('',#4356,#3424,#3425);
#2843=AXIS2_PLACEMENT_3D('',#4362,#3429,#3430);
#2844=AXIS2_PLACEMENT_3D('',#4363,#3431,#3432);
#2845=AXIS2_PLACEMENT_3D('',#4366,#3434,#3435);
#2846=AXIS2_PLACEMENT_3D('',#4370,#3438,#3439);
#2847=AXIS2_PLACEMENT_3D('',#4371,#3440,#3441);
#2848=AXIS2_PLACEMENT_3D('',#4374,#3443,#3444);
#2849=AXIS2_PLACEMENT_3D('',#4378,#3447,#3448);
#2850=AXIS2_PLACEMENT_3D('',#4379,#3449,#3450);
#2851=AXIS2_PLACEMENT_3D('',#4382,#3452,#3453);
#2852=AXIS2_PLACEMENT_3D('',#4386,#3456,#3457);
#2853=AXIS2_PLACEMENT_3D('',#4387,#3458,#3459);
#2854=AXIS2_PLACEMENT_3D('',#4391,#3461,#3462);
#2855=AXIS2_PLACEMENT_3D('',#4394,#3464,#3465);
#2856=AXIS2_PLACEMENT_3D('',#4398,#3468,#3469);
#2857=AXIS2_PLACEMENT_3D('',#4401,#3471,#3472);
#2858=AXIS2_PLACEMENT_3D('',#4402,#3473,#3474);
#2859=AXIS2_PLACEMENT_3D('',#4406,#3477,#3478);
#2860=AXIS2_PLACEMENT_3D('',#4409,#3480,#3481);
#2861=AXIS2_PLACEMENT_3D('',#4410,#3482,#3483);
#2862=AXIS2_PLACEMENT_3D('',#4416,#3487,#3488);
#2863=AXIS2_PLACEMENT_3D('',#4420,#3490,#3491);
#2864=AXIS2_PLACEMENT_3D('',#4421,#3492,#3493);
#2865=AXIS2_PLACEMENT_3D('',#4422,#3494,#3495);
#2866=AXIS2_PLACEMENT_3D('',#4427,#3498,#3499);
#2867=AXIS2_PLACEMENT_3D('',#4428,#3500,#3501);
#2868=AXIS2_PLACEMENT_3D('',#4432,#3504,#3505);
#2869=AXIS2_PLACEMENT_3D('',#4436,#3507,#3508);
#2870=AXIS2_PLACEMENT_3D('',#4437,#3509,#3510);
#2871=AXIS2_PLACEMENT_3D('',#4438,#3511,#3512);
#2872=AXIS2_PLACEMENT_3D('',#4444,#3516,#3517);
#2873=AXIS2_PLACEMENT_3D('',#4448,#3519,#3520);
#2874=AXIS2_PLACEMENT_3D('',#4449,#3521,#3522);
#2875=AXIS2_PLACEMENT_3D('',#4450,#3523,#3524);
#2876=AXIS2_PLACEMENT_3D('',#4455,#3528,#3529);
#2877=AXIS2_PLACEMENT_3D('',#4458,#3531,#3532);
#2878=AXIS2_PLACEMENT_3D('',#4459,#3533,#3534);
#2879=AXIS2_PLACEMENT_3D('',#4462,#3537,#3538);
#2880=AXIS2_PLACEMENT_3D('',#4464,#3540,#3541);
#2881=AXIS2_PLACEMENT_3D('',#4465,#3542,#3543);
#2882=AXIS2_PLACEMENT_3D('',#4466,#3544,#3545);
#2883=AXIS2_PLACEMENT_3D('',#4470,#3547,#3548);
#2884=AXIS2_PLACEMENT_3D('',#4471,#3549,#3550);
#2885=AXIS2_PLACEMENT_3D('',#4475,#3552,#3553);
#2886=AXIS2_PLACEMENT_3D('',#4476,#3554,#3555);
#2887=AXIS2_PLACEMENT_3D('',#4477,#3556,#3557);
#2888=AXIS2_PLACEMENT_3D('',#4498,#3558,#3559);
#2889=AXIS2_PLACEMENT_3D('',#4503,#3560,#3561);
#2890=AXIS2_PLACEMENT_3D('',#4540,#3562,#3563);
#2891=AXIS2_PLACEMENT_3D('',#4545,#3564,#3565);
#2892=AXIS2_PLACEMENT_3D('',#4582,#3566,#3567);
#2893=AXIS2_PLACEMENT_3D('',#4587,#3568,#3569);
#2894=AXIS2_PLACEMENT_3D('',#4624,#3570,#3571);
#2895=AXIS2_PLACEMENT_3D('',#4629,#3572,#3573);
#2896=AXIS2_PLACEMENT_3D('',#4646,#3574,#3575);
#2897=AXIS2_PLACEMENT_3D('',#4647,#3576,#3577);
#2898=AXIS2_PLACEMENT_3D('',#4648,#3578,#3579);
#2899=AXIS2_PLACEMENT_3D('',#4650,#3581,#3582);
#2900=AXIS2_PLACEMENT_3D('',#4652,#3584,#3585);
#2901=AXIS2_PLACEMENT_3D('',#4654,#3587,#3588);
#2902=AXIS2_PLACEMENT_3D('',#4655,#3589,#3590);
#2903=AXIS2_PLACEMENT_3D('',#4657,#3592,#3593);
#2904=AXIS2_PLACEMENT_3D('',#4659,#3595,#3596);
#2905=AXIS2_PLACEMENT_3D('',#4661,#3598,#3599);
#2906=AXIS2_PLACEMENT_3D('',#4662,#3600,#3601);
#2907=AXIS2_PLACEMENT_3D('',#4664,#3603,#3604);
#2908=AXIS2_PLACEMENT_3D('',#4666,#3606,#3607);
#2909=AXIS2_PLACEMENT_3D('',#4668,#3609,#3610);
#2910=AXIS2_PLACEMENT_3D('',#4669,#3611,#3612);
#2911=AXIS2_PLACEMENT_3D('',#4671,#3614,#3615);
#2912=AXIS2_PLACEMENT_3D('',#4673,#3617,#3618);
#2913=AXIS2_PLACEMENT_3D('',#4675,#3620,#3621);
#2914=AXIS2_PLACEMENT_3D('',#4676,#3622,#3623);
#2915=AXIS2_PLACEMENT_3D('',#4677,#3624,#3625);
#2916=AXIS2_PLACEMENT_3D('',#4679,#3626,#3627);
#2917=AXIS2_PLACEMENT_3D('',#4680,#3628,#3629);
#2918=AXIS2_PLACEMENT_3D('',#4682,#3630,#3631);
#2919=AXIS2_PLACEMENT_3D('',#4683,#3632,#3633);
#2920=AXIS2_PLACEMENT_3D('',#4685,#3634,#3635);
#2921=AXIS2_PLACEMENT_3D('',#4686,#3636,#3637);
#2922=AXIS2_PLACEMENT_3D('',#4688,#3638,#3639);
#2923=AXIS2_PLACEMENT_3D('',#4689,#3640,#3641);
#2924=AXIS2_PLACEMENT_3D('',#4691,#3642,#3643);
#2925=AXIS2_PLACEMENT_3D('',#4692,#3644,#3645);
#2926=AXIS2_PLACEMENT_3D('',#4694,#3646,#3647);
#2927=AXIS2_PLACEMENT_3D('',#4695,#3648,#3649);
#2928=AXIS2_PLACEMENT_3D('',#4696,#3650,#3651);
#2929=AXIS2_PLACEMENT_3D('',#4697,#3652,#3653);
#2930=AXIS2_PLACEMENT_3D('',#4699,#3654,#3655);
#2931=AXIS2_PLACEMENT_3D('',#4700,#3656,#3657);
#2932=AXIS2_PLACEMENT_3D('',#4701,#3658,#3659);
#2933=AXIS2_PLACEMENT_3D('',#4703,#3660,#3661);
#2934=AXIS2_PLACEMENT_3D('',#4704,#3662,#3663);
#2935=AXIS2_PLACEMENT_3D('',#4705,#3664,#3665);
#2936=AXIS2_PLACEMENT_3D('',#4707,#3666,#3667);
#2937=AXIS2_PLACEMENT_3D('',#4708,#3668,#3669);
#2938=AXIS2_PLACEMENT_3D('',#4709,#3670,#3671);
#2939=AXIS2_PLACEMENT_3D('',#4711,#3672,#3673);
#2940=DIRECTION('',(0.,0.,1.));
#2941=DIRECTION('',(1.,0.,0.));
#2942=DIRECTION('',(3.14688683398007E-16,0.,-1.));
#2943=DIRECTION('',(-1.,0.,-3.14688683398007E-16));
#2944=DIRECTION('',(3.14688683398007E-16,0.,-1.));
#2945=DIRECTION('',(-1.,0.,-3.14688683398007E-16));
#2946=DIRECTION('',(0.,-1.,0.));
#2947=DIRECTION('',(3.14688683398007E-16,0.,-1.));
#2948=DIRECTION('',(-1.,0.,-3.14688683398007E-16));
#2949=DIRECTION('',(1.,0.,3.14688683398007E-16));
#2950=DIRECTION('',(3.14688683398007E-16,0.,-1.));
#2951=DIRECTION('',(-1.,0.,-3.14688683398007E-16));
#2952=DIRECTION('',(0.,-1.,0.));
#2953=DIRECTION('',(3.14688683398007E-16,0.,-1.));
#2954=DIRECTION('',(-1.,0.,-3.14688683398007E-16));
#2955=DIRECTION('',(-1.,0.,-3.14688683398007E-16));
#2956=DIRECTION('',(3.14688683398007E-16,0.,-1.));
#2957=DIRECTION('',(-1.,0.,-3.14688683398007E-16));
#2958=DIRECTION('',(0.,1.,0.));
#2959=DIRECTION('',(3.14688683398007E-16,0.,-1.));
#2960=DIRECTION('',(-1.,0.,-3.14688683398007E-16));
#2961=DIRECTION('',(3.14688683398007E-16,0.,-1.));
#2962=DIRECTION('',(-1.,0.,-3.14688683398007E-16));
#2963=DIRECTION('',(0.,1.,0.));
#2964=DIRECTION('',(3.14688683398007E-16,0.,-1.));
#2965=DIRECTION('',(-1.,0.,-3.14688683398007E-16));
#2966=DIRECTION('',(-1.,-2.4093381610789E-16,-3.14688683398007E-16));
#2967=DIRECTION('',(3.14688683398007E-16,0.,-1.));
#2968=DIRECTION('',(-1.,0.,-3.14688683398007E-16));
#2969=DIRECTION('',(0.,-1.,0.));
#2970=DIRECTION('',(3.14688683398007E-16,0.,-1.));
#2971=DIRECTION('',(-1.,0.,-3.14688683398007E-16));
#2972=DIRECTION('',(1.,0.,3.14688683398007E-16));
#2973=DIRECTION('',(3.14688683398007E-16,0.,-1.));
#2974=DIRECTION('',(-1.,0.,-3.14688683398007E-16));
#2975=DIRECTION('',(0.,-1.,0.));
#2976=DIRECTION('',(3.14688683398007E-16,0.,-1.));
#2977=DIRECTION('',(-1.,0.,-3.14688683398007E-16));
#2978=DIRECTION('',(3.14688683398007E-16,0.,-1.));
#2979=DIRECTION('',(-1.,0.,-3.14688683398007E-16));
#2980=DIRECTION('',(0.,-1.,0.));
#2981=DIRECTION('',(3.14688683398007E-16,0.,-1.));
#2982=DIRECTION('',(-1.,0.,-3.14688683398007E-16));
#2983=DIRECTION('',(1.,0.,3.14688683398007E-16));
#2984=DIRECTION('',(3.14688683398007E-16,0.,-1.));
#2985=DIRECTION('',(-1.,0.,-3.14688683398007E-16));
#2986=DIRECTION('',(0.,-1.,0.));
#2987=DIRECTION('',(3.14688683398007E-16,0.,-1.));
#2988=DIRECTION('',(-1.,0.,-3.14688683398007E-16));
#2989=DIRECTION('',(-1.,0.,-3.14688683398007E-16));
#2990=DIRECTION('',(3.14688683398007E-16,0.,-1.));
#2991=DIRECTION('',(-1.,0.,-3.14688683398007E-16));
#2992=DIRECTION('',(0.,1.,0.));
#2993=DIRECTION('',(3.14688683398007E-16,0.,-1.));
#2994=DIRECTION('',(-1.,0.,-3.14688683398007E-16));
#2995=DIRECTION('',(3.14688683398007E-16,0.,-1.));
#2996=DIRECTION('',(-1.,0.,-3.14688683398007E-16));
#2997=DIRECTION('',(0.,1.,0.));
#2998=DIRECTION('',(3.14688683398007E-16,0.,-1.));
#2999=DIRECTION('',(-1.,0.,-3.14688683398007E-16));
#3000=DIRECTION('',(-1.,0.,-3.14688683398007E-16));
#3001=DIRECTION('',(3.14688683398007E-16,0.,-1.));
#3002=DIRECTION('',(-1.,0.,-3.14688683398007E-16));
#3003=DIRECTION('',(0.,-1.,0.));
#3004=DIRECTION('',(3.14688683398007E-16,0.,-1.));
#3005=DIRECTION('',(-1.,0.,-3.14688683398007E-16));
#3006=DIRECTION('',(1.,0.,3.14688683398007E-16));
#3007=DIRECTION('',(3.14688683398007E-16,0.,-1.));
#3008=DIRECTION('',(-1.,0.,-3.14688683398007E-16));
#3009=DIRECTION('',(0.,-1.,0.));
#3010=DIRECTION('',(3.14688683398007E-16,0.,-1.));
#3011=DIRECTION('',(-1.,0.,-3.14688683398007E-16));
#3012=DIRECTION('',(3.14688683398007E-16,0.,-1.));
#3013=DIRECTION('',(-1.,0.,-3.14688683398007E-16));
#3014=DIRECTION('',(3.14688683398007E-16,0.,-1.));
#3015=DIRECTION('',(-1.,0.,-3.14688683398007E-16));
#3016=DIRECTION('',(3.14688683398007E-16,0.,-1.));
#3017=DIRECTION('',(-1.,0.,-3.14688683398007E-16));
#3018=DIRECTION('',(3.14688683398007E-16,0.,-1.));
#3019=DIRECTION('',(-1.,0.,-3.14688683398007E-16));
#3020=DIRECTION('',(3.14688683398007E-16,0.,-1.));
#3021=DIRECTION('',(-1.,0.,-3.14688683398007E-16));
#3022=DIRECTION('',(3.14688683398007E-16,0.,-1.));
#3023=DIRECTION('',(-1.,0.,-3.14688683398007E-16));
#3024=DIRECTION('',(0.,-1.,0.));
#3025=DIRECTION('',(3.14688683398007E-16,0.,-1.));
#3026=DIRECTION('',(-1.,0.,-3.14688683398007E-16));
#3027=DIRECTION('',(1.,0.,3.14688683398007E-16));
#3028=DIRECTION('',(3.14688683398007E-16,0.,-1.));
#3029=DIRECTION('',(-1.,0.,-3.14688683398007E-16));
#3030=DIRECTION('',(0.,-1.,0.));
#3031=DIRECTION('',(3.14688683398007E-16,0.,-1.));
#3032=DIRECTION('',(-1.,0.,-3.14688683398007E-16));
#3033=DIRECTION('',(1.,0.,3.14688683398007E-16));
#3034=DIRECTION('',(3.14688683398007E-16,0.,-1.));
#3035=DIRECTION('',(-1.,0.,-3.14688683398007E-16));
#3036=DIRECTION('',(-0.765790169586688,0.643090519417284,-2.40985500226371E-16));
#3037=DIRECTION('',(3.14688683398007E-16,0.,-1.));
#3038=DIRECTION('',(-1.,0.,-3.14688683398007E-16));
#3039=DIRECTION('',(0.,-1.,0.));
#3040=DIRECTION('',(3.14688683398007E-16,0.,-1.));
#3041=DIRECTION('',(-1.,0.,-3.14688683398007E-16));
#3042=DIRECTION('',(0.939499326492904,0.342550748823267,2.95649806107366E-16));
#3043=DIRECTION('',(3.14688683398007E-16,0.,-1.));
#3044=DIRECTION('',(-1.,0.,-3.14688683398007E-16));
#3045=DIRECTION('',(1.,0.,3.14688683398007E-16));
#3046=DIRECTION('',(3.14688683398007E-16,0.,-1.));
#3047=DIRECTION('',(-1.,0.,-3.14688683398007E-16));
#3048=DIRECTION('',(0.939392376762444,-0.34284393312498,2.95616150237499E-16));
#3049=DIRECTION('',(3.14688683398007E-16,0.,-1.));
#3050=DIRECTION('',(-1.,0.,-3.14688683398007E-16));
#3051=DIRECTION('',(-1.76194458564657E-5,0.999999999844778,-5.54464021877365E-21));
#3052=DIRECTION('',(3.14688683398007E-16,0.,-1.));
#3053=DIRECTION('',(-1.,0.,-3.14688683398007E-16));
#3054=DIRECTION('',(-0.766083955688895,-0.642740517499912,-2.41077951388076E-16));
#3055=DIRECTION('',(3.14688683398007E-16,0.,-1.));
#3056=DIRECTION('',(-1.,0.,-3.14688683398007E-16));
#3057=DIRECTION('',(-1.,0.,-3.14688683398007E-16));
#3058=DIRECTION('',(3.14688683398007E-16,0.,-1.));
#3059=DIRECTION('',(-1.,0.,-3.14688683398007E-16));
#3060=DIRECTION('',(0.,1.,0.));
#3061=DIRECTION('',(-1.,0.,-3.14688683398007E-16));
#3062=DIRECTION('',(0.,1.,0.));
#3063=DIRECTION('',(-1.,0.,-3.14688683398007E-16));
#3064=DIRECTION('',(0.,-1.,0.));
#3065=DIRECTION('',(3.14688683398007E-16,0.,-1.));
#3066=DIRECTION('',(-1.,0.,-3.14688683398007E-16));
#3067=DIRECTION('',(1.,0.,3.14688683398007E-16));
#3068=DIRECTION('',(3.14688683398007E-16,0.,-1.));
#3069=DIRECTION('',(-1.,0.,-3.14688683398007E-16));
#3070=DIRECTION('',(0.,-1.,0.));
#3071=DIRECTION('',(3.14688683398007E-16,0.,-1.));
#3072=DIRECTION('',(-1.,0.,-3.14688683398007E-16));
#3073=DIRECTION('',(1.,0.,3.14688683398007E-16));
#3074=DIRECTION('',(3.14688683398007E-16,0.,-1.));
#3075=DIRECTION('',(-1.,0.,-3.14688683398007E-16));
#3076=DIRECTION('',(3.14688683398007E-16,0.,-1.));
#3077=DIRECTION('',(-1.,0.,-3.14688683398007E-16));
#3078=DIRECTION('',(0.,-1.,0.));
#3079=DIRECTION('',(-1.,0.,-3.14688683398007E-16));
#3080=DIRECTION('',(0.,-1.,0.));
#3081=DIRECTION('',(3.14688683398007E-16,0.,-1.));
#3082=DIRECTION('',(-1.,0.,-3.14688683398007E-16));
#3083=DIRECTION('',(1.,0.,3.14688683398007E-16));
#3084=DIRECTION('',(3.14688683398007E-16,0.,-1.));
#3085=DIRECTION('',(-1.,0.,-3.14688683398007E-16));
#3086=DIRECTION('',(3.14688683398007E-16,0.,-1.));
#3087=DIRECTION('',(-1.,0.,-3.14688683398007E-16));
#3088=DIRECTION('',(0.,-1.,0.));
#3089=DIRECTION('',(1.,0.,3.14688683398007E-16));
#3090=DIRECTION('',(0.,-1.,0.));
#3091=DIRECTION('',(3.14688683398007E-16,0.,-1.));
#3092=DIRECTION('',(-1.,0.,-3.14688683398007E-16));
#3093=DIRECTION('',(-1.,0.,-3.14688683398007E-16));
#3094=DIRECTION('',(3.14688683398007E-16,0.,-1.));
#3095=DIRECTION('',(-1.,0.,-3.14688683398007E-16));
#3096=DIRECTION('',(0.140635816142337,0.,-0.990061395681085));
#3097=DIRECTION('',(-0.990061395681085,0.,-0.140635816142337));
#3098=DIRECTION('',(0.140635816142337,0.,-0.990061395681085));
#3099=DIRECTION('',(-0.990061395681085,0.,-0.140635816142337));
#3100=DIRECTION('',(0.140635816142337,0.,-0.990061395681085));
#3101=DIRECTION('',(-0.990061395681085,0.,-0.140635816142337));
#3102=DIRECTION('',(-0.990061395681085,0.,-0.140635816142337));
#3103=DIRECTION('',(0.,1.,0.));
#3104=DIRECTION('',(0.990061395681085,2.38539270242548E-16,0.140635816142337));
#3105=DIRECTION('',(0.,-1.,0.));
#3106=DIRECTION('',(0.980413348161051,-0.139265334429709,0.139265334429709));
#3107=DIRECTION('',(-0.990061395681085,0.,-0.140635816142337));
#3108=DIRECTION('',(0.,1.,0.));
#3109=DIRECTION('',(-0.990061395681085,0.,-0.140635816142337));
#3110=DIRECTION('',(0.980413348161051,0.139265334429709,0.139265334429709));
#3111=DIRECTION('',(0.140635816142337,0.,-0.990061395681085));
#3112=DIRECTION('',(0.990061395681085,0.,0.140635816142337));
#3113=DIRECTION('',(-0.761587913679038,-0.638968361267351,-0.108181713044887));
#3114=DIRECTION('',(0.140635816142337,0.,-0.990061395681085));
#3115=DIRECTION('',(0.990061395681085,0.,0.140635816142337));
#3116=DIRECTION('',(-1.76194458564105E-5,0.999999999841646,-2.50279948173051E-6));
#3117=DIRECTION('',(0.140635816142337,0.,-0.990061395681085));
#3118=DIRECTION('',(0.990061395681085,0.,0.140635816142337));
#3119=DIRECTION('',(0.93113911157474,-0.339831792545526,0.132266048822437));
#3120=DIRECTION('',(0.140635816142337,0.,-0.990061395681085));
#3121=DIRECTION('',(0.990061395681085,0.,0.140635816142337));
#3122=DIRECTION('',(-1.,0.,0.));
#3123=DIRECTION('',(0.,0.,1.));
#3124=DIRECTION('',(0.,0.,1.));
#3125=DIRECTION('',(0.,-1.,0.));
#3126=DIRECTION('',(0.,0.,1.));
#3127=DIRECTION('',(-0.136584406670113,0.,-0.990628436829154));
#3128=DIRECTION('',(-0.990628436829154,0.,0.136584406670113));
#3129=DIRECTION('',(-0.136584406670113,0.,-0.990628436829154));
#3130=DIRECTION('',(0.990628436829154,0.,-0.136584406670113));
#3131=DIRECTION('',(-0.136584406670113,0.,-0.990628436829154));
#3132=DIRECTION('',(0.990628436829154,0.,-0.136584406670113));
#3133=DIRECTION('',(-0.990628436829154,0.,0.136584406670113));
#3134=DIRECTION('',(0.,1.,0.));
#3135=DIRECTION('',(0.990628436829154,0.,-0.136584406670113));
#3136=DIRECTION('',(0.,-1.,0.));
#3137=DIRECTION('',(-0.990628436829154,0.,0.136584406670113));
#3138=DIRECTION('',(0.981515508340367,0.135327947755354,-0.135327947755354));
#3139=DIRECTION('',(-0.136584406670113,0.,-0.990628436829154));
#3140=DIRECTION('',(-0.990628436829154,0.,0.136584406670113));
#3141=DIRECTION('',(0.931715084902919,0.339712537330743,-0.12846163841651));
#3142=DIRECTION('',(-0.136584406670113,0.,-0.990628436829154));
#3143=DIRECTION('',(-0.990628436829154,0.,0.136584406670113));
#3144=DIRECTION('',(-0.136584406670113,0.,-0.990628436829154));
#3145=DIRECTION('',(-0.990628436829154,0.,0.136584406670113));
#3146=DIRECTION('',(-0.761556984236754,0.639535601277048,0.105000830755878));
#3147=DIRECTION('',(-0.136584406670113,0.,-0.990628436829154));
#3148=DIRECTION('',(-0.990628436829154,0.,0.136584406670113));
#3149=DIRECTION('',(0.981515508340367,-0.135327947755354,-0.135327947755354));
#3150=DIRECTION('',(-0.990628436829154,0.,0.136584406670113));
#3151=DIRECTION('',(0.,1.,0.));
#3152=DIRECTION('',(-1.,0.,0.));
#3153=DIRECTION('',(0.,0.,1.));
#3154=DIRECTION('',(0.,0.,1.));
#3155=DIRECTION('',(0.,0.,1.));
#3156=DIRECTION('',(0.,-1.,0.));
#3157=DIRECTION('',(0.,0.,-1.));
#3158=DIRECTION('',(-1.,0.,-3.14688683398007E-16));
#3159=DIRECTION('',(0.,0.,1.));
#3160=DIRECTION('',(0.,-1.,0.));
#3161=DIRECTION('',(0.,0.,-1.));
#3162=DIRECTION('',(1.,0.,3.14688683398007E-16));
#3163=DIRECTION('',(0.,0.,1.));
#3164=DIRECTION('',(-1.,0.,0.));
#3165=DIRECTION('',(0.,0.,1.));
#3166=DIRECTION('',(0.,1.,0.));
#3167=DIRECTION('',(0.,0.,1.));
#3168=DIRECTION('',(0.,0.,1.));
#3169=DIRECTION('',(0.,0.,1.));
#3170=DIRECTION('',(0.,0.,1.));
#3171=DIRECTION('',(1.,0.,0.));
#3172=DIRECTION('',(0.,0.,1.));
#3173=DIRECTION('',(0.34284393312498,0.939392376762444,0.));
#3174=DIRECTION('',(-0.939392376762444,0.34284393312498,0.));
#3175=DIRECTION('',(0.,0.,1.));
#3176=DIRECTION('',(0.,0.,1.));
#3177=DIRECTION('',(1.,0.,0.));
#3178=DIRECTION('',(0.,0.,1.));
#3179=DIRECTION('',(-0.999999999844777,-1.76194458564657E-5,0.));
#3180=DIRECTION('',(1.76194458564657E-5,-0.999999999844778,0.));
#3181=DIRECTION('',(0.,0.,1.));
#3182=DIRECTION('',(0.,0.,1.));
#3183=DIRECTION('',(1.,0.,0.));
#3184=DIRECTION('',(0.,0.,1.));
#3185=DIRECTION('',(0.642740517499912,-0.766083955688895,0.));
#3186=DIRECTION('',(0.766083955688895,0.642740517499912,0.));
#3187=DIRECTION('',(0.,0.,1.));
#3188=DIRECTION('',(0.,0.,1.));
#3189=DIRECTION('',(1.,0.,0.));
#3190=DIRECTION('',(0.,0.,1.));
#3191=DIRECTION('',(0.,-1.,0.));
#3192=DIRECTION('',(0.,0.,-1.));
#3193=DIRECTION('',(0.,0.,1.));
#3194=DIRECTION('',(0.,0.,1.));
#3195=DIRECTION('',(1.,0.,0.));
#3196=DIRECTION('',(0.,0.,1.));
#3197=DIRECTION('',(-0.643090519417284,-0.765790169586688,0.));
#3198=DIRECTION('',(0.765790169586688,-0.643090519417284,0.));
#3199=DIRECTION('',(0.,0.,1.));
#3200=DIRECTION('',(-0.342550748823267,0.939499326492904,0.));
#3201=DIRECTION('',(-0.939499326492904,-0.342550748823267,0.));
#3202=DIRECTION('',(0.,0.,1.));
#3203=DIRECTION('',(0.,0.,1.));
#3204=DIRECTION('',(0.,0.,1.));
#3205=DIRECTION('',(1.,0.,0.));
#3206=DIRECTION('',(0.,0.,1.));
#3207=DIRECTION('',(1.,0.,0.));
#3208=DIRECTION('',(0.,0.,1.));
#3209=DIRECTION('',(1.,0.,0.));
#3210=DIRECTION('',(-1.,0.,0.));
#3211=DIRECTION('',(0.,0.,1.));
#3212=DIRECTION('',(0.,0.,1.));
#3213=DIRECTION('',(0.,1.,0.));
#3214=DIRECTION('',(0.,0.,1.));
#3215=DIRECTION('',(0.,0.,-1.));
#3216=DIRECTION('',(0.,1.,0.));
#3217=DIRECTION('',(0.,0.,-1.));
#3218=DIRECTION('',(0.,0.,1.));
#3219=DIRECTION('',(1.,0.,0.));
#3220=DIRECTION('',(0.,0.,1.));
#3221=DIRECTION('',(0.,-1.,0.));
#3222=DIRECTION('',(0.,0.,-1.));
#3223=DIRECTION('',(-0.990628436829154,0.,0.136584406670113));
#3224=DIRECTION('',(0.,0.,1.));
#3225=DIRECTION('',(0.,0.,1.));
#3226=DIRECTION('',(1.,0.,0.));
#3227=DIRECTION('',(0.,0.,1.));
#3228=DIRECTION('',(-0.5,0.,-0.866025403784439));
#3229=DIRECTION('',(-0.866025403784439,0.,0.5));
#3230=DIRECTION('',(0.,0.,1.));
#3231=DIRECTION('',(-1.,0.,0.));
#3232=DIRECTION('',(0.,0.,1.));
#3233=DIRECTION('',(0.,-1.,0.));
#3234=DIRECTION('',(0.,0.,1.));
#3235=DIRECTION('',(0.,-1.,0.));
#3236=DIRECTION('',(0.,1.,0.));
#3237=DIRECTION('',(0.,-1.,0.));
#3238=DIRECTION('',(0.,0.,1.));
#3239=DIRECTION('',(1.,0.,0.));
#3240=DIRECTION('',(0.,0.,1.));
#3241=DIRECTION('',(0.,0.,1.));
#3242=DIRECTION('',(-0.5,0.,-0.866025403784439));
#3243=DIRECTION('',(-0.866025403784439,0.,0.5));
#3244=DIRECTION('',(0.,-1.,0.));
#3245=DIRECTION('',(0.,0.,-1.));
#3246=DIRECTION('',(0.990628436829154,0.,-0.136584406670113));
#3247=DIRECTION('',(0.,0.,1.));
#3248=DIRECTION('',(0.,0.,1.));
#3249=DIRECTION('',(1.,0.,0.));
#3250=DIRECTION('',(-1.,0.,0.));
#3251=DIRECTION('',(0.,0.,1.));
#3252=DIRECTION('',(0.,0.,1.));
#3253=DIRECTION('',(0.,1.,0.));
#3254=DIRECTION('',(0.,0.,1.));
#3255=DIRECTION('',(0.,0.,-1.));
#3256=DIRECTION('',(0.,1.,0.));
#3257=DIRECTION('',(0.,0.,-1.));
#3258=DIRECTION('',(0.,0.,1.));
#3259=DIRECTION('',(1.,0.,0.));
#3260=DIRECTION('',(0.,0.,1.));
#3261=DIRECTION('',(2.4093381610789E-16,-1.,0.));
#3262=DIRECTION('',(1.,2.4093381610789E-16,0.));
#3263=DIRECTION('',(-0.990061395681085,-2.38539270242548E-16,-0.140635816142337));
#3264=DIRECTION('',(0.,0.,1.));
#3265=DIRECTION('',(0.,0.,1.));
#3266=DIRECTION('',(1.,0.,0.));
#3267=DIRECTION('',(0.,0.,1.));
#3268=DIRECTION('',(-0.5,0.,-0.866025403784439));
#3269=DIRECTION('',(-0.866025403784439,0.,0.5));
#3270=DIRECTION('',(0.,0.,1.));
#3271=DIRECTION('',(-1.,0.,0.));
#3272=DIRECTION('',(0.,0.,1.));
#3273=DIRECTION('',(0.,-1.,0.));
#3274=DIRECTION('',(0.,0.,1.));
#3275=DIRECTION('',(0.,-1.,0.));
#3276=DIRECTION('',(0.,1.,0.));
#3277=DIRECTION('',(0.,-1.,0.));
#3278=DIRECTION('',(0.,0.,1.));
#3279=DIRECTION('',(1.,0.,0.));
#3280=DIRECTION('',(0.,0.,1.));
#3281=DIRECTION('',(0.,0.,1.));
#3282=DIRECTION('',(-0.5,0.,-0.866025403784439));
#3283=DIRECTION('',(-0.866025403784439,0.,0.5));
#3284=DIRECTION('',(0.,-1.,0.));
#3285=DIRECTION('',(0.,0.,-1.));
#3286=DIRECTION('',(0.990061395681085,0.,0.140635816142337));
#3287=DIRECTION('',(0.,0.,1.));
#3288=DIRECTION('',(0.,0.,1.));
#3289=DIRECTION('',(1.,0.,0.));
#3290=DIRECTION('',(0.,0.,-1.));
#3291=DIRECTION('',(-1.,0.,0.));
#3292=DIRECTION('',(0.,0.,1.));
#3293=DIRECTION('',(1.,0.,0.));
#3294=DIRECTION('',(0.,0.,-1.));
#3295=DIRECTION('',(0.,0.,1.));
#3296=DIRECTION('',(1.,0.,0.));
#3297=DIRECTION('',(0.,0.,-1.));
#3298=DIRECTION('',(1.,0.,0.));
#3299=DIRECTION('',(0.,0.,-1.));
#3300=DIRECTION('',(0.,-1.,0.));
#3301=DIRECTION('',(0.,0.,-1.));
#3302=DIRECTION('',(0.,0.,-1.));
#3303=DIRECTION('',(-1.,0.,0.));
#3304=DIRECTION('',(0.,0.,-1.));
#3305=DIRECTION('',(0.,0.,1.));
#3306=DIRECTION('',(1.,0.,0.));
#3307=DIRECTION('',(0.,1.,0.));
#3308=DIRECTION('',(0.,0.,1.));
#3309=DIRECTION('',(0.,0.,-1.));
#3310=DIRECTION('',(1.,0.,0.));
#3311=DIRECTION('',(0.,0.,-1.));
#3312=DIRECTION('',(-1.,0.,0.));
#3313=DIRECTION('',(0.,0.,-1.));
#3314=DIRECTION('',(0.,0.,1.));
#3315=DIRECTION('',(1.,0.,0.));
#3316=DIRECTION('',(1.,0.,0.));
#3317=DIRECTION('',(0.,0.,-1.));
#3318=DIRECTION('',(0.,0.,-1.));
#3319=DIRECTION('',(0.,-1.,0.));
#3320=DIRECTION('',(0.,-1.,0.));
#3321=DIRECTION('',(0.,0.,-1.));
#3322=DIRECTION('',(-1.,0.,0.));
#3323=DIRECTION('',(0.,0.,-1.));
#3324=DIRECTION('',(0.,0.,1.));
#3325=DIRECTION('',(1.,0.,0.));
#3326=DIRECTION('',(0.,0.,1.));
#3327=DIRECTION('',(1.,0.,0.));
#3328=DIRECTION('',(0.,0.,-1.));
#3329=DIRECTION('',(-1.,0.,0.));
#3330=DIRECTION('',(0.,0.,-1.));
#3331=DIRECTION('',(0.,0.,-1.));
#3332=DIRECTION('',(0.,0.,1.));
#3333=DIRECTION('',(1.,0.,0.));
#3334=DIRECTION('',(1.,0.,0.));
#3335=DIRECTION('',(0.,0.,-1.));
#3336=DIRECTION('',(0.,-1.,0.));
#3337=DIRECTION('',(0.,0.,-1.));
#3338=DIRECTION('',(0.,0.,-1.));
#3339=DIRECTION('',(-1.,0.,0.));
#3340=DIRECTION('',(0.,0.,-1.));
#3341=DIRECTION('',(0.,0.,1.));
#3342=DIRECTION('',(1.,0.,0.));
#3343=DIRECTION('',(0.,0.,1.));
#3344=DIRECTION('',(1.,0.,0.));
#3345=DIRECTION('',(0.,1.,0.));
#3346=DIRECTION('',(0.,0.,1.));
#3347=DIRECTION('',(0.,0.,-1.));
#3348=DIRECTION('',(1.,0.,0.));
#3349=DIRECTION('',(1.,0.,0.));
#3350=DIRECTION('',(0.,0.,-1.));
#3351=DIRECTION('',(-1.,0.,0.));
#3352=DIRECTION('',(0.,0.,-1.));
#3353=DIRECTION('',(0.,0.,1.));
#3354=DIRECTION('',(1.,0.,0.));
#3355=DIRECTION('',(0.,0.,1.));
#3356=DIRECTION('',(1.,0.,0.));
#3357=DIRECTION('',(1.,0.,0.));
#3358=DIRECTION('',(0.,0.,-1.));
#3359=DIRECTION('',(0.,-1.,0.));
#3360=DIRECTION('',(0.,-1.,0.));
#3361=DIRECTION('',(0.,0.,-1.));
#3362=DIRECTION('',(0.,0.,-1.));
#3363=DIRECTION('',(-1.,0.,0.));
#3364=DIRECTION('',(0.,0.,-1.));
#3365=DIRECTION('',(0.,0.,1.));
#3366=DIRECTION('',(1.,0.,0.));
#3367=DIRECTION('',(0.,0.,-1.));
#3368=DIRECTION('',(-1.,0.,0.));
#3369=DIRECTION('',(0.,0.,-1.));
#3370=DIRECTION('',(0.,0.,1.));
#3371=DIRECTION('',(1.,0.,0.));
#3372=DIRECTION('',(0.,0.,-1.));
#3373=DIRECTION('',(0.,1.,0.));
#3374=DIRECTION('',(0.,0.,1.));
#3375=DIRECTION('',(1.,0.,0.));
#3376=DIRECTION('',(0.,0.,-1.));
#3377=DIRECTION('',(0.,0.,-1.));
#3378=DIRECTION('',(-1.,0.,0.));
#3379=DIRECTION('',(0.,0.,1.));
#3380=DIRECTION('',(1.,0.,0.));
#3381=DIRECTION('',(0.,0.,-1.));
#3382=DIRECTION('',(1.,0.,0.));
#3383=DIRECTION('',(0.,0.,-1.));
#3384=DIRECTION('',(0.,0.,-1.));
#3385=DIRECTION('',(0.,-1.,0.));
#3386=DIRECTION('',(0.,0.,-1.));
#3387=DIRECTION('',(-1.,0.,0.));
#3388=DIRECTION('',(0.,0.,1.));
#3389=DIRECTION('',(1.,0.,0.));
#3390=DIRECTION('',(0.,0.,-1.));
#3391=DIRECTION('',(0.,1.,0.));
#3392=DIRECTION('',(0.,0.,1.));
#3393=DIRECTION('',(0.,0.,-1.));
#3394=DIRECTION('',(1.,0.,0.));
#3395=DIRECTION('',(0.,0.,-1.));
#3396=DIRECTION('',(-1.,0.,0.));
#3397=DIRECTION('',(0.,0.,1.));
#3398=DIRECTION('',(1.,0.,0.));
#3399=DIRECTION('',(0.,0.,-1.));
#3400=DIRECTION('',(0.,1.,0.));
#3401=DIRECTION('',(0.,0.,1.));
#3402=DIRECTION('',(1.,0.,0.));
#3403=DIRECTION('',(1.,0.,0.));
#3404=DIRECTION('',(0.,0.,-1.));
#3405=DIRECTION('',(0.,-1.,0.));
#3406=DIRECTION('',(0.,1.,0.));
#3407=DIRECTION('',(0.,0.,1.));
#3408=DIRECTION('',(-1.,0.,0.));
#3409=DIRECTION('',(1.,0.,0.));
#3410=DIRECTION('',(0.,0.,1.));
#3411=DIRECTION('',(1.,0.,0.));
#3412=DIRECTION('',(1.,0.,0.));
#3413=DIRECTION('',(0.,0.,1.));
#3414=DIRECTION('',(1.,0.,0.));
#3415=DIRECTION('',(0.,0.,1.));
#3416=DIRECTION('',(1.,0.,0.));
#3417=DIRECTION('',(-1.,0.,0.));
#3418=DIRECTION('',(0.,0.,1.));
#3419=DIRECTION('',(1.,0.,0.));
#3420=DIRECTION('',(0.,0.,1.));
#3421=DIRECTION('',(1.,0.,0.));
#3422=DIRECTION('',(0.,0.,1.));
#3423=DIRECTION('',(1.,0.,0.));
#3424=DIRECTION('',(1.,0.,0.));
#3425=DIRECTION('',(0.,0.,-1.));
#3426=DIRECTION('',(0.,0.,-1.));
#3427=DIRECTION('',(0.,0.,-1.));
#3428=DIRECTION('',(0.,-1.,0.));
#3429=DIRECTION('',(0.,0.,-1.));
#3430=DIRECTION('',(-1.,0.,0.));
#3431=DIRECTION('',(0.,0.,1.));
#3432=DIRECTION('',(1.,0.,0.));
#3433=DIRECTION('',(0.,0.,-1.));
#3434=DIRECTION('',(0.,1.,0.));
#3435=DIRECTION('',(0.,0.,1.));
#3436=DIRECTION('',(0.,0.,-1.));
#3437=DIRECTION('',(1.,0.,0.));
#3438=DIRECTION('',(0.,0.,-1.));
#3439=DIRECTION('',(-1.,0.,0.));
#3440=DIRECTION('',(0.,0.,1.));
#3441=DIRECTION('',(1.,0.,0.));
#3442=DIRECTION('',(0.,0.,-1.));
#3443=DIRECTION('',(1.,0.,0.));
#3444=DIRECTION('',(0.,0.,-1.));
#3445=DIRECTION('',(0.,-1.,0.));
#3446=DIRECTION('',(0.,0.,-1.));
#3447=DIRECTION('',(0.,0.,-1.));
#3448=DIRECTION('',(-1.,0.,0.));
#3449=DIRECTION('',(0.,0.,1.));
#3450=DIRECTION('',(1.,0.,0.));
#3451=DIRECTION('',(0.,0.,-1.));
#3452=DIRECTION('',(0.,1.,0.));
#3453=DIRECTION('',(0.,0.,1.));
#3454=DIRECTION('',(1.,0.,0.));
#3455=DIRECTION('',(0.,0.,-1.));
#3456=DIRECTION('',(0.,0.,-1.));
#3457=DIRECTION('',(-1.,0.,0.));
#3458=DIRECTION('',(0.,0.,1.));
#3459=DIRECTION('',(1.,0.,0.));
#3460=DIRECTION('',(0.,0.,-1.));
#3461=DIRECTION('',(0.,0.,1.));
#3462=DIRECTION('',(1.,0.,0.));
#3463=DIRECTION('',(0.,0.,-1.));
#3464=DIRECTION('',(1.,0.,0.));
#3465=DIRECTION('',(0.,0.,-1.));
#3466=DIRECTION('',(0.,-1.,0.));
#3467=DIRECTION('',(0.,0.,-1.));
#3468=DIRECTION('',(0.,0.,-1.));
#3469=DIRECTION('',(-1.,0.,0.));
#3470=DIRECTION('',(0.,0.,-1.));
#3471=DIRECTION('',(0.,0.,1.));
#3472=DIRECTION('',(1.,0.,0.));
#3473=DIRECTION('',(0.,1.,0.));
#3474=DIRECTION('',(0.,0.,1.));
#3475=DIRECTION('',(0.,0.,-1.));
#3476=DIRECTION('',(1.,0.,0.));
#3477=DIRECTION('',(0.,0.,-1.));
#3478=DIRECTION('',(-1.,0.,0.));
#3479=DIRECTION('',(0.,0.,-1.));
#3480=DIRECTION('',(0.,0.,1.));
#3481=DIRECTION('',(1.,0.,0.));
#3482=DIRECTION('',(1.,0.,0.));
#3483=DIRECTION('',(0.,0.,-1.));
#3484=DIRECTION('',(0.,0.,-1.));
#3485=DIRECTION('',(0.,-1.,0.));
#3486=DIRECTION('',(0.,-1.,0.));
#3487=DIRECTION('',(0.,0.,-1.));
#3488=DIRECTION('',(-1.,0.,0.));
#3489=DIRECTION('',(0.,0.,-1.));
#3490=DIRECTION('',(0.,0.,1.));
#3491=DIRECTION('',(1.,0.,0.));
#3492=DIRECTION('',(0.,0.,1.));
#3493=DIRECTION('',(1.,0.,0.));
#3494=DIRECTION('',(0.,0.,-1.));
#3495=DIRECTION('',(-1.,0.,0.));
#3496=DIRECTION('',(0.,0.,-1.));
#3497=DIRECTION('',(0.,0.,-1.));
#3498=DIRECTION('',(0.,0.,1.));
#3499=DIRECTION('',(1.,0.,0.));
#3500=DIRECTION('',(1.,0.,0.));
#3501=DIRECTION('',(0.,0.,-1.));
#3502=DIRECTION('',(0.,-1.,0.));
#3503=DIRECTION('',(0.,0.,-1.));
#3504=DIRECTION('',(0.,0.,-1.));
#3505=DIRECTION('',(-1.,0.,0.));
#3506=DIRECTION('',(0.,0.,-1.));
#3507=DIRECTION('',(0.,0.,1.));
#3508=DIRECTION('',(1.,0.,0.));
#3509=DIRECTION('',(0.,0.,1.));
#3510=DIRECTION('',(1.,0.,0.));
#3511=DIRECTION('',(0.,1.,0.));
#3512=DIRECTION('',(0.,0.,1.));
#3513=DIRECTION('',(0.,0.,-1.));
#3514=DIRECTION('',(1.,0.,0.));
#3515=DIRECTION('',(1.,0.,0.));
#3516=DIRECTION('',(0.,0.,-1.));
#3517=DIRECTION('',(-1.,0.,0.));
#3518=DIRECTION('',(0.,0.,-1.));
#3519=DIRECTION('',(0.,0.,1.));
#3520=DIRECTION('',(1.,0.,0.));
#3521=DIRECTION('',(0.,0.,1.));
#3522=DIRECTION('',(1.,0.,0.));
#3523=DIRECTION('',(1.,0.,0.));
#3524=DIRECTION('',(0.,0.,-1.));
#3525=DIRECTION('',(0.,-1.,0.));
#3526=DIRECTION('',(0.,-1.,0.));
#3527=DIRECTION('',(0.,0.,-1.));
#3528=DIRECTION('',(0.,0.,-1.));
#3529=DIRECTION('',(-1.,0.,0.));
#3530=DIRECTION('',(0.,0.,-1.));
#3531=DIRECTION('',(0.,0.,1.));
#3532=DIRECTION('',(1.,0.,0.));
#3533=DIRECTION('',(0.,1.,0.));
#3534=DIRECTION('',(0.,0.,1.));
#3535=DIRECTION('',(-1.,0.,0.));
#3536=DIRECTION('',(1.,0.,0.));
#3537=DIRECTION('',(0.,1.,0.));
#3538=DIRECTION('',(0.,0.,1.));
#3539=DIRECTION('',(1.,0.,0.));
#3540=DIRECTION('',(0.,0.,-1.));
#3541=DIRECTION('',(-1.,0.,0.));
#3542=DIRECTION('',(0.,0.,1.));
#3543=DIRECTION('',(1.,0.,0.));
#3544=DIRECTION('',(0.,0.,1.));
#3545=DIRECTION('',(1.,0.,0.));
#3546=DIRECTION('',(1.,0.,0.));
#3547=DIRECTION('',(0.,0.,1.));
#3548=DIRECTION('',(1.,0.,0.));
#3549=DIRECTION('',(0.,0.,1.));
#3550=DIRECTION('',(1.,0.,0.));
#3551=DIRECTION('',(-1.,0.,0.));
#3552=DIRECTION('',(0.,0.,1.));
#3553=DIRECTION('',(1.,0.,0.));
#3554=DIRECTION('',(0.,0.,1.));
#3555=DIRECTION('',(1.,0.,0.));
#3556=DIRECTION('',(0.,0.,1.));
#3557=DIRECTION('',(1.,0.,0.));
#3558=DIRECTION('',(-0.695393740786163,0.,0.718628934343328));
#3559=DIRECTION('',(0.,-1.,0.));
#3560=DIRECTION('',(0.0906421008054547,-0.748057136832889,0.657415036027435));
#3561=DIRECTION('',(0.990628436829154,0.,-0.136584406670113));
#3562=DIRECTION('',(-0.0906421008054546,-0.74805713683289,-0.657415036027434));
#3563=DIRECTION('',(-0.990628436829154,0.,0.136584406670113));
#3564=DIRECTION('',(-0.797059845478903,0.,-0.603900325157346));
#3565=DIRECTION('',(0.,1.,0.));
#3566=DIRECTION('',(-0.799523665949064,0.,0.600634587405162));
#3567=DIRECTION('',(0.,-1.,0.));
#3568=DIRECTION('',(-0.0931694841712355,-0.749072881070502,0.655903396899271));
#3569=DIRECTION('',(0.990061395681085,2.38539270242548E-16,0.140635816142337));
#3570=DIRECTION('',(0.0931694841712353,-0.749072881070505,-0.655903396899269));
#3571=DIRECTION('',(-0.990061395681085,0.,-0.140635816142337));
#3572=DIRECTION('',(-0.694725935630501,0.,-0.719274547278246));
#3573=DIRECTION('',(0.,1.,0.));
#3574=DIRECTION('',(2.22518501993398E-16,-0.707106781186548,-0.707106781186548));
#3575=DIRECTION('',(-1.,0.,-3.14688683398007E-16));
#3576=DIRECTION('',(-2.22518501993398E-16,-0.707106781186547,0.707106781186548));
#3577=DIRECTION('',(1.,0.,3.14688683398007E-16));
#3578=DIRECTION('',(-0.5,0.,-0.866025403784439));
#3579=DIRECTION('',(0.,-1.,0.));
#3580=DIRECTION('',(0.866025403784439,0.,-0.5));
#3581=DIRECTION('',(0.,0.,1.));
#3582=DIRECTION('',(1.,0.,0.));
#3583=DIRECTION('',(0.,-0.866025403784439,-0.5));
#3584=DIRECTION('',(0.,-0.5,0.866025403784439));
#3585=DIRECTION('',(-1.,0.,0.));
#3586=DIRECTION('',(0.,-0.866025403784439,-0.5));
#3587=DIRECTION('',(0.,0.,1.));
#3588=DIRECTION('',(1.,0.,0.));
#3589=DIRECTION('',(-0.5,0.,-0.866025403784439));
#3590=DIRECTION('',(0.,-1.,0.));
#3591=DIRECTION('',(-0.866025403784439,0.,0.5));
#3592=DIRECTION('',(0.,0.,1.));
#3593=DIRECTION('',(1.,0.,0.));
#3594=DIRECTION('',(0.,-0.866025403784439,0.5));
#3595=DIRECTION('',(0.,-0.5,-0.866025403784439));
#3596=DIRECTION('',(1.,0.,0.));
#3597=DIRECTION('',(0.,-0.866025403784439,0.5));
#3598=DIRECTION('',(0.,0.,1.));
#3599=DIRECTION('',(1.,0.,0.));
#3600=DIRECTION('',(-0.5,0.,-0.866025403784439));
#3601=DIRECTION('',(0.,-1.,0.));
#3602=DIRECTION('',(0.866025403784439,0.,-0.5));
#3603=DIRECTION('',(0.,0.,1.));
#3604=DIRECTION('',(1.,0.,0.));
#3605=DIRECTION('',(0.,-0.866025403784439,-0.5));
#3606=DIRECTION('',(0.,-0.5,0.866025403784439));
#3607=DIRECTION('',(-1.,0.,0.));
#3608=DIRECTION('',(0.,-0.866025403784439,-0.5));
#3609=DIRECTION('',(0.,0.,1.));
#3610=DIRECTION('',(1.,0.,0.));
#3611=DIRECTION('',(-0.5,0.,-0.866025403784439));
#3612=DIRECTION('',(0.,-1.,0.));
#3613=DIRECTION('',(-0.866025403784439,0.,0.5));
#3614=DIRECTION('',(0.,0.,1.));
#3615=DIRECTION('',(1.,0.,0.));
#3616=DIRECTION('',(0.,-0.866025403784439,0.5));
#3617=DIRECTION('',(0.,-0.5,-0.866025403784439));
#3618=DIRECTION('',(1.,0.,0.));
#3619=DIRECTION('',(0.,-0.866025403784439,0.5));
#3620=DIRECTION('',(0.,0.,1.));
#3621=DIRECTION('',(1.,0.,0.));
#3622=DIRECTION('',(-3.14688683398007E-16,0.,1.));
#3623=DIRECTION('',(1.,0.,3.14688683398007E-16));
#3624=DIRECTION('',(3.14688683398007E-16,0.,-1.));
#3625=DIRECTION('',(-1.,0.,-3.14688683398007E-16));
#3626=DIRECTION('',(-3.14688683398007E-16,0.,1.));
#3627=DIRECTION('',(1.,0.,3.14688683398007E-16));
#3628=DIRECTION('',(3.14688683398007E-16,0.,-1.));
#3629=DIRECTION('',(-1.,0.,-3.14688683398007E-16));
#3630=DIRECTION('',(-3.14688683398007E-16,0.,1.));
#3631=DIRECTION('',(1.,0.,3.14688683398007E-16));
#3632=DIRECTION('',(3.14688683398007E-16,0.,-1.));
#3633=DIRECTION('',(-1.,0.,-3.14688683398007E-16));
#3634=DIRECTION('',(-3.14688683398007E-16,0.,1.));
#3635=DIRECTION('',(1.,0.,3.14688683398007E-16));
#3636=DIRECTION('',(3.14688683398007E-16,0.,-1.));
#3637=DIRECTION('',(-1.,0.,-3.14688683398007E-16));
#3638=DIRECTION('',(0.,0.,1.));
#3639=DIRECTION('',(1.,0.,0.));
#3640=DIRECTION('',(3.14688683398007E-16,0.,-1.));
#3641=DIRECTION('',(-1.,0.,-3.14688683398007E-16));
#3642=DIRECTION('',(0.,0.,1.));
#3643=DIRECTION('',(1.,0.,0.));
#3644=DIRECTION('',(3.14688683398007E-16,0.,-1.));
#3645=DIRECTION('',(-1.,0.,-3.14688683398007E-16));
#3646=DIRECTION('',(3.14688683398007E-16,0.,-1.));
#3647=DIRECTION('',(-1.,0.,-3.14688683398007E-16));
#3648=DIRECTION('',(3.14688683398007E-16,0.,-1.));
#3649=DIRECTION('',(-1.,0.,-3.14688683398007E-16));
#3650=DIRECTION('',(3.14688683398007E-16,0.,-1.));
#3651=DIRECTION('',(-1.,0.,-3.14688683398007E-16));
#3652=DIRECTION('',(3.14688683398007E-16,0.,-1.));
#3653=DIRECTION('',(-1.,0.,-3.14688683398007E-16));
#3654=DIRECTION('',(3.14688683398007E-16,0.,-1.));
#3655=DIRECTION('',(1.,0.,3.14688683398007E-16));
#3656=DIRECTION('',(3.14688683398007E-16,0.,-1.));
#3657=DIRECTION('',(-1.,0.,-3.14688683398007E-16));
#3658=DIRECTION('',(3.14688683398007E-16,0.,-1.));
#3659=DIRECTION('',(-1.,0.,-3.14688683398007E-16));
#3660=DIRECTION('',(3.14688683398007E-16,0.,-1.));
#3661=DIRECTION('',(1.,0.,3.14688683398007E-16));
#3662=DIRECTION('',(3.14688683398007E-16,0.,-1.));
#3663=DIRECTION('',(-1.,0.,-3.14688683398007E-16));
#3664=DIRECTION('',(3.14688683398007E-16,0.,-1.));
#3665=DIRECTION('',(-1.,0.,-3.14688683398007E-16));
#3666=DIRECTION('',(3.14688683398007E-16,0.,-1.));
#3667=DIRECTION('',(1.,0.,3.14688683398007E-16));
#3668=DIRECTION('',(3.14688683398007E-16,0.,-1.));
#3669=DIRECTION('',(-1.,0.,-3.14688683398007E-16));
#3670=DIRECTION('',(3.14688683398007E-16,0.,-1.));
#3671=DIRECTION('',(-1.,0.,-3.14688683398007E-16));
#3672=DIRECTION('',(3.14688683398007E-16,0.,-1.));
#3673=DIRECTION('',(1.,0.,3.14688683398007E-16));
#3674=CARTESIAN_POINT('',(0.,0.,0.));
#3675=CARTESIAN_POINT('',(3.62533505261706E-5,0.05286,0.00325743102580278));
#3676=CARTESIAN_POINT('',(-0.01947,-0.01696,0.00325743102580277));
#3677=CARTESIAN_POINT('',(-0.01847,-0.01696,0.00325743102580277));
#3678=CARTESIAN_POINT('',(-0.01852,-0.0166477501000801,0.00325743102580277));
#3679=CARTESIAN_POINT('',(-0.01847,0.05286,0.00325743102580277));
#3680=CARTESIAN_POINT('',(-0.01847,-0.02196,0.00325743102580277));
#3681=CARTESIAN_POINT('',(-0.01947,-0.02196,0.00325743102580277));
#3682=CARTESIAN_POINT('',(-0.01947,-0.02296,0.00325743102580277));
#3683=CARTESIAN_POINT('',(3.62533505261706E-5,-0.02296,0.00325743102580278));
#3684=CARTESIAN_POINT('',(-0.02307,-0.02296,0.00325743102580277));
#3685=CARTESIAN_POINT('',(-0.02307,-0.02196,0.00325743102580277));
#3686=CARTESIAN_POINT('',(-0.02407,-0.02196,0.00325743102580277));
#3687=CARTESIAN_POINT('',(-0.02407,0.05286,0.00325743102580277));
#3688=CARTESIAN_POINT('',(-0.02407,-0.0217797308723292,0.00325743102580277));
#3689=CARTESIAN_POINT('',(-0.02312,-0.0214674809724093,0.00325743102580277));
#3690=CARTESIAN_POINT('',(-0.02312,-0.0224674809724092,0.00325743102580277));
#3691=CARTESIAN_POINT('',(3.62533505261706E-5,-0.0224674809724092,0.00325743102580278));
#3692=CARTESIAN_POINT('',(-0.01952,-0.0224674809724092,0.00325743102580277));
#3693=CARTESIAN_POINT('',(-0.01952,-0.0214674809724093,0.00325743102580277));
#3694=CARTESIAN_POINT('',(-0.01852,-0.0214674809724093,0.00325743102580277));
#3695=CARTESIAN_POINT('',(-0.01852,0.05286,0.00325743102580277));
#3696=CARTESIAN_POINT('',(3.62533505261706E-5,0.05286,0.00325743102580278));
#3697=CARTESIAN_POINT('',(-0.01947,-0.01185,0.00325743102580277));
#3698=CARTESIAN_POINT('',(-0.01852,-0.0121622498999199,0.00325743102580277));
#3699=CARTESIAN_POINT('',(-0.01847,-0.01185,0.00325743102580277));
#3700=CARTESIAN_POINT('',(-0.01852,0.05286,0.00325743102580277));
#3701=CARTESIAN_POINT('',(-0.01852,-0.00736748097240925,0.00325743102580277));
#3702=CARTESIAN_POINT('',(-0.01952,-0.00736748097240925,0.00325743102580277));
#3703=CARTESIAN_POINT('',(-0.01952,-0.00636748097240925,0.00325743102580277));
#3704=CARTESIAN_POINT('',(3.62533505261849E-5,-0.00636748097240924,0.00325743102580278));
#3705=CARTESIAN_POINT('',(-0.02312,-0.00636748097240925,0.00325743102580277));
#3706=CARTESIAN_POINT('',(-0.02312,-0.00736748097240925,0.00325743102580277));
#3707=CARTESIAN_POINT('',(-0.02407,-0.00705523107248933,0.00325743102580277));
#3708=CARTESIAN_POINT('',(-0.02407,0.05286,0.00325743102580277));
#3709=CARTESIAN_POINT('',(-0.02407,-0.00685,0.00325743102580277));
#3710=CARTESIAN_POINT('',(-0.02307,-0.00685,0.00325743102580277));
#3711=CARTESIAN_POINT('',(-0.02307,-0.00585,0.00325743102580277));
#3712=CARTESIAN_POINT('',(3.62533505261706E-5,-0.00585,0.00325743102580278));
#3713=CARTESIAN_POINT('',(-0.01947,-0.00585,0.00325743102580277));
#3714=CARTESIAN_POINT('',(-0.01947,-0.00685,0.00325743102580277));
#3715=CARTESIAN_POINT('',(-0.01847,-0.00685,0.00325743102580277));
#3716=CARTESIAN_POINT('',(-0.01847,0.05286,0.00325743102580277));
#3717=CARTESIAN_POINT('',(3.62533505261706E-5,0.05286,0.00325743102580278));
#3718=CARTESIAN_POINT('',(0.0236425067010522,-0.01696,0.00325743102580279));
#3719=CARTESIAN_POINT('',(0.0246425067010522,-0.01696,0.00325743102580279));
#3720=CARTESIAN_POINT('',(0.02458,-0.0166119966746884,0.00325743102580279));
#3721=CARTESIAN_POINT('',(0.0246425067010522,0.05286,0.00325743102580279));
#3722=CARTESIAN_POINT('',(0.0246425067010522,-0.02196,0.00325743102580279));
#3723=CARTESIAN_POINT('',(0.0236425067010522,-0.02196,0.00325743102580279));
#3724=CARTESIAN_POINT('',(0.0236425067010522,-0.02296,0.00325743102580279));
#3725=CARTESIAN_POINT('',(3.62533505261706E-5,-0.02296,0.00325743102580278));
#3726=CARTESIAN_POINT('',(0.0200425067010522,-0.02296,0.00325743102580278));
#3727=CARTESIAN_POINT('',(0.0200425067010522,-0.02196,0.00325743102580278));
#3728=CARTESIAN_POINT('',(0.0190425067010522,-0.02196,0.00325743102580278));
#3729=CARTESIAN_POINT('',(0.0190425067010522,0.05286,0.00325743102580278));
#3730=CARTESIAN_POINT('',(0.0190425067010522,-0.0218154842977208,0.00325743102580279));
#3731=CARTESIAN_POINT('',(0.01998,-0.0214674809724093,0.00325743102580279));
#3732=CARTESIAN_POINT('',(0.01998,-0.0224674809724092,0.00325743102580279));
#3733=CARTESIAN_POINT('',(3.62533505261706E-5,-0.0224674809724092,0.00325743102580278));
#3734=CARTESIAN_POINT('',(0.02358,-0.0224674809724092,0.00325743102580279));
#3735=CARTESIAN_POINT('',(0.02358,-0.0214674809724093,0.00325743102580279));
#3736=CARTESIAN_POINT('',(0.02458,-0.0214674809724093,0.00325743102580279));
#3737=CARTESIAN_POINT('',(0.02458,0.05286,0.00325743102580279));
#3738=CARTESIAN_POINT('',(3.62533505261706E-5,0.05286,0.00325743102580278));
#3739=CARTESIAN_POINT('',(0.0236425067010522,-0.01185,0.00325743102580279));
#3740=CARTESIAN_POINT('',(0.02458,-0.0121980033253116,0.00325743102580279));
#3741=CARTESIAN_POINT('',(0.0246425067010522,-0.01185,0.00325743102580279));
#3742=CARTESIAN_POINT('',(0.02458,0.05286,0.00325743102580279));
#3743=CARTESIAN_POINT('',(0.02458,-0.00736748097240925,0.00325743102580279));
#3744=CARTESIAN_POINT('',(0.02358,-0.00736748097240925,0.00325743102580279));
#3745=CARTESIAN_POINT('',(0.02358,-0.00636748097240925,0.00325743102580279));
#3746=CARTESIAN_POINT('',(3.62533505261706E-5,-0.00636748097240925,0.00325743102580278));
#3747=CARTESIAN_POINT('',(0.01998,-0.00636748097240925,0.00325743102580279));
#3748=CARTESIAN_POINT('',(0.01998,-0.00736748097240925,0.00325743102580279));
#3749=CARTESIAN_POINT('',(0.0190425067010522,-0.00701947764709761,0.00325743102580279));
#3750=CARTESIAN_POINT('',(0.0190425067010522,0.05286,0.00325743102580278));
#3751=CARTESIAN_POINT('',(0.0190425067010522,-0.00685,0.00325743102580278));
#3752=CARTESIAN_POINT('',(0.0200425067010522,-0.00685,0.00325743102580278));
#3753=CARTESIAN_POINT('',(0.0200425067010522,-0.00585,0.00325743102580279));
#3754=CARTESIAN_POINT('',(3.62533505261706E-5,-0.00585,0.00325743102580278));
#3755=CARTESIAN_POINT('',(0.0236425067010522,-0.00585,0.00325743102580279));
#3756=CARTESIAN_POINT('',(0.0236425067010522,-0.00685,0.00325743102580279));
#3757=CARTESIAN_POINT('',(0.0246425067010522,-0.00685,0.00325743102580279));
#3758=CARTESIAN_POINT('',(0.0246425067010522,0.05286,0.00325743102580279));
#3759=CARTESIAN_POINT('',(3.62533505261706E-5,0.05286,0.00325743102580278));
#3760=CARTESIAN_POINT('',(-2.74408869322309E-17,0.0374,0.00325743102580278));
#3761=CARTESIAN_POINT('',(-0.00500000000000003,0.0374,0.00325743102580278));
#3762=CARTESIAN_POINT('',(-2.00000000000197E-5,-0.03479,0.00325743102580278));
#3763=CARTESIAN_POINT('',(-0.00502000000000002,-0.03479,0.00325743102580278));
#3764=CARTESIAN_POINT('',(0.0228533985460691,0.0297855200383483,0.00325743102580279));
#3765=CARTESIAN_POINT('',(0.0216033985460691,0.0297855200383483,0.00325743102580279));
#3766=CARTESIAN_POINT('',(-0.02232501081357,-0.0358462799992416,0.00325743102580277));
#3767=CARTESIAN_POINT('',(-0.02357501081357,-0.0358462799992416,0.00325743102580277));
#3768=CARTESIAN_POINT('',(0.0218533985460691,-0.0358462799992416,0.00325743102580279));
#3769=CARTESIAN_POINT('',(0.020603398546069,-0.0358462799992416,0.00325743102580279));
#3770=CARTESIAN_POINT('',(-0.0223261672095174,0.0297855200383483,0.00325743102580277));
#3771=CARTESIAN_POINT('',(-0.0235761672095174,0.0297855200383483,0.00325743102580277));
#3772=CARTESIAN_POINT('',(-0.02502,0.05286,0.00325743102580277));
#3773=CARTESIAN_POINT('',(-0.02502,-0.00595,0.00325743102580277));
#3774=CARTESIAN_POINT('',(-0.02502,-0.02295,0.00325743102580277));
#3775=CARTESIAN_POINT('',(-0.02402,-0.02295,0.00325743102580277));
#3776=CARTESIAN_POINT('',(-0.02402,-0.02395,0.00325743102580277));
#3777=CARTESIAN_POINT('',(3.62533505261706E-5,-0.02395,0.00325743102580278));
#3778=CARTESIAN_POINT('',(-0.01852,-0.02395,0.00325743102580277));
#3779=CARTESIAN_POINT('',(-0.01852,-0.02295,0.00325743102580277));
#3780=CARTESIAN_POINT('',(-0.01752,-0.02295,0.00325743102580277));
#3781=CARTESIAN_POINT('',(-0.01752,0.05286,0.00325743102580277));
#3782=CARTESIAN_POINT('',(-0.01752,-0.00595,0.00325743102580277));
#3783=CARTESIAN_POINT('',(-0.01852,-0.00595,0.00325743102580277));
#3784=CARTESIAN_POINT('',(-0.01852,-0.00495,0.00325743102580277));
#3785=CARTESIAN_POINT('',(3.62533505261706E-5,-0.00495,0.00325743102580278));
#3786=CARTESIAN_POINT('',(-0.02402,-0.00495,0.00325743102580277));
#3787=CARTESIAN_POINT('',(-0.02402,-0.00595,0.00325743102580277));
#3788=CARTESIAN_POINT('',(0.000655172636542149,0.0535970071408114,0.00325743102580278));
#3789=CARTESIAN_POINT('',(0.0293137556395874,0.0295302800383483,0.00325743102580279));
#3790=CARTESIAN_POINT('',(0.00393463563958738,0.0508430000383483,0.00325743102580278));
#3791=CARTESIAN_POINT('',(0.0268616808043295,0.0268790325751209,0.00325743102580279));
#3792=CARTESIAN_POINT('',(0.030353398546069,0.0278008196009553,0.0032574310258028));
#3793=CARTESIAN_POINT('',(0.030353398546069,0.05286,0.0032574310258028));
#3794=CARTESIAN_POINT('',(0.030353398546069,-0.0357426611997995,0.0032574310258028));
#3795=CARTESIAN_POINT('',(0.0275912303592725,-0.0349202033925596,0.00325743102580279));
#3796=CARTESIAN_POINT('',(0.0286785451844415,-0.0375892399992417,0.00325743102580278));
#3797=CARTESIAN_POINT('',(0.0325061039647988,-0.036193674202222,0.00325743102580279));
#3798=CARTESIAN_POINT('',(0.00522498518444151,-0.0461406399992416,0.00325743102580278));
#3799=CARTESIAN_POINT('',(0.0012125431488585,-0.0355891949241653,0.00325743102580278));
#3800=CARTESIAN_POINT('',(0.0020555851844415,-0.0468462799992416,0.00325743102580278));
#3801=CARTESIAN_POINT('',(3.62533505261706E-5,-0.0468462799992416,0.00325743102580278));
#3802=CARTESIAN_POINT('',(-0.00158025481555845,-0.0468462799992416,0.00325743102580278));
#3803=CARTESIAN_POINT('',(-0.00158025481555845,-0.0392323493015285,0.00325743102580278));
#3804=CARTESIAN_POINT('',(-0.00433105481555837,-0.0463319999992445,0.00325743102580277));
#3805=CARTESIAN_POINT('',(-0.0324233578399405,-0.0360793346618787,0.00325743102580277));
#3806=CARTESIAN_POINT('',(-0.0272703348155584,-0.0379599999992445,0.00325743102580277));
#3807=CARTESIAN_POINT('',(-0.0262966854291362,-0.0350902399088181,0.00325743102580277));
#3808=CARTESIAN_POINT('',(-0.0293250221506158,-0.0352029022611048,0.00325743102580277));
#3809=CARTESIAN_POINT('',(-0.0293265737610388,0.0528594826432574,0.00325743102580277));
#3810=CARTESIAN_POINT('',(-0.0293261243600086,0.0273535141924852,0.00325743102580277));
#3811=CARTESIAN_POINT('',(-0.0267241208310007,0.0273535600383455,0.00325743102580277));
#3812=CARTESIAN_POINT('',(-0.0285128443604125,0.0292432400383455,0.00325743102580277));
#3813=CARTESIAN_POINT('',(-0.000129085827524186,0.0530570681606379,0.00325743102580278));
#3814=CARTESIAN_POINT('',(-0.0028108043604143,0.0508071200383477,0.00325743102580278));
#3815=CARTESIAN_POINT('',(-0.00149112491038391,0.0492341909545219,0.00325743102580278));
#3816=CARTESIAN_POINT('',(-0.00157892436041262,0.0512855200383483,0.00325743102580278));
#3817=CARTESIAN_POINT('',(3.62533505261706E-5,0.0512855200383483,0.00325743102580278));
#3818=CARTESIAN_POINT('',(0.00273863563958739,0.0512855200383483,0.00325743102580278));
#3819=CARTESIAN_POINT('',(0.00263979952300341,0.049180919182716,0.00325743102580278));
#3820=CARTESIAN_POINT('',(0.01368,0.05286,0.00325743102580278));
#3821=CARTESIAN_POINT('',(0.01368,-0.02315,0.00325743102580278));
#3822=CARTESIAN_POINT('',(0.01368,-0.00375,0.00325743102580278));
#3823=CARTESIAN_POINT('',(3.62533505261706E-5,-0.00375,0.00325743102580278));
#3824=CARTESIAN_POINT('',(-0.01372,-0.00375,0.00325743102580277));
#3825=CARTESIAN_POINT('',(-0.01372,0.05286,0.00325743102580277));
#3826=CARTESIAN_POINT('',(-0.01372,-0.02315,0.00325743102580278));
#3827=CARTESIAN_POINT('',(3.62533505261706E-5,-0.02315,0.00325743102580278));
#3828=CARTESIAN_POINT('',(0.02551,0.05286,0.00325743102580279));
#3829=CARTESIAN_POINT('',(0.02551,-0.00595,0.00325743102580279));
#3830=CARTESIAN_POINT('',(0.02551,-0.02295,0.00325743102580279));
#3831=CARTESIAN_POINT('',(0.02451,-0.00595,0.00325743102580279));
#3832=CARTESIAN_POINT('',(0.02451,-0.00495,0.00325743102580279));
#3833=CARTESIAN_POINT('',(3.62533505261706E-5,-0.00495,0.00325743102580278));
#3834=CARTESIAN_POINT('',(0.01901,-0.00495,0.00325743102580278));
#3835=CARTESIAN_POINT('',(0.01901,-0.00595,0.00325743102580278));
#3836=CARTESIAN_POINT('',(0.01801,-0.00595,0.00325743102580278));
#3837=CARTESIAN_POINT('',(0.01801,0.05286,0.00325743102580278));
#3838=CARTESIAN_POINT('',(0.01801,-0.02295,0.00325743102580278));
#3839=CARTESIAN_POINT('',(0.01901,-0.02295,0.00325743102580278));
#3840=CARTESIAN_POINT('',(0.01901,-0.02395,0.00325743102580279));
#3841=CARTESIAN_POINT('',(3.62533505261706E-5,-0.02395,0.00325743102580278));
#3842=CARTESIAN_POINT('',(0.02451,-0.02395,0.00325743102580279));
#3843=CARTESIAN_POINT('',(0.02451,-0.02295,0.00325743102580279));
#3844=CARTESIAN_POINT('',(3.62533505261706E-5,0.05286,0.00905743102580277));
#3845=CARTESIAN_POINT('',(0.00279250670105227,0.05286,0.00905743102580277));
#3846=CARTESIAN_POINT('',(0.00279250670105227,-0.0244,0.00905743102580277));
#3847=CARTESIAN_POINT('',(0.00279250670105227,-0.0467666901460388,0.00905743102580277));
#3848=CARTESIAN_POINT('',(3.62533505261706E-5,-0.0244,0.00905743102580277));
#3849=CARTESIAN_POINT('',(-0.00271999999999992,-0.0244,0.00905743102580277));
#3850=CARTESIAN_POINT('',(-0.00271999999999992,0.05286,0.00905743102580277));
#3851=CARTESIAN_POINT('',(-0.00271999999999992,-0.0467604912757557,0.00905743102580277));
#3852=CARTESIAN_POINT('',(-0.00158025481555845,-0.0392323493015285,0.00905743102580277));
#3853=CARTESIAN_POINT('',(-0.00158025481555845,-0.0468462799992416,0.00905743102580277));
#3854=CARTESIAN_POINT('',(3.62533505261706E-5,-0.0468462799992416,0.00905743102580277));
#3855=CARTESIAN_POINT('',(0.0020555851844415,-0.0468462799992416,0.00905743102580277));
#3856=CARTESIAN_POINT('',(0.0012125431488585,-0.0355891949241653,0.00905743102580277));
#3857=CARTESIAN_POINT('',(3.62533505261706E-5,0.05286,0.00905743102580277));
#3858=CARTESIAN_POINT('',(-0.00271999999999992,0.05286,0.00905743102580277));
#3859=CARTESIAN_POINT('',(-0.00271999999999992,0.0508790392051818,0.00905743102580277));
#3860=CARTESIAN_POINT('',(-0.00271999999999992,-0.0025,0.00905743102580277));
#3861=CARTESIAN_POINT('',(0.00279250670105227,-0.0025,0.00905743102580277));
#3862=CARTESIAN_POINT('',(0.00279250670105227,-0.0025,0.00905743102580277));
#3863=CARTESIAN_POINT('',(0.00279250670105227,0.05286,0.00905743102580277));
#3864=CARTESIAN_POINT('',(0.00279250670105227,0.0512822982197396,0.00905743102580277));
#3865=CARTESIAN_POINT('',(0.00263979952300341,0.049180919182716,0.00905743102580277));
#3866=CARTESIAN_POINT('',(0.00273863563958739,0.0512855200383483,0.00905743102580277));
#3867=CARTESIAN_POINT('',(3.62533505261706E-5,0.0512855200383483,0.00905743102580277));
#3868=CARTESIAN_POINT('',(-0.00157892436041262,0.0512855200383483,0.00905743102580277));
#3869=CARTESIAN_POINT('',(-0.00149112491038391,0.0492341909545219,0.00905743102580277));
#3870=CARTESIAN_POINT('',(-0.0160958007269655,0.05286,0.00715743102580277));
#3871=CARTESIAN_POINT('',(-0.0223261672095174,0.0297855200383483,0.00627242260212134));
#3872=CARTESIAN_POINT('',(-0.0244261672095174,0.0297855200383483,0.00597412270356228));
#3873=CARTESIAN_POINT('',(-0.02232501081357,-0.0358462799992416,0.00627258686535648));
#3874=CARTESIAN_POINT('',(-0.02442501081357,-0.0358462799992416,0.00597428696679742));
#3875=CARTESIAN_POINT('',(-0.0160958007269655,-0.0239390636867876,0.00715743102580277));
#3876=CARTESIAN_POINT('',(-0.0197540059697769,-0.0239390636867875,0.00663779185778426));
#3877=CARTESIAN_POINT('',(-0.0233540059697769,-0.0239390636867876,0.00612642060311159));
#3878=CARTESIAN_POINT('',(-0.0233540059697769,-0.0239390636867874,0.00612642060311159));
#3879=CARTESIAN_POINT('',(-0.0240000450369118,-0.023941681396712,0.00603465232302037));
#3880=CARTESIAN_POINT('',(-0.0252892304124811,-0.0234023104763777,0.00585152667218412));
#3881=CARTESIAN_POINT('',(-0.025828209607635,-0.0221143131305708,0.00577496598683181));
#3882=CARTESIAN_POINT('',(-0.0258255886841552,-0.0214674809724092,0.00577533828264522));
#3883=CARTESIAN_POINT('',(-0.0258255886841552,-0.0214674809724093,0.00577533828264522));
#3884=CARTESIAN_POINT('',(-0.0258255886841552,0.05286,0.00577533828264522));
#3885=CARTESIAN_POINT('',(-0.0258255886841552,-0.00736748097240923,0.00577533828264522));
#3886=CARTESIAN_POINT('',(-0.0258255886841552,-0.00736748097240915,0.00577533828264522));
#3887=CARTESIAN_POINT('',(-0.0258282063940797,-0.00672144190526529,0.00577496644330953));
#3888=CARTESIAN_POINT('',(-0.025288835473748,-0.00543225652970951,0.00585158277227175));
#3889=CARTESIAN_POINT('',(-0.0240008381279333,-0.00489327733455113,0.0060345396663674));
#3890=CARTESIAN_POINT('',(-0.0233540059697769,-0.00489589825803086,0.00612642060311159));
#3891=CARTESIAN_POINT('',(-0.0233540059697769,-0.00489589825803091,0.00612642060311159));
#3892=CARTESIAN_POINT('',(-0.01952,-0.00489589825803093,0.0066710318373303));
#3893=CARTESIAN_POINT('',(-0.0197540059697769,-0.00489589825803093,0.00663779185778426));
#3894=CARTESIAN_POINT('',(-0.0197540059697769,-0.00489589825803086,0.00663779185778426));
#3895=CARTESIAN_POINT('',(-0.0191079669026305,-0.00489328054810633,0.00672956013787709));
#3896=CARTESIAN_POINT('',(-0.0178187815270784,-0.00543265146843784,0.00691268578871091));
#3897=CARTESIAN_POINT('',(-0.0172798023319188,-0.00672064881425342,0.00698924647406403));
#3898=CARTESIAN_POINT('',(-0.0172824232553986,-0.00736748097240915,0.00698887417825063));
#3899=CARTESIAN_POINT('',(-0.0172824232553986,-0.00736748097240923,0.00698887417825063));
#3900=CARTESIAN_POINT('',(-0.0172824232553986,-0.0214674809724093,0.00698887417825063));
#3901=CARTESIAN_POINT('',(-0.0172824232553986,-0.0214674809724092,0.00698887417825063));
#3902=CARTESIAN_POINT('',(-0.0172824232553986,-0.0214674809724092,0.00698887417825063));
#3903=CARTESIAN_POINT('',(-0.017279805545474,-0.0221135200395599,0.00698924601758632));
#3904=CARTESIAN_POINT('',(-0.0178191764657964,-0.0234027054151055,0.00691262968862543));
#3905=CARTESIAN_POINT('',(-0.0191071738116394,-0.0239416846102672,0.00672967279452576));
#3906=CARTESIAN_POINT('',(-0.0197540059697769,-0.0239390636867874,0.00663779185778426));
#3907=CARTESIAN_POINT('',(-7.06607984127955E-5,-0.0247763321976581,0.00943376322346086));
#3908=CARTESIAN_POINT('',(-0.0115198688993194,-0.02315,0.00780743102580276));
#3909=CARTESIAN_POINT('',(-0.0160958007269655,-0.02315,0.00715743102580277));
#3910=CARTESIAN_POINT('',(-0.01372,-0.02315,0.00749490774763627));
#3911=CARTESIAN_POINT('',(-0.01372,0.05286,0.00749490774763627));
#3912=CARTESIAN_POINT('',(-0.01372,-0.00375,0.00749490774763627));
#3913=CARTESIAN_POINT('',(-0.0160958007269655,-0.00375,0.00715743102580277));
#3914=CARTESIAN_POINT('',(-0.0115198688993194,-0.00375,0.00780743102580277));
#3915=CARTESIAN_POINT('',(-0.000466076082246063,-0.00217983558284484,0.00937759544295792));
#3916=CARTESIAN_POINT('',(-0.00149112491038391,0.0492341909545219,0.00923198974702858));
#3917=CARTESIAN_POINT('',(-0.0028108043604143,0.0508071200383477,0.00904453248699309));
#3918=CARTESIAN_POINT('',(-0.00967280071301356,0.0450499402227411,0.00806980257466309));
#3919=CARTESIAN_POINT('',(-0.0285128443604125,0.0292432400383455,0.00539362014186912));
#3920=CARTESIAN_POINT('',(-0.0267241208310007,0.0273535600383455,0.00564770397395185));
#3921=CARTESIAN_POINT('',(-0.0293261243600086,0.0273535141924852,0.0052780956935931));
#3922=CARTESIAN_POINT('',(-0.0293265737659641,0.0528597621773515,0.00527803185656886));
#3923=CARTESIAN_POINT('',(-0.0293250221506158,-0.0352029022611048,0.00527825225975981));
#3924=CARTESIAN_POINT('',(-0.0262966854291362,-0.0350902399088181,0.00570842013443601));
#3925=CARTESIAN_POINT('',(-0.0272703348155584,-0.0379599999992445,0.0055701156043399));
#3926=CARTESIAN_POINT('',(-0.0461245327861788,-0.0310789058493829,0.00289192258431681));
#3927=CARTESIAN_POINT('',(-0.00433105481555837,-0.0463319999992445,0.00882858460291983));
#3928=CARTESIAN_POINT('',(-0.00158025481555845,-0.0392323493015285,0.00921932906051804));
#3929=CARTESIAN_POINT('',(0.030353398546069,0.05286,0.00425743102580279));
#3930=CARTESIAN_POINT('',(0.030353398546069,0.0278008196009553,-0.013154));
#3931=CARTESIAN_POINT('',(0.0303533985460691,0.0278008196009552,0.00525743102580278));
#3932=CARTESIAN_POINT('',(0.0303533985460691,0.05286,0.00525743102580278));
#3933=CARTESIAN_POINT('',(0.0303533985460691,-0.0357426611997994,0.00525743102580278));
#3934=CARTESIAN_POINT('',(0.030353398546069,-0.0357426611997995,-0.013154));
#3935=CARTESIAN_POINT('',(0.0165729526235606,0.05286,0.00715743102580278));
#3936=CARTESIAN_POINT('',(0.0218533985460691,-0.0358462799992416,0.00642938149030998));
#3937=CARTESIAN_POINT('',(0.0239533985460691,-0.0358462799992416,0.00613984078731409));
#3938=CARTESIAN_POINT('',(0.0228533985460691,0.0297855200383483,0.00629150496507384));
#3939=CARTESIAN_POINT('',(0.0249533985460691,0.0297855200383483,0.00600196426207795));
#3940=CARTESIAN_POINT('',(0.0165729526235606,-0.0239311057456744,0.00715743102580278));
#3941=CARTESIAN_POINT('',(0.0238053392272288,-0.0239311057456744,0.00616025469172461));
#3942=CARTESIAN_POINT('',(0.0202053392272288,-0.0239311057456744,0.00665661018257471));
#3943=CARTESIAN_POINT('',(0.0202053392272288,-0.0239311057456744,0.00665661018257471));
#3944=CARTESIAN_POINT('',(0.0195613802607348,-0.0239337150271612,0.00674539700726956));
#3945=CARTESIAN_POINT('',(0.0182763457725059,-0.023396080760019,0.00692257309731516));
#3946=CARTESIAN_POINT('',(0.0177391019692686,-0.0221122304763376,0.00699664640611017));
#3947=CARTESIAN_POINT('',(0.0177417144539636,-0.0214674809724092,0.00699628620579819));
#3948=CARTESIAN_POINT('',(0.0177417144539636,-0.0214674809724093,0.00699628620579819));
#3949=CARTESIAN_POINT('',(0.0177417144539636,0.05286,0.00699628620579819));
#3950=CARTESIAN_POINT('',(0.0177417144539636,-0.00736748097240925,0.00699628620579819));
#3951=CARTESIAN_POINT('',(0.0177417144539636,-0.00736748097240918,0.00699628620579819));
#3952=CARTESIAN_POINT('',(0.0177391051724769,-0.00672352200591559,0.00699664596446294));
#3953=CARTESIAN_POINT('',(0.0182767394396207,-0.00543848751768626,0.00692251881986128));
#3954=CARTESIAN_POINT('',(0.019560589723297,-0.00490124371444902,0.00674550600382455));
#3955=CARTESIAN_POINT('',(0.0202053392272288,-0.00490385619914409,0.00665661018257471));
#3956=CARTESIAN_POINT('',(0.0202053392272288,-0.00490385619914407,0.00665661018257471));
#3957=CARTESIAN_POINT('',(0.02358,-0.00490385619914407,0.0061913236813743));
#3958=CARTESIAN_POINT('',(0.0238053392272288,-0.00490385619914407,0.00616025469172461));
#3959=CARTESIAN_POINT('',(0.0238053392272288,-0.00490385619914409,0.00616025469172461));
#3960=CARTESIAN_POINT('',(0.0244492981937247,-0.00490124691765729,0.00607146786702949));
#3961=CARTESIAN_POINT('',(0.0257343326819507,-0.00543888118480206,0.0058942917769843));
#3962=CARTESIAN_POINT('',(0.026271576485189,-0.00672273146847572,0.00582021846818915));
#3963=CARTESIAN_POINT('',(0.026268964000494,-0.00736748097240918,0.00582057866850113));
#3964=CARTESIAN_POINT('',(0.0262689640004939,-0.00736748097240924,0.00582057866850113));
#3965=CARTESIAN_POINT('',(0.0262689640004939,-0.0214674809724093,0.00582057866850113));
#3966=CARTESIAN_POINT('',(0.0262689640004939,-0.0214674809724093,0.00582057866850113));
#3967=CARTESIAN_POINT('',(0.026268964000494,-0.0214674809724092,0.00582057866850113));
#3968=CARTESIAN_POINT('',(0.0262715732819806,-0.0221114399388989,0.00582021890983638));
#3969=CARTESIAN_POINT('',(0.025733939014836,-0.0233964744271342,0.00589434605443817));
#3970=CARTESIAN_POINT('',(0.0244500887311624,-0.0239337182303695,0.00607135887047451));
#3971=CARTESIAN_POINT('',(0.0238053392272288,-0.0239311057456744,0.00616025469172461));
#3972=CARTESIAN_POINT('',(0.0165729526235606,-0.02315,0.00715743102580278));
#3973=CARTESIAN_POINT('',(0.01368,-0.02315,0.00755630128121209));
#3974=CARTESIAN_POINT('',(0.0118585895448079,-0.02315,0.00780743102580277));
#3975=CARTESIAN_POINT('',(0.000137207487855181,-0.0247661034289779,0.00942353445478064));
#3976=CARTESIAN_POINT('',(0.0012125431488585,-0.0355891949241653,0.009275270910379));
#3977=CARTESIAN_POINT('',(0.00522498518444151,-0.0461406399992416,0.00872204934480139));
#3978=CARTESIAN_POINT('',(0.0465985617195863,-0.0310554246893852,0.00301760437554412));
#3979=CARTESIAN_POINT('',(0.0286785451844415,-0.0375892399992417,0.00548835398758406));
#3980=CARTESIAN_POINT('',(0.0275912303592725,-0.0349202033925596,0.0056382691775161));
#3981=CARTESIAN_POINT('',(0.0268616808043295,0.0268790325751209,0.00573885693513921));
#3982=CARTESIAN_POINT('',(0.0293137556395874,0.0295302800383483,0.00540077337723488));
#3983=CARTESIAN_POINT('',(0.0104214425440214,0.0453955495653505,0.00800557986052474));
#3984=CARTESIAN_POINT('',(0.00393463563958738,0.0508430000383483,0.00889995825638591));
#3985=CARTESIAN_POINT('',(0.00263979952300341,0.049180919182716,0.00907848576089076));
#3986=CARTESIAN_POINT('',(0.000415080744646617,-0.00217220877012456,0.00938522225567819));
#3987=CARTESIAN_POINT('',(0.0118585895448078,-0.00375,0.00780743102580277));
#3988=CARTESIAN_POINT('',(0.0165729526235606,-0.00375,0.00715743102580278));
#3989=CARTESIAN_POINT('',(0.01368,-0.00375,0.00755630128121209));
#3990=CARTESIAN_POINT('',(0.01368,0.05286,0.00755630128121209));
#3991=CARTESIAN_POINT('',(-0.01372,-0.01345,-0.013154));
#3992=CARTESIAN_POINT('',(-0.01372,-0.02315,-0.013154));
#3993=CARTESIAN_POINT('',(-0.01372,-0.00375,-0.013154));
#3994=CARTESIAN_POINT('',(-1.99999999999367E-5,-0.00375,-0.013154));
#3995=CARTESIAN_POINT('',(-0.00271999999999992,-0.00375,0.00780743102580277));
#3996=CARTESIAN_POINT('',(0.01368,-0.00375,-0.013154));
#3997=CARTESIAN_POINT('',(-1.99999999999367E-5,-0.02315,-0.013154));
#3998=CARTESIAN_POINT('',(-1.99999999999433E-5,-0.02315,0.00780743102580276));
#3999=CARTESIAN_POINT('',(0.01368,-0.02315,-0.013154));
#4000=CARTESIAN_POINT('',(0.01368,-0.01345,-0.013154));
#4001=CARTESIAN_POINT('',(0.000237665184441526,-0.0468462799992416,-0.013154));
#4002=CARTESIAN_POINT('',(-0.00158025481555845,-0.0468462799992416,-0.013154));
#4003=CARTESIAN_POINT('',(0.0020555851844415,-0.0468462799992416,-0.013154));
#4004=CARTESIAN_POINT('',(-0.00158025481555845,-0.0392323493015285,-0.013154));
#4005=CARTESIAN_POINT('',(-0.00433105481555837,-0.0463319999992445,-0.013154));
#4006=CARTESIAN_POINT('',(-0.0158006948155584,-0.0421459999992445,-0.013154));
#4007=CARTESIAN_POINT('',(-0.0272703348155584,-0.0379599999992445,-0.013154));
#4008=CARTESIAN_POINT('',(-0.0262966854291362,-0.0350902399088181,-0.013154));
#4009=CARTESIAN_POINT('',(-0.0293250221506158,-0.0352029022611048,-0.013154));
#4010=CARTESIAN_POINT('',(-0.0293255732553122,-0.00392469403430979,-0.013154));
#4011=CARTESIAN_POINT('',(-0.0293261243600086,0.0273535141924852,-0.013154));
#4012=CARTESIAN_POINT('',(-0.0267241208310007,0.0273535600383455,-0.013154));
#4013=CARTESIAN_POINT('',(-0.0285128443604125,0.0292432400383455,-0.013154));
#4014=CARTESIAN_POINT('',(-0.0156618243604134,0.0400251800383466,-0.013154));
#4015=CARTESIAN_POINT('',(-0.0028108043604143,0.0508071200383477,-0.013154));
#4016=CARTESIAN_POINT('',(-0.00149112491038391,0.0492341909545219,-0.013154));
#4017=CARTESIAN_POINT('',(-0.00157892436041262,0.0512855200383483,-0.013154));
#4018=CARTESIAN_POINT('',(0.000579855639587381,0.0512855200383483,-0.013154));
#4019=CARTESIAN_POINT('',(0.00273863563958739,0.0512855200383483,-0.013154));
#4020=CARTESIAN_POINT('',(0.00263979952300341,0.049180919182716,-0.013154));
#4021=CARTESIAN_POINT('',(0.00393463563958738,0.0508430000383483,-0.013154));
#4022=CARTESIAN_POINT('',(0.0166241956395874,0.0401866400383484,-0.013154));
#4023=CARTESIAN_POINT('',(0.0293137556395874,0.0295302800383483,-0.013154));
#4024=CARTESIAN_POINT('',(0.0169517651844415,-0.0418649399992416,-0.013154));
#4025=CARTESIAN_POINT('',(0.0286785451844415,-0.0375892399992417,-0.013154));
#4026=CARTESIAN_POINT('',(0.00522498518444151,-0.0461406399992416,-0.013154));
#4027=CARTESIAN_POINT('',(0.0012125431488585,-0.0355891949241653,-0.013154));
#4028=CARTESIAN_POINT('',(0.0268616808043295,0.0268790325751209,-0.013154));
#4029=CARTESIAN_POINT('',(0.0275912303592725,-0.0349202033925596,-0.013154));
#4030=CARTESIAN_POINT('',(0.02458,-0.0144174809724092,-0.013154));
#4031=CARTESIAN_POINT('',(0.02458,-0.0214674809724093,-0.013154));
#4032=CARTESIAN_POINT('',(0.02458,-0.0214674809724093,0.00418622338689832));
#4033=CARTESIAN_POINT('',(0.02458,-0.00736748097240925,0.00418622338689832));
#4034=CARTESIAN_POINT('',(0.02458,-0.00736748097240925,0.00418622338689832));
#4035=CARTESIAN_POINT('',(0.02458,-0.00736748097240925,-0.013154));
#4036=CARTESIAN_POINT('',(0.02458,-0.0121980033253116,0.00376));
#4037=CARTESIAN_POINT('',(0.02458,-0.0121980033253116,0.00332698729810778));
#4038=CARTESIAN_POINT('',(0.02458,-0.0121980033253116,0.00332698729810778));
#4039=CARTESIAN_POINT('',(0.02458,-0.0125981179778264,0.0034073782594887));
#4040=CARTESIAN_POINT('',(0.02458,-0.0129638105402151,0.0035825967322363));
#4041=CARTESIAN_POINT('',(0.02458,-0.0133277030535354,0.00376));
#4042=CARTESIAN_POINT('',(0.02458,-0.0133277030535354,0.00376));
#4043=CARTESIAN_POINT('',(0.02458,-0.0144174809724092,0.00376));
#4044=CARTESIAN_POINT('',(0.02458,-0.0154822969464645,0.00376));
#4045=CARTESIAN_POINT('',(0.02458,-0.0154822969464645,0.00376));
#4046=CARTESIAN_POINT('',(0.02458,-0.0158461894724267,0.00358259672607321));
#4047=CARTESIAN_POINT('',(0.02458,-0.0162109882631944,0.00340755783337616));
#4048=CARTESIAN_POINT('',(0.02458,-0.0166119966746884,0.00332698729810778));
#4049=CARTESIAN_POINT('',(0.02458,-0.0166119966746884,0.00332698729810778));
#4050=CARTESIAN_POINT('',(0.02458,-0.0166119966746884,0.00376));
#4051=CARTESIAN_POINT('',(0.02358,-0.00736748097240925,-0.013154));
#4052=CARTESIAN_POINT('',(0.02458,-0.00736748097240925,0.0041862233868983));
#4053=CARTESIAN_POINT('',(0.02458,-0.00724446897265737,0.00418605407982236));
#4054=CARTESIAN_POINT('',(0.0245430434899274,-0.00705171156005117,0.00419915849597417));
#4055=CARTESIAN_POINT('',(0.0244266216763355,-0.00681958937458445,0.0042385760284689));
#4056=CARTESIAN_POINT('',(0.0242777757653874,-0.00664382563370139,0.00428865521846425));
#4057=CARTESIAN_POINT('',(0.0241849159492341,-0.00656735323794619,0.0043210762418381));
#4058=CARTESIAN_POINT('',(0.0239742235536751,-0.00643102263163166,0.00439404057408097));
#4059=CARTESIAN_POINT('',(0.0237527157388109,-0.00636748097240925,0.00446723201481438));
#4060=CARTESIAN_POINT('',(0.02358,-0.00636748097240925,0.0045258994101218));
#4061=CARTESIAN_POINT('',(0.02358,-0.00636748097240925,0.00452589941012177));
#4062=CARTESIAN_POINT('',(0.02358,-0.00636748097240925,-0.013154));
#4063=CARTESIAN_POINT('',(0.02178,-0.00636748097240925,-0.013154));
#4064=CARTESIAN_POINT('',(0.0197546607727714,-0.00636748097240925,0.0050533238906216));
#4065=CARTESIAN_POINT('',(0.01998,-0.00636748097240925,0.0050222549009719));
#4066=CARTESIAN_POINT('',(0.01998,-0.00636748097240925,-0.013154));
#4067=CARTESIAN_POINT('',(0.01998,-0.00736748097240925,-0.013154));
#4068=CARTESIAN_POINT('',(0.01998,-0.00636748097240925,0.0050222549009719));
#4069=CARTESIAN_POINT('',(0.0198073193007921,-0.00636748097240925,0.00508091039416627));
#4070=CARTESIAN_POINT('',(0.0195858312249421,-0.0064310006386491,0.0051540938354737));
#4071=CARTESIAN_POINT('',(0.0193751226818857,-0.00656732054307883,0.00522706164634962));
#4072=CARTESIAN_POINT('',(0.0192822092312887,-0.00664384058083263,0.00525950347687106));
#4073=CARTESIAN_POINT('',(0.01913339970584,-0.00681956228092685,0.00530957716856436));
#4074=CARTESIAN_POINT('',(0.0190169662407292,-0.00705167597346019,0.00534899656089526));
#4075=CARTESIAN_POINT('',(0.01898,-0.00724444649591352,0.00536210026220712));
#4076=CARTESIAN_POINT('',(0.01898,-0.00736748097240925,0.0053619309241954));
#4077=CARTESIAN_POINT('',(0.01898,-0.00736748097240925,0.00536193092419532));
#4078=CARTESIAN_POINT('',(0.01898,-0.00736748097240925,-0.013154));
#4079=CARTESIAN_POINT('',(0.01898,-0.00736748097240925,0.00336307555878642));
#4080=CARTESIAN_POINT('',(0.01998,-0.00736748097240925,0.0027857252895968));
#4081=CARTESIAN_POINT('',(0.0190425067010522,-0.00701947764709761,0.00332698729810778));
#4082=CARTESIAN_POINT('',(0.0190425067010522,-0.00701947764709761,-0.013154));
#4083=CARTESIAN_POINT('',(0.01898,-0.0144174809724092,-0.013154));
#4084=CARTESIAN_POINT('',(0.01898,-0.0144174809724092,0.00536193092419537));
#4085=CARTESIAN_POINT('',(0.01898,-0.0214674809724093,0.00536193092419537));
#4086=CARTESIAN_POINT('',(0.01898,-0.0214674809724093,-0.013154));
#4087=CARTESIAN_POINT('',(0.01898,-0.0214674809724093,0.00336307555878642));
#4088=CARTESIAN_POINT('',(0.01898,-0.0144174809724092,0.00336307555878642));
#4089=CARTESIAN_POINT('',(0.01898,-0.01696,0.00336307555878643));
#4090=CARTESIAN_POINT('',(0.01898,-0.0155694679039234,0.00376));
#4091=CARTESIAN_POINT('',(0.01898,-0.0160121350559745,0.00355692351480815));
#4092=CARTESIAN_POINT('',(0.01898,-0.0164774065128768,0.00336307555878645));
#4093=CARTESIAN_POINT('',(0.01898,-0.01696,0.00336307555878645));
#4094=CARTESIAN_POINT('',(0.01898,-0.0155694679039234,0.00376));
#4095=CARTESIAN_POINT('',(0.01898,-0.0144174809724092,0.00376));
#4096=CARTESIAN_POINT('',(0.01898,-0.0132405320960766,0.00376));
#4097=CARTESIAN_POINT('',(0.01898,-0.0132405320960766,0.00376));
#4098=CARTESIAN_POINT('',(0.01898,-0.0127978649440255,0.00355692351480815));
#4099=CARTESIAN_POINT('',(0.01898,-0.0123325934871232,0.00336307555878645));
#4100=CARTESIAN_POINT('',(0.01898,-0.01185,0.00336307555878645));
#4101=CARTESIAN_POINT('',(0.01898,-0.01185,0.00336307555878642));
#4102=CARTESIAN_POINT('',(0.01898,-0.0144174809724092,0.00336307555878642));
#4103=CARTESIAN_POINT('',(0.01998,-0.0214674809724093,-0.013154));
#4104=CARTESIAN_POINT('',(0.01898,-0.0214674809724092,0.0053619309241954));
#4105=CARTESIAN_POINT('',(0.01898,-0.0215904929721692,0.00536210023127135));
#4106=CARTESIAN_POINT('',(0.0190169565100761,-0.0217832503847801,0.00534899581511982));
#4107=CARTESIAN_POINT('',(0.0191333783236722,-0.0220153725702438,0.00530957828262439));
#4108=CARTESIAN_POINT('',(0.0192822242346072,-0.0221911363111117,0.00525949909263103));
#4109=CARTESIAN_POINT('',(0.0193750840507797,-0.022267608706884,0.00522707806924968));
#4110=CARTESIAN_POINT('',(0.0195857764463445,-0.0224039393131947,0.00515411373700557));
#4111=CARTESIAN_POINT('',(0.0198072842612016,-0.0224674809724093,0.00508092229627503));
#4112=CARTESIAN_POINT('',(0.01998,-0.0224674809724093,0.0050222549009719));
#4113=CARTESIAN_POINT('',(0.01998,-0.0224674809724092,0.0050222549009719));
#4114=CARTESIAN_POINT('',(0.01998,-0.0224674809724092,-0.013154));
#4115=CARTESIAN_POINT('',(0.0190425067010522,-0.0218154842977208,-0.013154));
#4116=CARTESIAN_POINT('',(0.0190425067010522,-0.0218154842977208,0.00332698729810778));
#4117=CARTESIAN_POINT('',(0.01998,-0.0214674809724093,0.00278572528959679));
#4118=CARTESIAN_POINT('',(0.02178,-0.0224674809724092,-0.013154));
#4119=CARTESIAN_POINT('',(0.0242057476738284,-0.0224674809724092,0.00443962349517975));
#4120=CARTESIAN_POINT('',(0.02358,-0.0224674809724092,0.00452589941012179));
#4121=CARTESIAN_POINT('',(0.02358,-0.0224674809724092,-0.013154));
#4122=CARTESIAN_POINT('',(0.02358,-0.0214674809724093,-0.013154));
#4123=CARTESIAN_POINT('',(0.02358,-0.0224674809724093,0.0045258994101218));
#4124=CARTESIAN_POINT('',(0.0237526806992084,-0.0224674809724093,0.00446724391692723));
#4125=CARTESIAN_POINT('',(0.0239741687750588,-0.022403961306169,0.00439406047561967));
#4126=CARTESIAN_POINT('',(0.0241848773181149,-0.0222676414017392,0.00432109266474381));
#4127=CARTESIAN_POINT('',(0.024277790768711,-0.0221911213639861,0.00428865083422272));
#4128=CARTESIAN_POINT('',(0.0244266002941603,-0.0220153996638912,0.00423857714252934));
#4129=CARTESIAN_POINT('',(0.0245430337592709,-0.0217832859713577,0.00419915775019847));
#4130=CARTESIAN_POINT('',(0.02458,-0.0215905154489046,0.00418605404888662));
#4131=CARTESIAN_POINT('',(0.02458,-0.0214674809724092,0.00418622338689835));
#4132=CARTESIAN_POINT('',(-0.01852,-0.014405,-0.013154));
#4133=CARTESIAN_POINT('',(-0.01852,-0.0214674809724093,-0.013154));
#4134=CARTESIAN_POINT('',(-0.01852,-0.0214674809724093,0.0053414966936944));
#4135=CARTESIAN_POINT('',(-0.01852,-0.00736748097240925,0.0053414966936944));
#4136=CARTESIAN_POINT('',(-0.01852,-0.00736748097240925,0.0053414966936944));
#4137=CARTESIAN_POINT('',(-0.01852,-0.00736748097240925,-0.013154));
#4138=CARTESIAN_POINT('',(-0.01852,-0.0121622498999199,0.00376));
#4139=CARTESIAN_POINT('',(-0.01852,-0.0121622498999199,0.00332698729810778));
#4140=CARTESIAN_POINT('',(-0.01852,-0.0121622498999199,0.00332698729810778));
#4141=CARTESIAN_POINT('',(-0.01852,-0.0125727477516145,0.00340099085074541));
#4142=CARTESIAN_POINT('',(-0.01852,-0.0129474197576071,0.0035794942636828));
#4143=CARTESIAN_POINT('',(-0.01852,-0.0133196938456699,0.00376));
#4144=CARTESIAN_POINT('',(-0.01852,-0.0133196938456699,0.00376));
#4145=CARTESIAN_POINT('',(-0.01852,-0.014405,0.00376));
#4146=CARTESIAN_POINT('',(-0.01852,-0.0154903061543301,0.00376));
#4147=CARTESIAN_POINT('',(-0.01852,-0.0154903061543301,0.00376));
#4148=CARTESIAN_POINT('',(-0.01852,-0.0158625884062112,0.00357949030526595));
#4149=CARTESIAN_POINT('',(-0.01852,-0.0162357256697387,0.00340126605862477));
#4150=CARTESIAN_POINT('',(-0.01852,-0.0166477501000801,0.00332698729810778));
#4151=CARTESIAN_POINT('',(-0.01852,-0.0166477501000801,0.00332698729810778));
#4152=CARTESIAN_POINT('',(-0.01852,-0.0166477501000801,0.00376));
#4153=CARTESIAN_POINT('',(-0.01952,-0.00736748097240925,-0.013154));
#4154=CARTESIAN_POINT('',(-0.01852,-0.00736748097240925,0.0053414966936944));
#4155=CARTESIAN_POINT('',(-0.01852,-0.00724446897265622,0.00534167168609018));
#4156=CARTESIAN_POINT('',(-0.0185569565100731,-0.00705171156004935,0.00532812722455517));
#4157=CARTESIAN_POINT('',(-0.0186733783236656,-0.00681958937458307,0.00528738605405978));
#4158=CARTESIAN_POINT('',(-0.0188222242346118,-0.00664382563370214,0.00523562520834657));
#4159=CARTESIAN_POINT('',(-0.0189150840507678,-0.00656735323794458,0.00520211548926093));
#4160=CARTESIAN_POINT('',(-0.0191257764463276,-0.00643102263163058,0.00512670101981422));
#4161=CARTESIAN_POINT('',(-0.0193472842611908,-0.00636748097240925,0.00505105181559025));
#4162=CARTESIAN_POINT('',(-0.01952,-0.00636748097240925,0.00499041437322805));
#4163=CARTESIAN_POINT('',(-0.01952,-0.00636748097240925,0.00499041437322803));
#4164=CARTESIAN_POINT('',(-0.01952,-0.00636748097240925,-0.013154));
#4165=CARTESIAN_POINT('',(-0.02132,-0.00636748097240925,-0.013154));
#4166=CARTESIAN_POINT('',(-0.022885994030223,-0.00636748097240925,0.0045122830981014));
#4167=CARTESIAN_POINT('',(-0.02312,-0.00636748097240925,0.00447904311855536));
#4168=CARTESIAN_POINT('',(-0.02312,-0.00636748097240925,-0.013154));
#4169=CARTESIAN_POINT('',(-0.02312,-0.00736748097240925,-0.013154));
#4170=CARTESIAN_POINT('',(-0.02312,-0.00636748097240925,0.00447904311855535));
#4171=CARTESIAN_POINT('',(-0.0232926806992103,-0.00636748097240925,0.00441841797797687));
#4172=CARTESIAN_POINT('',(-0.0235141687750617,-0.0064310006386506,0.00434277704179806));
#4173=CARTESIAN_POINT('',(-0.0237248773181169,-0.00656732054308107,0.00426735897690648));
#4174=CARTESIAN_POINT('',(-0.0238177907687102,-0.0066438405808316,0.00423382775197323));
#4175=CARTESIAN_POINT('',(-0.0239666002941614,-0.00681956228092873,0.00418207258919399));
#4176=CARTESIAN_POINT('',(-0.0240830337592715,-0.00705167597346268,0.00414132949640951));
#4177=CARTESIAN_POINT('',(-0.02412,-0.00724444649591509,0.00412778577371862));
#4178=CARTESIAN_POINT('',(-0.02412,-0.00736748097240925,0.004127960798089));
#4179=CARTESIAN_POINT('',(-0.02412,-0.00736748097240925,0.00412796079808899));
#4180=CARTESIAN_POINT('',(-0.02412,-0.00736748097240925,-0.013154));
#4181=CARTESIAN_POINT('',(-0.02412,-0.00736748097240925,0.00335585481156726));
#4182=CARTESIAN_POINT('',(-0.02312,-0.00736748097240925,0.00277850454237763));
#4183=CARTESIAN_POINT('',(-0.02407,-0.00705523107248933,0.00332698729810778));
#4184=CARTESIAN_POINT('',(-0.02407,-0.00705523107248933,-0.013154));
#4185=CARTESIAN_POINT('',(-0.02412,-0.00835874048620462,-0.013154));
#4186=CARTESIAN_POINT('',(-0.02412,-0.00835874048620462,0.00412796079808899));
#4187=CARTESIAN_POINT('',(-0.02412,-0.0214674809724093,0.00412796079808899));
#4188=CARTESIAN_POINT('',(-0.02412,-0.0214674809724093,-0.013154));
#4189=CARTESIAN_POINT('',(-0.02412,-0.0214674809724093,0.00335585481156726));
#4190=CARTESIAN_POINT('',(-0.02412,-0.00835874048620462,0.00335585481156726));
#4191=CARTESIAN_POINT('',(-0.02412,-0.01696,0.00335585481156726));
#4192=CARTESIAN_POINT('',(-0.02412,-0.01556,0.00376));
#4193=CARTESIAN_POINT('',(-0.02412,-0.0160055692826568,0.00355420036377239));
#4194=CARTESIAN_POINT('',(-0.02412,-0.0164733131973366,0.00335585481156726));
#4195=CARTESIAN_POINT('',(-0.02412,-0.01696,0.00335585481156726));
#4196=CARTESIAN_POINT('',(-0.02412,-0.01556,0.00376));
#4197=CARTESIAN_POINT('',(-0.02412,-0.00835874048620462,0.00376));
#4198=CARTESIAN_POINT('',(-0.02412,-0.01325,0.00376));
#4199=CARTESIAN_POINT('',(-0.02412,-0.01325,0.00376));
#4200=CARTESIAN_POINT('',(-0.02412,-0.0128044307173432,0.00355420036377239));
#4201=CARTESIAN_POINT('',(-0.02412,-0.0123366868026634,0.00335585481156726));
#4202=CARTESIAN_POINT('',(-0.02412,-0.01185,0.00335585481156726));
#4203=CARTESIAN_POINT('',(-0.02412,-0.01185,0.00335585481156726));
#4204=CARTESIAN_POINT('',(-0.02412,-0.00835874048620462,0.00335585481156726));
#4205=CARTESIAN_POINT('',(-0.02312,-0.0214674809724093,-0.013154));
#4206=CARTESIAN_POINT('',(-0.02412,-0.0214674809724093,0.004127960798089));
#4207=CARTESIAN_POINT('',(-0.02412,-0.0215904929721651,0.0041277858056932));
#4208=CARTESIAN_POINT('',(-0.0240830434899257,-0.0217832503847736,0.00414133026722811));
#4209=CARTESIAN_POINT('',(-0.0239666216763317,-0.0220153725702388,0.00418207143772374));
#4210=CARTESIAN_POINT('',(-0.0238177757653901,-0.0221911363111145,0.00423383228343625));
#4211=CARTESIAN_POINT('',(-0.0237249159492273,-0.0222676087068781,0.00426734200252464));
#4212=CARTESIAN_POINT('',(-0.0235142235536654,-0.0224039393131907,0.00434275647197179));
#4213=CARTESIAN_POINT('',(-0.0232927157388048,-0.0224674809724093,0.00441840567619472));
#4214=CARTESIAN_POINT('',(-0.02312,-0.0224674809724093,0.00447904311855535));
#4215=CARTESIAN_POINT('',(-0.02312,-0.0224674809724092,0.00447904311855536));
#4216=CARTESIAN_POINT('',(-0.02312,-0.0224674809724092,-0.013154));
#4217=CARTESIAN_POINT('',(-0.02407,-0.0217797308723292,-0.013154));
#4218=CARTESIAN_POINT('',(-0.02407,-0.0217797308723292,0.00332698729810778));
#4219=CARTESIAN_POINT('',(-0.02312,-0.0214674809724093,0.00277850454237763));
#4220=CARTESIAN_POINT('',(-0.02132,-0.0224674809724092,-0.013154));
#4221=CARTESIAN_POINT('',(-0.0238107924662649,-0.0224674809724092,0.00438091772683527));
#4222=CARTESIAN_POINT('',(-0.01952,-0.0224674809724092,0.00499041437322803));
#4223=CARTESIAN_POINT('',(-0.01952,-0.0224674809724092,-0.013154));
#4224=CARTESIAN_POINT('',(-0.01952,-0.0214674809724093,-0.013154));
#4225=CARTESIAN_POINT('',(-0.01952,-0.0224674809724093,0.00499041437322805));
#4226=CARTESIAN_POINT('',(-0.0193473193007915,-0.0224674809724093,0.00505103951380592));
#4227=CARTESIAN_POINT('',(-0.0191258312249411,-0.022403961306169,0.00512668044998431));
#4228=CARTESIAN_POINT('',(-0.0189151226818851,-0.0222676414017391,0.00520209851487607));
#4229=CARTESIAN_POINT('',(-0.018822209231289,-0.0221911213639861,0.00523562973981039));
#4230=CARTESIAN_POINT('',(-0.0186733997058397,-0.0220153996638912,0.00528738490258934));
#4231=CARTESIAN_POINT('',(-0.0185569662407291,-0.0217832859713577,0.00532812799537393));
#4232=CARTESIAN_POINT('',(-0.01852,-0.0215905154489046,0.00534167171806478));
#4233=CARTESIAN_POINT('',(-0.01852,-0.0214674809724092,0.0053414966936944));
#4234=CARTESIAN_POINT('',(-0.01947,-0.01696,0.00376));
#4235=CARTESIAN_POINT('',(-0.01947,-0.01696,0.00332698729810778));
#4236=CARTESIAN_POINT('',(-0.01947,-0.01596,0.00332698729810778));
#4237=CARTESIAN_POINT('',(-0.01947,-0.01596,0.00376));
#4238=CARTESIAN_POINT('',(-0.01947,-0.01596,0.00176));
#4239=CARTESIAN_POINT('',(-0.01947,-0.01696,0.00176));
#4240=CARTESIAN_POINT('',(-0.01847,-0.01696,0.00176));
#4241=CARTESIAN_POINT('',(-0.01847,-0.01696,0.00376));
#4242=CARTESIAN_POINT('',(-0.01847,-0.01946,0.00376));
#4243=CARTESIAN_POINT('',(-0.01847,-0.01946,0.00176));
#4244=CARTESIAN_POINT('',(-0.01847,-0.02196,0.00176));
#4245=CARTESIAN_POINT('',(-0.01847,-0.02196,0.00376));
#4246=CARTESIAN_POINT('',(-0.01947,-0.02196,0.00376));
#4247=CARTESIAN_POINT('',(-0.01947,-0.02296,0.00376));
#4248=CARTESIAN_POINT('',(-0.01947,-0.02296,0.00176));
#4249=CARTESIAN_POINT('',(-0.01947,-0.02196,0.00176));
#4250=CARTESIAN_POINT('',(-0.02127,-0.02296,0.00376));
#4251=CARTESIAN_POINT('',(-0.02307,-0.02296,0.00376));
#4252=CARTESIAN_POINT('',(-0.02307,-0.02296,0.00176));
#4253=CARTESIAN_POINT('',(-0.02127,-0.02296,0.00176));
#4254=CARTESIAN_POINT('',(-0.02307,-0.02196,0.00376));
#4255=CARTESIAN_POINT('',(-0.02407,-0.02196,0.00376));
#4256=CARTESIAN_POINT('',(-0.02407,-0.02196,0.00176));
#4257=CARTESIAN_POINT('',(-0.02307,-0.02196,0.00176));
#4258=CARTESIAN_POINT('',(-0.02407,-0.01946,0.00376));
#4259=CARTESIAN_POINT('',(-0.02407,-0.01696,0.00376));
#4260=CARTESIAN_POINT('',(-0.02407,-0.01696,0.00332698729810778));
#4261=CARTESIAN_POINT('',(-0.02407,-0.01696,0.00176));
#4262=CARTESIAN_POINT('',(-0.02407,-0.01946,0.00332698729810778));
#4263=CARTESIAN_POINT('',(-0.02407,-0.01946,0.00176));
#4264=CARTESIAN_POINT('',(-0.02307,-0.01696,0.00376));
#4265=CARTESIAN_POINT('',(-0.02307,-0.01596,0.00376));
#4266=CARTESIAN_POINT('',(-0.02307,-0.01596,0.00332698729810778));
#4267=CARTESIAN_POINT('',(-0.02307,-0.01596,0.00176));
#4268=CARTESIAN_POINT('',(-0.02307,-0.01696,0.00332698729810778));
#4269=CARTESIAN_POINT('',(-0.02307,-0.01696,0.00176));
#4270=CARTESIAN_POINT('',(-0.01947,-0.00685,0.00376));
#4271=CARTESIAN_POINT('',(-0.01847,-0.00685,0.00376));
#4272=CARTESIAN_POINT('',(-0.01847,-0.00685,0.00176));
#4273=CARTESIAN_POINT('',(-0.01947,-0.00585,0.00376));
#4274=CARTESIAN_POINT('',(-0.01947,-0.00585,0.00176));
#4275=CARTESIAN_POINT('',(-0.01947,-0.00685,0.00176));
#4276=CARTESIAN_POINT('',(-0.01847,-0.00935,0.00376));
#4277=CARTESIAN_POINT('',(-0.01847,-0.00935,0.00176));
#4278=CARTESIAN_POINT('',(-0.01847,-0.01185,0.00176));
#4279=CARTESIAN_POINT('',(-0.01847,-0.01185,0.00376));
#4280=CARTESIAN_POINT('',(-0.01947,-0.01185,0.00376));
#4281=CARTESIAN_POINT('',(-0.01947,-0.01285,0.00376));
#4282=CARTESIAN_POINT('',(-0.01947,-0.01285,0.00332698729810778));
#4283=CARTESIAN_POINT('',(-0.01947,-0.01285,0.00176));
#4284=CARTESIAN_POINT('',(-0.01947,-0.01185,0.00332698729810778));
#4285=CARTESIAN_POINT('',(-0.01947,-0.01185,0.00176));
#4286=CARTESIAN_POINT('',(-0.02127,-0.01285,0.00376));
#4287=CARTESIAN_POINT('',(-0.02307,-0.01285,0.00376));
#4288=CARTESIAN_POINT('',(-0.02307,-0.01285,0.00332698729810778));
#4289=CARTESIAN_POINT('',(-0.02307,-0.01285,0.00176));
#4290=CARTESIAN_POINT('',(-0.02127,-0.01285,0.00332698729810778));
#4291=CARTESIAN_POINT('',(-0.02127,-0.01285,0.00176));
#4292=CARTESIAN_POINT('',(-0.02307,-0.01185,0.00376));
#4293=CARTESIAN_POINT('',(-0.02407,-0.01185,0.00376));
#4294=CARTESIAN_POINT('',(-0.02407,-0.01185,0.00332698729810778));
#4295=CARTESIAN_POINT('',(-0.02407,-0.01185,0.00176));
#4296=CARTESIAN_POINT('',(-0.02307,-0.01185,0.00332698729810778));
#4297=CARTESIAN_POINT('',(-0.02307,-0.01185,0.00176));
#4298=CARTESIAN_POINT('',(-0.02407,-0.00935,0.00376));
#4299=CARTESIAN_POINT('',(-0.02407,-0.00935,0.00332698729810778));
#4300=CARTESIAN_POINT('',(-0.02407,-0.00935,0.00176));
#4301=CARTESIAN_POINT('',(-0.02407,-0.00685,0.00176));
#4302=CARTESIAN_POINT('',(-0.02407,-0.00685,0.00376));
#4303=CARTESIAN_POINT('',(-0.02307,-0.00685,0.00376));
#4304=CARTESIAN_POINT('',(-0.02307,-0.00585,0.00376));
#4305=CARTESIAN_POINT('',(-0.02307,-0.00585,0.00176));
#4306=CARTESIAN_POINT('',(-0.02307,-0.00685,0.00176));
#4307=CARTESIAN_POINT('',(-0.02402,-0.02295,0.00376));
#4308=CARTESIAN_POINT('',(-0.02502,-0.02295,0.00376));
#4309=CARTESIAN_POINT('',(-0.02502,-0.02295,0.00176));
#4310=CARTESIAN_POINT('',(-0.02402,-0.02295,0.00176));
#4311=CARTESIAN_POINT('',(-0.02402,-0.02395,0.00176));
#4312=CARTESIAN_POINT('',(-0.02402,-0.02395,0.00376));
#4313=CARTESIAN_POINT('',(-0.02127,-0.02395,0.00376));
#4314=CARTESIAN_POINT('',(-0.02127,-0.02395,0.00176));
#4315=CARTESIAN_POINT('',(-0.01852,-0.02395,0.00176));
#4316=CARTESIAN_POINT('',(-0.01852,-0.02395,0.00376));
#4317=CARTESIAN_POINT('',(-0.01852,-0.02295,0.00376));
#4318=CARTESIAN_POINT('',(-0.01852,-0.02295,0.00176));
#4319=CARTESIAN_POINT('',(-0.01752,-0.02295,0.00176));
#4320=CARTESIAN_POINT('',(-0.01752,-0.02295,0.00376));
#4321=CARTESIAN_POINT('',(-0.01752,-0.01445,0.00376));
#4322=CARTESIAN_POINT('',(-0.01752,-0.00595,0.00376));
#4323=CARTESIAN_POINT('',(-0.01752,-0.00595,0.00176));
#4324=CARTESIAN_POINT('',(-0.01752,-0.01445,0.00176));
#4325=CARTESIAN_POINT('',(-0.01852,-0.00595,0.00376));
#4326=CARTESIAN_POINT('',(-0.01852,-0.00595,0.00176));
#4327=CARTESIAN_POINT('',(-0.01852,-0.00495,0.00176));
#4328=CARTESIAN_POINT('',(-0.01852,-0.00495,0.00376));
#4329=CARTESIAN_POINT('',(-0.02127,-0.00495,0.00376));
#4330=CARTESIAN_POINT('',(-0.02402,-0.00495,0.00376));
#4331=CARTESIAN_POINT('',(-0.02402,-0.00495,0.00176));
#4332=CARTESIAN_POINT('',(-0.02127,-0.00495,0.00176));
#4333=CARTESIAN_POINT('',(-0.02402,-0.00595,0.00376));
#4334=CARTESIAN_POINT('',(-0.02402,-0.00595,0.00176));
#4335=CARTESIAN_POINT('',(-0.02502,-0.00595,0.00176));
#4336=CARTESIAN_POINT('',(-0.02502,-0.00595,0.00376));
#4337=CARTESIAN_POINT('',(-0.02127,-0.00585,0.00376));
#4338=CARTESIAN_POINT('',(-0.02127,-0.00585,0.00176));
#4339=CARTESIAN_POINT('',(-0.02502,-0.01445,0.00376));
#4340=CARTESIAN_POINT('',(-0.02502,-0.01445,0.00176));
#4341=CARTESIAN_POINT('',(-0.02127,-0.01596,0.00376));
#4342=CARTESIAN_POINT('',(-0.02307,-0.01596,0.00332698729810778));
#4343=CARTESIAN_POINT('',(-0.02127,-0.01596,0.00176));
#4344=CARTESIAN_POINT('',(0.000246250000000059,0.001885,0.00376));
#4345=CARTESIAN_POINT('',(-0.01947,-0.01521,0.00376));
#4346=CARTESIAN_POINT('',(-0.02307,-0.01521,0.00376));
#4347=CARTESIAN_POINT('',(-0.01947,-0.01521,0.00376));
#4348=CARTESIAN_POINT('',(-0.01947,-0.01696,0.00376));
#4349=CARTESIAN_POINT('',(-0.01947,-0.01185,0.00376));
#4350=CARTESIAN_POINT('',(-0.01947,-0.0136,0.00376));
#4351=CARTESIAN_POINT('',(0.000246250000000059,-0.0136,0.00376));
#4352=CARTESIAN_POINT('',(-0.02307,-0.0136,0.00376));
#4353=CARTESIAN_POINT('',(-0.02307,-0.01185,0.00376));
#4354=CARTESIAN_POINT('',(-0.02307,-0.01696,0.00376));
#4355=CARTESIAN_POINT('',(0.000246250000000059,0.001885,0.00176));
#4356=CARTESIAN_POINT('',(0.02551,0.02253,0.00376));
#4357=CARTESIAN_POINT('',(0.02551,-0.00595,0.00376));
#4358=CARTESIAN_POINT('',(0.02551,-0.00595,0.00176));
#4359=CARTESIAN_POINT('',(0.02551,-0.02295,0.00376));
#4360=CARTESIAN_POINT('',(0.02551,-0.02295,0.00176));
#4361=CARTESIAN_POINT('',(0.02551,0.02253,0.00176));
#4362=CARTESIAN_POINT('',(0.02451,-0.00595,0.00376));
#4363=CARTESIAN_POINT('',(0.02451,-0.00595,0.00176));
#4364=CARTESIAN_POINT('',(0.02451,-0.00495,0.00176));
#4365=CARTESIAN_POINT('',(0.02451,-0.00495,0.00376));
#4366=CARTESIAN_POINT('',(0.02176,-0.00495,0.00376));
#4367=CARTESIAN_POINT('',(0.01901,-0.00495,0.00376));
#4368=CARTESIAN_POINT('',(0.01901,-0.00495,0.00176));
#4369=CARTESIAN_POINT('',(0.02176,-0.00495,0.00176));
#4370=CARTESIAN_POINT('',(0.01901,-0.00595,0.00376));
#4371=CARTESIAN_POINT('',(0.01901,-0.00595,0.00176));
#4372=CARTESIAN_POINT('',(0.01801,-0.00595,0.00176));
#4373=CARTESIAN_POINT('',(0.01801,-0.00595,0.00376));
#4374=CARTESIAN_POINT('',(0.01801,-0.01445,0.00376));
#4375=CARTESIAN_POINT('',(0.01801,-0.01445,0.00176));
#4376=CARTESIAN_POINT('',(0.01801,-0.02295,0.00176));
#4377=CARTESIAN_POINT('',(0.01801,-0.02295,0.00376));
#4378=CARTESIAN_POINT('',(0.01901,-0.02295,0.00376));
#4379=CARTESIAN_POINT('',(0.01901,-0.02295,0.00176));
#4380=CARTESIAN_POINT('',(0.01901,-0.02395,0.00176));
#4381=CARTESIAN_POINT('',(0.01901,-0.02395,0.00376));
#4382=CARTESIAN_POINT('',(0.02176,-0.02395,0.00376));
#4383=CARTESIAN_POINT('',(0.02176,-0.02395,0.00176));
#4384=CARTESIAN_POINT('',(0.02451,-0.02395,0.00176));
#4385=CARTESIAN_POINT('',(0.02451,-0.02395,0.00376));
#4386=CARTESIAN_POINT('',(0.0236425067010522,-0.01696,0.00376));
#4387=CARTESIAN_POINT('',(0.0236425067010522,-0.01696,0.00332698729810778));
#4388=CARTESIAN_POINT('',(0.0236425067010522,-0.01596,0.00332698729810778));
#4389=CARTESIAN_POINT('',(0.0236425067010522,-0.01596,0.00376));
#4390=CARTESIAN_POINT('',(0.0236425067010522,-0.01596,0.00176));
#4391=CARTESIAN_POINT('',(0.0236425067010522,-0.01696,0.00176));
#4392=CARTESIAN_POINT('',(0.0246425067010522,-0.01696,0.00176));
#4393=CARTESIAN_POINT('',(0.0246425067010522,-0.01696,0.00376));
#4394=CARTESIAN_POINT('',(0.0246425067010522,-0.01946,0.00376));
#4395=CARTESIAN_POINT('',(0.0246425067010522,-0.01946,0.00176));
#4396=CARTESIAN_POINT('',(0.0246425067010522,-0.02196,0.00176));
#4397=CARTESIAN_POINT('',(0.0246425067010522,-0.02196,0.00376));
#4398=CARTESIAN_POINT('',(0.0236425067010522,-0.02196,0.00376));
#4399=CARTESIAN_POINT('',(0.0236425067010522,-0.02296,0.00376));
#4400=CARTESIAN_POINT('',(0.0236425067010522,-0.02296,0.00176));
#4401=CARTESIAN_POINT('',(0.0236425067010522,-0.02196,0.00176));
#4402=CARTESIAN_POINT('',(0.0218425067010522,-0.02296,0.00376));
#4403=CARTESIAN_POINT('',(0.0200425067010522,-0.02296,0.00376));
#4404=CARTESIAN_POINT('',(0.0200425067010522,-0.02296,0.00176));
#4405=CARTESIAN_POINT('',(0.0218425067010522,-0.02296,0.00176));
#4406=CARTESIAN_POINT('',(0.0200425067010522,-0.02196,0.00376));
#4407=CARTESIAN_POINT('',(0.0190425067010522,-0.02196,0.00376));
#4408=CARTESIAN_POINT('',(0.0190425067010522,-0.02196,0.00176));
#4409=CARTESIAN_POINT('',(0.0200425067010522,-0.02196,0.00176));
#4410=CARTESIAN_POINT('',(0.0190425067010522,-0.01946,0.00376));
#4411=CARTESIAN_POINT('',(0.0190425067010522,-0.01696,0.00376));
#4412=CARTESIAN_POINT('',(0.0190425067010522,-0.01696,0.00332698729810778));
#4413=CARTESIAN_POINT('',(0.0190425067010522,-0.01696,0.00176));
#4414=CARTESIAN_POINT('',(0.0190425067010522,-0.01946,0.00332698729810778));
#4415=CARTESIAN_POINT('',(0.0190425067010522,-0.01946,0.00176));
#4416=CARTESIAN_POINT('',(0.0200425067010522,-0.01696,0.00376));
#4417=CARTESIAN_POINT('',(0.0200425067010522,-0.01596,0.00376));
#4418=CARTESIAN_POINT('',(0.0200425067010522,-0.01596,0.00332698729810778));
#4419=CARTESIAN_POINT('',(0.0200425067010522,-0.01596,0.00176));
#4420=CARTESIAN_POINT('',(0.0200425067010522,-0.01696,0.00332698729810778));
#4421=CARTESIAN_POINT('',(0.0200425067010522,-0.01696,0.00176));
#4422=CARTESIAN_POINT('',(0.0236425067010522,-0.00685,0.00376));
#4423=CARTESIAN_POINT('',(0.0246425067010522,-0.00685,0.00376));
#4424=CARTESIAN_POINT('',(0.0246425067010522,-0.00685,0.00176));
#4425=CARTESIAN_POINT('',(0.0236425067010522,-0.00585,0.00376));
#4426=CARTESIAN_POINT('',(0.0236425067010522,-0.00585,0.00176));
#4427=CARTESIAN_POINT('',(0.0236425067010522,-0.00685,0.00176));
#4428=CARTESIAN_POINT('',(0.0246425067010522,-0.00935,0.00376));
#4429=CARTESIAN_POINT('',(0.0246425067010522,-0.00935,0.00176));
#4430=CARTESIAN_POINT('',(0.0246425067010522,-0.01185,0.00176));
#4431=CARTESIAN_POINT('',(0.0246425067010522,-0.01185,0.00376));
#4432=CARTESIAN_POINT('',(0.0236425067010522,-0.01185,0.00376));
#4433=CARTESIAN_POINT('',(0.0236425067010522,-0.01285,0.00376));
#4434=CARTESIAN_POINT('',(0.0236425067010522,-0.01285,0.00332698729810778));
#4435=CARTESIAN_POINT('',(0.0236425067010522,-0.01285,0.00176));
#4436=CARTESIAN_POINT('',(0.0236425067010522,-0.01185,0.00332698729810778));
#4437=CARTESIAN_POINT('',(0.0236425067010522,-0.01185,0.00176));
#4438=CARTESIAN_POINT('',(0.0218425067010522,-0.01285,0.00376));
#4439=CARTESIAN_POINT('',(0.0200425067010522,-0.01285,0.00376));
#4440=CARTESIAN_POINT('',(0.0200425067010522,-0.01285,0.00332698729810778));
#4441=CARTESIAN_POINT('',(0.0200425067010522,-0.01285,0.00176));
#4442=CARTESIAN_POINT('',(0.0218425067010522,-0.01285,0.00332698729810778));
#4443=CARTESIAN_POINT('',(0.0218425067010522,-0.01285,0.00176));
#4444=CARTESIAN_POINT('',(0.0200425067010522,-0.01185,0.00376));
#4445=CARTESIAN_POINT('',(0.0190425067010522,-0.01185,0.00376));
#4446=CARTESIAN_POINT('',(0.0190425067010522,-0.01185,0.00332698729810778));
#4447=CARTESIAN_POINT('',(0.0190425067010522,-0.01185,0.00176));
#4448=CARTESIAN_POINT('',(0.0200425067010522,-0.01185,0.00332698729810778));
#4449=CARTESIAN_POINT('',(0.0200425067010522,-0.01185,0.00176));
#4450=CARTESIAN_POINT('',(0.0190425067010522,-0.00935,0.00376));
#4451=CARTESIAN_POINT('',(0.0190425067010522,-0.00935,0.00332698729810778));
#4452=CARTESIAN_POINT('',(0.0190425067010522,-0.00935,0.00176));
#4453=CARTESIAN_POINT('',(0.0190425067010522,-0.00685,0.00176));
#4454=CARTESIAN_POINT('',(0.0190425067010522,-0.00685,0.00376));
#4455=CARTESIAN_POINT('',(0.0200425067010522,-0.00685,0.00376));
#4456=CARTESIAN_POINT('',(0.0200425067010522,-0.00585,0.00376));
#4457=CARTESIAN_POINT('',(0.0200425067010522,-0.00585,0.00176));
#4458=CARTESIAN_POINT('',(0.0200425067010522,-0.00685,0.00176));
#4459=CARTESIAN_POINT('',(0.0218425067010522,-0.01596,0.00376));
#4460=CARTESIAN_POINT('',(0.0200425067010522,-0.01596,0.00332698729810778));
#4461=CARTESIAN_POINT('',(0.0218425067010522,-0.01596,0.00176));
#4462=CARTESIAN_POINT('',(0.0218425067010522,-0.00585,0.00376));
#4463=CARTESIAN_POINT('',(0.0218425067010522,-0.00585,0.00176));
#4464=CARTESIAN_POINT('',(0.02451,-0.02295,0.00376));
#4465=CARTESIAN_POINT('',(0.02451,-0.02295,0.00176));
#4466=CARTESIAN_POINT('',(0.000246250000000059,0.001885,0.00376));
#4467=CARTESIAN_POINT('',(0.0236425067010522,-0.01521,0.00376));
#4468=CARTESIAN_POINT('',(0.0200425067010522,-0.01521,0.00376));
#4469=CARTESIAN_POINT('',(0.0236425067010522,-0.01521,0.00376));
#4470=CARTESIAN_POINT('',(0.0236425067010522,-0.01696,0.00376));
#4471=CARTESIAN_POINT('',(0.0236425067010522,-0.01185,0.00376));
#4472=CARTESIAN_POINT('',(0.0236425067010522,-0.0136,0.00376));
#4473=CARTESIAN_POINT('',(0.000246250000000059,-0.0136,0.00376));
#4474=CARTESIAN_POINT('',(0.0200425067010522,-0.0136,0.00376));
#4475=CARTESIAN_POINT('',(0.0200425067010522,-0.01185,0.00376));
#4476=CARTESIAN_POINT('',(0.0200425067010522,-0.01696,0.00376));
#4477=CARTESIAN_POINT('',(0.000246250000000059,0.001885,0.00176));
#4478=CARTESIAN_POINT('',(0.0238053392272288,-0.00490385619914407,0.0061602546917246));
#4479=CARTESIAN_POINT('',(0.0244512140258833,-0.00490123915482516,0.00607120371874852));
#4480=CARTESIAN_POINT('',(0.0250906788120098,-0.00516872899024038,0.00598303653602653));
#4481=CARTESIAN_POINT('',(0.0260040912093976,-0.00608214138762816,0.00585709840856708));
#4482=CARTESIAN_POINT('',(0.0262715810448129,-0.00672160617375469,0.00582021783952405));
#4483=CARTESIAN_POINT('',(0.0262689640004939,-0.00736748097240924,0.00582057866850113));
#4484=CARTESIAN_POINT('',(0.02358,-0.00636748097240925,0.00452589941012179));
#4485=CARTESIAN_POINT('',(0.0238421644357792,-0.00636641869849996,0.00443684843714571));
#4486=CARTESIAN_POINT('',(0.0241017270136063,-0.00647499442364238,0.00434868125293177));
#4487=CARTESIAN_POINT('',(0.0244724865487669,-0.00684575395880302,0.00422274312845622));
#4488=CARTESIAN_POINT('',(0.0245810622739094,-0.00710531653663012,0.00418586255792123));
#4489=CARTESIAN_POINT('',(0.02458,-0.00736748097240925,0.00418622338689832));
#4490=CARTESIAN_POINT('',(0.02358,-0.00636748097240925,0.00452589941012179));
#4491=CARTESIAN_POINT('',(0.023655113075743,-0.00587960604798753,0.0050706845039894));
#4492=CARTESIAN_POINT('',(0.0237302261514859,-0.0053917311235658,0.005615469597857));
#4493=CARTESIAN_POINT('',(0.0238053392272288,-0.00490385619914408,0.0061602546917246));
#4494=CARTESIAN_POINT('',(0.0262689640004939,-0.00736748097240924,0.00582057866850113));
#4495=CARTESIAN_POINT('',(0.0257059760003293,-0.00736748097240924,0.00527579357463353));
#4496=CARTESIAN_POINT('',(0.0251429880001646,-0.00736748097240924,0.00473100848076592));
#4497=CARTESIAN_POINT('',(0.02458,-0.00736748097240924,0.00418622338689832));
#4498=CARTESIAN_POINT('',(0.02458,-0.0144174809724092,0.00418622338689832));
#4499=CARTESIAN_POINT('',(0.02458,-0.0214674809724092,0.00418622338689832));
#4500=CARTESIAN_POINT('',(0.0251429880001646,-0.0214674809724092,0.00473100848076592));
#4501=CARTESIAN_POINT('',(0.0257059760003293,-0.0214674809724092,0.00527579357463353));
#4502=CARTESIAN_POINT('',(0.0262689640004939,-0.0214674809724092,0.00582057866850113));
#4503=CARTESIAN_POINT('',(0.0242057476738284,-0.00636748097240925,0.00443962349517975));
#4504=CARTESIAN_POINT('',(0.0202053392272288,-0.00490385619914408,0.00665661018257471));
#4505=CARTESIAN_POINT('',(0.0201302261514859,-0.0053917311235658,0.00611182508870711));
#4506=CARTESIAN_POINT('',(0.020055113075743,-0.00587960604798753,0.0055670399948395));
#4507=CARTESIAN_POINT('',(0.01998,-0.00636748097240925,0.0050222549009719));
#4508=CARTESIAN_POINT('',(0.0262689640004939,-0.0214674809724093,0.00582057866850113));
#4509=CARTESIAN_POINT('',(0.0262715810448129,-0.0221133557710637,0.00582021783952405));
#4510=CARTESIAN_POINT('',(0.0260040912093976,-0.0227528205571903,0.00585709840856709));
#4511=CARTESIAN_POINT('',(0.0250906788120098,-0.0236662329545781,0.00598303653602653));
#4512=CARTESIAN_POINT('',(0.0244512140258833,-0.0239337227899933,0.00607120371874853));
#4513=CARTESIAN_POINT('',(0.0238053392272288,-0.0239311057456744,0.00616025469172461));
#4514=CARTESIAN_POINT('',(0.02458,-0.0214674809724093,0.00418622338689832));
#4515=CARTESIAN_POINT('',(0.0245810622739094,-0.0217296454081883,0.00418586255792124));
#4516=CARTESIAN_POINT('',(0.0244724865487669,-0.0219892079860155,0.00422274312845621));
#4517=CARTESIAN_POINT('',(0.0241017270136063,-0.0223599675211761,0.00434868125293177));
#4518=CARTESIAN_POINT('',(0.0238421644357792,-0.0224685432463185,0.00443684843714571));
#4519=CARTESIAN_POINT('',(0.02358,-0.0224674809724092,0.00452589941012179));
#4520=CARTESIAN_POINT('',(0.0238053392272288,-0.0239311057456744,0.00616025469172461));
#4521=CARTESIAN_POINT('',(0.0237302261514859,-0.0234432308212527,0.005615469597857));
#4522=CARTESIAN_POINT('',(0.023655113075743,-0.022955355896831,0.0050706845039894));
#4523=CARTESIAN_POINT('',(0.0235800000000001,-0.0224674809724092,0.00452589941012179));
#4524=CARTESIAN_POINT('',(0.0177417144539636,-0.00736748097240925,0.00699628620579819));
#4525=CARTESIAN_POINT('',(0.0177390974096447,-0.0067216061737547,0.00699664703477526));
#4526=CARTESIAN_POINT('',(0.0180065872450599,-0.00608214138762817,0.00695976646573223));
#4527=CARTESIAN_POINT('',(0.0189199996424477,-0.00516872899024037,0.00683382833827279));
#4528=CARTESIAN_POINT('',(0.0195594644285742,-0.00490123915482517,0.00674566115555079));
#4529=CARTESIAN_POINT('',(0.0202053392272288,-0.00490385619914407,0.00665661018257471));
#4530=CARTESIAN_POINT('',(0.01898,-0.00736748097240925,0.00536193092419537));
#4531=CARTESIAN_POINT('',(0.0189789377260907,-0.00710531653663012,0.00536229175317245));
#4532=CARTESIAN_POINT('',(0.0190875134512332,-0.00684575395880302,0.00532541118263747));
#4533=CARTESIAN_POINT('',(0.0194582729863939,-0.00647499442364238,0.00519947305816192));
#4534=CARTESIAN_POINT('',(0.019717835564221,-0.00636641869849996,0.00511130587394797));
#4535=CARTESIAN_POINT('',(0.01998,-0.00636748097240924,0.0050222549009719));
#4536=CARTESIAN_POINT('',(0.01898,-0.0073674809724092,0.00536193092419537));
#4537=CARTESIAN_POINT('',(0.0185672381513212,-0.0073674809724092,0.00590671601806298));
#4538=CARTESIAN_POINT('',(0.0181544763026424,-0.0073674809724092,0.00645150111193058));
#4539=CARTESIAN_POINT('',(0.0177417144539636,-0.0073674809724092,0.00699628620579819));
#4540=CARTESIAN_POINT('',(0.0165729526235606,-0.0239311057456744,0.00715743102580278));
#4541=CARTESIAN_POINT('',(0.01998,-0.0224674809724092,0.00502225490097191));
#4542=CARTESIAN_POINT('',(0.0200551130757429,-0.022955355896831,0.00556703999483951));
#4543=CARTESIAN_POINT('',(0.0201302261514859,-0.0234432308212527,0.00611182508870712));
#4544=CARTESIAN_POINT('',(0.0202053392272288,-0.0239311057456744,0.00665661018257472));
#4545=CARTESIAN_POINT('',(0.0177417144539636,0.05286,0.00699628620579819));
#4546=CARTESIAN_POINT('',(0.0177417144539636,-0.0214674809724092,0.00699628620579818));
#4547=CARTESIAN_POINT('',(0.0181544763026424,-0.0214674809724092,0.00645150111193058));
#4548=CARTESIAN_POINT('',(0.0185672381513212,-0.0214674809724092,0.00590671601806297));
#4549=CARTESIAN_POINT('',(0.01898,-0.0214674809724092,0.00536193092419537));
#4550=CARTESIAN_POINT('',(0.0202053392272288,-0.0239311057456745,0.00665661018257471));
#4551=CARTESIAN_POINT('',(0.0195594644285742,-0.0239337227899933,0.00674566115555079));
#4552=CARTESIAN_POINT('',(0.0189199996424477,-0.0236662329545781,0.00683382833827279));
#4553=CARTESIAN_POINT('',(0.0180065872450599,-0.0227528205571903,0.00695976646573223));
#4554=CARTESIAN_POINT('',(0.0177390974096447,-0.0221133557710637,0.00699664703477526));
#4555=CARTESIAN_POINT('',(0.0177417144539636,-0.0214674809724093,0.00699628620579819));
#4556=CARTESIAN_POINT('',(0.01998,-0.0224674809724092,0.0050222549009719));
#4557=CARTESIAN_POINT('',(0.019717835564221,-0.0224685432463185,0.00511130587394797));
#4558=CARTESIAN_POINT('',(0.0194582729863939,-0.0223599675211761,0.00519947305816192));
#4559=CARTESIAN_POINT('',(0.0190875134512332,-0.0219892079860155,0.00532541118263747));
#4560=CARTESIAN_POINT('',(0.0189789377260907,-0.0217296454081883,0.00536229175317245));
#4561=CARTESIAN_POINT('',(0.01898,-0.0214674809724093,0.00536193092419537));
#4562=CARTESIAN_POINT('',(-0.0197540059697769,-0.00489589825803092,0.00663779185778426));
#4563=CARTESIAN_POINT('',(-0.0191060448819804,-0.0048932727601988,0.00672983315624135));
#4564=CARTESIAN_POINT('',(-0.0184645145121376,-0.00516162663484783,0.00682096098683501));
#4565=CARTESIAN_POINT('',(-0.0175481516322155,-0.00607798951476992,0.00695112810784646));
#4566=CARTESIAN_POINT('',(-0.0172797977575665,-0.00671951988461278,0.00698924712383967));
#4567=CARTESIAN_POINT('',(-0.0172824232553986,-0.00736748097240924,0.00698887417825063));
#4568=CARTESIAN_POINT('',(-0.01952,-0.00636748097240924,0.00499041437322803));
#4569=CARTESIAN_POINT('',(-0.0192578355642208,-0.00636641869849996,0.00508245567168512));
#4570=CARTESIAN_POINT('',(-0.0189982729857926,-0.00647499442424351,0.00517358350402594));
#4571=CARTESIAN_POINT('',(-0.0186275134518342,-0.00684575395820188,0.00530375062154307));
#4572=CARTESIAN_POINT('',(-0.0185189377260906,-0.00710531653663011,0.00534186963928344));
#4573=CARTESIAN_POINT('',(-0.01852,-0.00736748097240925,0.0053414966936944));
#4574=CARTESIAN_POINT('',(-0.0195199999999999,-0.00636748097240925,0.00499041437322803));
#4575=CARTESIAN_POINT('',(-0.0195980019899256,-0.00587695340094981,0.00553954020141344));
#4576=CARTESIAN_POINT('',(-0.0196760039798512,-0.00538642582949037,0.00608866602959885));
#4577=CARTESIAN_POINT('',(-0.0197540059697769,-0.00489589825803094,0.00663779185778426));
#4578=CARTESIAN_POINT('',(-0.0172824232553986,-0.00736748097240926,0.00698887417825063));
#4579=CARTESIAN_POINT('',(-0.0176949488369324,-0.00736748097240926,0.00643974835006522));
#4580=CARTESIAN_POINT('',(-0.0181074744184662,-0.00736748097240926,0.00589062252187981));
#4581=CARTESIAN_POINT('',(-0.01852,-0.00736748097240926,0.0053414966936944));
#4582=CARTESIAN_POINT('',(-0.01852,-0.014405,0.0053414966936944));
#4583=CARTESIAN_POINT('',(-0.01852,-0.0214674809724092,0.0053414966936944));
#4584=CARTESIAN_POINT('',(-0.0181074744184662,-0.0214674809724092,0.00589062252187981));
#4585=CARTESIAN_POINT('',(-0.0176949488369324,-0.0214674809724092,0.00643974835006522));
#4586=CARTESIAN_POINT('',(-0.0172824232553986,-0.0214674809724092,0.00698887417825063));
#4587=CARTESIAN_POINT('',(-0.0238107924662649,-0.00636748097240925,0.00438091772683527));
#4588=CARTESIAN_POINT('',(-0.0233540059697769,-0.00489589825803093,0.00612642060311159));
#4589=CARTESIAN_POINT('',(-0.0232760039798512,-0.00538642582949037,0.00557729477492618));
#4590=CARTESIAN_POINT('',(-0.0231980019899256,-0.00587695340094981,0.00502816894674077));
#4591=CARTESIAN_POINT('',(-0.0231199999999999,-0.00636748097240925,0.00447904311855536));
#4592=CARTESIAN_POINT('',(-0.0172824232553986,-0.0214674809724092,0.00698887417825063));
#4593=CARTESIAN_POINT('',(-0.0172797977575665,-0.0221154420602056,0.00698924712383967));
#4594=CARTESIAN_POINT('',(-0.0175481516322155,-0.0227569724300485,0.00695112810784646));
#4595=CARTESIAN_POINT('',(-0.0184645145121375,-0.0236733353099706,0.00682096098683502));
#4596=CARTESIAN_POINT('',(-0.0191060448819804,-0.0239416891846197,0.00672983315624135));
#4597=CARTESIAN_POINT('',(-0.0197540059697769,-0.0239390636867875,0.00663779185778426));
#4598=CARTESIAN_POINT('',(-0.01852,-0.0214674809724093,0.0053414966936944));
#4599=CARTESIAN_POINT('',(-0.0185189377260906,-0.0217296454081883,0.00534186963928344));
#4600=CARTESIAN_POINT('',(-0.0186275134518342,-0.0219892079866166,0.00530375062154308));
#4601=CARTESIAN_POINT('',(-0.0189982729857926,-0.022359967520575,0.00517358350402594));
#4602=CARTESIAN_POINT('',(-0.0192578355642208,-0.0224685432463185,0.00508245567168512));
#4603=CARTESIAN_POINT('',(-0.01952,-0.0224674809724092,0.00499041437322803));
#4604=CARTESIAN_POINT('',(-0.0197540059697769,-0.0239390636867876,0.00663779185778426));
#4605=CARTESIAN_POINT('',(-0.0196760039798512,-0.0234485361153281,0.00608866602959885));
#4606=CARTESIAN_POINT('',(-0.0195980019899256,-0.0229580085438687,0.00553954020141344));
#4607=CARTESIAN_POINT('',(-0.01952,-0.0224674809724092,0.00499041437322803));
#4608=CARTESIAN_POINT('',(-0.0258255886841552,-0.00736748097240923,0.00577533828264522));
#4609=CARTESIAN_POINT('',(-0.0258282141819873,-0.00671951988461279,0.00577496533705618));
#4610=CARTESIAN_POINT('',(-0.0255598603073383,-0.00607798951476991,0.00581308435304939));
#4611=CARTESIAN_POINT('',(-0.0246434974274162,-0.00516162663484783,0.00594325147406084));
#4612=CARTESIAN_POINT('',(-0.0240019670575733,-0.0048932727601988,0.00603437930465449));
#4613=CARTESIAN_POINT('',(-0.0233540059697769,-0.00489589825803092,0.00612642060311159));
#4614=CARTESIAN_POINT('',(-0.02412,-0.00736748097240925,0.00412796079808899));
#4615=CARTESIAN_POINT('',(-0.0241210622739092,-0.00710531653663012,0.00412758785249995));
#4616=CARTESIAN_POINT('',(-0.0240124865481656,-0.00684575395820188,0.00416570687024031));
#4617=CARTESIAN_POINT('',(-0.0236417270142073,-0.00647499442424352,0.00429587398775744));
#4618=CARTESIAN_POINT('',(-0.023382164435779,-0.00636641869849996,0.00438700182009827));
#4619=CARTESIAN_POINT('',(-0.02312,-0.00636748097240925,0.00447904311855536));
#4620=CARTESIAN_POINT('',(-0.0241199999999999,-0.0073674809724092,0.00412796079808899));
#4621=CARTESIAN_POINT('',(-0.024688529561385,-0.0073674809724092,0.0046770866262744));
#4622=CARTESIAN_POINT('',(-0.0252570591227701,-0.0073674809724092,0.00522621245445981));
#4623=CARTESIAN_POINT('',(-0.0258255886841552,-0.0073674809724092,0.00577533828264522));
#4624=CARTESIAN_POINT('',(-0.0160958007269655,-0.0239390636867876,0.00715743102580277));
#4625=CARTESIAN_POINT('',(-0.0231199999999999,-0.0224674809724092,0.00447904311855536));
#4626=CARTESIAN_POINT('',(-0.0231980019899256,-0.0229580085438687,0.00502816894674077));
#4627=CARTESIAN_POINT('',(-0.0232760039798512,-0.0234485361153281,0.00557729477492617));
#4628=CARTESIAN_POINT('',(-0.0233540059697769,-0.0239390636867875,0.00612642060311158));
#4629=CARTESIAN_POINT('',(-0.0258255886841552,0.05286,0.00577533828264522));
#4630=CARTESIAN_POINT('',(-0.0258255886841552,-0.0214674809724092,0.00577533828264522));
#4631=CARTESIAN_POINT('',(-0.0252570591227701,-0.0214674809724092,0.00522621245445981));
#4632=CARTESIAN_POINT('',(-0.024688529561385,-0.0214674809724092,0.0046770866262744));
#4633=CARTESIAN_POINT('',(-0.0241199999999999,-0.0214674809724092,0.00412796079808899));
#4634=CARTESIAN_POINT('',(-0.0233540059697769,-0.0239390636867876,0.00612642060311159));
#4635=CARTESIAN_POINT('',(-0.0240019670575733,-0.0239416891846197,0.0060343793046545));
#4636=CARTESIAN_POINT('',(-0.0246434974274162,-0.0236733353099706,0.00594325147406084));
#4637=CARTESIAN_POINT('',(-0.0255598603073383,-0.0227569724300485,0.00581308435304939));
#4638=CARTESIAN_POINT('',(-0.0258282141819873,-0.0221154420602056,0.00577496533705618));
#4639=CARTESIAN_POINT('',(-0.0258255886841552,-0.0214674809724093,0.00577533828264522));
#4640=CARTESIAN_POINT('',(-0.02312,-0.0224674809724092,0.00447904311855536));
#4641=CARTESIAN_POINT('',(-0.023382164435779,-0.0224685432463185,0.00438700182009827));
#4642=CARTESIAN_POINT('',(-0.0236417270142073,-0.022359967520575,0.00429587398775744));
#4643=CARTESIAN_POINT('',(-0.0240124865481656,-0.0219892079866166,0.00416570687024031));
#4644=CARTESIAN_POINT('',(-0.0241210622739092,-0.0217296454081883,0.00412758785249995));
#4645=CARTESIAN_POINT('',(-0.02412,-0.0214674809724093,0.00412796079808899));
#4646=CARTESIAN_POINT('',(3.62533505261706E-5,-0.0244,0.00905743102580277));
#4647=CARTESIAN_POINT('',(-1.99999999999433E-5,-0.00375,0.00780743102580277));
#4648=CARTESIAN_POINT('',(0.0190425067010522,-0.01946,0.00332698729810778));
#4649=CARTESIAN_POINT('',(0.0182925067010522,-0.01696,0.00376));
#4650=CARTESIAN_POINT('',(0.0200425067010522,-0.01696,0.00332698729810778));
#4651=CARTESIAN_POINT('',(0.0200425067010522,-0.01521,0.00376));
#4652=CARTESIAN_POINT('',(0.000246250000000059,-0.01521,0.00376));
#4653=CARTESIAN_POINT('',(0.0236425067010522,-0.01521,0.00376));
#4654=CARTESIAN_POINT('',(0.0236425067010522,-0.01696,0.00332698729810778));
#4655=CARTESIAN_POINT('',(0.0190425067010522,-0.00935,0.00332698729810778));
#4656=CARTESIAN_POINT('',(0.0190425067010522,-0.01185,0.00332698729810778));
#4657=CARTESIAN_POINT('',(0.0200425067010522,-0.01185,0.00332698729810778));
#4658=CARTESIAN_POINT('',(0.0200425067010522,-0.01285,0.00332698729810778));
#4659=CARTESIAN_POINT('',(0.0218425067010522,-0.01285,0.00332698729810778));
#4660=CARTESIAN_POINT('',(0.0236425067010522,-0.01285,0.00332698729810778));
#4661=CARTESIAN_POINT('',(0.0236425067010522,-0.01185,0.00332698729810778));
#4662=CARTESIAN_POINT('',(-0.02407,-0.01946,0.00332698729810778));
#4663=CARTESIAN_POINT('',(-0.02482,-0.01696,0.00376));
#4664=CARTESIAN_POINT('',(-0.02307,-0.01696,0.00332698729810778));
#4665=CARTESIAN_POINT('',(-0.02307,-0.01521,0.00376));
#4666=CARTESIAN_POINT('',(0.000246250000000059,-0.01521,0.00376));
#4667=CARTESIAN_POINT('',(-0.01947,-0.01521,0.00376));
#4668=CARTESIAN_POINT('',(-0.01947,-0.01696,0.00332698729810778));
#4669=CARTESIAN_POINT('',(-0.02407,-0.00935,0.00332698729810778));
#4670=CARTESIAN_POINT('',(-0.02407,-0.01185,0.00332698729810778));
#4671=CARTESIAN_POINT('',(-0.02307,-0.01185,0.00332698729810778));
#4672=CARTESIAN_POINT('',(-0.02307,-0.01285,0.00332698729810778));
#4673=CARTESIAN_POINT('',(-0.02127,-0.01285,0.00332698729810778));
#4674=CARTESIAN_POINT('',(-0.01947,-0.01285,0.00332698729810778));
#4675=CARTESIAN_POINT('',(-0.01947,-0.01185,0.00332698729810778));
#4676=CARTESIAN_POINT('',(0.0218533985460691,-0.0358462799992416,-0.0159425689741972));
#4677=CARTESIAN_POINT('',(0.0218533985460691,-0.0358462799992416,0.00595743102580279));
#4678=CARTESIAN_POINT('',(0.020603398546069,-0.0358462799992416,0.00595743102580279));
#4679=CARTESIAN_POINT('',(0.0228533985460691,0.0297855200383483,-0.0159425689741972));
#4680=CARTESIAN_POINT('',(0.0228533985460691,0.0297855200383483,0.00595743102580279));
#4681=CARTESIAN_POINT('',(0.0216033985460691,0.0297855200383483,0.00595743102580279));
#4682=CARTESIAN_POINT('',(-0.0223261672095173,0.0297855200383483,-0.0159425689741973));
#4683=CARTESIAN_POINT('',(-0.0223261672095174,0.0297855200383483,0.00595743102580277));
#4684=CARTESIAN_POINT('',(-0.0235761672095174,0.0297855200383483,0.00595743102580277));
#4685=CARTESIAN_POINT('',(-0.02232501081357,-0.0358462799992416,-0.0159425689741973));
#4686=CARTESIAN_POINT('',(-0.02232501081357,-0.0358462799992416,0.00595743102580277));
#4687=CARTESIAN_POINT('',(-0.02357501081357,-0.0358462799992416,0.00595743102580277));
#4688=CARTESIAN_POINT('',(0.000509999999999983,0.00188500000000029,0.00402));
#4689=CARTESIAN_POINT('',(-2.000000000002E-5,-0.03479,0.00402));
#4690=CARTESIAN_POINT('',(-0.00404859560018178,-0.03479,0.00402));
#4691=CARTESIAN_POINT('',(0.000509999999999983,0.00188500000000029,0.00402));
#4692=CARTESIAN_POINT('',(-2.76808587587212E-17,0.0374,0.00402));
#4693=CARTESIAN_POINT('',(-0.00402859560018179,0.0374,0.00402));
#4694=CARTESIAN_POINT('',(-2.77555756156289E-17,0.0374,0.00425743102580278));
#4695=CARTESIAN_POINT('',(-2.000000000002E-5,-0.03479,0.00425743102580278));
#4696=CARTESIAN_POINT('',(-0.02232501081357,-0.0358462799992416,0.0309574310258028));
#4697=CARTESIAN_POINT('',(-0.02232501081357,-0.0358462799992416,0.00595743102580277));
#4698=CARTESIAN_POINT('',(-0.02442501081357,-0.0358462799992416,0.00595743102580277));
#4699=CARTESIAN_POINT('',(0.000513637092828255,0.00221962001955335,0.00595743102580278));
#4700=CARTESIAN_POINT('',(-0.0223261672095174,0.0297855200383483,0.0309574310258028));
#4701=CARTESIAN_POINT('',(-0.0223261672095174,0.0297855200383483,0.00595743102580277));
#4702=CARTESIAN_POINT('',(-0.0244261672095174,0.0297855200383483,0.00595743102580277));
#4703=CARTESIAN_POINT('',(0.000513637092828255,0.00221962001955335,0.00595743102580278));
#4704=CARTESIAN_POINT('',(0.0228533985460691,0.0297855200383483,0.0309574310258028));
#4705=CARTESIAN_POINT('',(0.0228533985460691,0.0297855200383483,0.00595743102580279));
#4706=CARTESIAN_POINT('',(0.0207533985460691,0.0297855200383483,0.00595743102580279));
#4707=CARTESIAN_POINT('',(0.000513637092828255,0.00221962001955335,0.00595743102580278));
#4708=CARTESIAN_POINT('',(0.021853398546069,-0.0358462799992416,0.0309574310258028));
#4709=CARTESIAN_POINT('',(0.0218533985460691,-0.0358462799992416,0.00595743102580279));
#4710=CARTESIAN_POINT('',(0.019753398546069,-0.0358462799992416,0.00595743102580279));
#4711=CARTESIAN_POINT('',(0.000513637092828255,0.00221962001955335,0.00595743102580278));
#4712=MECHANICAL_DESIGN_GEOMETRIC_PRESENTATION_REPRESENTATION('',(#2677),
#4713);
#4713=(
GEOMETRIC_REPRESENTATION_CONTEXT(3)
GLOBAL_UNCERTAINTY_ASSIGNED_CONTEXT((#4714))
GLOBAL_UNIT_ASSIGNED_CONTEXT((#4717,#4716,#4715))
REPRESENTATION_CONTEXT('Part 1','TOP_LEVEL_ASSEMBLY_PART')
);
#4714=UNCERTAINTY_MEASURE_WITH_UNIT(LENGTH_MEASURE(2.E-5),#4717,
'DISTANCE_ACCURACY_VALUE','Maximum Tolerance applied to model');
#4715=(
NAMED_UNIT(*)
SI_UNIT($,.STERADIAN.)
SOLID_ANGLE_UNIT()
);
#4716=(
NAMED_UNIT(*)
PLANE_ANGLE_UNIT()
SI_UNIT($,.RADIAN.)
);
#4717=(
LENGTH_UNIT()
NAMED_UNIT(*)
SI_UNIT($,.METRE.)
);
#4718=PRODUCT_DEFINITION_SHAPE('','',#4719);
#4719=PRODUCT_DEFINITION('','',#4721,#4720);
#4720=PRODUCT_DEFINITION_CONTEXT('',#4727,'design');
#4721=PRODUCT_DEFINITION_FORMATION_WITH_SPECIFIED_SOURCE('','',#4723,
 .NOT_KNOWN.);
#4722=PRODUCT_RELATED_PRODUCT_CATEGORY('','',(#4723));
#4723=PRODUCT('Part 1','Part 1','Part 1',(#4725));
#4724=PRODUCT_CATEGORY('','');
#4725=PRODUCT_CONTEXT('',#4727,'mechanical');
#4726=APPLICATION_PROTOCOL_DEFINITION('international standard',
'ap242_managed_model_based_3d_engineering',2020,#4727);
#4727=APPLICATION_CONTEXT('managed model based 3d engineering');
ENDSEC;
END-ISO-10303-21;
