ISO-10303-21;
HEADER;
/* Generated by software containing ST-Developer
 * from STEP Tools, Inc. (www.steptools.com) 
 */
/* OPTION: using custom renumber hook */

FILE_DESCRIPTION(
/* description */ ('STEP AP242 Edition 2',
'CAx-IF Rec.Pracs.---Representation and Presentation of Product Manufa
cturing Information (PMI)---4.0---2014-10-13',
'CAx-IF Rec.Pracs.---3D Tessellated Geometry---0.4---2014-09-14','2;1',
'CAx-IF Rec.Pracs.---User Defined Attributes---1.5---2016-08-15'),
/* implementation_level */ '2;1');

FILE_NAME(
/* name */ 'Part Studio 2',
/* time_stamp */ '2026-06-21T02:54:17Z',
/* author */ (''),
/* organization */ (''),
/* preprocessor_version */ 'ST-DEVELOPER v20',
/* originating_system */ 'ONSHAPE BY PTC INC, 1.216',
/* authorisation */ '  ');

FILE_SCHEMA (('AP242_MANAGED_MODEL_BASED_3D_ENGINEERING_MIM_LF { 1 0 10303 442 3 1 4 }'));
ENDSEC;

DATA;
#10=SHAPE_REPRESENTATION_RELATIONSHIP('','',#4373,#13);
#11=SHAPE_REPRESENTATION_RELATIONSHIP('','',#4374,#14);
#12=SHAPE_REPRESENTATION_RELATIONSHIP('','',#4375,#15);
#13=ADVANCED_BREP_SHAPE_REPRESENTATION('',(#4367),#7316);
#14=ADVANCED_BREP_SHAPE_REPRESENTATION('',(#4368),#7317);
#15=ADVANCED_BREP_SHAPE_REPRESENTATION('',(#4369),#7318);
#16=B_SPLINE_SURFACE_WITH_KNOTS('',3,1,((#7006,#7007),(#7008,#7009),(#7010,
#7011),(#7012,#7013)),.SURF_OF_LINEAR_EXTRUSION.,.F.,.F.,.F.,(4,4),(2,2),
(0.,1.),(0.,1.),.PIECEWISE_BEZIER_KNOTS.);
#17=B_SPLINE_SURFACE_WITH_KNOTS('',3,1,((#7019,#7020),(#7021,#7022),(#7023,
#7024),(#7025,#7026)),.SURF_OF_LINEAR_EXTRUSION.,.F.,.F.,.F.,(4,4),(2,2),
(0.,1.),(0.,1.),.PIECEWISE_BEZIER_KNOTS.);
#18=B_SPLINE_SURFACE_WITH_KNOTS('',3,1,((#7032,#7033),(#7034,#7035),(#7036,
#7037),(#7038,#7039)),.SURF_OF_LINEAR_EXTRUSION.,.F.,.F.,.F.,(4,4),(2,2),
(0.,1.),(0.,1.),.PIECEWISE_BEZIER_KNOTS.);
#19=B_SPLINE_SURFACE_WITH_KNOTS('',3,1,((#7069,#7070),(#7071,#7072),(#7073,
#7074),(#7075,#7076)),.SURF_OF_LINEAR_EXTRUSION.,.F.,.F.,.F.,(4,4),(2,2),
(0.,1.),(0.,1.),.PIECEWISE_BEZIER_KNOTS.);
#20=B_SPLINE_SURFACE_WITH_KNOTS('',3,1,((#7082,#7083),(#7084,#7085),(#7086,
#7087),(#7088,#7089)),.SURF_OF_LINEAR_EXTRUSION.,.F.,.F.,.F.,(4,4),(2,2),
(0.,1.),(0.,1.),.PIECEWISE_BEZIER_KNOTS.);
#21=B_SPLINE_SURFACE_WITH_KNOTS('',3,1,((#7099,#7100),(#7101,#7102),(#7103,
#7104),(#7105,#7106)),.SURF_OF_LINEAR_EXTRUSION.,.F.,.F.,.F.,(4,4),(2,2),
(0.,1.),(0.,1.),.PIECEWISE_BEZIER_KNOTS.);
#22=B_SPLINE_SURFACE_WITH_KNOTS('',3,1,((#7112,#7113),(#7114,#7115),(#7116,
#7117),(#7118,#7119)),.SURF_OF_LINEAR_EXTRUSION.,.F.,.F.,.F.,(4,4),(2,2),
(0.,1.),(0.,1.),.PIECEWISE_BEZIER_KNOTS.);
#23=B_SPLINE_SURFACE_WITH_KNOTS('',3,1,((#7125,#7126),(#7127,#7128),(#7129,
#7130),(#7131,#7132)),.SURF_OF_LINEAR_EXTRUSION.,.F.,.F.,.F.,(4,4),(2,2),
(0.,1.),(0.,1.),.PIECEWISE_BEZIER_KNOTS.);
#24=OVER_RIDING_STYLED_ITEM('',(#4300),#4164,#4296);
#25=OVER_RIDING_STYLED_ITEM('',(#4301),#4169,#4296);
#26=OVER_RIDING_STYLED_ITEM('',(#4302),#4173,#4296);
#27=OVER_RIDING_STYLED_ITEM('',(#4303),#4178,#4296);
#28=OVER_RIDING_STYLED_ITEM('',(#4304),#4182,#4296);
#29=OVER_RIDING_STYLED_ITEM('',(#4305),#4187,#4296);
#30=OVER_RIDING_STYLED_ITEM('',(#4306),#4192,#4296);
#31=OVER_RIDING_STYLED_ITEM('',(#4307),#4196,#4296);
#32=CONICAL_SURFACE('',#4564,0.00125,0.785398163397453);
#33=CONICAL_SURFACE('',#4567,0.00125,0.785398163397455);
#34=CONICAL_SURFACE('',#4568,0.00125,0.785398163397453);
#35=CONICAL_SURFACE('',#4571,0.00125,0.785398163397453);
#36=TOROIDAL_SURFACE('',#4546,0.00261134104024735,0.001);
#37=TOROIDAL_SURFACE('',#4549,0.00188201490919819,0.001);
#38=TOROIDAL_SURFACE('',#4550,0.00110692034483273,0.001);
#39=TOROIDAL_SURFACE('',#4552,0.00110692034483269,0.001);
#40=TOROIDAL_SURFACE('',#4553,0.0102886086060807,0.001);
#41=TOROIDAL_SURFACE('',#4557,0.00105320718720194,0.001);
#42=TOROIDAL_SURFACE('',#4558,0.0066139306977132,0.001);
#43=TOROIDAL_SURFACE('',#4561,0.00160200352941179,0.001);
#44=TOROIDAL_SURFACE('',#4562,0.002030431669628,0.001);
#45=TOROIDAL_SURFACE('',#4734,0.00325,0.001);
#46=TOROIDAL_SURFACE('',#4745,0.00325,0.001);
#47=CYLINDRICAL_SURFACE('',#4420,0.0009);
#48=CYLINDRICAL_SURFACE('',#4423,0.0009);
#49=CYLINDRICAL_SURFACE('',#4426,0.0009);
#50=CYLINDRICAL_SURFACE('',#4429,0.0009);
#51=CYLINDRICAL_SURFACE('',#4433,0.00210692034483273);
#52=CYLINDRICAL_SURFACE('',#4438,0.00205320718720194);
#53=CYLINDRICAL_SURFACE('',#4442,0.0026020035294118);
#54=CYLINDRICAL_SURFACE('',#4445,0.003030431669628);
#55=CYLINDRICAL_SURFACE('',#4449,0.0076139306977132);
#56=CYLINDRICAL_SURFACE('',#4453,0.0112886086060807);
#57=CYLINDRICAL_SURFACE('',#4457,0.00288201490919819);
#58=CYLINDRICAL_SURFACE('',#4461,0.00180141689483205);
#59=CYLINDRICAL_SURFACE('',#4464,0.00308769658941152);
#60=CYLINDRICAL_SURFACE('',#4466,0.00246412274736446);
#61=CYLINDRICAL_SURFACE('',#4469,0.00965176035819829);
#62=CYLINDRICAL_SURFACE('',#4472,0.00650991074654458);
#63=CYLINDRICAL_SURFACE('',#4475,0.00259101907753194);
#64=CYLINDRICAL_SURFACE('',#4478,0.00222471301764712);
#65=CYLINDRICAL_SURFACE('',#4481,0.00175549214505765);
#66=CYLINDRICAL_SURFACE('',#4483,0.00361134104024735);
#67=CYLINDRICAL_SURFACE('',#4511,0.00210692034483269);
#68=CYLINDRICAL_SURFACE('',#4530,0.00125);
#69=CYLINDRICAL_SURFACE('',#4533,0.00125);
#70=CYLINDRICAL_SURFACE('',#4536,0.00125);
#71=CYLINDRICAL_SURFACE('',#4539,0.00125);
#72=CYLINDRICAL_SURFACE('',#4547,0.001);
#73=CYLINDRICAL_SURFACE('',#4548,0.001);
#74=CYLINDRICAL_SURFACE('',#4551,0.001);
#75=CYLINDRICAL_SURFACE('',#4554,0.001);
#76=CYLINDRICAL_SURFACE('',#4555,0.001);
#77=CYLINDRICAL_SURFACE('',#4559,0.001);
#78=CYLINDRICAL_SURFACE('',#4560,0.001);
#79=CYLINDRICAL_SURFACE('',#4563,0.001);
#80=CYLINDRICAL_SURFACE('',#4588,0.003);
#81=CYLINDRICAL_SURFACE('',#4591,0.011);
#82=CYLINDRICAL_SURFACE('',#4595,0.00811968304961909);
#83=CYLINDRICAL_SURFACE('',#4597,0.011);
#84=CYLINDRICAL_SURFACE('',#4601,0.00705519824928621);
#85=CYLINDRICAL_SURFACE('',#4603,0.011);
#86=CYLINDRICAL_SURFACE('',#4608,0.011);
#87=CYLINDRICAL_SURFACE('',#4611,0.011);
#88=CYLINDRICAL_SURFACE('',#4614,0.011);
#89=CYLINDRICAL_SURFACE('',#4617,0.00705519824928619);
#90=CYLINDRICAL_SURFACE('',#4623,0.011);
#91=CYLINDRICAL_SURFACE('',#4628,0.011);
#92=CYLINDRICAL_SURFACE('',#4632,0.011);
#93=CYLINDRICAL_SURFACE('',#4635,0.0081196830496191);
#94=CYLINDRICAL_SURFACE('',#4639,0.00125);
#95=CYLINDRICAL_SURFACE('',#4641,0.00125);
#96=CYLINDRICAL_SURFACE('',#4643,0.00125);
#97=CYLINDRICAL_SURFACE('',#4645,0.00125);
#98=CYLINDRICAL_SURFACE('',#4666,0.00463652015098202);
#99=CYLINDRICAL_SURFACE('',#4668,0.00496765721503184);
#100=CYLINDRICAL_SURFACE('',#4670,0.00589955084508739);
#101=CYLINDRICAL_SURFACE('',#4675,0.00236012290308354);
#102=CYLINDRICAL_SURFACE('',#4677,0.00213863983521462);
#103=CYLINDRICAL_SURFACE('',#4679,0.0026948293730686);
#104=CYLINDRICAL_SURFACE('',#4684,0.00172631498652395);
#105=CYLINDRICAL_SURFACE('',#4686,0.000930529081863806);
#106=CYLINDRICAL_SURFACE('',#4720,0.0110000000000002);
#107=CYLINDRICAL_SURFACE('',#4721,0.0110000000000004);
#108=CYLINDRICAL_SURFACE('',#4722,0.011);
#109=CYLINDRICAL_SURFACE('',#4723,0.0109999999999999);
#110=CYLINDRICAL_SURFACE('',#4725,0.001587462);
#111=CYLINDRICAL_SURFACE('',#4728,0.00425);
#112=CYLINDRICAL_SURFACE('',#4736,0.001587462);
#113=CYLINDRICAL_SURFACE('',#4739,0.00425);
#114=ELLIPSE('',#4411,0.00125000000032868,0.00125);
#115=ELLIPSE('',#4412,0.00125000000032868,0.00125);
#116=ELLIPSE('',#4413,0.00125000000032868,0.00125);
#117=ELLIPSE('',#4414,0.00125000000032868,0.00125);
#118=B_SPLINE_CURVE_WITH_KNOTS('',2,(#6056,#6057,#6058),.UNSPECIFIED.,.F.,
 .F.,(3,3),(0.,1.),.PIECEWISE_BEZIER_KNOTS.);
#119=B_SPLINE_CURVE_WITH_KNOTS('',2,(#6060,#6061,#6062),.UNSPECIFIED.,.F.,
 .F.,(3,3),(0.,1.),.PIECEWISE_BEZIER_KNOTS.);
#120=B_SPLINE_CURVE_WITH_KNOTS('',2,(#6064,#6065,#6066),.UNSPECIFIED.,.F.,
 .F.,(3,3),(0.,1.),.PIECEWISE_BEZIER_KNOTS.);
#121=B_SPLINE_CURVE_WITH_KNOTS('',2,(#6070,#6071,#6072),.UNSPECIFIED.,.F.,
 .F.,(3,3),(0.,1.),.PIECEWISE_BEZIER_KNOTS.);
#122=B_SPLINE_CURVE_WITH_KNOTS('',2,(#6074,#6075,#6076),.UNSPECIFIED.,.F.,
 .F.,(3,3),(0.,1.),.PIECEWISE_BEZIER_KNOTS.);
#123=B_SPLINE_CURVE_WITH_KNOTS('',2,(#6090,#6091,#6092),.UNSPECIFIED.,.F.,
 .F.,(3,3),(0.,1.),.PIECEWISE_BEZIER_KNOTS.);
#124=B_SPLINE_CURVE_WITH_KNOTS('',2,(#6094,#6095,#6096),.UNSPECIFIED.,.F.,
 .F.,(3,3),(0.,1.),.PIECEWISE_BEZIER_KNOTS.);
#125=B_SPLINE_CURVE_WITH_KNOTS('',2,(#6098,#6099,#6100),.UNSPECIFIED.,.F.,
 .F.,(3,3),(0.,1.),.PIECEWISE_BEZIER_KNOTS.);
#126=B_SPLINE_CURVE_WITH_KNOTS('',3,(#6641,#6642,#6643,#6644,#6645),
 .UNSPECIFIED.,.F.,.F.,(4,1,4),(0.,0.000781294163287246,0.00156258832657449),
 .UNSPECIFIED.);
#127=B_SPLINE_CURVE_WITH_KNOTS('',3,(#6646,#6647,#6648,#6649,#6650),
 .UNSPECIFIED.,.F.,.F.,(4,1,4),(0.,0.000784970886914338,0.00156994177382868),
 .UNSPECIFIED.);
#128=B_SPLINE_CURVE_WITH_KNOTS('',3,(#6652,#6653,#6654,#6655,#6656),
 .UNSPECIFIED.,.F.,.F.,(4,1,4),(0.,0.000785863322741501,0.001571726645483),
 .UNSPECIFIED.);
#129=B_SPLINE_CURVE_WITH_KNOTS('',3,(#6658,#6659,#6660,#6661,#6662),
 .UNSPECIFIED.,.F.,.F.,(4,1,4),(0.,0.000781182497505978,0.00156236499501196),
 .UNSPECIFIED.);
#130=B_SPLINE_CURVE_WITH_KNOTS('',3,(#6664,#6665,#6666,#6667,#6668),
 .UNSPECIFIED.,.F.,.F.,(4,1,4),(0.,0.000781297927676084,0.00156259585535217),
 .UNSPECIFIED.);
#131=B_SPLINE_CURVE_WITH_KNOTS('',3,(#6670,#6671,#6672,#6673,#6674),
 .UNSPECIFIED.,.F.,.F.,(4,1,4),(0.,0.5,1.),.UNSPECIFIED.);
#132=B_SPLINE_CURVE_WITH_KNOTS('',3,(#6676,#6677,#6678,#6679,#6680),
 .UNSPECIFIED.,.F.,.F.,(4,1,4),(0.,0.000781190177352985,0.00156238035470597),
 .UNSPECIFIED.);
#133=B_SPLINE_CURVE_WITH_KNOTS('',3,(#6682,#6683,#6684,#6685,#6686),
 .UNSPECIFIED.,.F.,.F.,(4,1,4),(0.,0.000781272994079615,0.00156254598815923),
 .UNSPECIFIED.);
#134=B_SPLINE_CURVE_WITH_KNOTS('',3,(#6688,#6689,#6690,#6691,#6692),
 .UNSPECIFIED.,.F.,.F.,(4,1,4),(0.,0.000781480014772015,0.00156296002954403),
 .UNSPECIFIED.);
#135=B_SPLINE_CURVE_WITH_KNOTS('',3,(#6694,#6695,#6696,#6697,#6698),
 .UNSPECIFIED.,.F.,.F.,(4,1,4),(0.,0.000781251149721308,0.00156250229944262),
 .UNSPECIFIED.);
#136=B_SPLINE_CURVE_WITH_KNOTS('',3,(#6702,#6703,#6704,#6705,#6706),
 .UNSPECIFIED.,.F.,.F.,(4,1,4),(0.,0.000781338416578368,0.00156267683315674),
 .UNSPECIFIED.);
#137=B_SPLINE_CURVE_WITH_KNOTS('',3,(#6708,#6709,#6710,#6711,#6712),
 .UNSPECIFIED.,.F.,.F.,(4,1,4),(0.,0.00078119129959262,0.00156238259918524),
 .UNSPECIFIED.);
#138=B_SPLINE_CURVE_WITH_KNOTS('',3,(#6714,#6715,#6716,#6717,#6718),
 .UNSPECIFIED.,.F.,.F.,(4,1,4),(0.,0.00078118749772276,0.00156237499544552),
 .UNSPECIFIED.);
#139=B_SPLINE_CURVE_WITH_KNOTS('',3,(#6720,#6721,#6722,#6723,#6724),
 .UNSPECIFIED.,.F.,.F.,(4,1,4),(0.,0.000781185904232986,0.00156237180846597),
 .UNSPECIFIED.);
#140=B_SPLINE_CURVE_WITH_KNOTS('',3,(#6726,#6727,#6728,#6729,#6730),
 .UNSPECIFIED.,.F.,.F.,(4,1,4),(0.,0.000781199469629277,0.00156239893925855),
 .UNSPECIFIED.);
#141=B_SPLINE_CURVE_WITH_KNOTS('',3,(#6732,#6733,#6734,#6735,#6736),
 .UNSPECIFIED.,.F.,.F.,(4,1,4),(0.,0.000781216350453211,0.00156243270090642),
 .UNSPECIFIED.);
#142=B_SPLINE_CURVE_WITH_KNOTS('',3,(#6767,#6768,#6769,#6770),
 .UNSPECIFIED.,.F.,.F.,(4,4),(0.,1.),.UNSPECIFIED.);
#143=B_SPLINE_CURVE_WITH_KNOTS('',3,(#6782,#6783,#6784,#6785),
 .UNSPECIFIED.,.F.,.F.,(4,4),(0.,1.),.UNSPECIFIED.);
#144=B_SPLINE_CURVE_WITH_KNOTS('',2,(#7016,#7017,#7018),.UNSPECIFIED.,.F.,
 .F.,(3,3),(0.,1.),.PIECEWISE_BEZIER_KNOTS.);
#145=B_SPLINE_CURVE_WITH_KNOTS('',2,(#7029,#7030,#7031),.UNSPECIFIED.,.F.,
 .F.,(3,3),(0.,1.),.PIECEWISE_BEZIER_KNOTS.);
#146=B_SPLINE_CURVE_WITH_KNOTS('',2,(#7042,#7043,#7044),.UNSPECIFIED.,.F.,
 .F.,(3,3),(0.,1.),.PIECEWISE_BEZIER_KNOTS.);
#147=B_SPLINE_CURVE_WITH_KNOTS('',2,(#7079,#7080,#7081),.UNSPECIFIED.,.F.,
 .F.,(3,3),(0.,1.),.PIECEWISE_BEZIER_KNOTS.);
#148=B_SPLINE_CURVE_WITH_KNOTS('',2,(#7092,#7093,#7094),.UNSPECIFIED.,.F.,
 .F.,(3,3),(0.,1.),.PIECEWISE_BEZIER_KNOTS.);
#149=B_SPLINE_CURVE_WITH_KNOTS('',2,(#7109,#7110,#7111),.UNSPECIFIED.,.F.,
 .F.,(3,3),(0.,1.),.PIECEWISE_BEZIER_KNOTS.);
#150=B_SPLINE_CURVE_WITH_KNOTS('',2,(#7122,#7123,#7124),.UNSPECIFIED.,.F.,
 .F.,(3,3),(0.,1.),.PIECEWISE_BEZIER_KNOTS.);
#151=B_SPLINE_CURVE_WITH_KNOTS('',2,(#7135,#7136,#7137),.UNSPECIFIED.,.F.,
 .F.,(3,3),(0.,1.),.PIECEWISE_BEZIER_KNOTS.);
#152=CIRCLE('',#4378,0.00308769658941152);
#153=CIRCLE('',#4379,0.00180141689483205);
#154=CIRCLE('',#4380,0.00175549214505765);
#155=CIRCLE('',#4381,0.00222471301764712);
#156=CIRCLE('',#4382,0.00259101907753194);
#157=CIRCLE('',#4383,0.00650991074654458);
#158=CIRCLE('',#4384,0.00965176035819829);
#159=CIRCLE('',#4385,0.00246412274736446);
#160=CIRCLE('',#4386,0.0110000000000002);
#161=CIRCLE('',#4387,0.0110000000000004);
#162=CIRCLE('',#4388,0.00705519824928621);
#163=CIRCLE('',#4389,0.011);
#164=CIRCLE('',#4390,0.0109999999999999);
#165=CIRCLE('',#4391,0.0081196830496191);
#166=CIRCLE('',#4393,0.000930529081863806);
#167=CIRCLE('',#4394,0.00172631498652395);
#168=CIRCLE('',#4395,0.0026948293730686);
#169=CIRCLE('',#4396,0.00213863983521462);
#170=CIRCLE('',#4397,0.00236012290308354);
#171=CIRCLE('',#4398,0.00589955084508739);
#172=CIRCLE('',#4399,0.00496765721503184);
#173=CIRCLE('',#4400,0.00463652015098202);
#174=CIRCLE('',#4402,0.00125);
#175=CIRCLE('',#4403,0.00125);
#176=CIRCLE('',#4404,0.00125);
#177=CIRCLE('',#4405,0.00125);
#178=CIRCLE('',#4407,0.00125);
#179=CIRCLE('',#4408,0.00125);
#180=CIRCLE('',#4409,0.00125);
#181=CIRCLE('',#4410,0.00125);
#182=CIRCLE('',#4416,0.00275);
#183=CIRCLE('',#4417,0.00275);
#184=CIRCLE('',#4418,0.00275);
#185=CIRCLE('',#4419,0.00275);
#186=CIRCLE('',#4421,0.0009);
#187=CIRCLE('',#4422,0.0009);
#188=CIRCLE('',#4424,0.0009);
#189=CIRCLE('',#4425,0.0009);
#190=CIRCLE('',#4427,0.0009);
#191=CIRCLE('',#4428,0.0009);
#192=CIRCLE('',#4430,0.0009);
#193=CIRCLE('',#4431,0.0009);
#194=CIRCLE('',#4434,0.00210692034483273);
#195=CIRCLE('',#4435,0.00210692034483273);
#196=CIRCLE('',#4436,0.00210692034483273);
#197=CIRCLE('',#4439,0.00205320718720194);
#198=CIRCLE('',#4440,0.00205320718720194);
#199=CIRCLE('',#4443,0.0026020035294118);
#200=CIRCLE('',#4444,0.0026020035294118);
#201=CIRCLE('',#4446,0.003030431669628);
#202=CIRCLE('',#4447,0.003030431669628);
#203=CIRCLE('',#4450,0.0076139306977132);
#204=CIRCLE('',#4451,0.0076139306977132);
#205=CIRCLE('',#4454,0.0112886086060807);
#206=CIRCLE('',#4455,0.0112886086060807);
#207=CIRCLE('',#4458,0.00288201490919819);
#208=CIRCLE('',#4459,0.00288201490919819);
#209=CIRCLE('',#4462,0.00180141689483205);
#210=CIRCLE('',#4465,0.00308769658941152);
#211=CIRCLE('',#4467,0.00246412274736446);
#212=CIRCLE('',#4470,0.00965176035819829);
#213=CIRCLE('',#4473,0.00650991074654458);
#214=CIRCLE('',#4476,0.00259101907753194);
#215=CIRCLE('',#4479,0.00222471301764712);
#216=CIRCLE('',#4482,0.00175549214505765);
#217=CIRCLE('',#4484,0.00361134104024735);
#218=CIRCLE('',#4485,0.00361134104024735);
#219=CIRCLE('',#4488,0.0110000000000002);
#220=CIRCLE('',#4489,0.011);
#221=CIRCLE('',#4490,0.0109999999999999);
#222=CIRCLE('',#4491,0.011);
#223=CIRCLE('',#4492,0.011);
#224=CIRCLE('',#4493,0.011);
#225=CIRCLE('',#4494,0.0110000000000004);
#226=CIRCLE('',#4495,0.011);
#227=CIRCLE('',#4496,0.011);
#228=CIRCLE('',#4497,0.00705519824928619);
#229=CIRCLE('',#4498,0.011);
#230=CIRCLE('',#4499,0.011);
#231=CIRCLE('',#4500,0.00811968304961909);
#232=CIRCLE('',#4501,0.011);
#233=CIRCLE('',#4502,0.011);
#234=CIRCLE('',#4503,0.0102886086060807);
#235=CIRCLE('',#4504,0.0066139306977132);
#236=CIRCLE('',#4505,0.002030431669628);
#237=CIRCLE('',#4506,0.00160200352941179);
#238=CIRCLE('',#4507,0.00105320718720194);
#239=CIRCLE('',#4508,0.00110692034483273);
#240=CIRCLE('',#4509,0.00261134104024735);
#241=CIRCLE('',#4510,0.00188201490919819);
#242=CIRCLE('',#4512,0.00210692034483269);
#243=CIRCLE('',#4531,0.00125);
#244=CIRCLE('',#4534,0.00125);
#245=CIRCLE('',#4537,0.00125);
#246=CIRCLE('',#4540,0.00125);
#247=CIRCLE('',#4556,0.001);
#248=CIRCLE('',#4589,0.003);
#249=CIRCLE('',#4590,0.003);
#250=CIRCLE('',#4592,0.011);
#251=CIRCLE('',#4596,0.00811968304961909);
#252=CIRCLE('',#4598,0.011);
#253=CIRCLE('',#4602,0.00705519824928621);
#254=CIRCLE('',#4604,0.011);
#255=CIRCLE('',#4609,0.011);
#256=CIRCLE('',#4612,0.011);
#257=CIRCLE('',#4615,0.011);
#258=CIRCLE('',#4618,0.00705519824928619);
#259=CIRCLE('',#4624,0.011);
#260=CIRCLE('',#4629,0.011);
#261=CIRCLE('',#4633,0.011);
#262=CIRCLE('',#4636,0.0081196830496191);
#263=CIRCLE('',#4667,0.00463652015098202);
#264=CIRCLE('',#4669,0.00496765721503184);
#265=CIRCLE('',#4671,0.00589955084508739);
#266=CIRCLE('',#4676,0.00236012290308354);
#267=CIRCLE('',#4678,0.00213863983521462);
#268=CIRCLE('',#4680,0.0026948293730686);
#269=CIRCLE('',#4685,0.00172631498652395);
#270=CIRCLE('',#4687,0.000930529081863806);
#271=CIRCLE('',#4726,0.001587462);
#272=CIRCLE('',#4727,0.001587462);
#273=CIRCLE('',#4729,0.00425);
#274=CIRCLE('',#4730,0.00425);
#275=CIRCLE('',#4733,0.00325);
#276=CIRCLE('',#4737,0.001587462);
#277=CIRCLE('',#4738,0.001587462);
#278=CIRCLE('',#4740,0.00425);
#279=CIRCLE('',#4741,0.00425);
#280=CIRCLE('',#4744,0.00325);
#281=ORIENTED_EDGE('',*,*,#1479,.F.);
#282=ORIENTED_EDGE('',*,*,#1480,.F.);
#283=ORIENTED_EDGE('',*,*,#1481,.F.);
#284=ORIENTED_EDGE('',*,*,#1482,.T.);
#285=ORIENTED_EDGE('',*,*,#1483,.F.);
#286=ORIENTED_EDGE('',*,*,#1484,.T.);
#287=ORIENTED_EDGE('',*,*,#1485,.F.);
#288=ORIENTED_EDGE('',*,*,#1486,.T.);
#289=ORIENTED_EDGE('',*,*,#1487,.F.);
#290=ORIENTED_EDGE('',*,*,#1488,.T.);
#291=ORIENTED_EDGE('',*,*,#1489,.T.);
#292=ORIENTED_EDGE('',*,*,#1490,.T.);
#293=ORIENTED_EDGE('',*,*,#1491,.F.);
#294=ORIENTED_EDGE('',*,*,#1492,.T.);
#295=ORIENTED_EDGE('',*,*,#1493,.F.);
#296=ORIENTED_EDGE('',*,*,#1494,.T.);
#297=ORIENTED_EDGE('',*,*,#1495,.F.);
#298=ORIENTED_EDGE('',*,*,#1496,.T.);
#299=ORIENTED_EDGE('',*,*,#1497,.F.);
#300=ORIENTED_EDGE('',*,*,#1498,.T.);
#301=ORIENTED_EDGE('',*,*,#1499,.T.);
#302=ORIENTED_EDGE('',*,*,#1500,.T.);
#303=ORIENTED_EDGE('',*,*,#1501,.F.);
#304=ORIENTED_EDGE('',*,*,#1502,.T.);
#305=ORIENTED_EDGE('',*,*,#1503,.F.);
#306=ORIENTED_EDGE('',*,*,#1504,.T.);
#307=ORIENTED_EDGE('',*,*,#1505,.F.);
#308=ORIENTED_EDGE('',*,*,#1506,.T.);
#309=ORIENTED_EDGE('',*,*,#1507,.T.);
#310=ORIENTED_EDGE('',*,*,#1508,.T.);
#311=ORIENTED_EDGE('',*,*,#1509,.T.);
#312=ORIENTED_EDGE('',*,*,#1510,.F.);
#313=ORIENTED_EDGE('',*,*,#1511,.T.);
#314=ORIENTED_EDGE('',*,*,#1512,.T.);
#315=ORIENTED_EDGE('',*,*,#1513,.F.);
#316=ORIENTED_EDGE('',*,*,#1514,.F.);
#317=ORIENTED_EDGE('',*,*,#1515,.T.);
#318=ORIENTED_EDGE('',*,*,#1516,.T.);
#319=ORIENTED_EDGE('',*,*,#1517,.F.);
#320=ORIENTED_EDGE('',*,*,#1518,.T.);
#321=ORIENTED_EDGE('',*,*,#1519,.T.);
#322=ORIENTED_EDGE('',*,*,#1520,.F.);
#323=ORIENTED_EDGE('',*,*,#1521,.T.);
#324=ORIENTED_EDGE('',*,*,#1522,.T.);
#325=ORIENTED_EDGE('',*,*,#1523,.T.);
#326=ORIENTED_EDGE('',*,*,#1524,.T.);
#327=ORIENTED_EDGE('',*,*,#1525,.T.);
#328=ORIENTED_EDGE('',*,*,#1526,.T.);
#329=ORIENTED_EDGE('',*,*,#1527,.T.);
#330=ORIENTED_EDGE('',*,*,#1528,.T.);
#331=ORIENTED_EDGE('',*,*,#1529,.T.);
#332=ORIENTED_EDGE('',*,*,#1530,.T.);
#333=ORIENTED_EDGE('',*,*,#1531,.T.);
#334=ORIENTED_EDGE('',*,*,#1532,.T.);
#335=ORIENTED_EDGE('',*,*,#1533,.T.);
#336=ORIENTED_EDGE('',*,*,#1534,.T.);
#337=ORIENTED_EDGE('',*,*,#1535,.T.);
#338=ORIENTED_EDGE('',*,*,#1536,.T.);
#339=ORIENTED_EDGE('',*,*,#1537,.T.);
#340=ORIENTED_EDGE('',*,*,#1538,.T.);
#341=ORIENTED_EDGE('',*,*,#1539,.T.);
#342=ORIENTED_EDGE('',*,*,#1540,.T.);
#343=ORIENTED_EDGE('',*,*,#1541,.T.);
#344=ORIENTED_EDGE('',*,*,#1542,.T.);
#345=ORIENTED_EDGE('',*,*,#1543,.T.);
#346=ORIENTED_EDGE('',*,*,#1544,.T.);
#347=ORIENTED_EDGE('',*,*,#1545,.T.);
#348=ORIENTED_EDGE('',*,*,#1546,.T.);
#349=ORIENTED_EDGE('',*,*,#1547,.T.);
#350=ORIENTED_EDGE('',*,*,#1548,.T.);
#351=ORIENTED_EDGE('',*,*,#1549,.T.);
#352=ORIENTED_EDGE('',*,*,#1550,.T.);
#353=ORIENTED_EDGE('',*,*,#1551,.T.);
#354=ORIENTED_EDGE('',*,*,#1552,.T.);
#355=ORIENTED_EDGE('',*,*,#1553,.T.);
#356=ORIENTED_EDGE('',*,*,#1554,.T.);
#357=ORIENTED_EDGE('',*,*,#1555,.T.);
#358=ORIENTED_EDGE('',*,*,#1556,.T.);
#359=ORIENTED_EDGE('',*,*,#1557,.T.);
#360=ORIENTED_EDGE('',*,*,#1558,.T.);
#361=ORIENTED_EDGE('',*,*,#1559,.T.);
#362=ORIENTED_EDGE('',*,*,#1560,.T.);
#363=ORIENTED_EDGE('',*,*,#1561,.T.);
#364=ORIENTED_EDGE('',*,*,#1562,.T.);
#365=ORIENTED_EDGE('',*,*,#1563,.T.);
#366=ORIENTED_EDGE('',*,*,#1564,.T.);
#367=ORIENTED_EDGE('',*,*,#1565,.T.);
#368=ORIENTED_EDGE('',*,*,#1566,.T.);
#369=ORIENTED_EDGE('',*,*,#1567,.T.);
#370=ORIENTED_EDGE('',*,*,#1568,.T.);
#371=ORIENTED_EDGE('',*,*,#1569,.T.);
#372=ORIENTED_EDGE('',*,*,#1570,.T.);
#373=ORIENTED_EDGE('',*,*,#1571,.T.);
#374=ORIENTED_EDGE('',*,*,#1572,.T.);
#375=ORIENTED_EDGE('',*,*,#1573,.T.);
#376=ORIENTED_EDGE('',*,*,#1574,.T.);
#377=ORIENTED_EDGE('',*,*,#1575,.T.);
#378=ORIENTED_EDGE('',*,*,#1576,.T.);
#379=ORIENTED_EDGE('',*,*,#1577,.T.);
#380=ORIENTED_EDGE('',*,*,#1578,.T.);
#381=ORIENTED_EDGE('',*,*,#1579,.T.);
#382=ORIENTED_EDGE('',*,*,#1580,.T.);
#383=ORIENTED_EDGE('',*,*,#1581,.T.);
#384=ORIENTED_EDGE('',*,*,#1582,.T.);
#385=ORIENTED_EDGE('',*,*,#1583,.T.);
#386=ORIENTED_EDGE('',*,*,#1584,.T.);
#387=ORIENTED_EDGE('',*,*,#1585,.T.);
#388=ORIENTED_EDGE('',*,*,#1586,.T.);
#389=ORIENTED_EDGE('',*,*,#1587,.F.);
#390=ORIENTED_EDGE('',*,*,#1497,.T.);
#391=ORIENTED_EDGE('',*,*,#1588,.T.);
#392=ORIENTED_EDGE('',*,*,#1589,.F.);
#393=ORIENTED_EDGE('',*,*,#1590,.F.);
#394=ORIENTED_EDGE('',*,*,#1481,.T.);
#395=ORIENTED_EDGE('',*,*,#1591,.T.);
#396=ORIENTED_EDGE('',*,*,#1592,.T.);
#397=ORIENTED_EDGE('',*,*,#1593,.T.);
#398=ORIENTED_EDGE('',*,*,#1594,.T.);
#399=ORIENTED_EDGE('',*,*,#1595,.F.);
#400=ORIENTED_EDGE('',*,*,#1596,.T.);
#401=ORIENTED_EDGE('',*,*,#1597,.T.);
#402=ORIENTED_EDGE('',*,*,#1598,.T.);
#403=ORIENTED_EDGE('',*,*,#1599,.T.);
#404=ORIENTED_EDGE('',*,*,#1600,.T.);
#405=ORIENTED_EDGE('',*,*,#1601,.F.);
#406=ORIENTED_EDGE('',*,*,#1602,.T.);
#407=ORIENTED_EDGE('',*,*,#1603,.F.);
#408=ORIENTED_EDGE('',*,*,#1604,.T.);
#409=ORIENTED_EDGE('',*,*,#1605,.F.);
#410=ORIENTED_EDGE('',*,*,#1606,.T.);
#411=ORIENTED_EDGE('',*,*,#1607,.T.);
#412=ORIENTED_EDGE('',*,*,#1608,.T.);
#413=ORIENTED_EDGE('',*,*,#1609,.T.);
#414=ORIENTED_EDGE('',*,*,#1610,.T.);
#415=ORIENTED_EDGE('',*,*,#1611,.F.);
#416=ORIENTED_EDGE('',*,*,#1612,.T.);
#417=ORIENTED_EDGE('',*,*,#1613,.F.);
#418=ORIENTED_EDGE('',*,*,#1614,.T.);
#419=ORIENTED_EDGE('',*,*,#1615,.T.);
#420=ORIENTED_EDGE('',*,*,#1616,.T.);
#421=ORIENTED_EDGE('',*,*,#1617,.T.);
#422=ORIENTED_EDGE('',*,*,#1618,.T.);
#423=ORIENTED_EDGE('',*,*,#1619,.T.);
#424=ORIENTED_EDGE('',*,*,#1620,.T.);
#425=ORIENTED_EDGE('',*,*,#1621,.T.);
#426=ORIENTED_EDGE('',*,*,#1622,.T.);
#427=ORIENTED_EDGE('',*,*,#1623,.T.);
#428=ORIENTED_EDGE('',*,*,#1624,.T.);
#429=ORIENTED_EDGE('',*,*,#1625,.T.);
#430=ORIENTED_EDGE('',*,*,#1626,.T.);
#431=ORIENTED_EDGE('',*,*,#1627,.T.);
#432=ORIENTED_EDGE('',*,*,#1628,.T.);
#433=ORIENTED_EDGE('',*,*,#1629,.T.);
#434=ORIENTED_EDGE('',*,*,#1630,.T.);
#435=ORIENTED_EDGE('',*,*,#1631,.F.);
#436=ORIENTED_EDGE('',*,*,#1632,.T.);
#437=ORIENTED_EDGE('',*,*,#1633,.T.);
#438=ORIENTED_EDGE('',*,*,#1634,.T.);
#439=ORIENTED_EDGE('',*,*,#1635,.T.);
#440=ORIENTED_EDGE('',*,*,#1636,.F.);
#441=ORIENTED_EDGE('',*,*,#1637,.T.);
#442=ORIENTED_EDGE('',*,*,#1638,.F.);
#443=ORIENTED_EDGE('',*,*,#1639,.T.);
#444=ORIENTED_EDGE('',*,*,#1640,.F.);
#445=ORIENTED_EDGE('',*,*,#1641,.T.);
#446=ORIENTED_EDGE('',*,*,#1642,.F.);
#447=ORIENTED_EDGE('',*,*,#1643,.F.);
#448=ORIENTED_EDGE('',*,*,#1644,.T.);
#449=ORIENTED_EDGE('',*,*,#1645,.T.);
#450=ORIENTED_EDGE('',*,*,#1646,.T.);
#451=ORIENTED_EDGE('',*,*,#1645,.F.);
#452=ORIENTED_EDGE('',*,*,#1647,.T.);
#453=ORIENTED_EDGE('',*,*,#1648,.T.);
#454=ORIENTED_EDGE('',*,*,#1649,.T.);
#455=ORIENTED_EDGE('',*,*,#1650,.T.);
#456=ORIENTED_EDGE('',*,*,#1651,.F.);
#457=ORIENTED_EDGE('',*,*,#1652,.F.);
#458=ORIENTED_EDGE('',*,*,#1653,.T.);
#459=ORIENTED_EDGE('',*,*,#1654,.T.);
#460=ORIENTED_EDGE('',*,*,#1655,.F.);
#461=ORIENTED_EDGE('',*,*,#1650,.F.);
#462=ORIENTED_EDGE('',*,*,#1654,.F.);
#463=ORIENTED_EDGE('',*,*,#1656,.T.);
#464=ORIENTED_EDGE('',*,*,#1657,.T.);
#465=ORIENTED_EDGE('',*,*,#1658,.T.);
#466=ORIENTED_EDGE('',*,*,#1657,.F.);
#467=ORIENTED_EDGE('',*,*,#1659,.T.);
#468=ORIENTED_EDGE('',*,*,#1660,.T.);
#469=ORIENTED_EDGE('',*,*,#1661,.T.);
#470=ORIENTED_EDGE('',*,*,#1660,.F.);
#471=ORIENTED_EDGE('',*,*,#1662,.T.);
#472=ORIENTED_EDGE('',*,*,#1517,.T.);
#473=ORIENTED_EDGE('',*,*,#1663,.F.);
#474=ORIENTED_EDGE('',*,*,#1519,.F.);
#475=ORIENTED_EDGE('',*,*,#1664,.T.);
#476=ORIENTED_EDGE('',*,*,#1665,.T.);
#477=ORIENTED_EDGE('',*,*,#1666,.F.);
#478=ORIENTED_EDGE('',*,*,#1665,.F.);
#479=ORIENTED_EDGE('',*,*,#1667,.T.);
#480=ORIENTED_EDGE('',*,*,#1668,.T.);
#481=ORIENTED_EDGE('',*,*,#1669,.T.);
#482=ORIENTED_EDGE('',*,*,#1668,.F.);
#483=ORIENTED_EDGE('',*,*,#1670,.T.);
#484=ORIENTED_EDGE('',*,*,#1671,.T.);
#485=ORIENTED_EDGE('',*,*,#1672,.F.);
#486=ORIENTED_EDGE('',*,*,#1671,.F.);
#487=ORIENTED_EDGE('',*,*,#1673,.T.);
#488=ORIENTED_EDGE('',*,*,#1674,.T.);
#489=ORIENTED_EDGE('',*,*,#1675,.T.);
#490=ORIENTED_EDGE('',*,*,#1674,.F.);
#491=ORIENTED_EDGE('',*,*,#1676,.T.);
#492=ORIENTED_EDGE('',*,*,#1677,.T.);
#493=ORIENTED_EDGE('',*,*,#1678,.F.);
#494=ORIENTED_EDGE('',*,*,#1677,.F.);
#495=ORIENTED_EDGE('',*,*,#1679,.T.);
#496=ORIENTED_EDGE('',*,*,#1680,.T.);
#497=ORIENTED_EDGE('',*,*,#1681,.T.);
#498=ORIENTED_EDGE('',*,*,#1680,.F.);
#499=ORIENTED_EDGE('',*,*,#1682,.T.);
#500=ORIENTED_EDGE('',*,*,#1631,.T.);
#501=ORIENTED_EDGE('',*,*,#1683,.F.);
#502=ORIENTED_EDGE('',*,*,#1684,.F.);
#503=ORIENTED_EDGE('',*,*,#1685,.F.);
#504=ORIENTED_EDGE('',*,*,#1485,.T.);
#505=ORIENTED_EDGE('',*,*,#1686,.T.);
#506=ORIENTED_EDGE('',*,*,#1687,.T.);
#507=ORIENTED_EDGE('',*,*,#1686,.F.);
#508=ORIENTED_EDGE('',*,*,#1484,.F.);
#509=ORIENTED_EDGE('',*,*,#1688,.T.);
#510=ORIENTED_EDGE('',*,*,#1689,.F.);
#511=ORIENTED_EDGE('',*,*,#1688,.F.);
#512=ORIENTED_EDGE('',*,*,#1483,.T.);
#513=ORIENTED_EDGE('',*,*,#1690,.T.);
#514=ORIENTED_EDGE('',*,*,#1691,.T.);
#515=ORIENTED_EDGE('',*,*,#1690,.F.);
#516=ORIENTED_EDGE('',*,*,#1482,.F.);
#517=ORIENTED_EDGE('',*,*,#1590,.T.);
#518=ORIENTED_EDGE('',*,*,#1692,.T.);
#519=ORIENTED_EDGE('',*,*,#1588,.F.);
#520=ORIENTED_EDGE('',*,*,#1496,.F.);
#521=ORIENTED_EDGE('',*,*,#1693,.T.);
#522=ORIENTED_EDGE('',*,*,#1694,.F.);
#523=ORIENTED_EDGE('',*,*,#1693,.F.);
#524=ORIENTED_EDGE('',*,*,#1495,.T.);
#525=ORIENTED_EDGE('',*,*,#1695,.T.);
#526=ORIENTED_EDGE('',*,*,#1696,.T.);
#527=ORIENTED_EDGE('',*,*,#1695,.F.);
#528=ORIENTED_EDGE('',*,*,#1494,.F.);
#529=ORIENTED_EDGE('',*,*,#1697,.T.);
#530=ORIENTED_EDGE('',*,*,#1698,.F.);
#531=ORIENTED_EDGE('',*,*,#1697,.F.);
#532=ORIENTED_EDGE('',*,*,#1493,.T.);
#533=ORIENTED_EDGE('',*,*,#1699,.T.);
#534=ORIENTED_EDGE('',*,*,#1700,.T.);
#535=ORIENTED_EDGE('',*,*,#1699,.F.);
#536=ORIENTED_EDGE('',*,*,#1492,.F.);
#537=ORIENTED_EDGE('',*,*,#1701,.T.);
#538=ORIENTED_EDGE('',*,*,#1702,.F.);
#539=ORIENTED_EDGE('',*,*,#1701,.F.);
#540=ORIENTED_EDGE('',*,*,#1491,.T.);
#541=ORIENTED_EDGE('',*,*,#1703,.T.);
#542=ORIENTED_EDGE('',*,*,#1704,.T.);
#543=ORIENTED_EDGE('',*,*,#1703,.F.);
#544=ORIENTED_EDGE('',*,*,#1490,.F.);
#545=ORIENTED_EDGE('',*,*,#1705,.T.);
#546=ORIENTED_EDGE('',*,*,#1706,.T.);
#547=ORIENTED_EDGE('',*,*,#1705,.F.);
#548=ORIENTED_EDGE('',*,*,#1489,.F.);
#549=ORIENTED_EDGE('',*,*,#1707,.T.);
#550=ORIENTED_EDGE('',*,*,#1708,.T.);
#551=ORIENTED_EDGE('',*,*,#1707,.F.);
#552=ORIENTED_EDGE('',*,*,#1488,.F.);
#553=ORIENTED_EDGE('',*,*,#1709,.T.);
#554=ORIENTED_EDGE('',*,*,#1710,.F.);
#555=ORIENTED_EDGE('',*,*,#1709,.F.);
#556=ORIENTED_EDGE('',*,*,#1487,.T.);
#557=ORIENTED_EDGE('',*,*,#1711,.T.);
#558=ORIENTED_EDGE('',*,*,#1712,.T.);
#559=ORIENTED_EDGE('',*,*,#1711,.F.);
#560=ORIENTED_EDGE('',*,*,#1486,.F.);
#561=ORIENTED_EDGE('',*,*,#1685,.T.);
#562=ORIENTED_EDGE('',*,*,#1633,.F.);
#563=ORIENTED_EDGE('',*,*,#1713,.T.);
#564=ORIENTED_EDGE('',*,*,#1643,.T.);
#565=ORIENTED_EDGE('',*,*,#1714,.F.);
#566=ORIENTED_EDGE('',*,*,#1684,.T.);
#567=ORIENTED_EDGE('',*,*,#1687,.F.);
#568=ORIENTED_EDGE('',*,*,#1689,.T.);
#569=ORIENTED_EDGE('',*,*,#1691,.F.);
#570=ORIENTED_EDGE('',*,*,#1589,.T.);
#571=ORIENTED_EDGE('',*,*,#1692,.F.);
#572=ORIENTED_EDGE('',*,*,#1694,.T.);
#573=ORIENTED_EDGE('',*,*,#1696,.F.);
#574=ORIENTED_EDGE('',*,*,#1698,.T.);
#575=ORIENTED_EDGE('',*,*,#1700,.F.);
#576=ORIENTED_EDGE('',*,*,#1702,.T.);
#577=ORIENTED_EDGE('',*,*,#1704,.F.);
#578=ORIENTED_EDGE('',*,*,#1706,.F.);
#579=ORIENTED_EDGE('',*,*,#1708,.F.);
#580=ORIENTED_EDGE('',*,*,#1710,.T.);
#581=ORIENTED_EDGE('',*,*,#1712,.F.);
#582=ORIENTED_EDGE('',*,*,#1641,.F.);
#583=ORIENTED_EDGE('',*,*,#1639,.F.);
#584=ORIENTED_EDGE('',*,*,#1637,.F.);
#585=ORIENTED_EDGE('',*,*,#1635,.F.);
#586=ORIENTED_EDGE('',*,*,#1646,.F.);
#587=ORIENTED_EDGE('',*,*,#1651,.T.);
#588=ORIENTED_EDGE('',*,*,#1655,.T.);
#589=ORIENTED_EDGE('',*,*,#1658,.F.);
#590=ORIENTED_EDGE('',*,*,#1661,.F.);
#591=ORIENTED_EDGE('',*,*,#1663,.T.);
#592=ORIENTED_EDGE('',*,*,#1520,.T.);
#593=ORIENTED_EDGE('',*,*,#1666,.T.);
#594=ORIENTED_EDGE('',*,*,#1669,.F.);
#595=ORIENTED_EDGE('',*,*,#1672,.T.);
#596=ORIENTED_EDGE('',*,*,#1675,.F.);
#597=ORIENTED_EDGE('',*,*,#1678,.T.);
#598=ORIENTED_EDGE('',*,*,#1681,.F.);
#599=ORIENTED_EDGE('',*,*,#1683,.T.);
#600=ORIENTED_EDGE('',*,*,#1634,.F.);
#601=ORIENTED_EDGE('',*,*,#1714,.T.);
#602=ORIENTED_EDGE('',*,*,#1715,.F.);
#603=ORIENTED_EDGE('',*,*,#1716,.F.);
#604=ORIENTED_EDGE('',*,*,#1717,.F.);
#605=ORIENTED_EDGE('',*,*,#1718,.F.);
#606=ORIENTED_EDGE('',*,*,#1719,.F.);
#607=ORIENTED_EDGE('',*,*,#1720,.F.);
#608=ORIENTED_EDGE('',*,*,#1721,.F.);
#609=ORIENTED_EDGE('',*,*,#1722,.F.);
#610=ORIENTED_EDGE('',*,*,#1723,.F.);
#611=ORIENTED_EDGE('',*,*,#1724,.F.);
#612=ORIENTED_EDGE('',*,*,#1725,.T.);
#613=ORIENTED_EDGE('',*,*,#1726,.F.);
#614=ORIENTED_EDGE('',*,*,#1727,.F.);
#615=ORIENTED_EDGE('',*,*,#1728,.F.);
#616=ORIENTED_EDGE('',*,*,#1729,.T.);
#617=ORIENTED_EDGE('',*,*,#1730,.T.);
#618=ORIENTED_EDGE('',*,*,#1731,.F.);
#619=ORIENTED_EDGE('',*,*,#1732,.F.);
#620=ORIENTED_EDGE('',*,*,#1733,.F.);
#621=ORIENTED_EDGE('',*,*,#1734,.T.);
#622=ORIENTED_EDGE('',*,*,#1735,.T.);
#623=ORIENTED_EDGE('',*,*,#1736,.T.);
#624=ORIENTED_EDGE('',*,*,#1737,.T.);
#625=ORIENTED_EDGE('',*,*,#1738,.T.);
#626=ORIENTED_EDGE('',*,*,#1739,.T.);
#627=ORIENTED_EDGE('',*,*,#1740,.T.);
#628=ORIENTED_EDGE('',*,*,#1741,.T.);
#629=ORIENTED_EDGE('',*,*,#1742,.T.);
#630=ORIENTED_EDGE('',*,*,#1743,.T.);
#631=ORIENTED_EDGE('',*,*,#1744,.T.);
#632=ORIENTED_EDGE('',*,*,#1745,.T.);
#633=ORIENTED_EDGE('',*,*,#1746,.T.);
#634=ORIENTED_EDGE('',*,*,#1747,.T.);
#635=ORIENTED_EDGE('',*,*,#1748,.T.);
#636=ORIENTED_EDGE('',*,*,#1749,.T.);
#637=ORIENTED_EDGE('',*,*,#1648,.F.);
#638=ORIENTED_EDGE('',*,*,#1750,.T.);
#639=ORIENTED_EDGE('',*,*,#1652,.T.);
#640=ORIENTED_EDGE('',*,*,#1649,.F.);
#641=ORIENTED_EDGE('',*,*,#1642,.T.);
#642=ORIENTED_EDGE('',*,*,#1640,.T.);
#643=ORIENTED_EDGE('',*,*,#1638,.T.);
#644=ORIENTED_EDGE('',*,*,#1636,.T.);
#645=ORIENTED_EDGE('',*,*,#1751,.T.);
#646=ORIENTED_EDGE('',*,*,#1752,.T.);
#647=ORIENTED_EDGE('',*,*,#1753,.F.);
#648=ORIENTED_EDGE('',*,*,#1754,.T.);
#649=ORIENTED_EDGE('',*,*,#1755,.F.);
#650=ORIENTED_EDGE('',*,*,#1756,.F.);
#651=ORIENTED_EDGE('',*,*,#1757,.F.);
#652=ORIENTED_EDGE('',*,*,#1758,.F.);
#653=ORIENTED_EDGE('',*,*,#1759,.T.);
#654=ORIENTED_EDGE('',*,*,#1753,.T.);
#655=ORIENTED_EDGE('',*,*,#1760,.T.);
#656=ORIENTED_EDGE('',*,*,#1761,.T.);
#657=ORIENTED_EDGE('',*,*,#1762,.T.);
#658=ORIENTED_EDGE('',*,*,#1763,.F.);
#659=ORIENTED_EDGE('',*,*,#1764,.T.);
#660=ORIENTED_EDGE('',*,*,#1757,.T.);
#661=ORIENTED_EDGE('',*,*,#1765,.T.);
#662=ORIENTED_EDGE('',*,*,#1763,.T.);
#663=ORIENTED_EDGE('',*,*,#1766,.T.);
#664=ORIENTED_EDGE('',*,*,#1767,.T.);
#665=ORIENTED_EDGE('',*,*,#1768,.F.);
#666=ORIENTED_EDGE('',*,*,#1769,.T.);
#667=ORIENTED_EDGE('',*,*,#1768,.T.);
#668=ORIENTED_EDGE('',*,*,#1770,.T.);
#669=ORIENTED_EDGE('',*,*,#1759,.F.);
#670=ORIENTED_EDGE('',*,*,#1771,.F.);
#671=ORIENTED_EDGE('',*,*,#1772,.T.);
#672=ORIENTED_EDGE('',*,*,#1773,.T.);
#673=ORIENTED_EDGE('',*,*,#1774,.T.);
#674=ORIENTED_EDGE('',*,*,#1775,.T.);
#675=ORIENTED_EDGE('',*,*,#1776,.T.);
#676=ORIENTED_EDGE('',*,*,#1593,.F.);
#677=ORIENTED_EDGE('',*,*,#1777,.T.);
#678=ORIENTED_EDGE('',*,*,#1778,.T.);
#679=ORIENTED_EDGE('',*,*,#1779,.F.);
#680=ORIENTED_EDGE('',*,*,#1780,.T.);
#681=ORIENTED_EDGE('',*,*,#1781,.T.);
#682=ORIENTED_EDGE('',*,*,#1782,.T.);
#683=ORIENTED_EDGE('',*,*,#1783,.T.);
#684=ORIENTED_EDGE('',*,*,#1498,.F.);
#685=ORIENTED_EDGE('',*,*,#1587,.T.);
#686=ORIENTED_EDGE('',*,*,#1784,.T.);
#687=ORIENTED_EDGE('',*,*,#1785,.T.);
#688=ORIENTED_EDGE('',*,*,#1591,.F.);
#689=ORIENTED_EDGE('',*,*,#1480,.T.);
#690=ORIENTED_EDGE('',*,*,#1786,.F.);
#691=ORIENTED_EDGE('',*,*,#1787,.F.);
#692=ORIENTED_EDGE('',*,*,#1788,.T.);
#693=ORIENTED_EDGE('',*,*,#1789,.T.);
#694=ORIENTED_EDGE('',*,*,#1765,.F.);
#695=ORIENTED_EDGE('',*,*,#1790,.T.);
#696=ORIENTED_EDGE('',*,*,#1791,.T.);
#697=ORIENTED_EDGE('',*,*,#1792,.T.);
#698=ORIENTED_EDGE('',*,*,#1793,.T.);
#699=ORIENTED_EDGE('',*,*,#1794,.F.);
#700=ORIENTED_EDGE('',*,*,#1788,.F.);
#701=ORIENTED_EDGE('',*,*,#1795,.T.);
#702=ORIENTED_EDGE('',*,*,#1796,.T.);
#703=ORIENTED_EDGE('',*,*,#1790,.F.);
#704=ORIENTED_EDGE('',*,*,#1787,.T.);
#705=ORIENTED_EDGE('',*,*,#1756,.T.);
#706=ORIENTED_EDGE('',*,*,#1797,.T.);
#707=ORIENTED_EDGE('',*,*,#1798,.T.);
#708=ORIENTED_EDGE('',*,*,#1795,.F.);
#709=ORIENTED_EDGE('',*,*,#1755,.T.);
#710=ORIENTED_EDGE('',*,*,#1794,.T.);
#711=ORIENTED_EDGE('',*,*,#1799,.T.);
#712=ORIENTED_EDGE('',*,*,#1797,.F.);
#713=ORIENTED_EDGE('',*,*,#1754,.F.);
#714=ORIENTED_EDGE('',*,*,#1789,.F.);
#715=ORIENTED_EDGE('',*,*,#1800,.T.);
#716=ORIENTED_EDGE('',*,*,#1801,.T.);
#717=ORIENTED_EDGE('',*,*,#1802,.F.);
#718=ORIENTED_EDGE('',*,*,#1603,.T.);
#719=ORIENTED_EDGE('',*,*,#1802,.T.);
#720=ORIENTED_EDGE('',*,*,#1803,.T.);
#721=ORIENTED_EDGE('',*,*,#1804,.F.);
#722=ORIENTED_EDGE('',*,*,#1604,.F.);
#723=ORIENTED_EDGE('',*,*,#1804,.T.);
#724=ORIENTED_EDGE('',*,*,#1805,.T.);
#725=ORIENTED_EDGE('',*,*,#1806,.F.);
#726=ORIENTED_EDGE('',*,*,#1605,.T.);
#727=ORIENTED_EDGE('',*,*,#1806,.T.);
#728=ORIENTED_EDGE('',*,*,#1807,.T.);
#729=ORIENTED_EDGE('',*,*,#1808,.F.);
#730=ORIENTED_EDGE('',*,*,#1606,.F.);
#731=ORIENTED_EDGE('',*,*,#1808,.T.);
#732=ORIENTED_EDGE('',*,*,#1809,.T.);
#733=ORIENTED_EDGE('',*,*,#1810,.F.);
#734=ORIENTED_EDGE('',*,*,#1607,.F.);
#735=ORIENTED_EDGE('',*,*,#1810,.T.);
#736=ORIENTED_EDGE('',*,*,#1811,.T.);
#737=ORIENTED_EDGE('',*,*,#1812,.F.);
#738=ORIENTED_EDGE('',*,*,#1608,.F.);
#739=ORIENTED_EDGE('',*,*,#1812,.T.);
#740=ORIENTED_EDGE('',*,*,#1813,.T.);
#741=ORIENTED_EDGE('',*,*,#1814,.F.);
#742=ORIENTED_EDGE('',*,*,#1609,.F.);
#743=ORIENTED_EDGE('',*,*,#1814,.T.);
#744=ORIENTED_EDGE('',*,*,#1815,.T.);
#745=ORIENTED_EDGE('',*,*,#1800,.F.);
#746=ORIENTED_EDGE('',*,*,#1610,.F.);
#747=ORIENTED_EDGE('',*,*,#1771,.T.);
#748=ORIENTED_EDGE('',*,*,#1758,.T.);
#749=ORIENTED_EDGE('',*,*,#1764,.F.);
#750=ORIENTED_EDGE('',*,*,#1769,.F.);
#751=ORIENTED_EDGE('',*,*,#1816,.T.);
#752=ORIENTED_EDGE('',*,*,#1817,.T.);
#753=ORIENTED_EDGE('',*,*,#1501,.T.);
#754=ORIENTED_EDGE('',*,*,#1818,.T.);
#755=ORIENTED_EDGE('',*,*,#1819,.T.);
#756=ORIENTED_EDGE('',*,*,#1820,.T.);
#757=ORIENTED_EDGE('',*,*,#1499,.F.);
#758=ORIENTED_EDGE('',*,*,#1783,.F.);
#759=ORIENTED_EDGE('',*,*,#1479,.T.);
#760=ORIENTED_EDGE('',*,*,#1821,.T.);
#761=ORIENTED_EDGE('',*,*,#1822,.T.);
#762=ORIENTED_EDGE('',*,*,#1786,.T.);
#763=ORIENTED_EDGE('',*,*,#1779,.T.);
#764=ORIENTED_EDGE('',*,*,#1823,.T.);
#765=ORIENTED_EDGE('',*,*,#1824,.T.);
#766=ORIENTED_EDGE('',*,*,#1825,.T.);
#767=ORIENTED_EDGE('',*,*,#1826,.F.);
#768=ORIENTED_EDGE('',*,*,#1713,.F.);
#769=ORIENTED_EDGE('',*,*,#1827,.F.);
#770=ORIENTED_EDGE('',*,*,#1746,.F.);
#771=ORIENTED_EDGE('',*,*,#1827,.T.);
#772=ORIENTED_EDGE('',*,*,#1632,.F.);
#773=ORIENTED_EDGE('',*,*,#1828,.F.);
#774=ORIENTED_EDGE('',*,*,#1747,.F.);
#775=ORIENTED_EDGE('',*,*,#1826,.T.);
#776=ORIENTED_EDGE('',*,*,#1745,.F.);
#777=ORIENTED_EDGE('',*,*,#1829,.F.);
#778=ORIENTED_EDGE('',*,*,#1644,.F.);
#779=ORIENTED_EDGE('',*,*,#1828,.T.);
#780=ORIENTED_EDGE('',*,*,#1682,.F.);
#781=ORIENTED_EDGE('',*,*,#1830,.F.);
#782=ORIENTED_EDGE('',*,*,#1748,.F.);
#783=ORIENTED_EDGE('',*,*,#1829,.T.);
#784=ORIENTED_EDGE('',*,*,#1744,.F.);
#785=ORIENTED_EDGE('',*,*,#1831,.F.);
#786=ORIENTED_EDGE('',*,*,#1647,.F.);
#787=ORIENTED_EDGE('',*,*,#1830,.T.);
#788=ORIENTED_EDGE('',*,*,#1679,.F.);
#789=ORIENTED_EDGE('',*,*,#1832,.F.);
#790=ORIENTED_EDGE('',*,*,#1749,.F.);
#791=ORIENTED_EDGE('',*,*,#1831,.T.);
#792=ORIENTED_EDGE('',*,*,#1833,.F.);
#793=ORIENTED_EDGE('',*,*,#1750,.F.);
#794=ORIENTED_EDGE('',*,*,#1832,.T.);
#795=ORIENTED_EDGE('',*,*,#1676,.F.);
#796=ORIENTED_EDGE('',*,*,#1834,.F.);
#797=ORIENTED_EDGE('',*,*,#1734,.F.);
#798=ORIENTED_EDGE('',*,*,#1833,.T.);
#799=ORIENTED_EDGE('',*,*,#1743,.F.);
#800=ORIENTED_EDGE('',*,*,#1835,.F.);
#801=ORIENTED_EDGE('',*,*,#1653,.F.);
#802=ORIENTED_EDGE('',*,*,#1834,.T.);
#803=ORIENTED_EDGE('',*,*,#1673,.F.);
#804=ORIENTED_EDGE('',*,*,#1836,.F.);
#805=ORIENTED_EDGE('',*,*,#1735,.F.);
#806=ORIENTED_EDGE('',*,*,#1835,.T.);
#807=ORIENTED_EDGE('',*,*,#1742,.F.);
#808=ORIENTED_EDGE('',*,*,#1837,.F.);
#809=ORIENTED_EDGE('',*,*,#1656,.F.);
#810=ORIENTED_EDGE('',*,*,#1836,.T.);
#811=ORIENTED_EDGE('',*,*,#1670,.F.);
#812=ORIENTED_EDGE('',*,*,#1838,.F.);
#813=ORIENTED_EDGE('',*,*,#1736,.F.);
#814=ORIENTED_EDGE('',*,*,#1837,.T.);
#815=ORIENTED_EDGE('',*,*,#1741,.F.);
#816=ORIENTED_EDGE('',*,*,#1839,.F.);
#817=ORIENTED_EDGE('',*,*,#1659,.F.);
#818=ORIENTED_EDGE('',*,*,#1838,.T.);
#819=ORIENTED_EDGE('',*,*,#1667,.F.);
#820=ORIENTED_EDGE('',*,*,#1840,.F.);
#821=ORIENTED_EDGE('',*,*,#1737,.F.);
#822=ORIENTED_EDGE('',*,*,#1839,.T.);
#823=ORIENTED_EDGE('',*,*,#1740,.F.);
#824=ORIENTED_EDGE('',*,*,#1841,.F.);
#825=ORIENTED_EDGE('',*,*,#1662,.F.);
#826=ORIENTED_EDGE('',*,*,#1840,.T.);
#827=ORIENTED_EDGE('',*,*,#1664,.F.);
#828=ORIENTED_EDGE('',*,*,#1842,.F.);
#829=ORIENTED_EDGE('',*,*,#1738,.F.);
#830=ORIENTED_EDGE('',*,*,#1841,.T.);
#831=ORIENTED_EDGE('',*,*,#1739,.F.);
#832=ORIENTED_EDGE('',*,*,#1842,.T.);
#833=ORIENTED_EDGE('',*,*,#1518,.F.);
#834=ORIENTED_EDGE('',*,*,#1843,.F.);
#835=ORIENTED_EDGE('',*,*,#1624,.F.);
#836=ORIENTED_EDGE('',*,*,#1844,.F.);
#837=ORIENTED_EDGE('',*,*,#1803,.F.);
#838=ORIENTED_EDGE('',*,*,#1844,.T.);
#839=ORIENTED_EDGE('',*,*,#1623,.F.);
#840=ORIENTED_EDGE('',*,*,#1845,.F.);
#841=ORIENTED_EDGE('',*,*,#1805,.F.);
#842=ORIENTED_EDGE('',*,*,#1843,.T.);
#843=ORIENTED_EDGE('',*,*,#1801,.F.);
#844=ORIENTED_EDGE('',*,*,#1846,.F.);
#845=ORIENTED_EDGE('',*,*,#1625,.F.);
#846=ORIENTED_EDGE('',*,*,#1845,.T.);
#847=ORIENTED_EDGE('',*,*,#1622,.F.);
#848=ORIENTED_EDGE('',*,*,#1847,.F.);
#849=ORIENTED_EDGE('',*,*,#1807,.F.);
#850=ORIENTED_EDGE('',*,*,#1846,.T.);
#851=ORIENTED_EDGE('',*,*,#1815,.F.);
#852=ORIENTED_EDGE('',*,*,#1848,.F.);
#853=ORIENTED_EDGE('',*,*,#1626,.F.);
#854=ORIENTED_EDGE('',*,*,#1847,.T.);
#855=ORIENTED_EDGE('',*,*,#1621,.F.);
#856=ORIENTED_EDGE('',*,*,#1849,.F.);
#857=ORIENTED_EDGE('',*,*,#1809,.F.);
#858=ORIENTED_EDGE('',*,*,#1848,.T.);
#859=ORIENTED_EDGE('',*,*,#1813,.F.);
#860=ORIENTED_EDGE('',*,*,#1850,.F.);
#861=ORIENTED_EDGE('',*,*,#1619,.F.);
#862=ORIENTED_EDGE('',*,*,#1849,.T.);
#863=ORIENTED_EDGE('',*,*,#1620,.F.);
#864=ORIENTED_EDGE('',*,*,#1850,.T.);
#865=ORIENTED_EDGE('',*,*,#1811,.F.);
#866=ORIENTED_EDGE('',*,*,#1851,.F.);
#867=ORIENTED_EDGE('',*,*,#1630,.F.);
#868=ORIENTED_EDGE('',*,*,#1852,.F.);
#869=ORIENTED_EDGE('',*,*,#1761,.F.);
#870=ORIENTED_EDGE('',*,*,#1852,.T.);
#871=ORIENTED_EDGE('',*,*,#1629,.F.);
#872=ORIENTED_EDGE('',*,*,#1853,.F.);
#873=ORIENTED_EDGE('',*,*,#1766,.F.);
#874=ORIENTED_EDGE('',*,*,#1762,.F.);
#875=ORIENTED_EDGE('',*,*,#1752,.F.);
#876=ORIENTED_EDGE('',*,*,#1854,.F.);
#877=ORIENTED_EDGE('',*,*,#1627,.F.);
#878=ORIENTED_EDGE('',*,*,#1851,.T.);
#879=ORIENTED_EDGE('',*,*,#1760,.F.);
#880=ORIENTED_EDGE('',*,*,#1853,.T.);
#881=ORIENTED_EDGE('',*,*,#1628,.F.);
#882=ORIENTED_EDGE('',*,*,#1854,.T.);
#883=ORIENTED_EDGE('',*,*,#1751,.F.);
#884=ORIENTED_EDGE('',*,*,#1770,.F.);
#885=ORIENTED_EDGE('',*,*,#1767,.F.);
#886=ORIENTED_EDGE('',*,*,#1792,.F.);
#887=ORIENTED_EDGE('',*,*,#1855,.T.);
#888=ORIENTED_EDGE('',*,*,#1772,.F.);
#889=ORIENTED_EDGE('',*,*,#1856,.F.);
#890=ORIENTED_EDGE('',*,*,#1781,.F.);
#891=ORIENTED_EDGE('',*,*,#1594,.F.);
#892=ORIENTED_EDGE('',*,*,#1776,.F.);
#893=ORIENTED_EDGE('',*,*,#1857,.T.);
#894=ORIENTED_EDGE('',*,*,#1856,.T.);
#895=ORIENTED_EDGE('',*,*,#1780,.F.);
#896=ORIENTED_EDGE('',*,*,#1858,.F.);
#897=ORIENTED_EDGE('',*,*,#1782,.F.);
#898=ORIENTED_EDGE('',*,*,#1859,.F.);
#899=ORIENTED_EDGE('',*,*,#1860,.T.);
#900=ORIENTED_EDGE('',*,*,#1819,.F.);
#901=ORIENTED_EDGE('',*,*,#1858,.T.);
#902=ORIENTED_EDGE('',*,*,#1825,.F.);
#903=ORIENTED_EDGE('',*,*,#1861,.F.);
#904=ORIENTED_EDGE('',*,*,#1862,.T.);
#905=ORIENTED_EDGE('',*,*,#1816,.F.);
#906=ORIENTED_EDGE('',*,*,#1863,.T.);
#907=ORIENTED_EDGE('',*,*,#1859,.T.);
#908=ORIENTED_EDGE('',*,*,#1824,.F.);
#909=ORIENTED_EDGE('',*,*,#1822,.F.);
#910=ORIENTED_EDGE('',*,*,#1864,.T.);
#911=ORIENTED_EDGE('',*,*,#1861,.T.);
#912=ORIENTED_EDGE('',*,*,#1823,.F.);
#913=ORIENTED_EDGE('',*,*,#1865,.F.);
#914=ORIENTED_EDGE('',*,*,#1865,.T.);
#915=ORIENTED_EDGE('',*,*,#1778,.F.);
#916=ORIENTED_EDGE('',*,*,#1866,.F.);
#917=ORIENTED_EDGE('',*,*,#1784,.F.);
#918=ORIENTED_EDGE('',*,*,#1866,.T.);
#919=ORIENTED_EDGE('',*,*,#1777,.F.);
#920=ORIENTED_EDGE('',*,*,#1592,.F.);
#921=ORIENTED_EDGE('',*,*,#1785,.F.);
#922=ORIENTED_EDGE('',*,*,#1864,.F.);
#923=ORIENTED_EDGE('',*,*,#1821,.F.);
#924=ORIENTED_EDGE('',*,*,#1502,.F.);
#925=ORIENTED_EDGE('',*,*,#1817,.F.);
#926=ORIENTED_EDGE('',*,*,#1862,.F.);
#927=ORIENTED_EDGE('',*,*,#1863,.F.);
#928=ORIENTED_EDGE('',*,*,#1818,.F.);
#929=ORIENTED_EDGE('',*,*,#1500,.F.);
#930=ORIENTED_EDGE('',*,*,#1820,.F.);
#931=ORIENTED_EDGE('',*,*,#1860,.F.);
#932=ORIENTED_EDGE('',*,*,#1857,.F.);
#933=ORIENTED_EDGE('',*,*,#1775,.F.);
#934=ORIENTED_EDGE('',*,*,#1867,.F.);
#935=ORIENTED_EDGE('',*,*,#1799,.F.);
#936=ORIENTED_EDGE('',*,*,#1793,.F.);
#937=ORIENTED_EDGE('',*,*,#1867,.T.);
#938=ORIENTED_EDGE('',*,*,#1774,.F.);
#939=ORIENTED_EDGE('',*,*,#1868,.F.);
#940=ORIENTED_EDGE('',*,*,#1798,.F.);
#941=ORIENTED_EDGE('',*,*,#1868,.T.);
#942=ORIENTED_EDGE('',*,*,#1773,.F.);
#943=ORIENTED_EDGE('',*,*,#1855,.F.);
#944=ORIENTED_EDGE('',*,*,#1791,.F.);
#945=ORIENTED_EDGE('',*,*,#1796,.F.);
#946=ORIENTED_EDGE('',*,*,#1869,.T.);
#947=ORIENTED_EDGE('',*,*,#1870,.T.);
#948=ORIENTED_EDGE('',*,*,#1871,.F.);
#949=ORIENTED_EDGE('',*,*,#1733,.T.);
#950=ORIENTED_EDGE('',*,*,#1869,.F.);
#951=ORIENTED_EDGE('',*,*,#1871,.T.);
#952=ORIENTED_EDGE('',*,*,#1870,.F.);
#953=ORIENTED_EDGE('',*,*,#1730,.F.);
#954=ORIENTED_EDGE('',*,*,#1872,.F.);
#955=ORIENTED_EDGE('',*,*,#1873,.T.);
#956=ORIENTED_EDGE('',*,*,#1874,.T.);
#957=ORIENTED_EDGE('',*,*,#1732,.T.);
#958=ORIENTED_EDGE('',*,*,#1875,.F.);
#959=ORIENTED_EDGE('',*,*,#1876,.F.);
#960=ORIENTED_EDGE('',*,*,#1872,.T.);
#961=ORIENTED_EDGE('',*,*,#1731,.T.);
#962=ORIENTED_EDGE('',*,*,#1874,.F.);
#963=ORIENTED_EDGE('',*,*,#1877,.F.);
#964=ORIENTED_EDGE('',*,*,#1875,.T.);
#965=ORIENTED_EDGE('',*,*,#1873,.F.);
#966=ORIENTED_EDGE('',*,*,#1876,.T.);
#967=ORIENTED_EDGE('',*,*,#1877,.T.);
#968=ORIENTED_EDGE('',*,*,#1878,.T.);
#969=ORIENTED_EDGE('',*,*,#1509,.F.);
#970=ORIENTED_EDGE('',*,*,#1879,.T.);
#971=ORIENTED_EDGE('',*,*,#1880,.F.);
#972=ORIENTED_EDGE('',*,*,#1881,.T.);
#973=ORIENTED_EDGE('',*,*,#1720,.T.);
#974=ORIENTED_EDGE('',*,*,#1882,.F.);
#975=ORIENTED_EDGE('',*,*,#1883,.F.);
#976=ORIENTED_EDGE('',*,*,#1880,.T.);
#977=ORIENTED_EDGE('',*,*,#1882,.T.);
#978=ORIENTED_EDGE('',*,*,#1884,.F.);
#979=ORIENTED_EDGE('',*,*,#1510,.T.);
#980=ORIENTED_EDGE('',*,*,#1878,.F.);
#981=ORIENTED_EDGE('',*,*,#1885,.F.);
#982=ORIENTED_EDGE('',*,*,#1881,.F.);
#983=ORIENTED_EDGE('',*,*,#1883,.T.);
#984=ORIENTED_EDGE('',*,*,#1885,.T.);
#985=ORIENTED_EDGE('',*,*,#1727,.T.);
#986=ORIENTED_EDGE('',*,*,#1886,.F.);
#987=ORIENTED_EDGE('',*,*,#1887,.F.);
#988=ORIENTED_EDGE('',*,*,#1888,.T.);
#989=ORIENTED_EDGE('',*,*,#1726,.T.);
#990=ORIENTED_EDGE('',*,*,#1889,.F.);
#991=ORIENTED_EDGE('',*,*,#1890,.F.);
#992=ORIENTED_EDGE('',*,*,#1886,.T.);
#993=ORIENTED_EDGE('',*,*,#1729,.F.);
#994=ORIENTED_EDGE('',*,*,#1891,.F.);
#995=ORIENTED_EDGE('',*,*,#1892,.T.);
#996=ORIENTED_EDGE('',*,*,#1889,.T.);
#997=ORIENTED_EDGE('',*,*,#1728,.T.);
#998=ORIENTED_EDGE('',*,*,#1888,.F.);
#999=ORIENTED_EDGE('',*,*,#1893,.F.);
#1000=ORIENTED_EDGE('',*,*,#1891,.T.);
#1001=ORIENTED_EDGE('',*,*,#1887,.T.);
#1002=ORIENTED_EDGE('',*,*,#1890,.T.);
#1003=ORIENTED_EDGE('',*,*,#1892,.F.);
#1004=ORIENTED_EDGE('',*,*,#1893,.T.);
#1005=ORIENTED_EDGE('',*,*,#1724,.T.);
#1006=ORIENTED_EDGE('',*,*,#1894,.F.);
#1007=ORIENTED_EDGE('',*,*,#1895,.F.);
#1008=ORIENTED_EDGE('',*,*,#1896,.T.);
#1009=ORIENTED_EDGE('',*,*,#1723,.T.);
#1010=ORIENTED_EDGE('',*,*,#1897,.F.);
#1011=ORIENTED_EDGE('',*,*,#1898,.F.);
#1012=ORIENTED_EDGE('',*,*,#1894,.T.);
#1013=ORIENTED_EDGE('',*,*,#1725,.F.);
#1014=ORIENTED_EDGE('',*,*,#1896,.F.);
#1015=ORIENTED_EDGE('',*,*,#1899,.T.);
#1016=ORIENTED_EDGE('',*,*,#1897,.T.);
#1017=ORIENTED_EDGE('',*,*,#1895,.T.);
#1018=ORIENTED_EDGE('',*,*,#1898,.T.);
#1019=ORIENTED_EDGE('',*,*,#1899,.F.);
#1020=ORIENTED_EDGE('',*,*,#1900,.T.);
#1021=ORIENTED_EDGE('',*,*,#1901,.F.);
#1022=ORIENTED_EDGE('',*,*,#1514,.T.);
#1023=ORIENTED_EDGE('',*,*,#1902,.F.);
#1024=ORIENTED_EDGE('',*,*,#1903,.F.);
#1025=ORIENTED_EDGE('',*,*,#1902,.T.);
#1026=ORIENTED_EDGE('',*,*,#1513,.T.);
#1027=ORIENTED_EDGE('',*,*,#1904,.F.);
#1028=ORIENTED_EDGE('',*,*,#1905,.F.);
#1029=ORIENTED_EDGE('',*,*,#1904,.T.);
#1030=ORIENTED_EDGE('',*,*,#1512,.F.);
#1031=ORIENTED_EDGE('',*,*,#1906,.T.);
#1032=ORIENTED_EDGE('',*,*,#1907,.F.);
#1033=ORIENTED_EDGE('',*,*,#1908,.T.);
#1034=ORIENTED_EDGE('',*,*,#1718,.T.);
#1035=ORIENTED_EDGE('',*,*,#1900,.F.);
#1036=ORIENTED_EDGE('',*,*,#1909,.F.);
#1037=ORIENTED_EDGE('',*,*,#1907,.T.);
#1038=ORIENTED_EDGE('',*,*,#1903,.T.);
#1039=ORIENTED_EDGE('',*,*,#1905,.T.);
#1040=ORIENTED_EDGE('',*,*,#1908,.F.);
#1041=ORIENTED_EDGE('',*,*,#1909,.T.);
#1042=ORIENTED_EDGE('',*,*,#1910,.T.);
#1043=ORIENTED_EDGE('',*,*,#1506,.F.);
#1044=ORIENTED_EDGE('',*,*,#1911,.F.);
#1045=ORIENTED_EDGE('',*,*,#1912,.T.);
#1046=ORIENTED_EDGE('',*,*,#1911,.T.);
#1047=ORIENTED_EDGE('',*,*,#1505,.T.);
#1048=ORIENTED_EDGE('',*,*,#1913,.T.);
#1049=ORIENTED_EDGE('',*,*,#1914,.F.);
#1050=ORIENTED_EDGE('',*,*,#1915,.F.);
#1051=ORIENTED_EDGE('',*,*,#1722,.T.);
#1052=ORIENTED_EDGE('',*,*,#1916,.F.);
#1053=ORIENTED_EDGE('',*,*,#1917,.F.);
#1054=ORIENTED_EDGE('',*,*,#1914,.T.);
#1055=ORIENTED_EDGE('',*,*,#1916,.T.);
#1056=ORIENTED_EDGE('',*,*,#1918,.F.);
#1057=ORIENTED_EDGE('',*,*,#1507,.F.);
#1058=ORIENTED_EDGE('',*,*,#1910,.F.);
#1059=ORIENTED_EDGE('',*,*,#1919,.T.);
#1060=ORIENTED_EDGE('',*,*,#1912,.F.);
#1061=ORIENTED_EDGE('',*,*,#1915,.T.);
#1062=ORIENTED_EDGE('',*,*,#1917,.T.);
#1063=ORIENTED_EDGE('',*,*,#1919,.F.);
#1064=ORIENTED_EDGE('',*,*,#1716,.T.);
#1065=ORIENTED_EDGE('',*,*,#1920,.F.);
#1066=ORIENTED_EDGE('',*,*,#1921,.F.);
#1067=ORIENTED_EDGE('',*,*,#1922,.T.);
#1068=ORIENTED_EDGE('',*,*,#1920,.T.);
#1069=ORIENTED_EDGE('',*,*,#1923,.F.);
#1070=ORIENTED_EDGE('',*,*,#1503,.T.);
#1071=ORIENTED_EDGE('',*,*,#1924,.F.);
#1072=ORIENTED_EDGE('',*,*,#1925,.F.);
#1073=ORIENTED_EDGE('',*,*,#1924,.T.);
#1074=ORIENTED_EDGE('',*,*,#1516,.F.);
#1075=ORIENTED_EDGE('',*,*,#1926,.T.);
#1076=ORIENTED_EDGE('',*,*,#1922,.F.);
#1077=ORIENTED_EDGE('',*,*,#1927,.T.);
#1078=ORIENTED_EDGE('',*,*,#1921,.T.);
#1079=ORIENTED_EDGE('',*,*,#1925,.T.);
#1080=ORIENTED_EDGE('',*,*,#1927,.F.);
#1081=ORIENTED_EDGE('',*,*,#1595,.T.);
#1082=ORIENTED_EDGE('',*,*,#1928,.F.);
#1083=ORIENTED_EDGE('',*,*,#1611,.T.);
#1084=ORIENTED_EDGE('',*,*,#1929,.T.);
#1085=ORIENTED_EDGE('',*,*,#1929,.F.);
#1086=ORIENTED_EDGE('',*,*,#1618,.F.);
#1087=ORIENTED_EDGE('',*,*,#1930,.T.);
#1088=ORIENTED_EDGE('',*,*,#1596,.F.);
#1089=ORIENTED_EDGE('',*,*,#1930,.F.);
#1090=ORIENTED_EDGE('',*,*,#1617,.F.);
#1091=ORIENTED_EDGE('',*,*,#1931,.T.);
#1092=ORIENTED_EDGE('',*,*,#1597,.F.);
#1093=ORIENTED_EDGE('',*,*,#1931,.F.);
#1094=ORIENTED_EDGE('',*,*,#1616,.F.);
#1095=ORIENTED_EDGE('',*,*,#1932,.T.);
#1096=ORIENTED_EDGE('',*,*,#1598,.F.);
#1097=ORIENTED_EDGE('',*,*,#1932,.F.);
#1098=ORIENTED_EDGE('',*,*,#1615,.F.);
#1099=ORIENTED_EDGE('',*,*,#1933,.T.);
#1100=ORIENTED_EDGE('',*,*,#1599,.F.);
#1101=ORIENTED_EDGE('',*,*,#1933,.F.);
#1102=ORIENTED_EDGE('',*,*,#1614,.F.);
#1103=ORIENTED_EDGE('',*,*,#1934,.T.);
#1104=ORIENTED_EDGE('',*,*,#1600,.F.);
#1105=ORIENTED_EDGE('',*,*,#1601,.T.);
#1106=ORIENTED_EDGE('',*,*,#1934,.F.);
#1107=ORIENTED_EDGE('',*,*,#1613,.T.);
#1108=ORIENTED_EDGE('',*,*,#1935,.T.);
#1109=ORIENTED_EDGE('',*,*,#1935,.F.);
#1110=ORIENTED_EDGE('',*,*,#1612,.F.);
#1111=ORIENTED_EDGE('',*,*,#1928,.T.);
#1112=ORIENTED_EDGE('',*,*,#1602,.F.);
#1113=ORIENTED_EDGE('',*,*,#1522,.F.);
#1114=ORIENTED_EDGE('',*,*,#1936,.F.);
#1115=ORIENTED_EDGE('',*,*,#1937,.T.);
#1116=ORIENTED_EDGE('',*,*,#1938,.T.);
#1117=ORIENTED_EDGE('',*,*,#1521,.F.);
#1118=ORIENTED_EDGE('',*,*,#1939,.F.);
#1119=ORIENTED_EDGE('',*,*,#1940,.T.);
#1120=ORIENTED_EDGE('',*,*,#1936,.T.);
#1121=ORIENTED_EDGE('',*,*,#1527,.F.);
#1122=ORIENTED_EDGE('',*,*,#1941,.F.);
#1123=ORIENTED_EDGE('',*,*,#1942,.T.);
#1124=ORIENTED_EDGE('',*,*,#1939,.T.);
#1125=ORIENTED_EDGE('',*,*,#1526,.F.);
#1126=ORIENTED_EDGE('',*,*,#1943,.F.);
#1127=ORIENTED_EDGE('',*,*,#1944,.T.);
#1128=ORIENTED_EDGE('',*,*,#1941,.T.);
#1129=ORIENTED_EDGE('',*,*,#1525,.F.);
#1130=ORIENTED_EDGE('',*,*,#1945,.F.);
#1131=ORIENTED_EDGE('',*,*,#1946,.T.);
#1132=ORIENTED_EDGE('',*,*,#1943,.T.);
#1133=ORIENTED_EDGE('',*,*,#1524,.F.);
#1134=ORIENTED_EDGE('',*,*,#1947,.F.);
#1135=ORIENTED_EDGE('',*,*,#1948,.T.);
#1136=ORIENTED_EDGE('',*,*,#1945,.T.);
#1137=ORIENTED_EDGE('',*,*,#1523,.F.);
#1138=ORIENTED_EDGE('',*,*,#1938,.F.);
#1139=ORIENTED_EDGE('',*,*,#1949,.T.);
#1140=ORIENTED_EDGE('',*,*,#1947,.T.);
#1141=ORIENTED_EDGE('',*,*,#1937,.F.);
#1142=ORIENTED_EDGE('',*,*,#1940,.F.);
#1143=ORIENTED_EDGE('',*,*,#1942,.F.);
#1144=ORIENTED_EDGE('',*,*,#1944,.F.);
#1145=ORIENTED_EDGE('',*,*,#1946,.F.);
#1146=ORIENTED_EDGE('',*,*,#1948,.F.);
#1147=ORIENTED_EDGE('',*,*,#1949,.F.);
#1148=ORIENTED_EDGE('',*,*,#1529,.F.);
#1149=ORIENTED_EDGE('',*,*,#1950,.F.);
#1150=ORIENTED_EDGE('',*,*,#1951,.T.);
#1151=ORIENTED_EDGE('',*,*,#1952,.T.);
#1152=ORIENTED_EDGE('',*,*,#1528,.F.);
#1153=ORIENTED_EDGE('',*,*,#1953,.F.);
#1154=ORIENTED_EDGE('',*,*,#1954,.T.);
#1155=ORIENTED_EDGE('',*,*,#1950,.T.);
#1156=ORIENTED_EDGE('',*,*,#1531,.F.);
#1157=ORIENTED_EDGE('',*,*,#1955,.F.);
#1158=ORIENTED_EDGE('',*,*,#1956,.T.);
#1159=ORIENTED_EDGE('',*,*,#1953,.T.);
#1160=ORIENTED_EDGE('',*,*,#1530,.F.);
#1161=ORIENTED_EDGE('',*,*,#1952,.F.);
#1162=ORIENTED_EDGE('',*,*,#1957,.T.);
#1163=ORIENTED_EDGE('',*,*,#1955,.T.);
#1164=ORIENTED_EDGE('',*,*,#1951,.F.);
#1165=ORIENTED_EDGE('',*,*,#1954,.F.);
#1166=ORIENTED_EDGE('',*,*,#1956,.F.);
#1167=ORIENTED_EDGE('',*,*,#1957,.F.);
#1168=ORIENTED_EDGE('',*,*,#1533,.F.);
#1169=ORIENTED_EDGE('',*,*,#1958,.F.);
#1170=ORIENTED_EDGE('',*,*,#1959,.T.);
#1171=ORIENTED_EDGE('',*,*,#1960,.T.);
#1172=ORIENTED_EDGE('',*,*,#1532,.F.);
#1173=ORIENTED_EDGE('',*,*,#1961,.F.);
#1174=ORIENTED_EDGE('',*,*,#1962,.T.);
#1175=ORIENTED_EDGE('',*,*,#1958,.T.);
#1176=ORIENTED_EDGE('',*,*,#1535,.F.);
#1177=ORIENTED_EDGE('',*,*,#1963,.F.);
#1178=ORIENTED_EDGE('',*,*,#1964,.T.);
#1179=ORIENTED_EDGE('',*,*,#1961,.T.);
#1180=ORIENTED_EDGE('',*,*,#1534,.F.);
#1181=ORIENTED_EDGE('',*,*,#1960,.F.);
#1182=ORIENTED_EDGE('',*,*,#1965,.T.);
#1183=ORIENTED_EDGE('',*,*,#1963,.T.);
#1184=ORIENTED_EDGE('',*,*,#1959,.F.);
#1185=ORIENTED_EDGE('',*,*,#1962,.F.);
#1186=ORIENTED_EDGE('',*,*,#1964,.F.);
#1187=ORIENTED_EDGE('',*,*,#1965,.F.);
#1188=ORIENTED_EDGE('',*,*,#1537,.F.);
#1189=ORIENTED_EDGE('',*,*,#1966,.F.);
#1190=ORIENTED_EDGE('',*,*,#1967,.T.);
#1191=ORIENTED_EDGE('',*,*,#1968,.T.);
#1192=ORIENTED_EDGE('',*,*,#1536,.F.);
#1193=ORIENTED_EDGE('',*,*,#1969,.F.);
#1194=ORIENTED_EDGE('',*,*,#1970,.T.);
#1195=ORIENTED_EDGE('',*,*,#1966,.T.);
#1196=ORIENTED_EDGE('',*,*,#1560,.F.);
#1197=ORIENTED_EDGE('',*,*,#1971,.F.);
#1198=ORIENTED_EDGE('',*,*,#1972,.T.);
#1199=ORIENTED_EDGE('',*,*,#1969,.T.);
#1200=ORIENTED_EDGE('',*,*,#1559,.F.);
#1201=ORIENTED_EDGE('',*,*,#1973,.F.);
#1202=ORIENTED_EDGE('',*,*,#1974,.T.);
#1203=ORIENTED_EDGE('',*,*,#1971,.T.);
#1204=ORIENTED_EDGE('',*,*,#1558,.F.);
#1205=ORIENTED_EDGE('',*,*,#1975,.F.);
#1206=ORIENTED_EDGE('',*,*,#1976,.T.);
#1207=ORIENTED_EDGE('',*,*,#1973,.T.);
#1208=ORIENTED_EDGE('',*,*,#1557,.F.);
#1209=ORIENTED_EDGE('',*,*,#1977,.F.);
#1210=ORIENTED_EDGE('',*,*,#1978,.T.);
#1211=ORIENTED_EDGE('',*,*,#1975,.T.);
#1212=ORIENTED_EDGE('',*,*,#1556,.F.);
#1213=ORIENTED_EDGE('',*,*,#1979,.F.);
#1214=ORIENTED_EDGE('',*,*,#1980,.T.);
#1215=ORIENTED_EDGE('',*,*,#1977,.T.);
#1216=ORIENTED_EDGE('',*,*,#1555,.F.);
#1217=ORIENTED_EDGE('',*,*,#1981,.F.);
#1218=ORIENTED_EDGE('',*,*,#1982,.T.);
#1219=ORIENTED_EDGE('',*,*,#1979,.T.);
#1220=ORIENTED_EDGE('',*,*,#1554,.F.);
#1221=ORIENTED_EDGE('',*,*,#1983,.F.);
#1222=ORIENTED_EDGE('',*,*,#1984,.T.);
#1223=ORIENTED_EDGE('',*,*,#1981,.T.);
#1224=ORIENTED_EDGE('',*,*,#1553,.F.);
#1225=ORIENTED_EDGE('',*,*,#1985,.F.);
#1226=ORIENTED_EDGE('',*,*,#1986,.T.);
#1227=ORIENTED_EDGE('',*,*,#1983,.T.);
#1228=ORIENTED_EDGE('',*,*,#1552,.F.);
#1229=ORIENTED_EDGE('',*,*,#1987,.F.);
#1230=ORIENTED_EDGE('',*,*,#1988,.T.);
#1231=ORIENTED_EDGE('',*,*,#1985,.T.);
#1232=ORIENTED_EDGE('',*,*,#1551,.F.);
#1233=ORIENTED_EDGE('',*,*,#1989,.F.);
#1234=ORIENTED_EDGE('',*,*,#1990,.T.);
#1235=ORIENTED_EDGE('',*,*,#1987,.T.);
#1236=ORIENTED_EDGE('',*,*,#1550,.F.);
#1237=ORIENTED_EDGE('',*,*,#1991,.F.);
#1238=ORIENTED_EDGE('',*,*,#1992,.T.);
#1239=ORIENTED_EDGE('',*,*,#1989,.T.);
#1240=ORIENTED_EDGE('',*,*,#1549,.F.);
#1241=ORIENTED_EDGE('',*,*,#1993,.F.);
#1242=ORIENTED_EDGE('',*,*,#1994,.T.);
#1243=ORIENTED_EDGE('',*,*,#1991,.T.);
#1244=ORIENTED_EDGE('',*,*,#1548,.F.);
#1245=ORIENTED_EDGE('',*,*,#1995,.F.);
#1246=ORIENTED_EDGE('',*,*,#1996,.T.);
#1247=ORIENTED_EDGE('',*,*,#1993,.T.);
#1248=ORIENTED_EDGE('',*,*,#1547,.F.);
#1249=ORIENTED_EDGE('',*,*,#1997,.F.);
#1250=ORIENTED_EDGE('',*,*,#1998,.T.);
#1251=ORIENTED_EDGE('',*,*,#1995,.T.);
#1252=ORIENTED_EDGE('',*,*,#1546,.F.);
#1253=ORIENTED_EDGE('',*,*,#1999,.F.);
#1254=ORIENTED_EDGE('',*,*,#2000,.T.);
#1255=ORIENTED_EDGE('',*,*,#1997,.T.);
#1256=ORIENTED_EDGE('',*,*,#1545,.F.);
#1257=ORIENTED_EDGE('',*,*,#2001,.F.);
#1258=ORIENTED_EDGE('',*,*,#2002,.T.);
#1259=ORIENTED_EDGE('',*,*,#1999,.T.);
#1260=ORIENTED_EDGE('',*,*,#1544,.F.);
#1261=ORIENTED_EDGE('',*,*,#2003,.F.);
#1262=ORIENTED_EDGE('',*,*,#2004,.T.);
#1263=ORIENTED_EDGE('',*,*,#2001,.T.);
#1264=ORIENTED_EDGE('',*,*,#1543,.F.);
#1265=ORIENTED_EDGE('',*,*,#2005,.F.);
#1266=ORIENTED_EDGE('',*,*,#2006,.T.);
#1267=ORIENTED_EDGE('',*,*,#2003,.T.);
#1268=ORIENTED_EDGE('',*,*,#1542,.F.);
#1269=ORIENTED_EDGE('',*,*,#2007,.F.);
#1270=ORIENTED_EDGE('',*,*,#2008,.T.);
#1271=ORIENTED_EDGE('',*,*,#2005,.T.);
#1272=ORIENTED_EDGE('',*,*,#1541,.F.);
#1273=ORIENTED_EDGE('',*,*,#2009,.F.);
#1274=ORIENTED_EDGE('',*,*,#2010,.T.);
#1275=ORIENTED_EDGE('',*,*,#2007,.T.);
#1276=ORIENTED_EDGE('',*,*,#1540,.F.);
#1277=ORIENTED_EDGE('',*,*,#2011,.F.);
#1278=ORIENTED_EDGE('',*,*,#2012,.T.);
#1279=ORIENTED_EDGE('',*,*,#2009,.T.);
#1280=ORIENTED_EDGE('',*,*,#1539,.F.);
#1281=ORIENTED_EDGE('',*,*,#2013,.F.);
#1282=ORIENTED_EDGE('',*,*,#2014,.T.);
#1283=ORIENTED_EDGE('',*,*,#2011,.T.);
#1284=ORIENTED_EDGE('',*,*,#1538,.F.);
#1285=ORIENTED_EDGE('',*,*,#1968,.F.);
#1286=ORIENTED_EDGE('',*,*,#2015,.T.);
#1287=ORIENTED_EDGE('',*,*,#2013,.T.);
#1288=ORIENTED_EDGE('',*,*,#1967,.F.);
#1289=ORIENTED_EDGE('',*,*,#1970,.F.);
#1290=ORIENTED_EDGE('',*,*,#1972,.F.);
#1291=ORIENTED_EDGE('',*,*,#1974,.F.);
#1292=ORIENTED_EDGE('',*,*,#1976,.F.);
#1293=ORIENTED_EDGE('',*,*,#1978,.F.);
#1294=ORIENTED_EDGE('',*,*,#1980,.F.);
#1295=ORIENTED_EDGE('',*,*,#1982,.F.);
#1296=ORIENTED_EDGE('',*,*,#1984,.F.);
#1297=ORIENTED_EDGE('',*,*,#1986,.F.);
#1298=ORIENTED_EDGE('',*,*,#1988,.F.);
#1299=ORIENTED_EDGE('',*,*,#1990,.F.);
#1300=ORIENTED_EDGE('',*,*,#1992,.F.);
#1301=ORIENTED_EDGE('',*,*,#1994,.F.);
#1302=ORIENTED_EDGE('',*,*,#1996,.F.);
#1303=ORIENTED_EDGE('',*,*,#1998,.F.);
#1304=ORIENTED_EDGE('',*,*,#2000,.F.);
#1305=ORIENTED_EDGE('',*,*,#2002,.F.);
#1306=ORIENTED_EDGE('',*,*,#2004,.F.);
#1307=ORIENTED_EDGE('',*,*,#2006,.F.);
#1308=ORIENTED_EDGE('',*,*,#2008,.F.);
#1309=ORIENTED_EDGE('',*,*,#2010,.F.);
#1310=ORIENTED_EDGE('',*,*,#2012,.F.);
#1311=ORIENTED_EDGE('',*,*,#2014,.F.);
#1312=ORIENTED_EDGE('',*,*,#2015,.F.);
#1313=ORIENTED_EDGE('',*,*,#1562,.F.);
#1314=ORIENTED_EDGE('',*,*,#2016,.F.);
#1315=ORIENTED_EDGE('',*,*,#2017,.T.);
#1316=ORIENTED_EDGE('',*,*,#2018,.T.);
#1317=ORIENTED_EDGE('',*,*,#1561,.F.);
#1318=ORIENTED_EDGE('',*,*,#2019,.F.);
#1319=ORIENTED_EDGE('',*,*,#2020,.T.);
#1320=ORIENTED_EDGE('',*,*,#2016,.T.);
#1321=ORIENTED_EDGE('',*,*,#1568,.F.);
#1322=ORIENTED_EDGE('',*,*,#2021,.F.);
#1323=ORIENTED_EDGE('',*,*,#2022,.T.);
#1324=ORIENTED_EDGE('',*,*,#2019,.T.);
#1325=ORIENTED_EDGE('',*,*,#1567,.F.);
#1326=ORIENTED_EDGE('',*,*,#2023,.F.);
#1327=ORIENTED_EDGE('',*,*,#2024,.T.);
#1328=ORIENTED_EDGE('',*,*,#2021,.T.);
#1329=ORIENTED_EDGE('',*,*,#1566,.F.);
#1330=ORIENTED_EDGE('',*,*,#2025,.F.);
#1331=ORIENTED_EDGE('',*,*,#2026,.T.);
#1332=ORIENTED_EDGE('',*,*,#2023,.T.);
#1333=ORIENTED_EDGE('',*,*,#1565,.F.);
#1334=ORIENTED_EDGE('',*,*,#2027,.F.);
#1335=ORIENTED_EDGE('',*,*,#2028,.T.);
#1336=ORIENTED_EDGE('',*,*,#2025,.T.);
#1337=ORIENTED_EDGE('',*,*,#1564,.F.);
#1338=ORIENTED_EDGE('',*,*,#2029,.F.);
#1339=ORIENTED_EDGE('',*,*,#2030,.T.);
#1340=ORIENTED_EDGE('',*,*,#2027,.T.);
#1341=ORIENTED_EDGE('',*,*,#1563,.F.);
#1342=ORIENTED_EDGE('',*,*,#2018,.F.);
#1343=ORIENTED_EDGE('',*,*,#2031,.T.);
#1344=ORIENTED_EDGE('',*,*,#2029,.T.);
#1345=ORIENTED_EDGE('',*,*,#2017,.F.);
#1346=ORIENTED_EDGE('',*,*,#2020,.F.);
#1347=ORIENTED_EDGE('',*,*,#2022,.F.);
#1348=ORIENTED_EDGE('',*,*,#2024,.F.);
#1349=ORIENTED_EDGE('',*,*,#2026,.F.);
#1350=ORIENTED_EDGE('',*,*,#2028,.F.);
#1351=ORIENTED_EDGE('',*,*,#2030,.F.);
#1352=ORIENTED_EDGE('',*,*,#2031,.F.);
#1353=ORIENTED_EDGE('',*,*,#1570,.F.);
#1354=ORIENTED_EDGE('',*,*,#2032,.F.);
#1355=ORIENTED_EDGE('',*,*,#2033,.T.);
#1356=ORIENTED_EDGE('',*,*,#2034,.T.);
#1357=ORIENTED_EDGE('',*,*,#1569,.F.);
#1358=ORIENTED_EDGE('',*,*,#2035,.F.);
#1359=ORIENTED_EDGE('',*,*,#2036,.T.);
#1360=ORIENTED_EDGE('',*,*,#2032,.T.);
#1361=ORIENTED_EDGE('',*,*,#1572,.F.);
#1362=ORIENTED_EDGE('',*,*,#2037,.F.);
#1363=ORIENTED_EDGE('',*,*,#2038,.T.);
#1364=ORIENTED_EDGE('',*,*,#2035,.T.);
#1365=ORIENTED_EDGE('',*,*,#1571,.F.);
#1366=ORIENTED_EDGE('',*,*,#2034,.F.);
#1367=ORIENTED_EDGE('',*,*,#2039,.T.);
#1368=ORIENTED_EDGE('',*,*,#2037,.T.);
#1369=ORIENTED_EDGE('',*,*,#2033,.F.);
#1370=ORIENTED_EDGE('',*,*,#2036,.F.);
#1371=ORIENTED_EDGE('',*,*,#2038,.F.);
#1372=ORIENTED_EDGE('',*,*,#2039,.F.);
#1373=ORIENTED_EDGE('',*,*,#1574,.F.);
#1374=ORIENTED_EDGE('',*,*,#2040,.F.);
#1375=ORIENTED_EDGE('',*,*,#2041,.T.);
#1376=ORIENTED_EDGE('',*,*,#2042,.T.);
#1377=ORIENTED_EDGE('',*,*,#1573,.F.);
#1378=ORIENTED_EDGE('',*,*,#2043,.F.);
#1379=ORIENTED_EDGE('',*,*,#2044,.T.);
#1380=ORIENTED_EDGE('',*,*,#2040,.T.);
#1381=ORIENTED_EDGE('',*,*,#1578,.F.);
#1382=ORIENTED_EDGE('',*,*,#2045,.F.);
#1383=ORIENTED_EDGE('',*,*,#2046,.T.);
#1384=ORIENTED_EDGE('',*,*,#2043,.T.);
#1385=ORIENTED_EDGE('',*,*,#1577,.F.);
#1386=ORIENTED_EDGE('',*,*,#2047,.F.);
#1387=ORIENTED_EDGE('',*,*,#2048,.T.);
#1388=ORIENTED_EDGE('',*,*,#2045,.T.);
#1389=ORIENTED_EDGE('',*,*,#1576,.F.);
#1390=ORIENTED_EDGE('',*,*,#2049,.F.);
#1391=ORIENTED_EDGE('',*,*,#2050,.T.);
#1392=ORIENTED_EDGE('',*,*,#2047,.T.);
#1393=ORIENTED_EDGE('',*,*,#1575,.F.);
#1394=ORIENTED_EDGE('',*,*,#2042,.F.);
#1395=ORIENTED_EDGE('',*,*,#2051,.T.);
#1396=ORIENTED_EDGE('',*,*,#2049,.T.);
#1397=ORIENTED_EDGE('',*,*,#2041,.F.);
#1398=ORIENTED_EDGE('',*,*,#2044,.F.);
#1399=ORIENTED_EDGE('',*,*,#2046,.F.);
#1400=ORIENTED_EDGE('',*,*,#2048,.F.);
#1401=ORIENTED_EDGE('',*,*,#2050,.F.);
#1402=ORIENTED_EDGE('',*,*,#2051,.F.);
#1403=ORIENTED_EDGE('',*,*,#1580,.F.);
#1404=ORIENTED_EDGE('',*,*,#2052,.F.);
#1405=ORIENTED_EDGE('',*,*,#2053,.T.);
#1406=ORIENTED_EDGE('',*,*,#2054,.T.);
#1407=ORIENTED_EDGE('',*,*,#1579,.F.);
#1408=ORIENTED_EDGE('',*,*,#2055,.F.);
#1409=ORIENTED_EDGE('',*,*,#2056,.T.);
#1410=ORIENTED_EDGE('',*,*,#2052,.T.);
#1411=ORIENTED_EDGE('',*,*,#1586,.F.);
#1412=ORIENTED_EDGE('',*,*,#2057,.F.);
#1413=ORIENTED_EDGE('',*,*,#2058,.T.);
#1414=ORIENTED_EDGE('',*,*,#2055,.T.);
#1415=ORIENTED_EDGE('',*,*,#1585,.F.);
#1416=ORIENTED_EDGE('',*,*,#2059,.F.);
#1417=ORIENTED_EDGE('',*,*,#2060,.T.);
#1418=ORIENTED_EDGE('',*,*,#2057,.T.);
#1419=ORIENTED_EDGE('',*,*,#1584,.F.);
#1420=ORIENTED_EDGE('',*,*,#2061,.F.);
#1421=ORIENTED_EDGE('',*,*,#2062,.T.);
#1422=ORIENTED_EDGE('',*,*,#2059,.T.);
#1423=ORIENTED_EDGE('',*,*,#1583,.F.);
#1424=ORIENTED_EDGE('',*,*,#2063,.F.);
#1425=ORIENTED_EDGE('',*,*,#2064,.T.);
#1426=ORIENTED_EDGE('',*,*,#2061,.T.);
#1427=ORIENTED_EDGE('',*,*,#1582,.F.);
#1428=ORIENTED_EDGE('',*,*,#2065,.F.);
#1429=ORIENTED_EDGE('',*,*,#2066,.T.);
#1430=ORIENTED_EDGE('',*,*,#2063,.T.);
#1431=ORIENTED_EDGE('',*,*,#1581,.F.);
#1432=ORIENTED_EDGE('',*,*,#2054,.F.);
#1433=ORIENTED_EDGE('',*,*,#2067,.T.);
#1434=ORIENTED_EDGE('',*,*,#2065,.T.);
#1435=ORIENTED_EDGE('',*,*,#2053,.F.);
#1436=ORIENTED_EDGE('',*,*,#2056,.F.);
#1437=ORIENTED_EDGE('',*,*,#2058,.F.);
#1438=ORIENTED_EDGE('',*,*,#2060,.F.);
#1439=ORIENTED_EDGE('',*,*,#2062,.F.);
#1440=ORIENTED_EDGE('',*,*,#2064,.F.);
#1441=ORIENTED_EDGE('',*,*,#2066,.F.);
#1442=ORIENTED_EDGE('',*,*,#2067,.F.);
#1443=ORIENTED_EDGE('',*,*,#1715,.T.);
#1444=ORIENTED_EDGE('',*,*,#1913,.F.);
#1445=ORIENTED_EDGE('',*,*,#1504,.F.);
#1446=ORIENTED_EDGE('',*,*,#1923,.T.);
#1447=ORIENTED_EDGE('',*,*,#1721,.T.);
#1448=ORIENTED_EDGE('',*,*,#1879,.F.);
#1449=ORIENTED_EDGE('',*,*,#1508,.F.);
#1450=ORIENTED_EDGE('',*,*,#1918,.T.);
#1451=ORIENTED_EDGE('',*,*,#1719,.T.);
#1452=ORIENTED_EDGE('',*,*,#1906,.F.);
#1453=ORIENTED_EDGE('',*,*,#1511,.F.);
#1454=ORIENTED_EDGE('',*,*,#1884,.T.);
#1455=ORIENTED_EDGE('',*,*,#1717,.T.);
#1456=ORIENTED_EDGE('',*,*,#1926,.F.);
#1457=ORIENTED_EDGE('',*,*,#1515,.F.);
#1458=ORIENTED_EDGE('',*,*,#1901,.T.);
#1459=ORIENTED_EDGE('',*,*,#2068,.F.);
#1460=ORIENTED_EDGE('',*,*,#2069,.T.);
#1461=ORIENTED_EDGE('',*,*,#2070,.T.);
#1462=ORIENTED_EDGE('',*,*,#2071,.T.);
#1463=ORIENTED_EDGE('',*,*,#2068,.T.);
#1464=ORIENTED_EDGE('',*,*,#2071,.F.);
#1465=ORIENTED_EDGE('',*,*,#2072,.T.);
#1466=ORIENTED_EDGE('',*,*,#2069,.F.);
#1467=ORIENTED_EDGE('',*,*,#2070,.F.);
#1468=ORIENTED_EDGE('',*,*,#2072,.F.);
#1469=ORIENTED_EDGE('',*,*,#2073,.F.);
#1470=ORIENTED_EDGE('',*,*,#2074,.T.);
#1471=ORIENTED_EDGE('',*,*,#2075,.T.);
#1472=ORIENTED_EDGE('',*,*,#2076,.T.);
#1473=ORIENTED_EDGE('',*,*,#2073,.T.);
#1474=ORIENTED_EDGE('',*,*,#2076,.F.);
#1475=ORIENTED_EDGE('',*,*,#2077,.T.);
#1476=ORIENTED_EDGE('',*,*,#2074,.F.);
#1477=ORIENTED_EDGE('',*,*,#2075,.F.);
#1478=ORIENTED_EDGE('',*,*,#2077,.F.);
#1479=EDGE_CURVE('',#2078,#2079,#2471,.T.);
#1480=EDGE_CURVE('',#2080,#2078,#2472,.T.);
#1481=EDGE_CURVE('',#2081,#2080,#2473,.T.);
#1482=EDGE_CURVE('',#2081,#2082,#152,.T.);
#1483=EDGE_CURVE('',#2083,#2082,#2474,.T.);
#1484=EDGE_CURVE('',#2083,#2084,#153,.T.);
#1485=EDGE_CURVE('',#2085,#2084,#2475,.T.);
#1486=EDGE_CURVE('',#2085,#2086,#154,.T.);
#1487=EDGE_CURVE('',#2087,#2086,#2476,.T.);
#1488=EDGE_CURVE('',#2087,#2088,#155,.T.);
#1489=EDGE_CURVE('',#2088,#2089,#2477,.T.);
#1490=EDGE_CURVE('',#2089,#2090,#156,.T.);
#1491=EDGE_CURVE('',#2091,#2090,#2478,.T.);
#1492=EDGE_CURVE('',#2091,#2092,#157,.T.);
#1493=EDGE_CURVE('',#2093,#2092,#2479,.T.);
#1494=EDGE_CURVE('',#2093,#2094,#158,.T.);
#1495=EDGE_CURVE('',#2095,#2094,#2480,.T.);
#1496=EDGE_CURVE('',#2095,#2096,#159,.T.);
#1497=EDGE_CURVE('',#2097,#2096,#2481,.T.);
#1498=EDGE_CURVE('',#2097,#2098,#2482,.T.);
#1499=EDGE_CURVE('',#2098,#2099,#2483,.T.);
#1500=EDGE_CURVE('',#2099,#2100,#2484,.T.);
#1501=EDGE_CURVE('',#2101,#2100,#2485,.T.);
#1502=EDGE_CURVE('',#2101,#2079,#2486,.F.);
#1503=EDGE_CURVE('',#2102,#2103,#2487,.T.);
#1504=EDGE_CURVE('',#2102,#2104,#160,.T.);
#1505=EDGE_CURVE('',#2105,#2104,#2488,.T.);
#1506=EDGE_CURVE('',#2105,#2106,#2489,.T.);
#1507=EDGE_CURVE('',#2106,#2107,#2490,.T.);
#1508=EDGE_CURVE('',#2107,#2108,#161,.T.);
#1509=EDGE_CURVE('',#2108,#2109,#162,.T.);
#1510=EDGE_CURVE('',#2110,#2109,#2491,.T.);
#1511=EDGE_CURVE('',#2110,#2111,#163,.T.);
#1512=EDGE_CURVE('',#2111,#2112,#2492,.T.);
#1513=EDGE_CURVE('',#2113,#2112,#2493,.T.);
#1514=EDGE_CURVE('',#2114,#2113,#2494,.T.);
#1515=EDGE_CURVE('',#2114,#2115,#164,.T.);
#1516=EDGE_CURVE('',#2115,#2103,#165,.T.);
#1517=EDGE_CURVE('',#2116,#2117,#2495,.T.);
#1518=EDGE_CURVE('',#2116,#2118,#2496,.T.);
#1519=EDGE_CURVE('',#2118,#2119,#2497,.T.);
#1520=EDGE_CURVE('',#2117,#2119,#2498,.T.);
#1521=EDGE_CURVE('',#2120,#2121,#2499,.T.);
#1522=EDGE_CURVE('',#2121,#2122,#2500,.T.);
#1523=EDGE_CURVE('',#2122,#2123,#2501,.T.);
#1524=EDGE_CURVE('',#2123,#2124,#2502,.T.);
#1525=EDGE_CURVE('',#2124,#2125,#2503,.T.);
#1526=EDGE_CURVE('',#2125,#2126,#2504,.T.);
#1527=EDGE_CURVE('',#2126,#2120,#2505,.T.);
#1528=EDGE_CURVE('',#2127,#2128,#2506,.T.);
#1529=EDGE_CURVE('',#2128,#2129,#2507,.T.);
#1530=EDGE_CURVE('',#2129,#2130,#2508,.T.);
#1531=EDGE_CURVE('',#2130,#2127,#2509,.T.);
#1532=EDGE_CURVE('',#2131,#2132,#2510,.T.);
#1533=EDGE_CURVE('',#2132,#2133,#2511,.T.);
#1534=EDGE_CURVE('',#2133,#2134,#2512,.T.);
#1535=EDGE_CURVE('',#2134,#2131,#2513,.T.);
#1536=EDGE_CURVE('',#2135,#2136,#2514,.T.);
#1537=EDGE_CURVE('',#2136,#2137,#2515,.T.);
#1538=EDGE_CURVE('',#2137,#2138,#2516,.T.);
#1539=EDGE_CURVE('',#2138,#2139,#166,.T.);
#1540=EDGE_CURVE('',#2139,#2140,#167,.F.);
#1541=EDGE_CURVE('',#2140,#2141,#2517,.T.);
#1542=EDGE_CURVE('',#2141,#2142,#2518,.T.);
#1543=EDGE_CURVE('',#2142,#2143,#2519,.T.);
#1544=EDGE_CURVE('',#2143,#2144,#168,.T.);
#1545=EDGE_CURVE('',#2144,#2145,#169,.T.);
#1546=EDGE_CURVE('',#2145,#2146,#118,.T.);
#1547=EDGE_CURVE('',#2146,#2147,#119,.T.);
#1548=EDGE_CURVE('',#2147,#2148,#120,.T.);
#1549=EDGE_CURVE('',#2148,#2149,#170,.T.);
#1550=EDGE_CURVE('',#2149,#2150,#121,.T.);
#1551=EDGE_CURVE('',#2150,#2151,#122,.T.);
#1552=EDGE_CURVE('',#2151,#2152,#2520,.T.);
#1553=EDGE_CURVE('',#2152,#2153,#2521,.T.);
#1554=EDGE_CURVE('',#2153,#2154,#2522,.T.);
#1555=EDGE_CURVE('',#2154,#2155,#171,.F.);
#1556=EDGE_CURVE('',#2155,#2156,#172,.F.);
#1557=EDGE_CURVE('',#2156,#2157,#173,.F.);
#1558=EDGE_CURVE('',#2157,#2158,#123,.T.);
#1559=EDGE_CURVE('',#2158,#2159,#124,.T.);
#1560=EDGE_CURVE('',#2159,#2135,#125,.T.);
#1561=EDGE_CURVE('',#2160,#2161,#2523,.T.);
#1562=EDGE_CURVE('',#2161,#2162,#2524,.T.);
#1563=EDGE_CURVE('',#2162,#2163,#2525,.T.);
#1564=EDGE_CURVE('',#2163,#2164,#2526,.T.);
#1565=EDGE_CURVE('',#2164,#2165,#2527,.T.);
#1566=EDGE_CURVE('',#2165,#2166,#2528,.T.);
#1567=EDGE_CURVE('',#2166,#2167,#2529,.T.);
#1568=EDGE_CURVE('',#2167,#2160,#2530,.T.);
#1569=EDGE_CURVE('',#2168,#2169,#2531,.T.);
#1570=EDGE_CURVE('',#2169,#2170,#2532,.T.);
#1571=EDGE_CURVE('',#2170,#2171,#2533,.T.);
#1572=EDGE_CURVE('',#2171,#2168,#2534,.T.);
#1573=EDGE_CURVE('',#2172,#2173,#2535,.T.);
#1574=EDGE_CURVE('',#2173,#2174,#2536,.T.);
#1575=EDGE_CURVE('',#2174,#2175,#2537,.T.);
#1576=EDGE_CURVE('',#2175,#2176,#2538,.T.);
#1577=EDGE_CURVE('',#2176,#2177,#2539,.T.);
#1578=EDGE_CURVE('',#2177,#2172,#2540,.T.);
#1579=EDGE_CURVE('',#2178,#2179,#2541,.T.);
#1580=EDGE_CURVE('',#2179,#2180,#2542,.T.);
#1581=EDGE_CURVE('',#2180,#2181,#2543,.T.);
#1582=EDGE_CURVE('',#2181,#2182,#2544,.T.);
#1583=EDGE_CURVE('',#2182,#2183,#2545,.T.);
#1584=EDGE_CURVE('',#2183,#2184,#2546,.T.);
#1585=EDGE_CURVE('',#2184,#2185,#2547,.T.);
#1586=EDGE_CURVE('',#2185,#2178,#2548,.T.);
#1587=EDGE_CURVE('',#2097,#2186,#2549,.T.);
#1588=EDGE_CURVE('',#2096,#2187,#2550,.T.);
#1589=EDGE_CURVE('',#2188,#2187,#2551,.T.);
#1590=EDGE_CURVE('',#2081,#2188,#2552,.T.);
#1591=EDGE_CURVE('',#2080,#2189,#2553,.T.);
#1592=EDGE_CURVE('',#2189,#2190,#2554,.F.);
#1593=EDGE_CURVE('',#2190,#2191,#2555,.T.);
#1594=EDGE_CURVE('',#2191,#2186,#2556,.T.);
#1595=EDGE_CURVE('',#2192,#2193,#2557,.T.);
#1596=EDGE_CURVE('',#2192,#2194,#174,.F.);
#1597=EDGE_CURVE('',#2194,#2195,#2558,.T.);
#1598=EDGE_CURVE('',#2195,#2196,#175,.F.);
#1599=EDGE_CURVE('',#2196,#2197,#2559,.T.);
#1600=EDGE_CURVE('',#2197,#2198,#176,.F.);
#1601=EDGE_CURVE('',#2199,#2198,#2560,.T.);
#1602=EDGE_CURVE('',#2199,#2193,#177,.F.);
#1603=EDGE_CURVE('',#2200,#2201,#2561,.T.);
#1604=EDGE_CURVE('',#2200,#2202,#178,.T.);
#1605=EDGE_CURVE('',#2203,#2202,#2562,.T.);
#1606=EDGE_CURVE('',#2203,#2204,#179,.T.);
#1607=EDGE_CURVE('',#2204,#2205,#2563,.T.);
#1608=EDGE_CURVE('',#2205,#2206,#180,.T.);
#1609=EDGE_CURVE('',#2206,#2207,#2564,.T.);
#1610=EDGE_CURVE('',#2207,#2201,#181,.T.);
#1611=EDGE_CURVE('',#2208,#2209,#2565,.T.);
#1612=EDGE_CURVE('',#2208,#2210,#114,.F.);
#1613=EDGE_CURVE('',#2211,#2210,#2566,.T.);
#1614=EDGE_CURVE('',#2211,#2212,#115,.F.);
#1615=EDGE_CURVE('',#2212,#2213,#2567,.T.);
#1616=EDGE_CURVE('',#2213,#2214,#116,.F.);
#1617=EDGE_CURVE('',#2214,#2215,#2568,.T.);
#1618=EDGE_CURVE('',#2215,#2209,#117,.F.);
#1619=EDGE_CURVE('',#2216,#2217,#2569,.T.);
#1620=EDGE_CURVE('',#2217,#2218,#182,.T.);
#1621=EDGE_CURVE('',#2218,#2219,#2570,.T.);
#1622=EDGE_CURVE('',#2219,#2220,#183,.T.);
#1623=EDGE_CURVE('',#2220,#2221,#2571,.T.);
#1624=EDGE_CURVE('',#2221,#2222,#184,.T.);
#1625=EDGE_CURVE('',#2222,#2223,#2572,.T.);
#1626=EDGE_CURVE('',#2223,#2216,#185,.T.);
#1627=EDGE_CURVE('',#2224,#2225,#2573,.T.);
#1628=EDGE_CURVE('',#2225,#2226,#2574,.T.);
#1629=EDGE_CURVE('',#2226,#2227,#2575,.T.);
#1630=EDGE_CURVE('',#2227,#2224,#2576,.T.);
#1631=EDGE_CURVE('',#2228,#2229,#2577,.T.);
#1632=EDGE_CURVE('',#2228,#2230,#2578,.F.);
#1633=EDGE_CURVE('',#2230,#2231,#2579,.T.);
#1634=EDGE_CURVE('',#2231,#2229,#2580,.T.);
#1635=EDGE_CURVE('',#2232,#2232,#186,.T.);
#1636=EDGE_CURVE('',#2233,#2233,#187,.F.);
#1637=EDGE_CURVE('',#2234,#2234,#188,.T.);
#1638=EDGE_CURVE('',#2235,#2235,#189,.F.);
#1639=EDGE_CURVE('',#2236,#2236,#190,.T.);
#1640=EDGE_CURVE('',#2237,#2237,#191,.F.);
#1641=EDGE_CURVE('',#2238,#2238,#192,.T.);
#1642=EDGE_CURVE('',#2239,#2239,#193,.F.);
#1643=EDGE_CURVE('',#2240,#2241,#2581,.T.);
#1644=EDGE_CURVE('',#2240,#2242,#2582,.F.);
#1645=EDGE_CURVE('',#2242,#2243,#2583,.T.);
#1646=EDGE_CURVE('',#2243,#2241,#2584,.T.);
#1647=EDGE_CURVE('',#2242,#2244,#194,.F.);
#1648=EDGE_CURVE('',#2244,#2245,#2585,.T.);
#1649=EDGE_CURVE('',#2245,#2246,#195,.T.);
#1650=EDGE_CURVE('',#2246,#2247,#2586,.T.);
#1651=EDGE_CURVE('',#2243,#2247,#196,.T.);
#1652=EDGE_CURVE('',#2248,#2246,#2587,.T.);
#1653=EDGE_CURVE('',#2248,#2249,#2588,.T.);
#1654=EDGE_CURVE('',#2249,#2250,#2589,.T.);
#1655=EDGE_CURVE('',#2247,#2250,#2590,.T.);
#1656=EDGE_CURVE('',#2249,#2251,#197,.F.);
#1657=EDGE_CURVE('',#2251,#2252,#2591,.T.);
#1658=EDGE_CURVE('',#2252,#2250,#198,.T.);
#1659=EDGE_CURVE('',#2251,#2253,#2592,.F.);
#1660=EDGE_CURVE('',#2253,#2254,#2593,.T.);
#1661=EDGE_CURVE('',#2254,#2252,#2594,.T.);
#1662=EDGE_CURVE('',#2253,#2116,#199,.F.);
#1663=EDGE_CURVE('',#2254,#2117,#200,.T.);
#1664=EDGE_CURVE('',#2118,#2255,#201,.F.);
#1665=EDGE_CURVE('',#2255,#2256,#2595,.T.);
#1666=EDGE_CURVE('',#2119,#2256,#202,.T.);
#1667=EDGE_CURVE('',#2255,#2257,#2596,.F.);
#1668=EDGE_CURVE('',#2257,#2258,#2597,.T.);
#1669=EDGE_CURVE('',#2258,#2256,#2598,.T.);
#1670=EDGE_CURVE('',#2257,#2259,#203,.F.);
#1671=EDGE_CURVE('',#2259,#2260,#2599,.T.);
#1672=EDGE_CURVE('',#2258,#2260,#204,.T.);
#1673=EDGE_CURVE('',#2259,#2261,#2600,.F.);
#1674=EDGE_CURVE('',#2261,#2262,#2601,.T.);
#1675=EDGE_CURVE('',#2262,#2260,#2602,.T.);
#1676=EDGE_CURVE('',#2261,#2263,#205,.F.);
#1677=EDGE_CURVE('',#2263,#2264,#2603,.T.);
#1678=EDGE_CURVE('',#2262,#2264,#206,.T.);
#1679=EDGE_CURVE('',#2263,#2265,#2604,.F.);
#1680=EDGE_CURVE('',#2265,#2266,#2605,.T.);
#1681=EDGE_CURVE('',#2266,#2264,#2606,.T.);
#1682=EDGE_CURVE('',#2265,#2228,#207,.F.);
#1683=EDGE_CURVE('',#2266,#2229,#208,.T.);
#1684=EDGE_CURVE('',#2267,#2268,#2607,.T.);
#1685=EDGE_CURVE('',#2085,#2267,#2608,.T.);
#1686=EDGE_CURVE('',#2084,#2268,#2609,.T.);
#1687=EDGE_CURVE('',#2269,#2268,#209,.T.);
#1688=EDGE_CURVE('',#2083,#2269,#2610,.T.);
#1689=EDGE_CURVE('',#2269,#2270,#2611,.T.);
#1690=EDGE_CURVE('',#2082,#2270,#2612,.T.);
#1691=EDGE_CURVE('',#2188,#2270,#210,.T.);
#1692=EDGE_CURVE('',#2271,#2187,#211,.T.);
#1693=EDGE_CURVE('',#2095,#2271,#2613,.T.);
#1694=EDGE_CURVE('',#2271,#2272,#2614,.T.);
#1695=EDGE_CURVE('',#2094,#2272,#2615,.T.);
#1696=EDGE_CURVE('',#2273,#2272,#212,.T.);
#1697=EDGE_CURVE('',#2093,#2273,#2616,.T.);
#1698=EDGE_CURVE('',#2273,#2274,#2617,.T.);
#1699=EDGE_CURVE('',#2092,#2274,#2618,.T.);
#1700=EDGE_CURVE('',#2275,#2274,#213,.T.);
#1701=EDGE_CURVE('',#2091,#2275,#2619,.T.);
#1702=EDGE_CURVE('',#2275,#2276,#2620,.T.);
#1703=EDGE_CURVE('',#2090,#2276,#2621,.T.);
#1704=EDGE_CURVE('',#2277,#2276,#214,.T.);
#1705=EDGE_CURVE('',#2089,#2277,#2622,.T.);
#1706=EDGE_CURVE('',#2278,#2277,#2623,.T.);
#1707=EDGE_CURVE('',#2088,#2278,#2624,.T.);
#1708=EDGE_CURVE('',#2279,#2278,#215,.T.);
#1709=EDGE_CURVE('',#2087,#2279,#2625,.T.);
#1710=EDGE_CURVE('',#2279,#2280,#2626,.T.);
#1711=EDGE_CURVE('',#2086,#2280,#2627,.T.);
#1712=EDGE_CURVE('',#2267,#2280,#216,.T.);
#1713=EDGE_CURVE('',#2230,#2240,#217,.F.);
#1714=EDGE_CURVE('',#2231,#2241,#218,.T.);
#1715=EDGE_CURVE('',#2281,#2282,#219,.T.);
#1716=EDGE_CURVE('',#2283,#2281,#220,.T.);
#1717=EDGE_CURVE('',#2284,#2283,#221,.T.);
#1718=EDGE_CURVE('',#2285,#2284,#222,.T.);
#1719=EDGE_CURVE('',#2286,#2285,#223,.T.);
#1720=EDGE_CURVE('',#2287,#2286,#224,.T.);
#1721=EDGE_CURVE('',#2288,#2287,#225,.T.);
#1722=EDGE_CURVE('',#2282,#2288,#226,.T.);
#1723=EDGE_CURVE('',#2289,#2290,#2628,.T.);
#1724=EDGE_CURVE('',#2291,#2289,#227,.T.);
#1725=EDGE_CURVE('',#2291,#2290,#228,.T.);
#1726=EDGE_CURVE('',#2292,#2293,#229,.T.);
#1727=EDGE_CURVE('',#2294,#2292,#2629,.T.);
#1728=EDGE_CURVE('',#2295,#2294,#230,.T.);
#1729=EDGE_CURVE('',#2295,#2293,#2630,.T.);
#1730=EDGE_CURVE('',#2296,#2297,#231,.T.);
#1731=EDGE_CURVE('',#2298,#2297,#2631,.T.);
#1732=EDGE_CURVE('',#2296,#2298,#232,.T.);
#1733=EDGE_CURVE('',#2299,#2299,#233,.T.);
#1734=EDGE_CURVE('',#2300,#2301,#234,.T.);
#1735=EDGE_CURVE('',#2301,#2302,#2632,.T.);
#1736=EDGE_CURVE('',#2302,#2303,#235,.T.);
#1737=EDGE_CURVE('',#2303,#2304,#2633,.T.);
#1738=EDGE_CURVE('',#2304,#2305,#236,.T.);
#1739=EDGE_CURVE('',#2305,#2306,#2634,.F.);
#1740=EDGE_CURVE('',#2306,#2307,#237,.T.);
#1741=EDGE_CURVE('',#2307,#2308,#2635,.T.);
#1742=EDGE_CURVE('',#2308,#2309,#238,.T.);
#1743=EDGE_CURVE('',#2309,#2310,#2636,.F.);
#1744=EDGE_CURVE('',#2310,#2311,#239,.T.);
#1745=EDGE_CURVE('',#2311,#2312,#2637,.T.);
#1746=EDGE_CURVE('',#2312,#2313,#240,.T.);
#1747=EDGE_CURVE('',#2313,#2314,#2638,.T.);
#1748=EDGE_CURVE('',#2314,#2315,#241,.T.);
#1749=EDGE_CURVE('',#2315,#2300,#2639,.T.);
#1750=EDGE_CURVE('',#2244,#2248,#242,.F.);
#1751=EDGE_CURVE('',#2316,#2317,#2640,.T.);
#1752=EDGE_CURVE('',#2317,#2318,#2641,.T.);
#1753=EDGE_CURVE('',#2319,#2318,#2642,.T.);
#1754=EDGE_CURVE('',#2319,#2320,#2643,.T.);
#1755=EDGE_CURVE('',#2321,#2320,#2644,.T.);
#1756=EDGE_CURVE('',#2322,#2321,#2645,.T.);
#1757=EDGE_CURVE('',#2323,#2322,#2646,.T.);
#1758=EDGE_CURVE('',#2324,#2323,#2647,.T.);
#1759=EDGE_CURVE('',#2324,#2316,#2648,.T.);
#1760=EDGE_CURVE('',#2318,#2325,#2649,.T.);
#1761=EDGE_CURVE('',#2325,#2326,#2650,.T.);
#1762=EDGE_CURVE('',#2326,#2327,#2651,.F.);
#1763=EDGE_CURVE('',#2328,#2327,#2652,.T.);
#1764=EDGE_CURVE('',#2328,#2323,#2653,.T.);
#1765=EDGE_CURVE('',#2322,#2319,#2654,.T.);
#1766=EDGE_CURVE('',#2327,#2329,#2655,.T.);
#1767=EDGE_CURVE('',#2329,#2330,#2656,.T.);
#1768=EDGE_CURVE('',#2331,#2330,#2657,.T.);
#1769=EDGE_CURVE('',#2331,#2328,#2658,.T.);
#1770=EDGE_CURVE('',#2330,#2316,#2659,.T.);
#1771=EDGE_CURVE('',#2331,#2324,#2660,.T.);
#1772=EDGE_CURVE('',#2332,#2333,#2661,.T.);
#1773=EDGE_CURVE('',#2333,#2334,#2662,.T.);
#1774=EDGE_CURVE('',#2334,#2335,#2663,.T.);
#1775=EDGE_CURVE('',#2335,#2336,#2664,.T.);
#1776=EDGE_CURVE('',#2336,#2191,#2665,.T.);
#1777=EDGE_CURVE('',#2190,#2337,#2666,.T.);
#1778=EDGE_CURVE('',#2337,#2338,#2667,.T.);
#1779=EDGE_CURVE('',#2339,#2338,#2668,.T.);
#1780=EDGE_CURVE('',#2339,#2332,#2669,.T.);
#1781=EDGE_CURVE('',#2186,#2340,#2670,.T.);
#1782=EDGE_CURVE('',#2340,#2341,#2671,.T.);
#1783=EDGE_CURVE('',#2341,#2098,#2672,.T.);
#1784=EDGE_CURVE('',#2342,#2343,#2673,.T.);
#1785=EDGE_CURVE('',#2343,#2189,#2674,.T.);
#1786=EDGE_CURVE('',#2342,#2078,#2675,.T.);
#1787=EDGE_CURVE('',#2344,#2322,#2676,.T.);
#1788=EDGE_CURVE('',#2344,#2345,#2677,.T.);
#1789=EDGE_CURVE('',#2345,#2319,#2678,.T.);
#1790=EDGE_CURVE('',#2344,#2346,#2679,.T.);
#1791=EDGE_CURVE('',#2346,#2347,#2680,.T.);
#1792=EDGE_CURVE('',#2347,#2348,#2681,.T.);
#1793=EDGE_CURVE('',#2348,#2349,#2682,.F.);
#1794=EDGE_CURVE('',#2345,#2349,#2683,.T.);
#1795=EDGE_CURVE('',#2321,#2350,#2684,.T.);
#1796=EDGE_CURVE('',#2350,#2346,#2685,.T.);
#1797=EDGE_CURVE('',#2320,#2351,#2686,.T.);
#1798=EDGE_CURVE('',#2351,#2350,#2687,.T.);
#1799=EDGE_CURVE('',#2349,#2351,#2688,.T.);
#1800=EDGE_CURVE('',#2201,#2352,#2689,.T.);
#1801=EDGE_CURVE('',#2352,#2353,#2690,.T.);
#1802=EDGE_CURVE('',#2200,#2353,#2691,.T.);
#1803=EDGE_CURVE('',#2353,#2354,#243,.F.);
#1804=EDGE_CURVE('',#2202,#2354,#2692,.T.);
#1805=EDGE_CURVE('',#2354,#2355,#2693,.T.);
#1806=EDGE_CURVE('',#2203,#2355,#2694,.T.);
#1807=EDGE_CURVE('',#2355,#2356,#244,.F.);
#1808=EDGE_CURVE('',#2204,#2356,#2695,.T.);
#1809=EDGE_CURVE('',#2356,#2357,#2696,.T.);
#1810=EDGE_CURVE('',#2205,#2357,#2697,.T.);
#1811=EDGE_CURVE('',#2357,#2358,#245,.F.);
#1812=EDGE_CURVE('',#2206,#2358,#2698,.T.);
#1813=EDGE_CURVE('',#2358,#2359,#2699,.T.);
#1814=EDGE_CURVE('',#2207,#2359,#2700,.T.);
#1815=EDGE_CURVE('',#2359,#2352,#246,.F.);
#1816=EDGE_CURVE('',#2360,#2361,#2701,.T.);
#1817=EDGE_CURVE('',#2361,#2101,#2702,.T.);
#1818=EDGE_CURVE('',#2100,#2360,#2703,.T.);
#1819=EDGE_CURVE('',#2341,#2362,#2704,.T.);
#1820=EDGE_CURVE('',#2362,#2099,#2705,.T.);
#1821=EDGE_CURVE('',#2079,#2363,#2706,.T.);
#1822=EDGE_CURVE('',#2363,#2342,#2707,.T.);
#1823=EDGE_CURVE('',#2338,#2364,#2708,.T.);
#1824=EDGE_CURVE('',#2364,#2365,#2709,.T.);
#1825=EDGE_CURVE('',#2365,#2339,#2710,.T.);
#1826=EDGE_CURVE('',#2240,#2312,#126,.T.);
#1827=EDGE_CURVE('',#2313,#2230,#127,.F.);
#1828=EDGE_CURVE('',#2314,#2228,#128,.F.);
#1829=EDGE_CURVE('',#2242,#2311,#129,.T.);
#1830=EDGE_CURVE('',#2315,#2265,#130,.F.);
#1831=EDGE_CURVE('',#2244,#2310,#131,.F.);
#1832=EDGE_CURVE('',#2300,#2263,#132,.F.);
#1833=EDGE_CURVE('',#2248,#2310,#133,.T.);
#1834=EDGE_CURVE('',#2301,#2261,#134,.F.);
#1835=EDGE_CURVE('',#2249,#2309,#135,.T.);
#1836=EDGE_CURVE('',#2302,#2259,#247,.T.);
#1837=EDGE_CURVE('',#2251,#2308,#136,.T.);
#1838=EDGE_CURVE('',#2303,#2257,#137,.F.);
#1839=EDGE_CURVE('',#2253,#2307,#138,.T.);
#1840=EDGE_CURVE('',#2304,#2255,#139,.F.);
#1841=EDGE_CURVE('',#2116,#2306,#140,.T.);
#1842=EDGE_CURVE('',#2305,#2118,#141,.F.);
#1843=EDGE_CURVE('',#2222,#2353,#2711,.T.);
#1844=EDGE_CURVE('',#2354,#2221,#2712,.T.);
#1845=EDGE_CURVE('',#2355,#2220,#2713,.T.);
#1846=EDGE_CURVE('',#2223,#2352,#2714,.T.);
#1847=EDGE_CURVE('',#2356,#2219,#2715,.T.);
#1848=EDGE_CURVE('',#2216,#2359,#2716,.T.);
#1849=EDGE_CURVE('',#2357,#2218,#2717,.T.);
#1850=EDGE_CURVE('',#2217,#2358,#2718,.T.);
#1851=EDGE_CURVE('',#2224,#2325,#2719,.F.);
#1852=EDGE_CURVE('',#2326,#2227,#2720,.F.);
#1853=EDGE_CURVE('',#2329,#2226,#2721,.T.);
#1854=EDGE_CURVE('',#2225,#2317,#2722,.F.);
#1855=EDGE_CURVE('',#2347,#2333,#2723,.T.);
#1856=EDGE_CURVE('',#2340,#2332,#2724,.T.);
#1857=EDGE_CURVE('',#2336,#2348,#2725,.F.);
#1858=EDGE_CURVE('',#2341,#2339,#142,.F.);
#1859=EDGE_CURVE('',#2366,#2365,#2726,.T.);
#1860=EDGE_CURVE('',#2366,#2362,#2727,.T.);
#1861=EDGE_CURVE('',#2367,#2364,#2728,.F.);
#1862=EDGE_CURVE('',#2367,#2361,#2729,.T.);
#1863=EDGE_CURVE('',#2360,#2366,#2730,.F.);
#1864=EDGE_CURVE('',#2363,#2367,#2731,.T.);
#1865=EDGE_CURVE('',#2342,#2338,#143,.F.);
#1866=EDGE_CURVE('',#2343,#2337,#2732,.T.);
#1867=EDGE_CURVE('',#2351,#2335,#2733,.T.);
#1868=EDGE_CURVE('',#2350,#2334,#2734,.F.);
#1869=EDGE_CURVE('',#2368,#2368,#248,.T.);
#1870=EDGE_CURVE('',#2369,#2369,#249,.F.);
#1871=EDGE_CURVE('',#2370,#2370,#250,.T.);
#1872=EDGE_CURVE('',#2371,#2296,#2735,.T.);
#1873=EDGE_CURVE('',#2371,#2372,#251,.T.);
#1874=EDGE_CURVE('',#2372,#2297,#2736,.T.);
#1875=EDGE_CURVE('',#2373,#2298,#2737,.T.);
#1876=EDGE_CURVE('',#2371,#2373,#252,.T.);
#1877=EDGE_CURVE('',#2373,#2372,#2738,.T.);
#1878=EDGE_CURVE('',#2374,#2109,#2739,.T.);
#1879=EDGE_CURVE('',#2108,#2287,#2740,.T.);
#1880=EDGE_CURVE('',#2375,#2287,#2741,.T.);
#1881=EDGE_CURVE('',#2375,#2374,#253,.T.);
#1882=EDGE_CURVE('',#2376,#2286,#2742,.T.);
#1883=EDGE_CURVE('',#2375,#2376,#254,.T.);
#1884=EDGE_CURVE('',#2110,#2286,#2743,.T.);
#1885=EDGE_CURVE('',#2376,#2374,#2744,.T.);
#1886=EDGE_CURVE('',#2377,#2292,#2745,.T.);
#1887=EDGE_CURVE('',#2378,#2377,#2746,.T.);
#1888=EDGE_CURVE('',#2378,#2294,#2747,.T.);
#1889=EDGE_CURVE('',#2379,#2293,#2748,.T.);
#1890=EDGE_CURVE('',#2377,#2379,#255,.T.);
#1891=EDGE_CURVE('',#2380,#2295,#2749,.T.);
#1892=EDGE_CURVE('',#2380,#2379,#2750,.T.);
#1893=EDGE_CURVE('',#2380,#2378,#256,.T.);
#1894=EDGE_CURVE('',#2381,#2289,#2751,.T.);
#1895=EDGE_CURVE('',#2382,#2381,#257,.T.);
#1896=EDGE_CURVE('',#2382,#2291,#2752,.T.);
#1897=EDGE_CURVE('',#2383,#2290,#2753,.T.);
#1898=EDGE_CURVE('',#2381,#2383,#2754,.T.);
#1899=EDGE_CURVE('',#2382,#2383,#258,.T.);
#1900=EDGE_CURVE('',#2384,#2284,#2755,.T.);
#1901=EDGE_CURVE('',#2114,#2284,#2756,.T.);
#1902=EDGE_CURVE('',#2385,#2113,#2757,.T.);
#1903=EDGE_CURVE('',#2384,#2385,#2758,.T.);
#1904=EDGE_CURVE('',#2386,#2112,#2759,.T.);
#1905=EDGE_CURVE('',#2385,#2386,#2760,.T.);
#1906=EDGE_CURVE('',#2111,#2285,#2761,.T.);
#1907=EDGE_CURVE('',#2387,#2285,#2762,.T.);
#1908=EDGE_CURVE('',#2387,#2386,#2763,.T.);
#1909=EDGE_CURVE('',#2387,#2384,#259,.T.);
#1910=EDGE_CURVE('',#2388,#2106,#2764,.T.);
#1911=EDGE_CURVE('',#2389,#2105,#2765,.T.);
#1912=EDGE_CURVE('',#2389,#2388,#2766,.T.);
#1913=EDGE_CURVE('',#2104,#2282,#2767,.T.);
#1914=EDGE_CURVE('',#2390,#2282,#2768,.T.);
#1915=EDGE_CURVE('',#2389,#2390,#2769,.T.);
#1916=EDGE_CURVE('',#2391,#2288,#2770,.T.);
#1917=EDGE_CURVE('',#2390,#2391,#260,.T.);
#1918=EDGE_CURVE('',#2107,#2288,#2771,.T.);
#1919=EDGE_CURVE('',#2388,#2391,#2772,.T.);
#1920=EDGE_CURVE('',#2392,#2281,#2773,.T.);
#1921=EDGE_CURVE('',#2393,#2392,#261,.T.);
#1922=EDGE_CURVE('',#2393,#2283,#2774,.T.);
#1923=EDGE_CURVE('',#2102,#2281,#2775,.T.);
#1924=EDGE_CURVE('',#2394,#2103,#2776,.T.);
#1925=EDGE_CURVE('',#2392,#2394,#2777,.T.);
#1926=EDGE_CURVE('',#2115,#2283,#2778,.T.);
#1927=EDGE_CURVE('',#2393,#2394,#262,.T.);
#1928=EDGE_CURVE('',#2208,#2193,#2779,.T.);
#1929=EDGE_CURVE('',#2209,#2192,#2780,.T.);
#1930=EDGE_CURVE('',#2215,#2194,#2781,.T.);
#1931=EDGE_CURVE('',#2214,#2195,#2782,.T.);
#1932=EDGE_CURVE('',#2213,#2196,#2783,.T.);
#1933=EDGE_CURVE('',#2212,#2197,#2784,.T.);
#1934=EDGE_CURVE('',#2211,#2198,#2785,.T.);
#1935=EDGE_CURVE('',#2210,#2199,#2786,.T.);
#1936=EDGE_CURVE('',#2395,#2121,#2787,.T.);
#1937=EDGE_CURVE('',#2395,#2396,#2788,.T.);
#1938=EDGE_CURVE('',#2396,#2122,#2789,.T.);
#1939=EDGE_CURVE('',#2397,#2120,#2790,.T.);
#1940=EDGE_CURVE('',#2397,#2395,#2791,.T.);
#1941=EDGE_CURVE('',#2398,#2126,#2792,.T.);
#1942=EDGE_CURVE('',#2398,#2397,#2793,.T.);
#1943=EDGE_CURVE('',#2399,#2125,#2794,.T.);
#1944=EDGE_CURVE('',#2399,#2398,#2795,.T.);
#1945=EDGE_CURVE('',#2400,#2124,#2796,.T.);
#1946=EDGE_CURVE('',#2400,#2399,#2797,.T.);
#1947=EDGE_CURVE('',#2401,#2123,#2798,.T.);
#1948=EDGE_CURVE('',#2401,#2400,#2799,.T.);
#1949=EDGE_CURVE('',#2396,#2401,#2800,.T.);
#1950=EDGE_CURVE('',#2402,#2128,#2801,.T.);
#1951=EDGE_CURVE('',#2402,#2403,#2802,.T.);
#1952=EDGE_CURVE('',#2403,#2129,#2803,.T.);
#1953=EDGE_CURVE('',#2404,#2127,#2804,.T.);
#1954=EDGE_CURVE('',#2404,#2402,#2805,.T.);
#1955=EDGE_CURVE('',#2405,#2130,#2806,.T.);
#1956=EDGE_CURVE('',#2405,#2404,#2807,.T.);
#1957=EDGE_CURVE('',#2403,#2405,#2808,.T.);
#1958=EDGE_CURVE('',#2406,#2132,#2809,.T.);
#1959=EDGE_CURVE('',#2406,#2407,#2810,.T.);
#1960=EDGE_CURVE('',#2407,#2133,#2811,.T.);
#1961=EDGE_CURVE('',#2408,#2131,#2812,.T.);
#1962=EDGE_CURVE('',#2408,#2406,#2813,.T.);
#1963=EDGE_CURVE('',#2409,#2134,#2814,.T.);
#1964=EDGE_CURVE('',#2409,#2408,#2815,.T.);
#1965=EDGE_CURVE('',#2407,#2409,#2816,.T.);
#1966=EDGE_CURVE('',#2410,#2136,#2817,.T.);
#1967=EDGE_CURVE('',#2410,#2411,#2818,.T.);
#1968=EDGE_CURVE('',#2411,#2137,#2819,.T.);
#1969=EDGE_CURVE('',#2412,#2135,#2820,.T.);
#1970=EDGE_CURVE('',#2412,#2410,#2821,.T.);
#1971=EDGE_CURVE('',#2413,#2159,#2822,.T.);
#1972=EDGE_CURVE('',#2413,#2412,#144,.T.);
#1973=EDGE_CURVE('',#2414,#2158,#2823,.T.);
#1974=EDGE_CURVE('',#2414,#2413,#145,.T.);
#1975=EDGE_CURVE('',#2415,#2157,#2824,.T.);
#1976=EDGE_CURVE('',#2415,#2414,#146,.T.);
#1977=EDGE_CURVE('',#2416,#2156,#2825,.T.);
#1978=EDGE_CURVE('',#2416,#2415,#263,.F.);
#1979=EDGE_CURVE('',#2417,#2155,#2826,.T.);
#1980=EDGE_CURVE('',#2417,#2416,#264,.F.);
#1981=EDGE_CURVE('',#2418,#2154,#2827,.T.);
#1982=EDGE_CURVE('',#2418,#2417,#265,.F.);
#1983=EDGE_CURVE('',#2419,#2153,#2828,.T.);
#1984=EDGE_CURVE('',#2419,#2418,#2829,.T.);
#1985=EDGE_CURVE('',#2420,#2152,#2830,.T.);
#1986=EDGE_CURVE('',#2420,#2419,#2831,.T.);
#1987=EDGE_CURVE('',#2421,#2151,#2832,.T.);
#1988=EDGE_CURVE('',#2421,#2420,#2833,.T.);
#1989=EDGE_CURVE('',#2422,#2150,#2834,.T.);
#1990=EDGE_CURVE('',#2422,#2421,#147,.T.);
#1991=EDGE_CURVE('',#2423,#2149,#2835,.T.);
#1992=EDGE_CURVE('',#2423,#2422,#148,.T.);
#1993=EDGE_CURVE('',#2424,#2148,#2836,.T.);
#1994=EDGE_CURVE('',#2424,#2423,#266,.T.);
#1995=EDGE_CURVE('',#2425,#2147,#2837,.T.);
#1996=EDGE_CURVE('',#2425,#2424,#149,.T.);
#1997=EDGE_CURVE('',#2426,#2146,#2838,.T.);
#1998=EDGE_CURVE('',#2426,#2425,#150,.T.);
#1999=EDGE_CURVE('',#2427,#2145,#2839,.T.);
#2000=EDGE_CURVE('',#2427,#2426,#151,.T.);
#2001=EDGE_CURVE('',#2428,#2144,#2840,.T.);
#2002=EDGE_CURVE('',#2428,#2427,#267,.T.);
#2003=EDGE_CURVE('',#2429,#2143,#2841,.T.);
#2004=EDGE_CURVE('',#2429,#2428,#268,.T.);
#2005=EDGE_CURVE('',#2430,#2142,#2842,.T.);
#2006=EDGE_CURVE('',#2430,#2429,#2843,.T.);
#2007=EDGE_CURVE('',#2431,#2141,#2844,.T.);
#2008=EDGE_CURVE('',#2431,#2430,#2845,.T.);
#2009=EDGE_CURVE('',#2432,#2140,#2846,.T.);
#2010=EDGE_CURVE('',#2432,#2431,#2847,.T.);
#2011=EDGE_CURVE('',#2433,#2139,#2848,.T.);
#2012=EDGE_CURVE('',#2433,#2432,#269,.F.);
#2013=EDGE_CURVE('',#2434,#2138,#2849,.T.);
#2014=EDGE_CURVE('',#2434,#2433,#270,.T.);
#2015=EDGE_CURVE('',#2411,#2434,#2850,.T.);
#2016=EDGE_CURVE('',#2435,#2161,#2851,.T.);
#2017=EDGE_CURVE('',#2435,#2436,#2852,.T.);
#2018=EDGE_CURVE('',#2436,#2162,#2853,.T.);
#2019=EDGE_CURVE('',#2437,#2160,#2854,.T.);
#2020=EDGE_CURVE('',#2437,#2435,#2855,.T.);
#2021=EDGE_CURVE('',#2438,#2167,#2856,.T.);
#2022=EDGE_CURVE('',#2438,#2437,#2857,.T.);
#2023=EDGE_CURVE('',#2439,#2166,#2858,.T.);
#2024=EDGE_CURVE('',#2439,#2438,#2859,.T.);
#2025=EDGE_CURVE('',#2440,#2165,#2860,.T.);
#2026=EDGE_CURVE('',#2440,#2439,#2861,.T.);
#2027=EDGE_CURVE('',#2441,#2164,#2862,.T.);
#2028=EDGE_CURVE('',#2441,#2440,#2863,.T.);
#2029=EDGE_CURVE('',#2442,#2163,#2864,.T.);
#2030=EDGE_CURVE('',#2442,#2441,#2865,.T.);
#2031=EDGE_CURVE('',#2436,#2442,#2866,.T.);
#2032=EDGE_CURVE('',#2443,#2169,#2867,.T.);
#2033=EDGE_CURVE('',#2443,#2444,#2868,.T.);
#2034=EDGE_CURVE('',#2444,#2170,#2869,.T.);
#2035=EDGE_CURVE('',#2445,#2168,#2870,.T.);
#2036=EDGE_CURVE('',#2445,#2443,#2871,.T.);
#2037=EDGE_CURVE('',#2446,#2171,#2872,.T.);
#2038=EDGE_CURVE('',#2446,#2445,#2873,.T.);
#2039=EDGE_CURVE('',#2444,#2446,#2874,.T.);
#2040=EDGE_CURVE('',#2447,#2173,#2875,.T.);
#2041=EDGE_CURVE('',#2447,#2448,#2876,.T.);
#2042=EDGE_CURVE('',#2448,#2174,#2877,.T.);
#2043=EDGE_CURVE('',#2449,#2172,#2878,.T.);
#2044=EDGE_CURVE('',#2449,#2447,#2879,.T.);
#2045=EDGE_CURVE('',#2450,#2177,#2880,.T.);
#2046=EDGE_CURVE('',#2450,#2449,#2881,.T.);
#2047=EDGE_CURVE('',#2451,#2176,#2882,.T.);
#2048=EDGE_CURVE('',#2451,#2450,#2883,.T.);
#2049=EDGE_CURVE('',#2452,#2175,#2884,.T.);
#2050=EDGE_CURVE('',#2452,#2451,#2885,.T.);
#2051=EDGE_CURVE('',#2448,#2452,#2886,.T.);
#2052=EDGE_CURVE('',#2453,#2179,#2887,.T.);
#2053=EDGE_CURVE('',#2453,#2454,#2888,.T.);
#2054=EDGE_CURVE('',#2454,#2180,#2889,.T.);
#2055=EDGE_CURVE('',#2455,#2178,#2890,.T.);
#2056=EDGE_CURVE('',#2455,#2453,#2891,.T.);
#2057=EDGE_CURVE('',#2456,#2185,#2892,.T.);
#2058=EDGE_CURVE('',#2456,#2455,#2893,.T.);
#2059=EDGE_CURVE('',#2457,#2184,#2894,.T.);
#2060=EDGE_CURVE('',#2457,#2456,#2895,.T.);
#2061=EDGE_CURVE('',#2458,#2183,#2896,.T.);
#2062=EDGE_CURVE('',#2458,#2457,#2897,.T.);
#2063=EDGE_CURVE('',#2459,#2182,#2898,.T.);
#2064=EDGE_CURVE('',#2459,#2458,#2899,.T.);
#2065=EDGE_CURVE('',#2460,#2181,#2900,.T.);
#2066=EDGE_CURVE('',#2460,#2459,#2901,.T.);
#2067=EDGE_CURVE('',#2454,#2460,#2902,.T.);
#2068=EDGE_CURVE('',#2461,#2461,#271,.T.);
#2069=EDGE_CURVE('',#2462,#2462,#272,.T.);
#2070=EDGE_CURVE('',#2463,#2463,#273,.F.);
#2071=EDGE_CURVE('',#2464,#2464,#274,.T.);
#2072=EDGE_CURVE('',#2465,#2465,#275,.T.);
#2073=EDGE_CURVE('',#2466,#2466,#276,.T.);
#2074=EDGE_CURVE('',#2467,#2467,#277,.T.);
#2075=EDGE_CURVE('',#2468,#2468,#278,.F.);
#2076=EDGE_CURVE('',#2469,#2469,#279,.T.);
#2077=EDGE_CURVE('',#2470,#2470,#280,.T.);
#2078=VERTEX_POINT('',#5921);
#2079=VERTEX_POINT('',#5922);
#2080=VERTEX_POINT('',#5924);
#2081=VERTEX_POINT('',#5926);
#2082=VERTEX_POINT('',#5928);
#2083=VERTEX_POINT('',#5930);
#2084=VERTEX_POINT('',#5932);
#2085=VERTEX_POINT('',#5934);
#2086=VERTEX_POINT('',#5936);
#2087=VERTEX_POINT('',#5938);
#2088=VERTEX_POINT('',#5940);
#2089=VERTEX_POINT('',#5942);
#2090=VERTEX_POINT('',#5944);
#2091=VERTEX_POINT('',#5946);
#2092=VERTEX_POINT('',#5948);
#2093=VERTEX_POINT('',#5950);
#2094=VERTEX_POINT('',#5952);
#2095=VERTEX_POINT('',#5954);
#2096=VERTEX_POINT('',#5956);
#2097=VERTEX_POINT('',#5958);
#2098=VERTEX_POINT('',#5960);
#2099=VERTEX_POINT('',#5962);
#2100=VERTEX_POINT('',#5964);
#2101=VERTEX_POINT('',#5966);
#2102=VERTEX_POINT('',#5969);
#2103=VERTEX_POINT('',#5970);
#2104=VERTEX_POINT('',#5972);
#2105=VERTEX_POINT('',#5974);
#2106=VERTEX_POINT('',#5976);
#2107=VERTEX_POINT('',#5978);
#2108=VERTEX_POINT('',#5980);
#2109=VERTEX_POINT('',#5982);
#2110=VERTEX_POINT('',#5984);
#2111=VERTEX_POINT('',#5986);
#2112=VERTEX_POINT('',#5988);
#2113=VERTEX_POINT('',#5990);
#2114=VERTEX_POINT('',#5992);
#2115=VERTEX_POINT('',#5994);
#2116=VERTEX_POINT('',#5998);
#2117=VERTEX_POINT('',#5999);
#2118=VERTEX_POINT('',#6001);
#2119=VERTEX_POINT('',#6003);
#2120=VERTEX_POINT('',#6006);
#2121=VERTEX_POINT('',#6007);
#2122=VERTEX_POINT('',#6009);
#2123=VERTEX_POINT('',#6011);
#2124=VERTEX_POINT('',#6013);
#2125=VERTEX_POINT('',#6015);
#2126=VERTEX_POINT('',#6017);
#2127=VERTEX_POINT('',#6020);
#2128=VERTEX_POINT('',#6021);
#2129=VERTEX_POINT('',#6023);
#2130=VERTEX_POINT('',#6025);
#2131=VERTEX_POINT('',#6028);
#2132=VERTEX_POINT('',#6029);
#2133=VERTEX_POINT('',#6031);
#2134=VERTEX_POINT('',#6033);
#2135=VERTEX_POINT('',#6036);
#2136=VERTEX_POINT('',#6037);
#2137=VERTEX_POINT('',#6039);
#2138=VERTEX_POINT('',#6041);
#2139=VERTEX_POINT('',#6043);
#2140=VERTEX_POINT('',#6045);
#2141=VERTEX_POINT('',#6047);
#2142=VERTEX_POINT('',#6049);
#2143=VERTEX_POINT('',#6051);
#2144=VERTEX_POINT('',#6053);
#2145=VERTEX_POINT('',#6055);
#2146=VERTEX_POINT('',#6059);
#2147=VERTEX_POINT('',#6063);
#2148=VERTEX_POINT('',#6067);
#2149=VERTEX_POINT('',#6069);
#2150=VERTEX_POINT('',#6073);
#2151=VERTEX_POINT('',#6077);
#2152=VERTEX_POINT('',#6079);
#2153=VERTEX_POINT('',#6081);
#2154=VERTEX_POINT('',#6083);
#2155=VERTEX_POINT('',#6085);
#2156=VERTEX_POINT('',#6087);
#2157=VERTEX_POINT('',#6089);
#2158=VERTEX_POINT('',#6093);
#2159=VERTEX_POINT('',#6097);
#2160=VERTEX_POINT('',#6102);
#2161=VERTEX_POINT('',#6103);
#2162=VERTEX_POINT('',#6105);
#2163=VERTEX_POINT('',#6107);
#2164=VERTEX_POINT('',#6109);
#2165=VERTEX_POINT('',#6111);
#2166=VERTEX_POINT('',#6113);
#2167=VERTEX_POINT('',#6115);
#2168=VERTEX_POINT('',#6118);
#2169=VERTEX_POINT('',#6119);
#2170=VERTEX_POINT('',#6121);
#2171=VERTEX_POINT('',#6123);
#2172=VERTEX_POINT('',#6126);
#2173=VERTEX_POINT('',#6127);
#2174=VERTEX_POINT('',#6129);
#2175=VERTEX_POINT('',#6131);
#2176=VERTEX_POINT('',#6133);
#2177=VERTEX_POINT('',#6135);
#2178=VERTEX_POINT('',#6138);
#2179=VERTEX_POINT('',#6139);
#2180=VERTEX_POINT('',#6141);
#2181=VERTEX_POINT('',#6143);
#2182=VERTEX_POINT('',#6145);
#2183=VERTEX_POINT('',#6147);
#2184=VERTEX_POINT('',#6149);
#2185=VERTEX_POINT('',#6151);
#2186=VERTEX_POINT('',#6155);
#2187=VERTEX_POINT('',#6157);
#2188=VERTEX_POINT('',#6159);
#2189=VERTEX_POINT('',#6162);
#2190=VERTEX_POINT('',#6164);
#2191=VERTEX_POINT('',#6166);
#2192=VERTEX_POINT('',#6169);
#2193=VERTEX_POINT('',#6170);
#2194=VERTEX_POINT('',#6172);
#2195=VERTEX_POINT('',#6174);
#2196=VERTEX_POINT('',#6176);
#2197=VERTEX_POINT('',#6178);
#2198=VERTEX_POINT('',#6180);
#2199=VERTEX_POINT('',#6182);
#2200=VERTEX_POINT('',#6186);
#2201=VERTEX_POINT('',#6187);
#2202=VERTEX_POINT('',#6189);
#2203=VERTEX_POINT('',#6191);
#2204=VERTEX_POINT('',#6193);
#2205=VERTEX_POINT('',#6195);
#2206=VERTEX_POINT('',#6197);
#2207=VERTEX_POINT('',#6199);
#2208=VERTEX_POINT('',#6202);
#2209=VERTEX_POINT('',#6203);
#2210=VERTEX_POINT('',#6205);
#2211=VERTEX_POINT('',#6207);
#2212=VERTEX_POINT('',#6209);
#2213=VERTEX_POINT('',#6211);
#2214=VERTEX_POINT('',#6213);
#2215=VERTEX_POINT('',#6215);
#2216=VERTEX_POINT('',#6219);
#2217=VERTEX_POINT('',#6220);
#2218=VERTEX_POINT('',#6222);
#2219=VERTEX_POINT('',#6224);
#2220=VERTEX_POINT('',#6226);
#2221=VERTEX_POINT('',#6228);
#2222=VERTEX_POINT('',#6230);
#2223=VERTEX_POINT('',#6232);
#2224=VERTEX_POINT('',#6235);
#2225=VERTEX_POINT('',#6236);
#2226=VERTEX_POINT('',#6238);
#2227=VERTEX_POINT('',#6240);
#2228=VERTEX_POINT('',#6243);
#2229=VERTEX_POINT('',#6244);
#2230=VERTEX_POINT('',#6246);
#2231=VERTEX_POINT('',#6248);
#2232=VERTEX_POINT('',#6252);
#2233=VERTEX_POINT('',#6254);
#2234=VERTEX_POINT('',#6257);
#2235=VERTEX_POINT('',#6259);
#2236=VERTEX_POINT('',#6262);
#2237=VERTEX_POINT('',#6264);
#2238=VERTEX_POINT('',#6267);
#2239=VERTEX_POINT('',#6269);
#2240=VERTEX_POINT('',#6272);
#2241=VERTEX_POINT('',#6273);
#2242=VERTEX_POINT('',#6275);
#2243=VERTEX_POINT('',#6277);
#2244=VERTEX_POINT('',#6281);
#2245=VERTEX_POINT('',#6283);
#2246=VERTEX_POINT('',#6285);
#2247=VERTEX_POINT('',#6287);
#2248=VERTEX_POINT('',#6291);
#2249=VERTEX_POINT('',#6293);
#2250=VERTEX_POINT('',#6295);
#2251=VERTEX_POINT('',#6299);
#2252=VERTEX_POINT('',#6301);
#2253=VERTEX_POINT('',#6305);
#2254=VERTEX_POINT('',#6307);
#2255=VERTEX_POINT('',#6314);
#2256=VERTEX_POINT('',#6316);
#2257=VERTEX_POINT('',#6320);
#2258=VERTEX_POINT('',#6322);
#2259=VERTEX_POINT('',#6326);
#2260=VERTEX_POINT('',#6328);
#2261=VERTEX_POINT('',#6332);
#2262=VERTEX_POINT('',#6334);
#2263=VERTEX_POINT('',#6338);
#2264=VERTEX_POINT('',#6340);
#2265=VERTEX_POINT('',#6344);
#2266=VERTEX_POINT('',#6346);
#2267=VERTEX_POINT('',#6353);
#2268=VERTEX_POINT('',#6354);
#2269=VERTEX_POINT('',#6359);
#2270=VERTEX_POINT('',#6363);
#2271=VERTEX_POINT('',#6369);
#2272=VERTEX_POINT('',#6373);
#2273=VERTEX_POINT('',#6377);
#2274=VERTEX_POINT('',#6381);
#2275=VERTEX_POINT('',#6385);
#2276=VERTEX_POINT('',#6389);
#2277=VERTEX_POINT('',#6393);
#2278=VERTEX_POINT('',#6397);
#2279=VERTEX_POINT('',#6401);
#2280=VERTEX_POINT('',#6405);
#2281=VERTEX_POINT('',#6415);
#2282=VERTEX_POINT('',#6416);
#2283=VERTEX_POINT('',#6418);
#2284=VERTEX_POINT('',#6420);
#2285=VERTEX_POINT('',#6422);
#2286=VERTEX_POINT('',#6424);
#2287=VERTEX_POINT('',#6426);
#2288=VERTEX_POINT('',#6428);
#2289=VERTEX_POINT('',#6431);
#2290=VERTEX_POINT('',#6432);
#2291=VERTEX_POINT('',#6434);
#2292=VERTEX_POINT('',#6437);
#2293=VERTEX_POINT('',#6438);
#2294=VERTEX_POINT('',#6440);
#2295=VERTEX_POINT('',#6442);
#2296=VERTEX_POINT('',#6445);
#2297=VERTEX_POINT('',#6446);
#2298=VERTEX_POINT('',#6448);
#2299=VERTEX_POINT('',#6451);
#2300=VERTEX_POINT('',#6453);
#2301=VERTEX_POINT('',#6454);
#2302=VERTEX_POINT('',#6456);
#2303=VERTEX_POINT('',#6458);
#2304=VERTEX_POINT('',#6460);
#2305=VERTEX_POINT('',#6462);
#2306=VERTEX_POINT('',#6464);
#2307=VERTEX_POINT('',#6466);
#2308=VERTEX_POINT('',#6468);
#2309=VERTEX_POINT('',#6470);
#2310=VERTEX_POINT('',#6472);
#2311=VERTEX_POINT('',#6474);
#2312=VERTEX_POINT('',#6476);
#2313=VERTEX_POINT('',#6478);
#2314=VERTEX_POINT('',#6480);
#2315=VERTEX_POINT('',#6482);
#2316=VERTEX_POINT('',#6492);
#2317=VERTEX_POINT('',#6493);
#2318=VERTEX_POINT('',#6495);
#2319=VERTEX_POINT('',#6497);
#2320=VERTEX_POINT('',#6499);
#2321=VERTEX_POINT('',#6501);
#2322=VERTEX_POINT('',#6503);
#2323=VERTEX_POINT('',#6505);
#2324=VERTEX_POINT('',#6507);
#2325=VERTEX_POINT('',#6511);
#2326=VERTEX_POINT('',#6513);
#2327=VERTEX_POINT('',#6515);
#2328=VERTEX_POINT('',#6517);
#2329=VERTEX_POINT('',#6522);
#2330=VERTEX_POINT('',#6524);
#2331=VERTEX_POINT('',#6526);
#2332=VERTEX_POINT('',#6533);
#2333=VERTEX_POINT('',#6534);
#2334=VERTEX_POINT('',#6536);
#2335=VERTEX_POINT('',#6538);
#2336=VERTEX_POINT('',#6540);
#2337=VERTEX_POINT('',#6543);
#2338=VERTEX_POINT('',#6545);
#2339=VERTEX_POINT('',#6547);
#2340=VERTEX_POINT('',#6551);
#2341=VERTEX_POINT('',#6553);
#2342=VERTEX_POINT('',#6557);
#2343=VERTEX_POINT('',#6558);
#2344=VERTEX_POINT('',#6563);
#2345=VERTEX_POINT('',#6565);
#2346=VERTEX_POINT('',#6569);
#2347=VERTEX_POINT('',#6571);
#2348=VERTEX_POINT('',#6573);
#2349=VERTEX_POINT('',#6575);
#2350=VERTEX_POINT('',#6579);
#2351=VERTEX_POINT('',#6583);
#2352=VERTEX_POINT('',#6589);
#2353=VERTEX_POINT('',#6591);
#2354=VERTEX_POINT('',#6595);
#2355=VERTEX_POINT('',#6599);
#2356=VERTEX_POINT('',#6603);
#2357=VERTEX_POINT('',#6607);
#2358=VERTEX_POINT('',#6611);
#2359=VERTEX_POINT('',#6615);
#2360=VERTEX_POINT('',#6622);
#2361=VERTEX_POINT('',#6623);
#2362=VERTEX_POINT('',#6628);
#2363=VERTEX_POINT('',#6632);
#2364=VERTEX_POINT('',#6636);
#2365=VERTEX_POINT('',#6638);
#2366=VERTEX_POINT('',#6773);
#2367=VERTEX_POINT('',#6777);
#2368=VERTEX_POINT('',#6798);
#2369=VERTEX_POINT('',#6800);
#2370=VERTEX_POINT('',#6803);
#2371=VERTEX_POINT('',#6808);
#2372=VERTEX_POINT('',#6810);
#2373=VERTEX_POINT('',#6814);
#2374=VERTEX_POINT('',#6821);
#2375=VERTEX_POINT('',#6824);
#2376=VERTEX_POINT('',#6828);
#2377=VERTEX_POINT('',#6836);
#2378=VERTEX_POINT('',#6838);
#2379=VERTEX_POINT('',#6842);
#2380=VERTEX_POINT('',#6846);
#2381=VERTEX_POINT('',#6853);
#2382=VERTEX_POINT('',#6855);
#2383=VERTEX_POINT('',#6859);
#2384=VERTEX_POINT('',#6866);
#2385=VERTEX_POINT('',#6869);
#2386=VERTEX_POINT('',#6873);
#2387=VERTEX_POINT('',#6878);
#2388=VERTEX_POINT('',#6885);
#2389=VERTEX_POINT('',#6887);
#2390=VERTEX_POINT('',#6892);
#2391=VERTEX_POINT('',#6896);
#2392=VERTEX_POINT('',#6904);
#2393=VERTEX_POINT('',#6906);
#2394=VERTEX_POINT('',#6911);
#2395=VERTEX_POINT('',#6935);
#2396=VERTEX_POINT('',#6937);
#2397=VERTEX_POINT('',#6941);
#2398=VERTEX_POINT('',#6945);
#2399=VERTEX_POINT('',#6949);
#2400=VERTEX_POINT('',#6953);
#2401=VERTEX_POINT('',#6957);
#2402=VERTEX_POINT('',#6964);
#2403=VERTEX_POINT('',#6966);
#2404=VERTEX_POINT('',#6970);
#2405=VERTEX_POINT('',#6974);
#2406=VERTEX_POINT('',#6981);
#2407=VERTEX_POINT('',#6983);
#2408=VERTEX_POINT('',#6987);
#2409=VERTEX_POINT('',#6991);
#2410=VERTEX_POINT('',#6998);
#2411=VERTEX_POINT('',#7000);
#2412=VERTEX_POINT('',#7004);
#2413=VERTEX_POINT('',#7015);
#2414=VERTEX_POINT('',#7028);
#2415=VERTEX_POINT('',#7041);
#2416=VERTEX_POINT('',#7047);
#2417=VERTEX_POINT('',#7051);
#2418=VERTEX_POINT('',#7055);
#2419=VERTEX_POINT('',#7059);
#2420=VERTEX_POINT('',#7063);
#2421=VERTEX_POINT('',#7067);
#2422=VERTEX_POINT('',#7078);
#2423=VERTEX_POINT('',#7091);
#2424=VERTEX_POINT('',#7097);
#2425=VERTEX_POINT('',#7108);
#2426=VERTEX_POINT('',#7121);
#2427=VERTEX_POINT('',#7134);
#2428=VERTEX_POINT('',#7140);
#2429=VERTEX_POINT('',#7144);
#2430=VERTEX_POINT('',#7148);
#2431=VERTEX_POINT('',#7152);
#2432=VERTEX_POINT('',#7156);
#2433=VERTEX_POINT('',#7160);
#2434=VERTEX_POINT('',#7164);
#2435=VERTEX_POINT('',#7171);
#2436=VERTEX_POINT('',#7173);
#2437=VERTEX_POINT('',#7177);
#2438=VERTEX_POINT('',#7181);
#2439=VERTEX_POINT('',#7185);
#2440=VERTEX_POINT('',#7189);
#2441=VERTEX_POINT('',#7193);
#2442=VERTEX_POINT('',#7197);
#2443=VERTEX_POINT('',#7204);
#2444=VERTEX_POINT('',#7206);
#2445=VERTEX_POINT('',#7210);
#2446=VERTEX_POINT('',#7214);
#2447=VERTEX_POINT('',#7221);
#2448=VERTEX_POINT('',#7223);
#2449=VERTEX_POINT('',#7227);
#2450=VERTEX_POINT('',#7231);
#2451=VERTEX_POINT('',#7235);
#2452=VERTEX_POINT('',#7239);
#2453=VERTEX_POINT('',#7246);
#2454=VERTEX_POINT('',#7248);
#2455=VERTEX_POINT('',#7252);
#2456=VERTEX_POINT('',#7256);
#2457=VERTEX_POINT('',#7260);
#2458=VERTEX_POINT('',#7264);
#2459=VERTEX_POINT('',#7268);
#2460=VERTEX_POINT('',#7272);
#2461=VERTEX_POINT('',#7284);
#2462=VERTEX_POINT('',#7286);
#2463=VERTEX_POINT('',#7289);
#2464=VERTEX_POINT('',#7291);
#2465=VERTEX_POINT('',#7295);
#2466=VERTEX_POINT('',#7300);
#2467=VERTEX_POINT('',#7302);
#2468=VERTEX_POINT('',#7305);
#2469=VERTEX_POINT('',#7307);
#2470=VERTEX_POINT('',#7311);
#2471=LINE('',#5920,#2903);
#2472=LINE('',#5923,#2904);
#2473=LINE('',#5925,#2905);
#2474=LINE('',#5929,#2906);
#2475=LINE('',#5933,#2907);
#2476=LINE('',#5937,#2908);
#2477=LINE('',#5941,#2909);
#2478=LINE('',#5945,#2910);
#2479=LINE('',#5949,#2911);
#2480=LINE('',#5953,#2912);
#2481=LINE('',#5957,#2913);
#2482=LINE('',#5959,#2914);
#2483=LINE('',#5961,#2915);
#2484=LINE('',#5963,#2916);
#2485=LINE('',#5965,#2917);
#2486=LINE('',#5967,#2918);
#2487=LINE('',#5968,#2919);
#2488=LINE('',#5973,#2920);
#2489=LINE('',#5975,#2921);
#2490=LINE('',#5977,#2922);
#2491=LINE('',#5983,#2923);
#2492=LINE('',#5987,#2924);
#2493=LINE('',#5989,#2925);
#2494=LINE('',#5991,#2926);
#2495=LINE('',#5997,#2927);
#2496=LINE('',#6000,#2928);
#2497=LINE('',#6002,#2929);
#2498=LINE('',#6004,#2930);
#2499=LINE('',#6005,#2931);
#2500=LINE('',#6008,#2932);
#2501=LINE('',#6010,#2933);
#2502=LINE('',#6012,#2934);
#2503=LINE('',#6014,#2935);
#2504=LINE('',#6016,#2936);
#2505=LINE('',#6018,#2937);
#2506=LINE('',#6019,#2938);
#2507=LINE('',#6022,#2939);
#2508=LINE('',#6024,#2940);
#2509=LINE('',#6026,#2941);
#2510=LINE('',#6027,#2942);
#2511=LINE('',#6030,#2943);
#2512=LINE('',#6032,#2944);
#2513=LINE('',#6034,#2945);
#2514=LINE('',#6035,#2946);
#2515=LINE('',#6038,#2947);
#2516=LINE('',#6040,#2948);
#2517=LINE('',#6046,#2949);
#2518=LINE('',#6048,#2950);
#2519=LINE('',#6050,#2951);
#2520=LINE('',#6078,#2952);
#2521=LINE('',#6080,#2953);
#2522=LINE('',#6082,#2954);
#2523=LINE('',#6101,#2955);
#2524=LINE('',#6104,#2956);
#2525=LINE('',#6106,#2957);
#2526=LINE('',#6108,#2958);
#2527=LINE('',#6110,#2959);
#2528=LINE('',#6112,#2960);
#2529=LINE('',#6114,#2961);
#2530=LINE('',#6116,#2962);
#2531=LINE('',#6117,#2963);
#2532=LINE('',#6120,#2964);
#2533=LINE('',#6122,#2965);
#2534=LINE('',#6124,#2966);
#2535=LINE('',#6125,#2967);
#2536=LINE('',#6128,#2968);
#2537=LINE('',#6130,#2969);
#2538=LINE('',#6132,#2970);
#2539=LINE('',#6134,#2971);
#2540=LINE('',#6136,#2972);
#2541=LINE('',#6137,#2973);
#2542=LINE('',#6140,#2974);
#2543=LINE('',#6142,#2975);
#2544=LINE('',#6144,#2976);
#2545=LINE('',#6146,#2977);
#2546=LINE('',#6148,#2978);
#2547=LINE('',#6150,#2979);
#2548=LINE('',#6152,#2980);
#2549=LINE('',#6154,#2981);
#2550=LINE('',#6156,#2982);
#2551=LINE('',#6158,#2983);
#2552=LINE('',#6160,#2984);
#2553=LINE('',#6161,#2985);
#2554=LINE('',#6163,#2986);
#2555=LINE('',#6165,#2987);
#2556=LINE('',#6167,#2988);
#2557=LINE('',#6168,#2989);
#2558=LINE('',#6173,#2990);
#2559=LINE('',#6177,#2991);
#2560=LINE('',#6181,#2992);
#2561=LINE('',#6185,#2993);
#2562=LINE('',#6190,#2994);
#2563=LINE('',#6194,#2995);
#2564=LINE('',#6198,#2996);
#2565=LINE('',#6201,#2997);
#2566=LINE('',#6206,#2998);
#2567=LINE('',#6210,#2999);
#2568=LINE('',#6214,#3000);
#2569=LINE('',#6218,#3001);
#2570=LINE('',#6223,#3002);
#2571=LINE('',#6227,#3003);
#2572=LINE('',#6231,#3004);
#2573=LINE('',#6234,#3005);
#2574=LINE('',#6237,#3006);
#2575=LINE('',#6239,#3007);
#2576=LINE('',#6241,#3008);
#2577=LINE('',#6242,#3009);
#2578=LINE('',#6245,#3010);
#2579=LINE('',#6247,#3011);
#2580=LINE('',#6249,#3012);
#2581=LINE('',#6271,#3013);
#2582=LINE('',#6274,#3014);
#2583=LINE('',#6276,#3015);
#2584=LINE('',#6278,#3016);
#2585=LINE('',#6282,#3017);
#2586=LINE('',#6286,#3018);
#2587=LINE('',#6290,#3019);
#2588=LINE('',#6292,#3020);
#2589=LINE('',#6294,#3021);
#2590=LINE('',#6296,#3022);
#2591=LINE('',#6300,#3023);
#2592=LINE('',#6304,#3024);
#2593=LINE('',#6306,#3025);
#2594=LINE('',#6308,#3026);
#2595=LINE('',#6315,#3027);
#2596=LINE('',#6319,#3028);
#2597=LINE('',#6321,#3029);
#2598=LINE('',#6323,#3030);
#2599=LINE('',#6327,#3031);
#2600=LINE('',#6331,#3032);
#2601=LINE('',#6333,#3033);
#2602=LINE('',#6335,#3034);
#2603=LINE('',#6339,#3035);
#2604=LINE('',#6343,#3036);
#2605=LINE('',#6345,#3037);
#2606=LINE('',#6347,#3038);
#2607=LINE('',#6352,#3039);
#2608=LINE('',#6355,#3040);
#2609=LINE('',#6356,#3041);
#2610=LINE('',#6360,#3042);
#2611=LINE('',#6362,#3043);
#2612=LINE('',#6364,#3044);
#2613=LINE('',#6370,#3045);
#2614=LINE('',#6372,#3046);
#2615=LINE('',#6374,#3047);
#2616=LINE('',#6378,#3048);
#2617=LINE('',#6380,#3049);
#2618=LINE('',#6382,#3050);
#2619=LINE('',#6386,#3051);
#2620=LINE('',#6388,#3052);
#2621=LINE('',#6390,#3053);
#2622=LINE('',#6394,#3054);
#2623=LINE('',#6396,#3055);
#2624=LINE('',#6398,#3056);
#2625=LINE('',#6402,#3057);
#2626=LINE('',#6404,#3058);
#2627=LINE('',#6406,#3059);
#2628=LINE('',#6430,#3060);
#2629=LINE('',#6439,#3061);
#2630=LINE('',#6443,#3062);
#2631=LINE('',#6447,#3063);
#2632=LINE('',#6455,#3064);
#2633=LINE('',#6459,#3065);
#2634=LINE('',#6463,#3066);
#2635=LINE('',#6467,#3067);
#2636=LINE('',#6471,#3068);
#2637=LINE('',#6475,#3069);
#2638=LINE('',#6479,#3070);
#2639=LINE('',#6483,#3071);
#2640=LINE('',#6491,#3072);
#2641=LINE('',#6494,#3073);
#2642=LINE('',#6496,#3074);
#2643=LINE('',#6498,#3075);
#2644=LINE('',#6500,#3076);
#2645=LINE('',#6502,#3077);
#2646=LINE('',#6504,#3078);
#2647=LINE('',#6506,#3079);
#2648=LINE('',#6508,#3080);
#2649=LINE('',#6510,#3081);
#2650=LINE('',#6512,#3082);
#2651=LINE('',#6514,#3083);
#2652=LINE('',#6516,#3084);
#2653=LINE('',#6518,#3085);
#2654=LINE('',#6519,#3086);
#2655=LINE('',#6521,#3087);
#2656=LINE('',#6523,#3088);
#2657=LINE('',#6525,#3089);
#2658=LINE('',#6527,#3090);
#2659=LINE('',#6529,#3091);
#2660=LINE('',#6530,#3092);
#2661=LINE('',#6532,#3093);
#2662=LINE('',#6535,#3094);
#2663=LINE('',#6537,#3095);
#2664=LINE('',#6539,#3096);
#2665=LINE('',#6541,#3097);
#2666=LINE('',#6542,#3098);
#2667=LINE('',#6544,#3099);
#2668=LINE('',#6546,#3100);
#2669=LINE('',#6548,#3101);
#2670=LINE('',#6550,#3102);
#2671=LINE('',#6552,#3103);
#2672=LINE('',#6554,#3104);
#2673=LINE('',#6556,#3105);
#2674=LINE('',#6559,#3106);
#2675=LINE('',#6560,#3107);
#2676=LINE('',#6562,#3108);
#2677=LINE('',#6564,#3109);
#2678=LINE('',#6566,#3110);
#2679=LINE('',#6568,#3111);
#2680=LINE('',#6570,#3112);
#2681=LINE('',#6572,#3113);
#2682=LINE('',#6574,#3114);
#2683=LINE('',#6576,#3115);
#2684=LINE('',#6578,#3116);
#2685=LINE('',#6580,#3117);
#2686=LINE('',#6582,#3118);
#2687=LINE('',#6584,#3119);
#2688=LINE('',#6586,#3120);
#2689=LINE('',#6588,#3121);
#2690=LINE('',#6590,#3122);
#2691=LINE('',#6592,#3123);
#2692=LINE('',#6596,#3124);
#2693=LINE('',#6598,#3125);
#2694=LINE('',#6600,#3126);
#2695=LINE('',#6604,#3127);
#2696=LINE('',#6606,#3128);
#2697=LINE('',#6608,#3129);
#2698=LINE('',#6612,#3130);
#2699=LINE('',#6614,#3131);
#2700=LINE('',#6616,#3132);
#2701=LINE('',#6621,#3133);
#2702=LINE('',#6624,#3134);
#2703=LINE('',#6625,#3135);
#2704=LINE('',#6627,#3136);
#2705=LINE('',#6629,#3137);
#2706=LINE('',#6631,#3138);
#2707=LINE('',#6633,#3139);
#2708=LINE('',#6635,#3140);
#2709=LINE('',#6637,#3141);
#2710=LINE('',#6639,#3142);
#2711=LINE('',#6739,#3143);
#2712=LINE('',#6740,#3144);
#2713=LINE('',#6742,#3145);
#2714=LINE('',#6744,#3146);
#2715=LINE('',#6746,#3147);
#2716=LINE('',#6748,#3148);
#2717=LINE('',#6750,#3149);
#2718=LINE('',#6752,#3150);
#2719=LINE('',#6755,#3151);
#2720=LINE('',#6756,#3152);
#2721=LINE('',#6758,#3153);
#2722=LINE('',#6760,#3154);
#2723=LINE('',#6763,#3155);
#2724=LINE('',#6764,#3156);
#2725=LINE('',#6765,#3157);
#2726=LINE('',#6772,#3158);
#2727=LINE('',#6774,#3159);
#2728=LINE('',#6776,#3160);
#2729=LINE('',#6778,#3161);
#2730=LINE('',#6779,#3162);
#2731=LINE('',#6781,#3163);
#2732=LINE('',#6787,#3164);
#2733=LINE('',#6792,#3165);
#2734=LINE('',#6794,#3166);
#2735=LINE('',#6807,#3167);
#2736=LINE('',#6811,#3168);
#2737=LINE('',#6813,#3169);
#2738=LINE('',#6817,#3170);
#2739=LINE('',#6820,#3171);
#2740=LINE('',#6822,#3172);
#2741=LINE('',#6823,#3173);
#2742=LINE('',#6827,#3174);
#2743=LINE('',#6831,#3175);
#2744=LINE('',#6832,#3176);
#2745=LINE('',#6835,#3177);
#2746=LINE('',#6837,#3178);
#2747=LINE('',#6839,#3179);
#2748=LINE('',#6841,#3180);
#2749=LINE('',#6845,#3181);
#2750=LINE('',#6847,#3182);
#2751=LINE('',#6852,#3183);
#2752=LINE('',#6856,#3184);
#2753=LINE('',#6858,#3185);
#2754=LINE('',#6860,#3186);
#2755=LINE('',#6865,#3187);
#2756=LINE('',#6867,#3188);
#2757=LINE('',#6868,#3189);
#2758=LINE('',#6870,#3190);
#2759=LINE('',#6872,#3191);
#2760=LINE('',#6874,#3192);
#2761=LINE('',#6876,#3193);
#2762=LINE('',#6877,#3194);
#2763=LINE('',#6879,#3195);
#2764=LINE('',#6884,#3196);
#2765=LINE('',#6886,#3197);
#2766=LINE('',#6888,#3198);
#2767=LINE('',#6890,#3199);
#2768=LINE('',#6891,#3200);
#2769=LINE('',#6893,#3201);
#2770=LINE('',#6895,#3202);
#2771=LINE('',#6899,#3203);
#2772=LINE('',#6900,#3204);
#2773=LINE('',#6903,#3205);
#2774=LINE('',#6907,#3206);
#2775=LINE('',#6909,#3207);
#2776=LINE('',#6910,#3208);
#2777=LINE('',#6912,#3209);
#2778=LINE('',#6914,#3210);
#2779=LINE('',#6918,#3211);
#2780=LINE('',#6919,#3212);
#2781=LINE('',#6921,#3213);
#2782=LINE('',#6923,#3214);
#2783=LINE('',#6925,#3215);
#2784=LINE('',#6927,#3216);
#2785=LINE('',#6929,#3217);
#2786=LINE('',#6931,#3218);
#2787=LINE('',#6934,#3219);
#2788=LINE('',#6936,#3220);
#2789=LINE('',#6938,#3221);
#2790=LINE('',#6940,#3222);
#2791=LINE('',#6942,#3223);
#2792=LINE('',#6944,#3224);
#2793=LINE('',#6946,#3225);
#2794=LINE('',#6948,#3226);
#2795=LINE('',#6950,#3227);
#2796=LINE('',#6952,#3228);
#2797=LINE('',#6954,#3229);
#2798=LINE('',#6956,#3230);
#2799=LINE('',#6958,#3231);
#2800=LINE('',#6960,#3232);
#2801=LINE('',#6963,#3233);
#2802=LINE('',#6965,#3234);
#2803=LINE('',#6967,#3235);
#2804=LINE('',#6969,#3236);
#2805=LINE('',#6971,#3237);
#2806=LINE('',#6973,#3238);
#2807=LINE('',#6975,#3239);
#2808=LINE('',#6977,#3240);
#2809=LINE('',#6980,#3241);
#2810=LINE('',#6982,#3242);
#2811=LINE('',#6984,#3243);
#2812=LINE('',#6986,#3244);
#2813=LINE('',#6988,#3245);
#2814=LINE('',#6990,#3246);
#2815=LINE('',#6992,#3247);
#2816=LINE('',#6994,#3248);
#2817=LINE('',#6997,#3249);
#2818=LINE('',#6999,#3250);
#2819=LINE('',#7001,#3251);
#2820=LINE('',#7003,#3252);
#2821=LINE('',#7005,#3253);
#2822=LINE('',#7014,#3254);
#2823=LINE('',#7027,#3255);
#2824=LINE('',#7040,#3256);
#2825=LINE('',#7046,#3257);
#2826=LINE('',#7050,#3258);
#2827=LINE('',#7054,#3259);
#2828=LINE('',#7058,#3260);
#2829=LINE('',#7060,#3261);
#2830=LINE('',#7062,#3262);
#2831=LINE('',#7064,#3263);
#2832=LINE('',#7066,#3264);
#2833=LINE('',#7068,#3265);
#2834=LINE('',#7077,#3266);
#2835=LINE('',#7090,#3267);
#2836=LINE('',#7096,#3268);
#2837=LINE('',#7107,#3269);
#2838=LINE('',#7120,#3270);
#2839=LINE('',#7133,#3271);
#2840=LINE('',#7139,#3272);
#2841=LINE('',#7143,#3273);
#2842=LINE('',#7147,#3274);
#2843=LINE('',#7149,#3275);
#2844=LINE('',#7151,#3276);
#2845=LINE('',#7153,#3277);
#2846=LINE('',#7155,#3278);
#2847=LINE('',#7157,#3279);
#2848=LINE('',#7159,#3280);
#2849=LINE('',#7163,#3281);
#2850=LINE('',#7167,#3282);
#2851=LINE('',#7170,#3283);
#2852=LINE('',#7172,#3284);
#2853=LINE('',#7174,#3285);
#2854=LINE('',#7176,#3286);
#2855=LINE('',#7178,#3287);
#2856=LINE('',#7180,#3288);
#2857=LINE('',#7182,#3289);
#2858=LINE('',#7184,#3290);
#2859=LINE('',#7186,#3291);
#2860=LINE('',#7188,#3292);
#2861=LINE('',#7190,#3293);
#2862=LINE('',#7192,#3294);
#2863=LINE('',#7194,#3295);
#2864=LINE('',#7196,#3296);
#2865=LINE('',#7198,#3297);
#2866=LINE('',#7200,#3298);
#2867=LINE('',#7203,#3299);
#2868=LINE('',#7205,#3300);
#2869=LINE('',#7207,#3301);
#2870=LINE('',#7209,#3302);
#2871=LINE('',#7211,#3303);
#2872=LINE('',#7213,#3304);
#2873=LINE('',#7215,#3305);
#2874=LINE('',#7217,#3306);
#2875=LINE('',#7220,#3307);
#2876=LINE('',#7222,#3308);
#2877=LINE('',#7224,#3309);
#2878=LINE('',#7226,#3310);
#2879=LINE('',#7228,#3311);
#2880=LINE('',#7230,#3312);
#2881=LINE('',#7232,#3313);
#2882=LINE('',#7234,#3314);
#2883=LINE('',#7236,#3315);
#2884=LINE('',#7238,#3316);
#2885=LINE('',#7240,#3317);
#2886=LINE('',#7242,#3318);
#2887=LINE('',#7245,#3319);
#2888=LINE('',#7247,#3320);
#2889=LINE('',#7249,#3321);
#2890=LINE('',#7251,#3322);
#2891=LINE('',#7253,#3323);
#2892=LINE('',#7255,#3324);
#2893=LINE('',#7257,#3325);
#2894=LINE('',#7259,#3326);
#2895=LINE('',#7261,#3327);
#2896=LINE('',#7263,#3328);
#2897=LINE('',#7265,#3329);
#2898=LINE('',#7267,#3330);
#2899=LINE('',#7269,#3331);
#2900=LINE('',#7271,#3332);
#2901=LINE('',#7273,#3333);
#2902=LINE('',#7275,#3334);
#2903=VECTOR('',#4750,1.);
#2904=VECTOR('',#4751,1.);
#2905=VECTOR('',#4752,1.);
#2906=VECTOR('',#4755,1.);
#2907=VECTOR('',#4758,1.);
#2908=VECTOR('',#4761,1.);
#2909=VECTOR('',#4764,1.);
#2910=VECTOR('',#4767,1.);
#2911=VECTOR('',#4770,1.);
#2912=VECTOR('',#4773,1.);
#2913=VECTOR('',#4776,1.);
#2914=VECTOR('',#4777,1.);
#2915=VECTOR('',#4778,1.);
#2916=VECTOR('',#4779,1.);
#2917=VECTOR('',#4780,1.);
#2918=VECTOR('',#4781,1.);
#2919=VECTOR('',#4782,1.);
#2920=VECTOR('',#4785,1.);
#2921=VECTOR('',#4786,1.);
#2922=VECTOR('',#4787,1.);
#2923=VECTOR('',#4792,1.);
#2924=VECTOR('',#4795,1.);
#2925=VECTOR('',#4796,1.);
#2926=VECTOR('',#4797,1.);
#2927=VECTOR('',#4804,1.);
#2928=VECTOR('',#4805,1.);
#2929=VECTOR('',#4806,1.);
#2930=VECTOR('',#4807,1.);
#2931=VECTOR('',#4808,1.);
#2932=VECTOR('',#4809,1.);
#2933=VECTOR('',#4810,1.);
#2934=VECTOR('',#4811,1.);
#2935=VECTOR('',#4812,1.);
#2936=VECTOR('',#4813,1.);
#2937=VECTOR('',#4814,1.);
#2938=VECTOR('',#4815,1.);
#2939=VECTOR('',#4816,1.);
#2940=VECTOR('',#4817,1.);
#2941=VECTOR('',#4818,1.);
#2942=VECTOR('',#4819,1.);
#2943=VECTOR('',#4820,1.);
#2944=VECTOR('',#4821,1.);
#2945=VECTOR('',#4822,1.);
#2946=VECTOR('',#4823,1.);
#2947=VECTOR('',#4824,1.);
#2948=VECTOR('',#4825,1.);
#2949=VECTOR('',#4830,1.);
#2950=VECTOR('',#4831,1.);
#2951=VECTOR('',#4832,1.);
#2952=VECTOR('',#4839,1.);
#2953=VECTOR('',#4840,1.);
#2954=VECTOR('',#4841,1.);
#2955=VECTOR('',#4848,1.);
#2956=VECTOR('',#4849,1.);
#2957=VECTOR('',#4850,1.);
#2958=VECTOR('',#4851,1.);
#2959=VECTOR('',#4852,1.);
#2960=VECTOR('',#4853,1.);
#2961=VECTOR('',#4854,1.);
#2962=VECTOR('',#4855,1.);
#2963=VECTOR('',#4856,1.);
#2964=VECTOR('',#4857,1.);
#2965=VECTOR('',#4858,1.);
#2966=VECTOR('',#4859,1.);
#2967=VECTOR('',#4860,1.);
#2968=VECTOR('',#4861,1.);
#2969=VECTOR('',#4862,1.);
#2970=VECTOR('',#4863,1.);
#2971=VECTOR('',#4864,1.);
#2972=VECTOR('',#4865,1.);
#2973=VECTOR('',#4866,1.);
#2974=VECTOR('',#4867,1.);
#2975=VECTOR('',#4868,1.);
#2976=VECTOR('',#4869,1.);
#2977=VECTOR('',#4870,1.);
#2978=VECTOR('',#4871,1.);
#2979=VECTOR('',#4872,1.);
#2980=VECTOR('',#4873,1.);
#2981=VECTOR('',#4876,1.);
#2982=VECTOR('',#4877,1.);
#2983=VECTOR('',#4878,1.);
#2984=VECTOR('',#4879,1.);
#2985=VECTOR('',#4880,1.);
#2986=VECTOR('',#4881,1.);
#2987=VECTOR('',#4882,1.);
#2988=VECTOR('',#4883,1.);
#2989=VECTOR('',#4884,1.);
#2990=VECTOR('',#4887,1.);
#2991=VECTOR('',#4890,1.);
#2992=VECTOR('',#4893,1.);
#2993=VECTOR('',#4898,1.);
#2994=VECTOR('',#4901,1.);
#2995=VECTOR('',#4904,1.);
#2996=VECTOR('',#4907,1.);
#2997=VECTOR('',#4910,1.);
#2998=VECTOR('',#4913,1.);
#2999=VECTOR('',#4916,1.);
#3000=VECTOR('',#4919,1.);
#3001=VECTOR('',#4924,1.);
#3002=VECTOR('',#4927,1.);
#3003=VECTOR('',#4930,1.);
#3004=VECTOR('',#4933,1.);
#3005=VECTOR('',#4936,1.);
#3006=VECTOR('',#4937,1.);
#3007=VECTOR('',#4938,1.);
#3008=VECTOR('',#4939,1.);
#3009=VECTOR('',#4940,1.);
#3010=VECTOR('',#4941,1.);
#3011=VECTOR('',#4942,1.);
#3012=VECTOR('',#4943,1.);
#3013=VECTOR('',#4970,1.);
#3014=VECTOR('',#4971,1.);
#3015=VECTOR('',#4972,1.);
#3016=VECTOR('',#4973,1.);
#3017=VECTOR('',#4978,1.);
#3018=VECTOR('',#4981,1.);
#3019=VECTOR('',#4986,1.);
#3020=VECTOR('',#4987,1.);
#3021=VECTOR('',#4988,1.);
#3022=VECTOR('',#4989,1.);
#3023=VECTOR('',#4994,1.);
#3024=VECTOR('',#4999,1.);
#3025=VECTOR('',#5000,1.);
#3026=VECTOR('',#5001,1.);
#3027=VECTOR('',#5012,1.);
#3028=VECTOR('',#5017,1.);
#3029=VECTOR('',#5018,1.);
#3030=VECTOR('',#5019,1.);
#3031=VECTOR('',#5024,1.);
#3032=VECTOR('',#5029,1.);
#3033=VECTOR('',#5030,1.);
#3034=VECTOR('',#5031,1.);
#3035=VECTOR('',#5036,1.);
#3036=VECTOR('',#5041,1.);
#3037=VECTOR('',#5042,1.);
#3038=VECTOR('',#5043,1.);
#3039=VECTOR('',#5052,1.);
#3040=VECTOR('',#5053,1.);
#3041=VECTOR('',#5054,1.);
#3042=VECTOR('',#5059,1.);
#3043=VECTOR('',#5062,1.);
#3044=VECTOR('',#5063,1.);
#3045=VECTOR('',#5072,1.);
#3046=VECTOR('',#5075,1.);
#3047=VECTOR('',#5076,1.);
#3048=VECTOR('',#5081,1.);
#3049=VECTOR('',#5084,1.);
#3050=VECTOR('',#5085,1.);
#3051=VECTOR('',#5090,1.);
#3052=VECTOR('',#5093,1.);
#3053=VECTOR('',#5094,1.);
#3054=VECTOR('',#5099,1.);
#3055=VECTOR('',#5102,1.);
#3056=VECTOR('',#5103,1.);
#3057=VECTOR('',#5108,1.);
#3058=VECTOR('',#5111,1.);
#3059=VECTOR('',#5112,1.);
#3060=VECTOR('',#5143,1.);
#3061=VECTOR('',#5150,1.);
#3062=VECTOR('',#5153,1.);
#3063=VECTOR('',#5156,1.);
#3064=VECTOR('',#5163,1.);
#3065=VECTOR('',#5166,1.);
#3066=VECTOR('',#5169,1.);
#3067=VECTOR('',#5172,1.);
#3068=VECTOR('',#5175,1.);
#3069=VECTOR('',#5178,1.);
#3070=VECTOR('',#5181,1.);
#3071=VECTOR('',#5184,1.);
#3072=VECTOR('',#5199,1.);
#3073=VECTOR('',#5200,1.);
#3074=VECTOR('',#5201,1.);
#3075=VECTOR('',#5202,1.);
#3076=VECTOR('',#5203,1.);
#3077=VECTOR('',#5204,1.);
#3078=VECTOR('',#5205,1.);
#3079=VECTOR('',#5206,1.);
#3080=VECTOR('',#5207,1.);
#3081=VECTOR('',#5210,1.);
#3082=VECTOR('',#5211,1.);
#3083=VECTOR('',#5212,1.);
#3084=VECTOR('',#5213,1.);
#3085=VECTOR('',#5214,1.);
#3086=VECTOR('',#5215,1.);
#3087=VECTOR('',#5218,1.);
#3088=VECTOR('',#5219,1.);
#3089=VECTOR('',#5220,1.);
#3090=VECTOR('',#5221,1.);
#3091=VECTOR('',#5224,1.);
#3092=VECTOR('',#5225,1.);
#3093=VECTOR('',#5228,1.);
#3094=VECTOR('',#5229,1.);
#3095=VECTOR('',#5230,1.);
#3096=VECTOR('',#5231,1.);
#3097=VECTOR('',#5232,1.);
#3098=VECTOR('',#5233,1.);
#3099=VECTOR('',#5234,1.);
#3100=VECTOR('',#5235,1.);
#3101=VECTOR('',#5236,1.);
#3102=VECTOR('',#5239,1.);
#3103=VECTOR('',#5240,1.);
#3104=VECTOR('',#5241,1.);
#3105=VECTOR('',#5244,1.);
#3106=VECTOR('',#5245,1.);
#3107=VECTOR('',#5246,1.);
#3108=VECTOR('',#5249,1.);
#3109=VECTOR('',#5250,1.);
#3110=VECTOR('',#5251,1.);
#3111=VECTOR('',#5254,1.);
#3112=VECTOR('',#5255,1.);
#3113=VECTOR('',#5256,1.);
#3114=VECTOR('',#5257,1.);
#3115=VECTOR('',#5258,1.);
#3116=VECTOR('',#5261,1.);
#3117=VECTOR('',#5262,1.);
#3118=VECTOR('',#5265,1.);
#3119=VECTOR('',#5266,1.);
#3120=VECTOR('',#5269,1.);
#3121=VECTOR('',#5272,1.);
#3122=VECTOR('',#5273,1.);
#3123=VECTOR('',#5274,1.);
#3124=VECTOR('',#5279,1.);
#3125=VECTOR('',#5282,1.);
#3126=VECTOR('',#5283,1.);
#3127=VECTOR('',#5288,1.);
#3128=VECTOR('',#5291,1.);
#3129=VECTOR('',#5292,1.);
#3130=VECTOR('',#5297,1.);
#3131=VECTOR('',#5300,1.);
#3132=VECTOR('',#5301,1.);
#3133=VECTOR('',#5310,1.);
#3134=VECTOR('',#5311,1.);
#3135=VECTOR('',#5312,1.);
#3136=VECTOR('',#5315,1.);
#3137=VECTOR('',#5316,1.);
#3138=VECTOR('',#5319,1.);
#3139=VECTOR('',#5320,1.);
#3140=VECTOR('',#5323,1.);
#3141=VECTOR('',#5324,1.);
#3142=VECTOR('',#5325,1.);
#3143=VECTOR('',#5364,1.);
#3144=VECTOR('',#5365,1.);
#3145=VECTOR('',#5368,1.);
#3146=VECTOR('',#5371,1.);
#3147=VECTOR('',#5374,1.);
#3148=VECTOR('',#5377,1.);
#3149=VECTOR('',#5380,1.);
#3150=VECTOR('',#5383,1.);
#3151=VECTOR('',#5388,1.);
#3152=VECTOR('',#5389,1.);
#3153=VECTOR('',#5392,1.);
#3154=VECTOR('',#5395,1.);
#3155=VECTOR('',#5400,1.);
#3156=VECTOR('',#5401,1.);
#3157=VECTOR('',#5402,1.);
#3158=VECTOR('',#5407,1.);
#3159=VECTOR('',#5408,1.);
#3160=VECTOR('',#5411,1.);
#3161=VECTOR('',#5412,1.);
#3162=VECTOR('',#5413,1.);
#3163=VECTOR('',#5416,1.);
#3164=VECTOR('',#5419,1.);
#3165=VECTOR('',#5428,1.);
#3166=VECTOR('',#5431,1.);
#3167=VECTOR('',#5450,1.);
#3168=VECTOR('',#5453,1.);
#3169=VECTOR('',#5456,1.);
#3170=VECTOR('',#5461,1.);
#3171=VECTOR('',#5466,1.);
#3172=VECTOR('',#5467,1.);
#3173=VECTOR('',#5468,1.);
#3174=VECTOR('',#5473,1.);
#3175=VECTOR('',#5478,1.);
#3176=VECTOR('',#5479,1.);
#3177=VECTOR('',#5484,1.);
#3178=VECTOR('',#5485,1.);
#3179=VECTOR('',#5486,1.);
#3180=VECTOR('',#5489,1.);
#3181=VECTOR('',#5494,1.);
#3182=VECTOR('',#5495,1.);
#3183=VECTOR('',#5504,1.);
#3184=VECTOR('',#5507,1.);
#3185=VECTOR('',#5510,1.);
#3186=VECTOR('',#5511,1.);
#3187=VECTOR('',#5520,1.);
#3188=VECTOR('',#5521,1.);
#3189=VECTOR('',#5522,1.);
#3190=VECTOR('',#5523,1.);
#3191=VECTOR('',#5526,1.);
#3192=VECTOR('',#5527,1.);
#3193=VECTOR('',#5530,1.);
#3194=VECTOR('',#5531,1.);
#3195=VECTOR('',#5532,1.);
#3196=VECTOR('',#5541,1.);
#3197=VECTOR('',#5542,1.);
#3198=VECTOR('',#5543,1.);
#3199=VECTOR('',#5546,1.);
#3200=VECTOR('',#5547,1.);
#3201=VECTOR('',#5548,1.);
#3202=VECTOR('',#5551,1.);
#3203=VECTOR('',#5556,1.);
#3204=VECTOR('',#5557,1.);
#3205=VECTOR('',#5562,1.);
#3206=VECTOR('',#5565,1.);
#3207=VECTOR('',#5568,1.);
#3208=VECTOR('',#5569,1.);
#3209=VECTOR('',#5570,1.);
#3210=VECTOR('',#5573,1.);
#3211=VECTOR('',#5580,1.);
#3212=VECTOR('',#5581,1.);
#3213=VECTOR('',#5584,1.);
#3214=VECTOR('',#5587,1.);
#3215=VECTOR('',#5590,1.);
#3216=VECTOR('',#5593,1.);
#3217=VECTOR('',#5596,1.);
#3218=VECTOR('',#5599,1.);
#3219=VECTOR('',#5604,1.);
#3220=VECTOR('',#5605,1.);
#3221=VECTOR('',#5606,1.);
#3222=VECTOR('',#5609,1.);
#3223=VECTOR('',#5610,1.);
#3224=VECTOR('',#5613,1.);
#3225=VECTOR('',#5614,1.);
#3226=VECTOR('',#5617,1.);
#3227=VECTOR('',#5618,1.);
#3228=VECTOR('',#5621,1.);
#3229=VECTOR('',#5622,1.);
#3230=VECTOR('',#5625,1.);
#3231=VECTOR('',#5626,1.);
#3232=VECTOR('',#5629,1.);
#3233=VECTOR('',#5634,1.);
#3234=VECTOR('',#5635,1.);
#3235=VECTOR('',#5636,1.);
#3236=VECTOR('',#5639,1.);
#3237=VECTOR('',#5640,1.);
#3238=VECTOR('',#5643,1.);
#3239=VECTOR('',#5644,1.);
#3240=VECTOR('',#5647,1.);
#3241=VECTOR('',#5652,1.);
#3242=VECTOR('',#5653,1.);
#3243=VECTOR('',#5654,1.);
#3244=VECTOR('',#5657,1.);
#3245=VECTOR('',#5658,1.);
#3246=VECTOR('',#5661,1.);
#3247=VECTOR('',#5662,1.);
#3248=VECTOR('',#5665,1.);
#3249=VECTOR('',#5670,1.);
#3250=VECTOR('',#5671,1.);
#3251=VECTOR('',#5672,1.);
#3252=VECTOR('',#5675,1.);
#3253=VECTOR('',#5676,1.);
#3254=VECTOR('',#5677,1.);
#3255=VECTOR('',#5678,1.);
#3256=VECTOR('',#5679,1.);
#3257=VECTOR('',#5682,1.);
#3258=VECTOR('',#5687,1.);
#3259=VECTOR('',#5692,1.);
#3260=VECTOR('',#5697,1.);
#3261=VECTOR('',#5698,1.);
#3262=VECTOR('',#5701,1.);
#3263=VECTOR('',#5702,1.);
#3264=VECTOR('',#5705,1.);
#3265=VECTOR('',#5706,1.);
#3266=VECTOR('',#5707,1.);
#3267=VECTOR('',#5708,1.);
#3268=VECTOR('',#5711,1.);
#3269=VECTOR('',#5714,1.);
#3270=VECTOR('',#5715,1.);
#3271=VECTOR('',#5716,1.);
#3272=VECTOR('',#5719,1.);
#3273=VECTOR('',#5724,1.);
#3274=VECTOR('',#5729,1.);
#3275=VECTOR('',#5730,1.);
#3276=VECTOR('',#5733,1.);
#3277=VECTOR('',#5734,1.);
#3278=VECTOR('',#5737,1.);
#3279=VECTOR('',#5738,1.);
#3280=VECTOR('',#5741,1.);
#3281=VECTOR('',#5746,1.);
#3282=VECTOR('',#5751,1.);
#3283=VECTOR('',#5756,1.);
#3284=VECTOR('',#5757,1.);
#3285=VECTOR('',#5758,1.);
#3286=VECTOR('',#5761,1.);
#3287=VECTOR('',#5762,1.);
#3288=VECTOR('',#5765,1.);
#3289=VECTOR('',#5766,1.);
#3290=VECTOR('',#5769,1.);
#3291=VECTOR('',#5770,1.);
#3292=VECTOR('',#5773,1.);
#3293=VECTOR('',#5774,1.);
#3294=VECTOR('',#5777,1.);
#3295=VECTOR('',#5778,1.);
#3296=VECTOR('',#5781,1.);
#3297=VECTOR('',#5782,1.);
#3298=VECTOR('',#5785,1.);
#3299=VECTOR('',#5790,1.);
#3300=VECTOR('',#5791,1.);
#3301=VECTOR('',#5792,1.);
#3302=VECTOR('',#5795,1.);
#3303=VECTOR('',#5796,1.);
#3304=VECTOR('',#5799,1.);
#3305=VECTOR('',#5800,1.);
#3306=VECTOR('',#5803,1.);
#3307=VECTOR('',#5808,1.);
#3308=VECTOR('',#5809,1.);
#3309=VECTOR('',#5810,1.);
#3310=VECTOR('',#5813,1.);
#3311=VECTOR('',#5814,1.);
#3312=VECTOR('',#5817,1.);
#3313=VECTOR('',#5818,1.);
#3314=VECTOR('',#5821,1.);
#3315=VECTOR('',#5822,1.);
#3316=VECTOR('',#5825,1.);
#3317=VECTOR('',#5826,1.);
#3318=VECTOR('',#5829,1.);
#3319=VECTOR('',#5834,1.);
#3320=VECTOR('',#5835,1.);
#3321=VECTOR('',#5836,1.);
#3322=VECTOR('',#5839,1.);
#3323=VECTOR('',#5840,1.);
#3324=VECTOR('',#5843,1.);
#3325=VECTOR('',#5844,1.);
#3326=VECTOR('',#5847,1.);
#3327=VECTOR('',#5848,1.);
#3328=VECTOR('',#5851,1.);
#3329=VECTOR('',#5852,1.);
#3330=VECTOR('',#5855,1.);
#3331=VECTOR('',#5856,1.);
#3332=VECTOR('',#5859,1.);
#3333=VECTOR('',#5860,1.);
#3334=VECTOR('',#5863,1.);
#3335=EDGE_LOOP('',(#281,#282,#283,#284,#285,#286,#287,#288,#289,#290,#291,
#292,#293,#294,#295,#296,#297,#298,#299,#300,#301,#302,#303,#304));
#3336=EDGE_LOOP('',(#305,#306,#307,#308,#309,#310,#311,#312,#313,#314,#315,
#316,#317,#318));
#3337=EDGE_LOOP('',(#319,#320,#321,#322));
#3338=EDGE_LOOP('',(#323,#324,#325,#326,#327,#328,#329));
#3339=EDGE_LOOP('',(#330,#331,#332,#333));
#3340=EDGE_LOOP('',(#334,#335,#336,#337));
#3341=EDGE_LOOP('',(#338,#339,#340,#341,#342,#343,#344,#345,#346,#347,#348,
#349,#350,#351,#352,#353,#354,#355,#356,#357,#358,#359,#360,#361,#362));
#3342=EDGE_LOOP('',(#363,#364,#365,#366,#367,#368,#369,#370));
#3343=EDGE_LOOP('',(#371,#372,#373,#374));
#3344=EDGE_LOOP('',(#375,#376,#377,#378,#379,#380));
#3345=EDGE_LOOP('',(#381,#382,#383,#384,#385,#386,#387,#388));
#3346=EDGE_LOOP('',(#389,#390,#391,#392,#393,#394,#395,#396,#397,#398));
#3347=EDGE_LOOP('',(#399,#400,#401,#402,#403,#404,#405,#406));
#3348=EDGE_LOOP('',(#407,#408,#409,#410,#411,#412,#413,#414));
#3349=EDGE_LOOP('',(#415,#416,#417,#418,#419,#420,#421,#422));
#3350=EDGE_LOOP('',(#423,#424,#425,#426,#427,#428,#429,#430));
#3351=EDGE_LOOP('',(#431,#432,#433,#434));
#3352=EDGE_LOOP('',(#435,#436,#437,#438));
#3353=EDGE_LOOP('',(#439));
#3354=EDGE_LOOP('',(#440));
#3355=EDGE_LOOP('',(#441));
#3356=EDGE_LOOP('',(#442));
#3357=EDGE_LOOP('',(#443));
#3358=EDGE_LOOP('',(#444));
#3359=EDGE_LOOP('',(#445));
#3360=EDGE_LOOP('',(#446));
#3361=EDGE_LOOP('',(#447,#448,#449,#450));
#3362=EDGE_LOOP('',(#451,#452,#453,#454,#455,#456));
#3363=EDGE_LOOP('',(#457,#458,#459,#460,#461));
#3364=EDGE_LOOP('',(#462,#463,#464,#465));
#3365=EDGE_LOOP('',(#466,#467,#468,#469));
#3366=EDGE_LOOP('',(#470,#471,#472,#473));
#3367=EDGE_LOOP('',(#474,#475,#476,#477));
#3368=EDGE_LOOP('',(#478,#479,#480,#481));
#3369=EDGE_LOOP('',(#482,#483,#484,#485));
#3370=EDGE_LOOP('',(#486,#487,#488,#489));
#3371=EDGE_LOOP('',(#490,#491,#492,#493));
#3372=EDGE_LOOP('',(#494,#495,#496,#497));
#3373=EDGE_LOOP('',(#498,#499,#500,#501));
#3374=EDGE_LOOP('',(#502,#503,#504,#505));
#3375=EDGE_LOOP('',(#506,#507,#508,#509));
#3376=EDGE_LOOP('',(#510,#511,#512,#513));
#3377=EDGE_LOOP('',(#514,#515,#516,#517));
#3378=EDGE_LOOP('',(#518,#519,#520,#521));
#3379=EDGE_LOOP('',(#522,#523,#524,#525));
#3380=EDGE_LOOP('',(#526,#527,#528,#529));
#3381=EDGE_LOOP('',(#530,#531,#532,#533));
#3382=EDGE_LOOP('',(#534,#535,#536,#537));
#3383=EDGE_LOOP('',(#538,#539,#540,#541));
#3384=EDGE_LOOP('',(#542,#543,#544,#545));
#3385=EDGE_LOOP('',(#546,#547,#548,#549));
#3386=EDGE_LOOP('',(#550,#551,#552,#553));
#3387=EDGE_LOOP('',(#554,#555,#556,#557));
#3388=EDGE_LOOP('',(#558,#559,#560,#561));
#3389=EDGE_LOOP('',(#562,#563,#564,#565));
#3390=EDGE_LOOP('',(#566,#567,#568,#569,#570,#571,#572,#573,#574,#575,#576,
#577,#578,#579,#580,#581));
#3391=EDGE_LOOP('',(#582));
#3392=EDGE_LOOP('',(#583));
#3393=EDGE_LOOP('',(#584));
#3394=EDGE_LOOP('',(#585));
#3395=EDGE_LOOP('',(#586,#587,#588,#589,#590,#591,#592,#593,#594,#595,#596,
#597,#598,#599,#600,#601));
#3396=EDGE_LOOP('',(#602,#603,#604,#605,#606,#607,#608,#609));
#3397=EDGE_LOOP('',(#610,#611,#612));
#3398=EDGE_LOOP('',(#613,#614,#615,#616));
#3399=EDGE_LOOP('',(#617,#618,#619));
#3400=EDGE_LOOP('',(#620));
#3401=EDGE_LOOP('',(#621,#622,#623,#624,#625,#626,#627,#628,#629,#630,#631,
#632,#633,#634,#635,#636));
#3402=EDGE_LOOP('',(#637,#638,#639,#640));
#3403=EDGE_LOOP('',(#641));
#3404=EDGE_LOOP('',(#642));
#3405=EDGE_LOOP('',(#643));
#3406=EDGE_LOOP('',(#644));
#3407=EDGE_LOOP('',(#645,#646,#647,#648,#649,#650,#651,#652,#653));
#3408=EDGE_LOOP('',(#654,#655,#656,#657,#658,#659,#660,#661));
#3409=EDGE_LOOP('',(#662,#663,#664,#665,#666));
#3410=EDGE_LOOP('',(#667,#668,#669,#670));
#3411=EDGE_LOOP('',(#671,#672,#673,#674,#675,#676,#677,#678,#679,#680));
#3412=EDGE_LOOP('',(#681,#682,#683,#684,#685));
#3413=EDGE_LOOP('',(#686,#687,#688,#689,#690));
#3414=EDGE_LOOP('',(#691,#692,#693,#694));
#3415=EDGE_LOOP('',(#695,#696,#697,#698,#699,#700));
#3416=EDGE_LOOP('',(#701,#702,#703,#704,#705));
#3417=EDGE_LOOP('',(#706,#707,#708,#709));
#3418=EDGE_LOOP('',(#710,#711,#712,#713,#714));
#3419=EDGE_LOOP('',(#715,#716,#717,#718));
#3420=EDGE_LOOP('',(#719,#720,#721,#722));
#3421=EDGE_LOOP('',(#723,#724,#725,#726));
#3422=EDGE_LOOP('',(#727,#728,#729,#730));
#3423=EDGE_LOOP('',(#731,#732,#733,#734));
#3424=EDGE_LOOP('',(#735,#736,#737,#738));
#3425=EDGE_LOOP('',(#739,#740,#741,#742));
#3426=EDGE_LOOP('',(#743,#744,#745,#746));
#3427=EDGE_LOOP('',(#747,#748,#749,#750));
#3428=EDGE_LOOP('',(#751,#752,#753,#754));
#3429=EDGE_LOOP('',(#755,#756,#757,#758));
#3430=EDGE_LOOP('',(#759,#760,#761,#762));
#3431=EDGE_LOOP('',(#763,#764,#765,#766));
#3432=EDGE_LOOP('',(#767,#768,#769,#770));
#3433=EDGE_LOOP('',(#771,#772,#773,#774));
#3434=EDGE_LOOP('',(#775,#776,#777,#778));
#3435=EDGE_LOOP('',(#779,#780,#781,#782));
#3436=EDGE_LOOP('',(#783,#784,#785,#786));
#3437=EDGE_LOOP('',(#787,#788,#789,#790));
#3438=EDGE_LOOP('',(#791,#792,#793));
#3439=EDGE_LOOP('',(#794,#795,#796,#797));
#3440=EDGE_LOOP('',(#798,#799,#800,#801));
#3441=EDGE_LOOP('',(#802,#803,#804,#805));
#3442=EDGE_LOOP('',(#806,#807,#808,#809));
#3443=EDGE_LOOP('',(#810,#811,#812,#813));
#3444=EDGE_LOOP('',(#814,#815,#816,#817));
#3445=EDGE_LOOP('',(#818,#819,#820,#821));
#3446=EDGE_LOOP('',(#822,#823,#824,#825));
#3447=EDGE_LOOP('',(#826,#827,#828,#829));
#3448=EDGE_LOOP('',(#830,#831,#832,#833));
#3449=EDGE_LOOP('',(#834,#835,#836,#837));
#3450=EDGE_LOOP('',(#838,#839,#840,#841));
#3451=EDGE_LOOP('',(#842,#843,#844,#845));
#3452=EDGE_LOOP('',(#846,#847,#848,#849));
#3453=EDGE_LOOP('',(#850,#851,#852,#853));
#3454=EDGE_LOOP('',(#854,#855,#856,#857));
#3455=EDGE_LOOP('',(#858,#859,#860,#861));
#3456=EDGE_LOOP('',(#862,#863,#864,#865));
#3457=EDGE_LOOP('',(#866,#867,#868,#869));
#3458=EDGE_LOOP('',(#870,#871,#872,#873,#874));
#3459=EDGE_LOOP('',(#875,#876,#877,#878,#879));
#3460=EDGE_LOOP('',(#880,#881,#882,#883,#884,#885));
#3461=EDGE_LOOP('',(#886,#887,#888,#889,#890,#891,#892,#893));
#3462=EDGE_LOOP('',(#894,#895,#896,#897));
#3463=EDGE_LOOP('',(#898,#899,#900,#901,#902));
#3464=EDGE_LOOP('',(#903,#904,#905,#906,#907,#908));
#3465=EDGE_LOOP('',(#909,#910,#911,#912,#913));
#3466=EDGE_LOOP('',(#914,#915,#916,#917));
#3467=EDGE_LOOP('',(#918,#919,#920,#921));
#3468=EDGE_LOOP('',(#922,#923,#924,#925,#926));
#3469=EDGE_LOOP('',(#927,#928,#929,#930,#931));
#3470=EDGE_LOOP('',(#932,#933,#934,#935,#936));
#3471=EDGE_LOOP('',(#937,#938,#939,#940));
#3472=EDGE_LOOP('',(#941,#942,#943,#944,#945));
#3473=EDGE_LOOP('',(#946));
#3474=EDGE_LOOP('',(#947));
#3475=EDGE_LOOP('',(#948));
#3476=EDGE_LOOP('',(#949));
#3477=EDGE_LOOP('',(#950));
#3478=EDGE_LOOP('',(#951));
#3479=EDGE_LOOP('',(#952));
#3480=EDGE_LOOP('',(#953,#954,#955,#956));
#3481=EDGE_LOOP('',(#957,#958,#959,#960));
#3482=EDGE_LOOP('',(#961,#962,#963,#964));
#3483=EDGE_LOOP('',(#965,#966,#967));
#3484=EDGE_LOOP('',(#968,#969,#970,#971,#972));
#3485=EDGE_LOOP('',(#973,#974,#975,#976));
#3486=EDGE_LOOP('',(#977,#978,#979,#980,#981));
#3487=EDGE_LOOP('',(#982,#983,#984));
#3488=EDGE_LOOP('',(#985,#986,#987,#988));
#3489=EDGE_LOOP('',(#989,#990,#991,#992));
#3490=EDGE_LOOP('',(#993,#994,#995,#996));
#3491=EDGE_LOOP('',(#997,#998,#999,#1000));
#3492=EDGE_LOOP('',(#1001,#1002,#1003,#1004));
#3493=EDGE_LOOP('',(#1005,#1006,#1007,#1008));
#3494=EDGE_LOOP('',(#1009,#1010,#1011,#1012));
#3495=EDGE_LOOP('',(#1013,#1014,#1015,#1016));
#3496=EDGE_LOOP('',(#1017,#1018,#1019));
#3497=EDGE_LOOP('',(#1020,#1021,#1022,#1023,#1024));
#3498=EDGE_LOOP('',(#1025,#1026,#1027,#1028));
#3499=EDGE_LOOP('',(#1029,#1030,#1031,#1032,#1033));
#3500=EDGE_LOOP('',(#1034,#1035,#1036,#1037));
#3501=EDGE_LOOP('',(#1038,#1039,#1040,#1041));
#3502=EDGE_LOOP('',(#1042,#1043,#1044,#1045));
#3503=EDGE_LOOP('',(#1046,#1047,#1048,#1049,#1050));
#3504=EDGE_LOOP('',(#1051,#1052,#1053,#1054));
#3505=EDGE_LOOP('',(#1055,#1056,#1057,#1058,#1059));
#3506=EDGE_LOOP('',(#1060,#1061,#1062,#1063));
#3507=EDGE_LOOP('',(#1064,#1065,#1066,#1067));
#3508=EDGE_LOOP('',(#1068,#1069,#1070,#1071,#1072));
#3509=EDGE_LOOP('',(#1073,#1074,#1075,#1076,#1077));
#3510=EDGE_LOOP('',(#1078,#1079,#1080));
#3511=EDGE_LOOP('',(#1081,#1082,#1083,#1084));
#3512=EDGE_LOOP('',(#1085,#1086,#1087,#1088));
#3513=EDGE_LOOP('',(#1089,#1090,#1091,#1092));
#3514=EDGE_LOOP('',(#1093,#1094,#1095,#1096));
#3515=EDGE_LOOP('',(#1097,#1098,#1099,#1100));
#3516=EDGE_LOOP('',(#1101,#1102,#1103,#1104));
#3517=EDGE_LOOP('',(#1105,#1106,#1107,#1108));
#3518=EDGE_LOOP('',(#1109,#1110,#1111,#1112));
#3519=EDGE_LOOP('',(#1113,#1114,#1115,#1116));
#3520=EDGE_LOOP('',(#1117,#1118,#1119,#1120));
#3521=EDGE_LOOP('',(#1121,#1122,#1123,#1124));
#3522=EDGE_LOOP('',(#1125,#1126,#1127,#1128));
#3523=EDGE_LOOP('',(#1129,#1130,#1131,#1132));
#3524=EDGE_LOOP('',(#1133,#1134,#1135,#1136));
#3525=EDGE_LOOP('',(#1137,#1138,#1139,#1140));
#3526=EDGE_LOOP('',(#1141,#1142,#1143,#1144,#1145,#1146,#1147));
#3527=EDGE_LOOP('',(#1148,#1149,#1150,#1151));
#3528=EDGE_LOOP('',(#1152,#1153,#1154,#1155));
#3529=EDGE_LOOP('',(#1156,#1157,#1158,#1159));
#3530=EDGE_LOOP('',(#1160,#1161,#1162,#1163));
#3531=EDGE_LOOP('',(#1164,#1165,#1166,#1167));
#3532=EDGE_LOOP('',(#1168,#1169,#1170,#1171));
#3533=EDGE_LOOP('',(#1172,#1173,#1174,#1175));
#3534=EDGE_LOOP('',(#1176,#1177,#1178,#1179));
#3535=EDGE_LOOP('',(#1180,#1181,#1182,#1183));
#3536=EDGE_LOOP('',(#1184,#1185,#1186,#1187));
#3537=EDGE_LOOP('',(#1188,#1189,#1190,#1191));
#3538=EDGE_LOOP('',(#1192,#1193,#1194,#1195));
#3539=EDGE_LOOP('',(#1196,#1197,#1198,#1199));
#3540=EDGE_LOOP('',(#1200,#1201,#1202,#1203));
#3541=EDGE_LOOP('',(#1204,#1205,#1206,#1207));
#3542=EDGE_LOOP('',(#1208,#1209,#1210,#1211));
#3543=EDGE_LOOP('',(#1212,#1213,#1214,#1215));
#3544=EDGE_LOOP('',(#1216,#1217,#1218,#1219));
#3545=EDGE_LOOP('',(#1220,#1221,#1222,#1223));
#3546=EDGE_LOOP('',(#1224,#1225,#1226,#1227));
#3547=EDGE_LOOP('',(#1228,#1229,#1230,#1231));
#3548=EDGE_LOOP('',(#1232,#1233,#1234,#1235));
#3549=EDGE_LOOP('',(#1236,#1237,#1238,#1239));
#3550=EDGE_LOOP('',(#1240,#1241,#1242,#1243));
#3551=EDGE_LOOP('',(#1244,#1245,#1246,#1247));
#3552=EDGE_LOOP('',(#1248,#1249,#1250,#1251));
#3553=EDGE_LOOP('',(#1252,#1253,#1254,#1255));
#3554=EDGE_LOOP('',(#1256,#1257,#1258,#1259));
#3555=EDGE_LOOP('',(#1260,#1261,#1262,#1263));
#3556=EDGE_LOOP('',(#1264,#1265,#1266,#1267));
#3557=EDGE_LOOP('',(#1268,#1269,#1270,#1271));
#3558=EDGE_LOOP('',(#1272,#1273,#1274,#1275));
#3559=EDGE_LOOP('',(#1276,#1277,#1278,#1279));
#3560=EDGE_LOOP('',(#1280,#1281,#1282,#1283));
#3561=EDGE_LOOP('',(#1284,#1285,#1286,#1287));
#3562=EDGE_LOOP('',(#1288,#1289,#1290,#1291,#1292,#1293,#1294,#1295,#1296,
#1297,#1298,#1299,#1300,#1301,#1302,#1303,#1304,#1305,#1306,#1307,#1308,
#1309,#1310,#1311,#1312));
#3563=EDGE_LOOP('',(#1313,#1314,#1315,#1316));
#3564=EDGE_LOOP('',(#1317,#1318,#1319,#1320));
#3565=EDGE_LOOP('',(#1321,#1322,#1323,#1324));
#3566=EDGE_LOOP('',(#1325,#1326,#1327,#1328));
#3567=EDGE_LOOP('',(#1329,#1330,#1331,#1332));
#3568=EDGE_LOOP('',(#1333,#1334,#1335,#1336));
#3569=EDGE_LOOP('',(#1337,#1338,#1339,#1340));
#3570=EDGE_LOOP('',(#1341,#1342,#1343,#1344));
#3571=EDGE_LOOP('',(#1345,#1346,#1347,#1348,#1349,#1350,#1351,#1352));
#3572=EDGE_LOOP('',(#1353,#1354,#1355,#1356));
#3573=EDGE_LOOP('',(#1357,#1358,#1359,#1360));
#3574=EDGE_LOOP('',(#1361,#1362,#1363,#1364));
#3575=EDGE_LOOP('',(#1365,#1366,#1367,#1368));
#3576=EDGE_LOOP('',(#1369,#1370,#1371,#1372));
#3577=EDGE_LOOP('',(#1373,#1374,#1375,#1376));
#3578=EDGE_LOOP('',(#1377,#1378,#1379,#1380));
#3579=EDGE_LOOP('',(#1381,#1382,#1383,#1384));
#3580=EDGE_LOOP('',(#1385,#1386,#1387,#1388));
#3581=EDGE_LOOP('',(#1389,#1390,#1391,#1392));
#3582=EDGE_LOOP('',(#1393,#1394,#1395,#1396));
#3583=EDGE_LOOP('',(#1397,#1398,#1399,#1400,#1401,#1402));
#3584=EDGE_LOOP('',(#1403,#1404,#1405,#1406));
#3585=EDGE_LOOP('',(#1407,#1408,#1409,#1410));
#3586=EDGE_LOOP('',(#1411,#1412,#1413,#1414));
#3587=EDGE_LOOP('',(#1415,#1416,#1417,#1418));
#3588=EDGE_LOOP('',(#1419,#1420,#1421,#1422));
#3589=EDGE_LOOP('',(#1423,#1424,#1425,#1426));
#3590=EDGE_LOOP('',(#1427,#1428,#1429,#1430));
#3591=EDGE_LOOP('',(#1431,#1432,#1433,#1434));
#3592=EDGE_LOOP('',(#1435,#1436,#1437,#1438,#1439,#1440,#1441,#1442));
#3593=EDGE_LOOP('',(#1443,#1444,#1445,#1446));
#3594=EDGE_LOOP('',(#1447,#1448,#1449,#1450));
#3595=EDGE_LOOP('',(#1451,#1452,#1453,#1454));
#3596=EDGE_LOOP('',(#1455,#1456,#1457,#1458));
#3597=EDGE_LOOP('',(#1459));
#3598=EDGE_LOOP('',(#1460));
#3599=EDGE_LOOP('',(#1461));
#3600=EDGE_LOOP('',(#1462));
#3601=EDGE_LOOP('',(#1463));
#3602=EDGE_LOOP('',(#1464));
#3603=EDGE_LOOP('',(#1465));
#3604=EDGE_LOOP('',(#1466));
#3605=EDGE_LOOP('',(#1467));
#3606=EDGE_LOOP('',(#1468));
#3607=EDGE_LOOP('',(#1469));
#3608=EDGE_LOOP('',(#1470));
#3609=EDGE_LOOP('',(#1471));
#3610=EDGE_LOOP('',(#1472));
#3611=EDGE_LOOP('',(#1473));
#3612=EDGE_LOOP('',(#1474));
#3613=EDGE_LOOP('',(#1475));
#3614=EDGE_LOOP('',(#1476));
#3615=EDGE_LOOP('',(#1477));
#3616=EDGE_LOOP('',(#1478));
#3617=FACE_BOUND('',#3335,.T.);
#3618=FACE_BOUND('',#3336,.T.);
#3619=FACE_BOUND('',#3337,.T.);
#3620=FACE_BOUND('',#3338,.T.);
#3621=FACE_BOUND('',#3339,.T.);
#3622=FACE_BOUND('',#3340,.T.);
#3623=FACE_BOUND('',#3341,.T.);
#3624=FACE_BOUND('',#3342,.T.);
#3625=FACE_BOUND('',#3343,.T.);
#3626=FACE_BOUND('',#3344,.T.);
#3627=FACE_BOUND('',#3345,.T.);
#3628=FACE_BOUND('',#3346,.T.);
#3629=FACE_BOUND('',#3347,.T.);
#3630=FACE_BOUND('',#3348,.T.);
#3631=FACE_BOUND('',#3349,.T.);
#3632=FACE_BOUND('',#3350,.T.);
#3633=FACE_BOUND('',#3351,.T.);
#3634=FACE_BOUND('',#3352,.T.);
#3635=FACE_BOUND('',#3353,.T.);
#3636=FACE_BOUND('',#3354,.T.);
#3637=FACE_BOUND('',#3355,.T.);
#3638=FACE_BOUND('',#3356,.T.);
#3639=FACE_BOUND('',#3357,.T.);
#3640=FACE_BOUND('',#3358,.T.);
#3641=FACE_BOUND('',#3359,.T.);
#3642=FACE_BOUND('',#3360,.T.);
#3643=FACE_BOUND('',#3361,.T.);
#3644=FACE_BOUND('',#3362,.T.);
#3645=FACE_BOUND('',#3363,.T.);
#3646=FACE_BOUND('',#3364,.T.);
#3647=FACE_BOUND('',#3365,.T.);
#3648=FACE_BOUND('',#3366,.T.);
#3649=FACE_BOUND('',#3367,.T.);
#3650=FACE_BOUND('',#3368,.T.);
#3651=FACE_BOUND('',#3369,.T.);
#3652=FACE_BOUND('',#3370,.T.);
#3653=FACE_BOUND('',#3371,.T.);
#3654=FACE_BOUND('',#3372,.T.);
#3655=FACE_BOUND('',#3373,.T.);
#3656=FACE_BOUND('',#3374,.T.);
#3657=FACE_BOUND('',#3375,.T.);
#3658=FACE_BOUND('',#3376,.T.);
#3659=FACE_BOUND('',#3377,.T.);
#3660=FACE_BOUND('',#3378,.T.);
#3661=FACE_BOUND('',#3379,.T.);
#3662=FACE_BOUND('',#3380,.T.);
#3663=FACE_BOUND('',#3381,.T.);
#3664=FACE_BOUND('',#3382,.T.);
#3665=FACE_BOUND('',#3383,.T.);
#3666=FACE_BOUND('',#3384,.T.);
#3667=FACE_BOUND('',#3385,.T.);
#3668=FACE_BOUND('',#3386,.T.);
#3669=FACE_BOUND('',#3387,.T.);
#3670=FACE_BOUND('',#3388,.T.);
#3671=FACE_BOUND('',#3389,.T.);
#3672=FACE_BOUND('',#3390,.T.);
#3673=FACE_BOUND('',#3391,.T.);
#3674=FACE_BOUND('',#3392,.T.);
#3675=FACE_BOUND('',#3393,.T.);
#3676=FACE_BOUND('',#3394,.T.);
#3677=FACE_BOUND('',#3395,.T.);
#3678=FACE_BOUND('',#3396,.T.);
#3679=FACE_BOUND('',#3397,.T.);
#3680=FACE_BOUND('',#3398,.T.);
#3681=FACE_BOUND('',#3399,.T.);
#3682=FACE_BOUND('',#3400,.T.);
#3683=FACE_BOUND('',#3401,.T.);
#3684=FACE_BOUND('',#3402,.T.);
#3685=FACE_BOUND('',#3403,.T.);
#3686=FACE_BOUND('',#3404,.T.);
#3687=FACE_BOUND('',#3405,.T.);
#3688=FACE_BOUND('',#3406,.T.);
#3689=FACE_BOUND('',#3407,.T.);
#3690=FACE_BOUND('',#3408,.T.);
#3691=FACE_BOUND('',#3409,.T.);
#3692=FACE_BOUND('',#3410,.T.);
#3693=FACE_BOUND('',#3411,.T.);
#3694=FACE_BOUND('',#3412,.T.);
#3695=FACE_BOUND('',#3413,.T.);
#3696=FACE_BOUND('',#3414,.T.);
#3697=FACE_BOUND('',#3415,.T.);
#3698=FACE_BOUND('',#3416,.T.);
#3699=FACE_BOUND('',#3417,.T.);
#3700=FACE_BOUND('',#3418,.T.);
#3701=FACE_BOUND('',#3419,.T.);
#3702=FACE_BOUND('',#3420,.T.);
#3703=FACE_BOUND('',#3421,.T.);
#3704=FACE_BOUND('',#3422,.T.);
#3705=FACE_BOUND('',#3423,.T.);
#3706=FACE_BOUND('',#3424,.T.);
#3707=FACE_BOUND('',#3425,.T.);
#3708=FACE_BOUND('',#3426,.T.);
#3709=FACE_BOUND('',#3427,.T.);
#3710=FACE_BOUND('',#3428,.T.);
#3711=FACE_BOUND('',#3429,.T.);
#3712=FACE_BOUND('',#3430,.T.);
#3713=FACE_BOUND('',#3431,.T.);
#3714=FACE_BOUND('',#3432,.T.);
#3715=FACE_BOUND('',#3433,.T.);
#3716=FACE_BOUND('',#3434,.T.);
#3717=FACE_BOUND('',#3435,.T.);
#3718=FACE_BOUND('',#3436,.T.);
#3719=FACE_BOUND('',#3437,.T.);
#3720=FACE_BOUND('',#3438,.T.);
#3721=FACE_BOUND('',#3439,.T.);
#3722=FACE_BOUND('',#3440,.T.);
#3723=FACE_BOUND('',#3441,.T.);
#3724=FACE_BOUND('',#3442,.T.);
#3725=FACE_BOUND('',#3443,.T.);
#3726=FACE_BOUND('',#3444,.T.);
#3727=FACE_BOUND('',#3445,.T.);
#3728=FACE_BOUND('',#3446,.T.);
#3729=FACE_BOUND('',#3447,.T.);
#3730=FACE_BOUND('',#3448,.T.);
#3731=FACE_BOUND('',#3449,.T.);
#3732=FACE_BOUND('',#3450,.T.);
#3733=FACE_BOUND('',#3451,.T.);
#3734=FACE_BOUND('',#3452,.T.);
#3735=FACE_BOUND('',#3453,.T.);
#3736=FACE_BOUND('',#3454,.T.);
#3737=FACE_BOUND('',#3455,.T.);
#3738=FACE_BOUND('',#3456,.T.);
#3739=FACE_BOUND('',#3457,.T.);
#3740=FACE_BOUND('',#3458,.T.);
#3741=FACE_BOUND('',#3459,.T.);
#3742=FACE_BOUND('',#3460,.T.);
#3743=FACE_BOUND('',#3461,.T.);
#3744=FACE_BOUND('',#3462,.T.);
#3745=FACE_BOUND('',#3463,.T.);
#3746=FACE_BOUND('',#3464,.T.);
#3747=FACE_BOUND('',#3465,.T.);
#3748=FACE_BOUND('',#3466,.T.);
#3749=FACE_BOUND('',#3467,.T.);
#3750=FACE_BOUND('',#3468,.T.);
#3751=FACE_BOUND('',#3469,.T.);
#3752=FACE_BOUND('',#3470,.T.);
#3753=FACE_BOUND('',#3471,.T.);
#3754=FACE_BOUND('',#3472,.T.);
#3755=FACE_BOUND('',#3473,.T.);
#3756=FACE_BOUND('',#3474,.T.);
#3757=FACE_BOUND('',#3475,.T.);
#3758=FACE_BOUND('',#3476,.T.);
#3759=FACE_BOUND('',#3477,.T.);
#3760=FACE_BOUND('',#3478,.T.);
#3761=FACE_BOUND('',#3479,.T.);
#3762=FACE_BOUND('',#3480,.T.);
#3763=FACE_BOUND('',#3481,.T.);
#3764=FACE_BOUND('',#3482,.T.);
#3765=FACE_BOUND('',#3483,.T.);
#3766=FACE_BOUND('',#3484,.T.);
#3767=FACE_BOUND('',#3485,.T.);
#3768=FACE_BOUND('',#3486,.T.);
#3769=FACE_BOUND('',#3487,.T.);
#3770=FACE_BOUND('',#3488,.T.);
#3771=FACE_BOUND('',#3489,.T.);
#3772=FACE_BOUND('',#3490,.T.);
#3773=FACE_BOUND('',#3491,.T.);
#3774=FACE_BOUND('',#3492,.T.);
#3775=FACE_BOUND('',#3493,.T.);
#3776=FACE_BOUND('',#3494,.T.);
#3777=FACE_BOUND('',#3495,.T.);
#3778=FACE_BOUND('',#3496,.T.);
#3779=FACE_BOUND('',#3497,.T.);
#3780=FACE_BOUND('',#3498,.T.);
#3781=FACE_BOUND('',#3499,.T.);
#3782=FACE_BOUND('',#3500,.T.);
#3783=FACE_BOUND('',#3501,.T.);
#3784=FACE_BOUND('',#3502,.T.);
#3785=FACE_BOUND('',#3503,.T.);
#3786=FACE_BOUND('',#3504,.T.);
#3787=FACE_BOUND('',#3505,.T.);
#3788=FACE_BOUND('',#3506,.T.);
#3789=FACE_BOUND('',#3507,.T.);
#3790=FACE_BOUND('',#3508,.T.);
#3791=FACE_BOUND('',#3509,.T.);
#3792=FACE_BOUND('',#3510,.T.);
#3793=FACE_BOUND('',#3511,.T.);
#3794=FACE_BOUND('',#3512,.T.);
#3795=FACE_BOUND('',#3513,.T.);
#3796=FACE_BOUND('',#3514,.T.);
#3797=FACE_BOUND('',#3515,.T.);
#3798=FACE_BOUND('',#3516,.T.);
#3799=FACE_BOUND('',#3517,.T.);
#3800=FACE_BOUND('',#3518,.T.);
#3801=FACE_BOUND('',#3519,.T.);
#3802=FACE_BOUND('',#3520,.T.);
#3803=FACE_BOUND('',#3521,.T.);
#3804=FACE_BOUND('',#3522,.T.);
#3805=FACE_BOUND('',#3523,.T.);
#3806=FACE_BOUND('',#3524,.T.);
#3807=FACE_BOUND('',#3525,.T.);
#3808=FACE_BOUND('',#3526,.T.);
#3809=FACE_BOUND('',#3527,.T.);
#3810=FACE_BOUND('',#3528,.T.);
#3811=FACE_BOUND('',#3529,.T.);
#3812=FACE_BOUND('',#3530,.T.);
#3813=FACE_BOUND('',#3531,.T.);
#3814=FACE_BOUND('',#3532,.T.);
#3815=FACE_BOUND('',#3533,.T.);
#3816=FACE_BOUND('',#3534,.T.);
#3817=FACE_BOUND('',#3535,.T.);
#3818=FACE_BOUND('',#3536,.T.);
#3819=FACE_BOUND('',#3537,.T.);
#3820=FACE_BOUND('',#3538,.T.);
#3821=FACE_BOUND('',#3539,.T.);
#3822=FACE_BOUND('',#3540,.T.);
#3823=FACE_BOUND('',#3541,.T.);
#3824=FACE_BOUND('',#3542,.T.);
#3825=FACE_BOUND('',#3543,.T.);
#3826=FACE_BOUND('',#3544,.T.);
#3827=FACE_BOUND('',#3545,.T.);
#3828=FACE_BOUND('',#3546,.T.);
#3829=FACE_BOUND('',#3547,.T.);
#3830=FACE_BOUND('',#3548,.T.);
#3831=FACE_BOUND('',#3549,.T.);
#3832=FACE_BOUND('',#3550,.T.);
#3833=FACE_BOUND('',#3551,.T.);
#3834=FACE_BOUND('',#3552,.T.);
#3835=FACE_BOUND('',#3553,.T.);
#3836=FACE_BOUND('',#3554,.T.);
#3837=FACE_BOUND('',#3555,.T.);
#3838=FACE_BOUND('',#3556,.T.);
#3839=FACE_BOUND('',#3557,.T.);
#3840=FACE_BOUND('',#3558,.T.);
#3841=FACE_BOUND('',#3559,.T.);
#3842=FACE_BOUND('',#3560,.T.);
#3843=FACE_BOUND('',#3561,.T.);
#3844=FACE_BOUND('',#3562,.T.);
#3845=FACE_BOUND('',#3563,.T.);
#3846=FACE_BOUND('',#3564,.T.);
#3847=FACE_BOUND('',#3565,.T.);
#3848=FACE_BOUND('',#3566,.T.);
#3849=FACE_BOUND('',#3567,.T.);
#3850=FACE_BOUND('',#3568,.T.);
#3851=FACE_BOUND('',#3569,.T.);
#3852=FACE_BOUND('',#3570,.T.);
#3853=FACE_BOUND('',#3571,.T.);
#3854=FACE_BOUND('',#3572,.T.);
#3855=FACE_BOUND('',#3573,.T.);
#3856=FACE_BOUND('',#3574,.T.);
#3857=FACE_BOUND('',#3575,.T.);
#3858=FACE_BOUND('',#3576,.T.);
#3859=FACE_BOUND('',#3577,.T.);
#3860=FACE_BOUND('',#3578,.T.);
#3861=FACE_BOUND('',#3579,.T.);
#3862=FACE_BOUND('',#3580,.T.);
#3863=FACE_BOUND('',#3581,.T.);
#3864=FACE_BOUND('',#3582,.T.);
#3865=FACE_BOUND('',#3583,.T.);
#3866=FACE_BOUND('',#3584,.T.);
#3867=FACE_BOUND('',#3585,.T.);
#3868=FACE_BOUND('',#3586,.T.);
#3869=FACE_BOUND('',#3587,.T.);
#3870=FACE_BOUND('',#3588,.T.);
#3871=FACE_BOUND('',#3589,.T.);
#3872=FACE_BOUND('',#3590,.T.);
#3873=FACE_BOUND('',#3591,.T.);
#3874=FACE_BOUND('',#3592,.T.);
#3875=FACE_BOUND('',#3593,.T.);
#3876=FACE_BOUND('',#3594,.T.);
#3877=FACE_BOUND('',#3595,.T.);
#3878=FACE_BOUND('',#3596,.T.);
#3879=FACE_BOUND('',#3597,.T.);
#3880=FACE_BOUND('',#3598,.T.);
#3881=FACE_BOUND('',#3599,.T.);
#3882=FACE_BOUND('',#3600,.T.);
#3883=FACE_BOUND('',#3601,.T.);
#3884=FACE_BOUND('',#3602,.T.);
#3885=FACE_BOUND('',#3603,.T.);
#3886=FACE_BOUND('',#3604,.T.);
#3887=FACE_BOUND('',#3605,.T.);
#3888=FACE_BOUND('',#3606,.T.);
#3889=FACE_BOUND('',#3607,.T.);
#3890=FACE_BOUND('',#3608,.T.);
#3891=FACE_BOUND('',#3609,.T.);
#3892=FACE_BOUND('',#3610,.T.);
#3893=FACE_BOUND('',#3611,.T.);
#3894=FACE_BOUND('',#3612,.T.);
#3895=FACE_BOUND('',#3613,.T.);
#3896=FACE_BOUND('',#3614,.T.);
#3897=FACE_BOUND('',#3615,.T.);
#3898=FACE_BOUND('',#3616,.T.);
#3899=PLANE('',#4377);
#3900=PLANE('',#4392);
#3901=PLANE('',#4401);
#3902=PLANE('',#4406);
#3903=PLANE('',#4415);
#3904=PLANE('',#4432);
#3905=PLANE('',#4437);
#3906=PLANE('',#4441);
#3907=PLANE('',#4448);
#3908=PLANE('',#4452);
#3909=PLANE('',#4456);
#3910=PLANE('',#4460);
#3911=PLANE('',#4463);
#3912=PLANE('',#4468);
#3913=PLANE('',#4471);
#3914=PLANE('',#4474);
#3915=PLANE('',#4477);
#3916=PLANE('',#4480);
#3917=PLANE('',#4486);
#3918=PLANE('',#4487);
#3919=PLANE('',#4513);
#3920=PLANE('',#4514);
#3921=PLANE('',#4515);
#3922=PLANE('',#4516);
#3923=PLANE('',#4517);
#3924=PLANE('',#4518);
#3925=PLANE('',#4519);
#3926=PLANE('',#4520);
#3927=PLANE('',#4521);
#3928=PLANE('',#4522);
#3929=PLANE('',#4523);
#3930=PLANE('',#4524);
#3931=PLANE('',#4525);
#3932=PLANE('',#4526);
#3933=PLANE('',#4527);
#3934=PLANE('',#4528);
#3935=PLANE('',#4529);
#3936=PLANE('',#4532);
#3937=PLANE('',#4535);
#3938=PLANE('',#4538);
#3939=PLANE('',#4541);
#3940=PLANE('',#4542);
#3941=PLANE('',#4543);
#3942=PLANE('',#4544);
#3943=PLANE('',#4545);
#3944=PLANE('',#4565);
#3945=PLANE('',#4566);
#3946=PLANE('',#4569);
#3947=PLANE('',#4570);
#3948=PLANE('',#4572);
#3949=PLANE('',#4573);
#3950=PLANE('',#4574);
#3951=PLANE('',#4575);
#3952=PLANE('',#4576);
#3953=PLANE('',#4577);
#3954=PLANE('',#4578);
#3955=PLANE('',#4579);
#3956=PLANE('',#4580);
#3957=PLANE('',#4581);
#3958=PLANE('',#4582);
#3959=PLANE('',#4583);
#3960=PLANE('',#4584);
#3961=PLANE('',#4585);
#3962=PLANE('',#4586);
#3963=PLANE('',#4587);
#3964=PLANE('',#4593);
#3965=PLANE('',#4594);
#3966=PLANE('',#4599);
#3967=PLANE('',#4600);
#3968=PLANE('',#4605);
#3969=PLANE('',#4606);
#3970=PLANE('',#4607);
#3971=PLANE('',#4610);
#3972=PLANE('',#4613);
#3973=PLANE('',#4616);
#3974=PLANE('',#4619);
#3975=PLANE('',#4620);
#3976=PLANE('',#4621);
#3977=PLANE('',#4622);
#3978=PLANE('',#4625);
#3979=PLANE('',#4626);
#3980=PLANE('',#4627);
#3981=PLANE('',#4630);
#3982=PLANE('',#4631);
#3983=PLANE('',#4634);
#3984=PLANE('',#4637);
#3985=PLANE('',#4638);
#3986=PLANE('',#4640);
#3987=PLANE('',#4642);
#3988=PLANE('',#4644);
#3989=PLANE('',#4646);
#3990=PLANE('',#4647);
#3991=PLANE('',#4648);
#3992=PLANE('',#4649);
#3993=PLANE('',#4650);
#3994=PLANE('',#4651);
#3995=PLANE('',#4652);
#3996=PLANE('',#4653);
#3997=PLANE('',#4654);
#3998=PLANE('',#4655);
#3999=PLANE('',#4656);
#4000=PLANE('',#4657);
#4001=PLANE('',#4658);
#4002=PLANE('',#4659);
#4003=PLANE('',#4660);
#4004=PLANE('',#4661);
#4005=PLANE('',#4662);
#4006=PLANE('',#4663);
#4007=PLANE('',#4664);
#4008=PLANE('',#4665);
#4009=PLANE('',#4672);
#4010=PLANE('',#4673);
#4011=PLANE('',#4674);
#4012=PLANE('',#4681);
#4013=PLANE('',#4682);
#4014=PLANE('',#4683);
#4015=PLANE('',#4688);
#4016=PLANE('',#4689);
#4017=PLANE('',#4690);
#4018=PLANE('',#4691);
#4019=PLANE('',#4692);
#4020=PLANE('',#4693);
#4021=PLANE('',#4694);
#4022=PLANE('',#4695);
#4023=PLANE('',#4696);
#4024=PLANE('',#4697);
#4025=PLANE('',#4698);
#4026=PLANE('',#4699);
#4027=PLANE('',#4700);
#4028=PLANE('',#4701);
#4029=PLANE('',#4702);
#4030=PLANE('',#4703);
#4031=PLANE('',#4704);
#4032=PLANE('',#4705);
#4033=PLANE('',#4706);
#4034=PLANE('',#4707);
#4035=PLANE('',#4708);
#4036=PLANE('',#4709);
#4037=PLANE('',#4710);
#4038=PLANE('',#4711);
#4039=PLANE('',#4712);
#4040=PLANE('',#4713);
#4041=PLANE('',#4714);
#4042=PLANE('',#4715);
#4043=PLANE('',#4716);
#4044=PLANE('',#4717);
#4045=PLANE('',#4718);
#4046=PLANE('',#4719);
#4047=PLANE('',#4731);
#4048=PLANE('',#4732);
#4049=PLANE('',#4742);
#4050=PLANE('',#4743);
#4051=ADVANCED_FACE('',(#3617,#3618),#3899,.F.);
#4052=ADVANCED_FACE('',(#3619,#3620,#3621,#3622,#3623,#3624,#3625,#3626,
#3627),#3900,.T.);
#4053=ADVANCED_FACE('',(#3628,#3629),#3901,.T.);
#4054=ADVANCED_FACE('',(#3630,#3631),#3902,.T.);
#4055=ADVANCED_FACE('',(#3632,#3633,#3634),#3903,.F.);
#4056=ADVANCED_FACE('',(#3635,#3636),#47,.F.);
#4057=ADVANCED_FACE('',(#3637,#3638),#48,.F.);
#4058=ADVANCED_FACE('',(#3639,#3640),#49,.F.);
#4059=ADVANCED_FACE('',(#3641,#3642),#50,.F.);
#4060=ADVANCED_FACE('',(#3643),#3904,.F.);
#4061=ADVANCED_FACE('',(#3644),#51,.T.);
#4062=ADVANCED_FACE('',(#3645),#3905,.T.);
#4063=ADVANCED_FACE('',(#3646),#52,.T.);
#4064=ADVANCED_FACE('',(#3647),#3906,.F.);
#4065=ADVANCED_FACE('',(#3648),#53,.T.);
#4066=ADVANCED_FACE('',(#3649),#54,.T.);
#4067=ADVANCED_FACE('',(#3650),#3907,.F.);
#4068=ADVANCED_FACE('',(#3651),#55,.T.);
#4069=ADVANCED_FACE('',(#3652),#3908,.F.);
#4070=ADVANCED_FACE('',(#3653),#56,.T.);
#4071=ADVANCED_FACE('',(#3654),#3909,.F.);
#4072=ADVANCED_FACE('',(#3655),#57,.T.);
#4073=ADVANCED_FACE('',(#3656),#3910,.T.);
#4074=ADVANCED_FACE('',(#3657),#58,.F.);
#4075=ADVANCED_FACE('',(#3658),#3911,.T.);
#4076=ADVANCED_FACE('',(#3659),#59,.F.);
#4077=ADVANCED_FACE('',(#3660),#60,.F.);
#4078=ADVANCED_FACE('',(#3661),#3912,.T.);
#4079=ADVANCED_FACE('',(#3662),#61,.F.);
#4080=ADVANCED_FACE('',(#3663),#3913,.T.);
#4081=ADVANCED_FACE('',(#3664),#62,.F.);
#4082=ADVANCED_FACE('',(#3665),#3914,.T.);
#4083=ADVANCED_FACE('',(#3666),#63,.F.);
#4084=ADVANCED_FACE('',(#3667),#3915,.F.);
#4085=ADVANCED_FACE('',(#3668),#64,.F.);
#4086=ADVANCED_FACE('',(#3669),#3916,.T.);
#4087=ADVANCED_FACE('',(#3670),#65,.F.);
#4088=ADVANCED_FACE('',(#3671),#66,.T.);
#4089=ADVANCED_FACE('',(#3672,#3673,#3674,#3675,#3676,#3677),#3917,.T.);
#4090=ADVANCED_FACE('',(#3678,#3679,#3680,#3681,#3682,#3683),#3918,.T.);
#4091=ADVANCED_FACE('',(#3684),#67,.T.);
#4092=ADVANCED_FACE('',(#3685),#3919,.F.);
#4093=ADVANCED_FACE('',(#3686),#3920,.F.);
#4094=ADVANCED_FACE('',(#3687),#3921,.F.);
#4095=ADVANCED_FACE('',(#3688),#3922,.F.);
#4096=ADVANCED_FACE('',(#3689),#3923,.T.);
#4097=ADVANCED_FACE('',(#3690),#3924,.F.);
#4098=ADVANCED_FACE('',(#3691),#3925,.F.);
#4099=ADVANCED_FACE('',(#3692),#3926,.T.);
#4100=ADVANCED_FACE('',(#3693),#3927,.F.);
#4101=ADVANCED_FACE('',(#3694),#3928,.T.);
#4102=ADVANCED_FACE('',(#3695),#3929,.F.);
#4103=ADVANCED_FACE('',(#3696),#3930,.F.);
#4104=ADVANCED_FACE('',(#3697),#3931,.F.);
#4105=ADVANCED_FACE('',(#3698),#3932,.T.);
#4106=ADVANCED_FACE('',(#3699),#3933,.T.);
#4107=ADVANCED_FACE('',(#3700),#3934,.F.);
#4108=ADVANCED_FACE('',(#3701),#3935,.T.);
#4109=ADVANCED_FACE('',(#3702),#68,.F.);
#4110=ADVANCED_FACE('',(#3703),#3936,.T.);
#4111=ADVANCED_FACE('',(#3704),#69,.F.);
#4112=ADVANCED_FACE('',(#3705),#3937,.F.);
#4113=ADVANCED_FACE('',(#3706),#70,.F.);
#4114=ADVANCED_FACE('',(#3707),#3938,.F.);
#4115=ADVANCED_FACE('',(#3708),#71,.F.);
#4116=ADVANCED_FACE('',(#3709),#3939,.T.);
#4117=ADVANCED_FACE('',(#3710),#3940,.F.);
#4118=ADVANCED_FACE('',(#3711),#3941,.T.);
#4119=ADVANCED_FACE('',(#3712),#3942,.F.);
#4120=ADVANCED_FACE('',(#3713),#3943,.F.);
#4121=ADVANCED_FACE('',(#3714),#36,.T.);
#4122=ADVANCED_FACE('',(#3715),#72,.T.);
#4123=ADVANCED_FACE('',(#3716),#73,.T.);
#4124=ADVANCED_FACE('',(#3717),#37,.T.);
#4125=ADVANCED_FACE('',(#3718),#38,.T.);
#4126=ADVANCED_FACE('',(#3719),#74,.T.);
#4127=ADVANCED_FACE('',(#3720),#39,.T.);
#4128=ADVANCED_FACE('',(#3721),#40,.T.);
#4129=ADVANCED_FACE('',(#3722),#75,.T.);
#4130=ADVANCED_FACE('',(#3723),#76,.T.);
#4131=ADVANCED_FACE('',(#3724),#41,.T.);
#4132=ADVANCED_FACE('',(#3725),#42,.T.);
#4133=ADVANCED_FACE('',(#3726),#77,.T.);
#4134=ADVANCED_FACE('',(#3727),#78,.T.);
#4135=ADVANCED_FACE('',(#3728),#43,.T.);
#4136=ADVANCED_FACE('',(#3729),#44,.T.);
#4137=ADVANCED_FACE('',(#3730),#79,.T.);
#4138=ADVANCED_FACE('',(#3731),#32,.F.);
#4139=ADVANCED_FACE('',(#3732),#3944,.T.);
#4140=ADVANCED_FACE('',(#3733),#3945,.T.);
#4141=ADVANCED_FACE('',(#3734),#33,.F.);
#4142=ADVANCED_FACE('',(#3735),#34,.F.);
#4143=ADVANCED_FACE('',(#3736),#3946,.F.);
#4144=ADVANCED_FACE('',(#3737),#3947,.F.);
#4145=ADVANCED_FACE('',(#3738),#35,.F.);
#4146=ADVANCED_FACE('',(#3739),#3948,.F.);
#4147=ADVANCED_FACE('',(#3740),#3949,.F.);
#4148=ADVANCED_FACE('',(#3741),#3950,.T.);
#4149=ADVANCED_FACE('',(#3742),#3951,.T.);
#4150=ADVANCED_FACE('',(#3743),#3952,.T.);
#4151=ADVANCED_FACE('',(#3744),#3953,.T.);
#4152=ADVANCED_FACE('',(#3745),#3954,.T.);
#4153=ADVANCED_FACE('',(#3746),#3955,.F.);
#4154=ADVANCED_FACE('',(#3747),#3956,.F.);
#4155=ADVANCED_FACE('',(#3748),#3957,.F.);
#4156=ADVANCED_FACE('',(#3749),#3958,.F.);
#4157=ADVANCED_FACE('',(#3750),#3959,.F.);
#4158=ADVANCED_FACE('',(#3751),#3960,.T.);
#4159=ADVANCED_FACE('',(#3752),#3961,.F.);
#4160=ADVANCED_FACE('',(#3753),#3962,.T.);
#4161=ADVANCED_FACE('',(#3754),#3963,.T.);
#4162=ADVANCED_FACE('',(#3755,#3756),#80,.F.);
#4163=ADVANCED_FACE('',(#3757,#3758),#81,.T.);
#4164=ADVANCED_FACE('Face appearance 1',(#3759,#3760),#3964,.T.);
#4165=ADVANCED_FACE('',(#3761),#3965,.T.);
#4166=ADVANCED_FACE('',(#3762),#82,.F.);
#4167=ADVANCED_FACE('',(#3763),#83,.T.);
#4168=ADVANCED_FACE('',(#3764),#3966,.F.);
#4169=ADVANCED_FACE('Face appearance 1',(#3765),#3967,.T.);
#4170=ADVANCED_FACE('',(#3766),#84,.F.);
#4171=ADVANCED_FACE('',(#3767),#85,.T.);
#4172=ADVANCED_FACE('',(#3768),#3968,.F.);
#4173=ADVANCED_FACE('Face appearance 1',(#3769),#3969,.T.);
#4174=ADVANCED_FACE('',(#3770),#3970,.F.);
#4175=ADVANCED_FACE('',(#3771),#86,.T.);
#4176=ADVANCED_FACE('',(#3772),#3971,.T.);
#4177=ADVANCED_FACE('',(#3773),#87,.T.);
#4178=ADVANCED_FACE('Face appearance 1',(#3774),#3972,.T.);
#4179=ADVANCED_FACE('',(#3775),#88,.T.);
#4180=ADVANCED_FACE('',(#3776),#3973,.F.);
#4181=ADVANCED_FACE('',(#3777),#89,.F.);
#4182=ADVANCED_FACE('Face appearance 1',(#3778),#3974,.T.);
#4183=ADVANCED_FACE('',(#3779),#3975,.F.);
#4184=ADVANCED_FACE('',(#3780),#3976,.F.);
#4185=ADVANCED_FACE('',(#3781),#3977,.T.);
#4186=ADVANCED_FACE('',(#3782),#90,.T.);
#4187=ADVANCED_FACE('Face appearance 1',(#3783),#3978,.T.);
#4188=ADVANCED_FACE('',(#3784),#3979,.T.);
#4189=ADVANCED_FACE('',(#3785),#3980,.F.);
#4190=ADVANCED_FACE('',(#3786),#91,.T.);
#4191=ADVANCED_FACE('',(#3787),#3981,.T.);
#4192=ADVANCED_FACE('Face appearance 1',(#3788),#3982,.T.);
#4193=ADVANCED_FACE('',(#3789),#92,.T.);
#4194=ADVANCED_FACE('',(#3790),#3983,.F.);
#4195=ADVANCED_FACE('',(#3791),#93,.F.);
#4196=ADVANCED_FACE('Face appearance 1',(#3792),#3984,.T.);
#4197=ADVANCED_FACE('',(#3793),#3985,.F.);
#4198=ADVANCED_FACE('',(#3794),#94,.F.);
#4199=ADVANCED_FACE('',(#3795),#3986,.T.);
#4200=ADVANCED_FACE('',(#3796),#95,.F.);
#4201=ADVANCED_FACE('',(#3797),#3987,.T.);
#4202=ADVANCED_FACE('',(#3798),#96,.F.);
#4203=ADVANCED_FACE('',(#3799),#3988,.F.);
#4204=ADVANCED_FACE('',(#3800),#97,.F.);
#4205=ADVANCED_FACE('',(#3801),#3989,.T.);
#4206=ADVANCED_FACE('',(#3802),#3990,.T.);
#4207=ADVANCED_FACE('',(#3803),#3991,.T.);
#4208=ADVANCED_FACE('',(#3804),#3992,.T.);
#4209=ADVANCED_FACE('',(#3805),#3993,.T.);
#4210=ADVANCED_FACE('',(#3806),#3994,.T.);
#4211=ADVANCED_FACE('',(#3807),#3995,.T.);
#4212=ADVANCED_FACE('',(#3808),#3996,.T.);
#4213=ADVANCED_FACE('',(#3809),#3997,.T.);
#4214=ADVANCED_FACE('',(#3810),#3998,.T.);
#4215=ADVANCED_FACE('',(#3811),#3999,.T.);
#4216=ADVANCED_FACE('',(#3812),#4000,.T.);
#4217=ADVANCED_FACE('',(#3813),#4001,.T.);
#4218=ADVANCED_FACE('',(#3814),#4002,.T.);
#4219=ADVANCED_FACE('',(#3815),#4003,.T.);
#4220=ADVANCED_FACE('',(#3816),#4004,.T.);
#4221=ADVANCED_FACE('',(#3817),#4005,.T.);
#4222=ADVANCED_FACE('',(#3818),#4006,.T.);
#4223=ADVANCED_FACE('',(#3819),#4007,.T.);
#4224=ADVANCED_FACE('',(#3820),#4008,.T.);
#4225=ADVANCED_FACE('',(#3821),#16,.T.);
#4226=ADVANCED_FACE('',(#3822),#17,.T.);
#4227=ADVANCED_FACE('',(#3823),#18,.T.);
#4228=ADVANCED_FACE('',(#3824),#98,.F.);
#4229=ADVANCED_FACE('',(#3825),#99,.F.);
#4230=ADVANCED_FACE('',(#3826),#100,.F.);
#4231=ADVANCED_FACE('',(#3827),#4009,.T.);
#4232=ADVANCED_FACE('',(#3828),#4010,.T.);
#4233=ADVANCED_FACE('',(#3829),#4011,.T.);
#4234=ADVANCED_FACE('',(#3830),#19,.T.);
#4235=ADVANCED_FACE('',(#3831),#20,.T.);
#4236=ADVANCED_FACE('',(#3832),#101,.T.);
#4237=ADVANCED_FACE('',(#3833),#21,.T.);
#4238=ADVANCED_FACE('',(#3834),#22,.T.);
#4239=ADVANCED_FACE('',(#3835),#23,.T.);
#4240=ADVANCED_FACE('',(#3836),#102,.T.);
#4241=ADVANCED_FACE('',(#3837),#103,.T.);
#4242=ADVANCED_FACE('',(#3838),#4012,.T.);
#4243=ADVANCED_FACE('',(#3839),#4013,.T.);
#4244=ADVANCED_FACE('',(#3840),#4014,.T.);
#4245=ADVANCED_FACE('',(#3841),#104,.F.);
#4246=ADVANCED_FACE('',(#3842),#105,.T.);
#4247=ADVANCED_FACE('',(#3843),#4015,.T.);
#4248=ADVANCED_FACE('',(#3844),#4016,.T.);
#4249=ADVANCED_FACE('',(#3845),#4017,.T.);
#4250=ADVANCED_FACE('',(#3846),#4018,.T.);
#4251=ADVANCED_FACE('',(#3847),#4019,.T.);
#4252=ADVANCED_FACE('',(#3848),#4020,.T.);
#4253=ADVANCED_FACE('',(#3849),#4021,.T.);
#4254=ADVANCED_FACE('',(#3850),#4022,.T.);
#4255=ADVANCED_FACE('',(#3851),#4023,.T.);
#4256=ADVANCED_FACE('',(#3852),#4024,.T.);
#4257=ADVANCED_FACE('',(#3853),#4025,.T.);
#4258=ADVANCED_FACE('',(#3854),#4026,.T.);
#4259=ADVANCED_FACE('',(#3855),#4027,.T.);
#4260=ADVANCED_FACE('',(#3856),#4028,.T.);
#4261=ADVANCED_FACE('',(#3857),#4029,.T.);
#4262=ADVANCED_FACE('',(#3858),#4030,.T.);
#4263=ADVANCED_FACE('',(#3859),#4031,.T.);
#4264=ADVANCED_FACE('',(#3860),#4032,.T.);
#4265=ADVANCED_FACE('',(#3861),#4033,.T.);
#4266=ADVANCED_FACE('',(#3862),#4034,.T.);
#4267=ADVANCED_FACE('',(#3863),#4035,.T.);
#4268=ADVANCED_FACE('',(#3864),#4036,.T.);
#4269=ADVANCED_FACE('',(#3865),#4037,.T.);
#4270=ADVANCED_FACE('',(#3866),#4038,.T.);
#4271=ADVANCED_FACE('',(#3867),#4039,.T.);
#4272=ADVANCED_FACE('',(#3868),#4040,.T.);
#4273=ADVANCED_FACE('',(#3869),#4041,.T.);
#4274=ADVANCED_FACE('',(#3870),#4042,.T.);
#4275=ADVANCED_FACE('',(#3871),#4043,.T.);
#4276=ADVANCED_FACE('',(#3872),#4044,.T.);
#4277=ADVANCED_FACE('',(#3873),#4045,.T.);
#4278=ADVANCED_FACE('',(#3874),#4046,.T.);
#4279=ADVANCED_FACE('',(#3875),#106,.F.);
#4280=ADVANCED_FACE('',(#3876),#107,.F.);
#4281=ADVANCED_FACE('',(#3877),#108,.F.);
#4282=ADVANCED_FACE('',(#3878),#109,.F.);
#4283=ADVANCED_FACE('',(#3879,#3880),#110,.F.);
#4284=ADVANCED_FACE('',(#3881,#3882),#111,.T.);
#4285=ADVANCED_FACE('',(#3883,#3884),#4047,.F.);
#4286=ADVANCED_FACE('',(#3885,#3886),#4048,.T.);
#4287=ADVANCED_FACE('',(#3887,#3888),#45,.T.);
#4288=ADVANCED_FACE('',(#3889,#3890),#112,.F.);
#4289=ADVANCED_FACE('',(#3891,#3892),#113,.T.);
#4290=ADVANCED_FACE('',(#3893,#3894),#4049,.F.);
#4291=ADVANCED_FACE('',(#3895,#3896),#4050,.T.);
#4292=ADVANCED_FACE('',(#3897,#3898),#46,.T.);
#4293=CLOSED_SHELL('',(#4051,#4052,#4053,#4054,#4055,#4056,#4057,#4058,
#4059,#4060,#4061,#4062,#4063,#4064,#4065,#4066,#4067,#4068,#4069,#4070,
#4071,#4072,#4073,#4074,#4075,#4076,#4077,#4078,#4079,#4080,#4081,#4082,
#4083,#4084,#4085,#4086,#4087,#4088,#4089,#4090,#4091,#4092,#4093,#4094,
#4095,#4096,#4097,#4098,#4099,#4100,#4101,#4102,#4103,#4104,#4105,#4106,
#4107,#4108,#4109,#4110,#4111,#4112,#4113,#4114,#4115,#4116,#4117,#4118,
#4119,#4120,#4121,#4122,#4123,#4124,#4125,#4126,#4127,#4128,#4129,#4130,
#4131,#4132,#4133,#4134,#4135,#4136,#4137,#4138,#4139,#4140,#4141,#4142,
#4143,#4144,#4145,#4146,#4147,#4148,#4149,#4150,#4151,#4152,#4153,#4154,
#4155,#4156,#4157,#4158,#4159,#4160,#4161,#4162,#4163,#4164,#4165,#4166,
#4167,#4168,#4169,#4170,#4171,#4172,#4173,#4174,#4175,#4176,#4177,#4178,
#4179,#4180,#4181,#4182,#4183,#4184,#4185,#4186,#4187,#4188,#4189,#4190,
#4191,#4192,#4193,#4194,#4195,#4196,#4197,#4198,#4199,#4200,#4201,#4202,
#4203,#4204,#4205,#4206,#4207,#4208,#4209,#4210,#4211,#4212,#4213,#4214,
#4215,#4216,#4217,#4218,#4219,#4220,#4221,#4222,#4223,#4224,#4225,#4226,
#4227,#4228,#4229,#4230,#4231,#4232,#4233,#4234,#4235,#4236,#4237,#4238,
#4239,#4240,#4241,#4242,#4243,#4244,#4245,#4246,#4247,#4248,#4249,#4250,
#4251,#4252,#4253,#4254,#4255,#4256,#4257,#4258,#4259,#4260,#4261,#4262,
#4263,#4264,#4265,#4266,#4267,#4268,#4269,#4270,#4271,#4272,#4273,#4274,
#4275,#4276,#4277,#4278,#4279,#4280,#4281,#4282));
#4294=CLOSED_SHELL('',(#4283,#4284,#4285,#4286,#4287));
#4295=CLOSED_SHELL('',(#4288,#4289,#4290,#4291,#4292));
#4296=STYLED_ITEM('',(#4299),#4367);
#4297=STYLED_ITEM('',(#4308),#4368);
#4298=STYLED_ITEM('',(#4309),#4369);
#4299=PRESENTATION_STYLE_ASSIGNMENT((#4310));
#4300=PRESENTATION_STYLE_ASSIGNMENT((#4311));
#4301=PRESENTATION_STYLE_ASSIGNMENT((#4312));
#4302=PRESENTATION_STYLE_ASSIGNMENT((#4313));
#4303=PRESENTATION_STYLE_ASSIGNMENT((#4314));
#4304=PRESENTATION_STYLE_ASSIGNMENT((#4315));
#4305=PRESENTATION_STYLE_ASSIGNMENT((#4316));
#4306=PRESENTATION_STYLE_ASSIGNMENT((#4317));
#4307=PRESENTATION_STYLE_ASSIGNMENT((#4318));
#4308=PRESENTATION_STYLE_ASSIGNMENT((#4319));
#4309=PRESENTATION_STYLE_ASSIGNMENT((#4320));
#4310=SURFACE_STYLE_USAGE(.BOTH.,#4321);
#4311=SURFACE_STYLE_USAGE(.BOTH.,#4322);
#4312=SURFACE_STYLE_USAGE(.BOTH.,#4323);
#4313=SURFACE_STYLE_USAGE(.BOTH.,#4324);
#4314=SURFACE_STYLE_USAGE(.BOTH.,#4325);
#4315=SURFACE_STYLE_USAGE(.BOTH.,#4326);
#4316=SURFACE_STYLE_USAGE(.BOTH.,#4327);
#4317=SURFACE_STYLE_USAGE(.BOTH.,#4328);
#4318=SURFACE_STYLE_USAGE(.BOTH.,#4329);
#4319=SURFACE_STYLE_USAGE(.BOTH.,#4330);
#4320=SURFACE_STYLE_USAGE(.BOTH.,#4331);
#4321=SURFACE_SIDE_STYLE('',(#4332));
#4322=SURFACE_SIDE_STYLE('',(#4333));
#4323=SURFACE_SIDE_STYLE('',(#4334));
#4324=SURFACE_SIDE_STYLE('',(#4335));
#4325=SURFACE_SIDE_STYLE('',(#4336));
#4326=SURFACE_SIDE_STYLE('',(#4337));
#4327=SURFACE_SIDE_STYLE('',(#4338));
#4328=SURFACE_SIDE_STYLE('',(#4339));
#4329=SURFACE_SIDE_STYLE('',(#4340));
#4330=SURFACE_SIDE_STYLE('',(#4341));
#4331=SURFACE_SIDE_STYLE('',(#4342));
#4332=SURFACE_STYLE_FILL_AREA(#4343);
#4333=SURFACE_STYLE_FILL_AREA(#4344);
#4334=SURFACE_STYLE_FILL_AREA(#4345);
#4335=SURFACE_STYLE_FILL_AREA(#4346);
#4336=SURFACE_STYLE_FILL_AREA(#4347);
#4337=SURFACE_STYLE_FILL_AREA(#4348);
#4338=SURFACE_STYLE_FILL_AREA(#4349);
#4339=SURFACE_STYLE_FILL_AREA(#4350);
#4340=SURFACE_STYLE_FILL_AREA(#4351);
#4341=SURFACE_STYLE_FILL_AREA(#4352);
#4342=SURFACE_STYLE_FILL_AREA(#4353);
#4343=FILL_AREA_STYLE('',(#4354));
#4344=FILL_AREA_STYLE('',(#4355));
#4345=FILL_AREA_STYLE('',(#4356));
#4346=FILL_AREA_STYLE('',(#4357));
#4347=FILL_AREA_STYLE('',(#4358));
#4348=FILL_AREA_STYLE('',(#4359));
#4349=FILL_AREA_STYLE('',(#4360));
#4350=FILL_AREA_STYLE('',(#4361));
#4351=FILL_AREA_STYLE('',(#4362));
#4352=FILL_AREA_STYLE('',(#4363));
#4353=FILL_AREA_STYLE('',(#4364));
#4354=FILL_AREA_STYLE_COLOUR('',#4365);
#4355=FILL_AREA_STYLE_COLOUR('',#4366);
#4356=FILL_AREA_STYLE_COLOUR('',#4366);
#4357=FILL_AREA_STYLE_COLOUR('',#4366);
#4358=FILL_AREA_STYLE_COLOUR('',#4366);
#4359=FILL_AREA_STYLE_COLOUR('',#4366);
#4360=FILL_AREA_STYLE_COLOUR('',#4366);
#4361=FILL_AREA_STYLE_COLOUR('',#4366);
#4362=FILL_AREA_STYLE_COLOUR('',#4366);
#4363=FILL_AREA_STYLE_COLOUR('',#4365);
#4364=FILL_AREA_STYLE_COLOUR('',#4365);
#4365=COLOUR_RGB('',0.917647058823529,0.47843137254902,0.384313725490196);
#4366=COLOUR_RGB('',0.882352941176471,0.0980392156862745,0.);
#4367=MANIFOLD_SOLID_BREP('Part 1',#4293);
#4368=MANIFOLD_SOLID_BREP('Part 2',#4294);
#4369=MANIFOLD_SOLID_BREP('Part 3',#4295);
#4370=SHAPE_DEFINITION_REPRESENTATION(#7331,#4373);
#4371=SHAPE_DEFINITION_REPRESENTATION(#7332,#4374);
#4372=SHAPE_DEFINITION_REPRESENTATION(#7333,#4375);
#4373=SHAPE_REPRESENTATION('Part 1',(#4376),#7316);
#4374=SHAPE_REPRESENTATION('Part 2',(#4724),#7317);
#4375=SHAPE_REPRESENTATION('Part 3',(#4735),#7318);
#4376=AXIS2_PLACEMENT_3D('',#5918,#4746,#4747);
#4377=AXIS2_PLACEMENT_3D('',#5919,#4748,#4749);
#4378=AXIS2_PLACEMENT_3D('',#5927,#4753,#4754);
#4379=AXIS2_PLACEMENT_3D('',#5931,#4756,#4757);
#4380=AXIS2_PLACEMENT_3D('',#5935,#4759,#4760);
#4381=AXIS2_PLACEMENT_3D('',#5939,#4762,#4763);
#4382=AXIS2_PLACEMENT_3D('',#5943,#4765,#4766);
#4383=AXIS2_PLACEMENT_3D('',#5947,#4768,#4769);
#4384=AXIS2_PLACEMENT_3D('',#5951,#4771,#4772);
#4385=AXIS2_PLACEMENT_3D('',#5955,#4774,#4775);
#4386=AXIS2_PLACEMENT_3D('',#5971,#4783,#4784);
#4387=AXIS2_PLACEMENT_3D('',#5979,#4788,#4789);
#4388=AXIS2_PLACEMENT_3D('',#5981,#4790,#4791);
#4389=AXIS2_PLACEMENT_3D('',#5985,#4793,#4794);
#4390=AXIS2_PLACEMENT_3D('',#5993,#4798,#4799);
#4391=AXIS2_PLACEMENT_3D('',#5995,#4800,#4801);
#4392=AXIS2_PLACEMENT_3D('',#5996,#4802,#4803);
#4393=AXIS2_PLACEMENT_3D('',#6042,#4826,#4827);
#4394=AXIS2_PLACEMENT_3D('',#6044,#4828,#4829);
#4395=AXIS2_PLACEMENT_3D('',#6052,#4833,#4834);
#4396=AXIS2_PLACEMENT_3D('',#6054,#4835,#4836);
#4397=AXIS2_PLACEMENT_3D('',#6068,#4837,#4838);
#4398=AXIS2_PLACEMENT_3D('',#6084,#4842,#4843);
#4399=AXIS2_PLACEMENT_3D('',#6086,#4844,#4845);
#4400=AXIS2_PLACEMENT_3D('',#6088,#4846,#4847);
#4401=AXIS2_PLACEMENT_3D('',#6153,#4874,#4875);
#4402=AXIS2_PLACEMENT_3D('',#6171,#4885,#4886);
#4403=AXIS2_PLACEMENT_3D('',#6175,#4888,#4889);
#4404=AXIS2_PLACEMENT_3D('',#6179,#4891,#4892);
#4405=AXIS2_PLACEMENT_3D('',#6183,#4894,#4895);
#4406=AXIS2_PLACEMENT_3D('',#6184,#4896,#4897);
#4407=AXIS2_PLACEMENT_3D('',#6188,#4899,#4900);
#4408=AXIS2_PLACEMENT_3D('',#6192,#4902,#4903);
#4409=AXIS2_PLACEMENT_3D('',#6196,#4905,#4906);
#4410=AXIS2_PLACEMENT_3D('',#6200,#4908,#4909);
#4411=AXIS2_PLACEMENT_3D('',#6204,#4911,#4912);
#4412=AXIS2_PLACEMENT_3D('',#6208,#4914,#4915);
#4413=AXIS2_PLACEMENT_3D('',#6212,#4917,#4918);
#4414=AXIS2_PLACEMENT_3D('',#6216,#4920,#4921);
#4415=AXIS2_PLACEMENT_3D('',#6217,#4922,#4923);
#4416=AXIS2_PLACEMENT_3D('',#6221,#4925,#4926);
#4417=AXIS2_PLACEMENT_3D('',#6225,#4928,#4929);
#4418=AXIS2_PLACEMENT_3D('',#6229,#4931,#4932);
#4419=AXIS2_PLACEMENT_3D('',#6233,#4934,#4935);
#4420=AXIS2_PLACEMENT_3D('',#6250,#4944,#4945);
#4421=AXIS2_PLACEMENT_3D('',#6251,#4946,#4947);
#4422=AXIS2_PLACEMENT_3D('',#6253,#4948,#4949);
#4423=AXIS2_PLACEMENT_3D('',#6255,#4950,#4951);
#4424=AXIS2_PLACEMENT_3D('',#6256,#4952,#4953);
#4425=AXIS2_PLACEMENT_3D('',#6258,#4954,#4955);
#4426=AXIS2_PLACEMENT_3D('',#6260,#4956,#4957);
#4427=AXIS2_PLACEMENT_3D('',#6261,#4958,#4959);
#4428=AXIS2_PLACEMENT_3D('',#6263,#4960,#4961);
#4429=AXIS2_PLACEMENT_3D('',#6265,#4962,#4963);
#4430=AXIS2_PLACEMENT_3D('',#6266,#4964,#4965);
#4431=AXIS2_PLACEMENT_3D('',#6268,#4966,#4967);
#4432=AXIS2_PLACEMENT_3D('',#6270,#4968,#4969);
#4433=AXIS2_PLACEMENT_3D('',#6279,#4974,#4975);
#4434=AXIS2_PLACEMENT_3D('',#6280,#4976,#4977);
#4435=AXIS2_PLACEMENT_3D('',#6284,#4979,#4980);
#4436=AXIS2_PLACEMENT_3D('',#6288,#4982,#4983);
#4437=AXIS2_PLACEMENT_3D('',#6289,#4984,#4985);
#4438=AXIS2_PLACEMENT_3D('',#6297,#4990,#4991);
#4439=AXIS2_PLACEMENT_3D('',#6298,#4992,#4993);
#4440=AXIS2_PLACEMENT_3D('',#6302,#4995,#4996);
#4441=AXIS2_PLACEMENT_3D('',#6303,#4997,#4998);
#4442=AXIS2_PLACEMENT_3D('',#6309,#5002,#5003);
#4443=AXIS2_PLACEMENT_3D('',#6310,#5004,#5005);
#4444=AXIS2_PLACEMENT_3D('',#6311,#5006,#5007);
#4445=AXIS2_PLACEMENT_3D('',#6312,#5008,#5009);
#4446=AXIS2_PLACEMENT_3D('',#6313,#5010,#5011);
#4447=AXIS2_PLACEMENT_3D('',#6317,#5013,#5014);
#4448=AXIS2_PLACEMENT_3D('',#6318,#5015,#5016);
#4449=AXIS2_PLACEMENT_3D('',#6324,#5020,#5021);
#4450=AXIS2_PLACEMENT_3D('',#6325,#5022,#5023);
#4451=AXIS2_PLACEMENT_3D('',#6329,#5025,#5026);
#4452=AXIS2_PLACEMENT_3D('',#6330,#5027,#5028);
#4453=AXIS2_PLACEMENT_3D('',#6336,#5032,#5033);
#4454=AXIS2_PLACEMENT_3D('',#6337,#5034,#5035);
#4455=AXIS2_PLACEMENT_3D('',#6341,#5037,#5038);
#4456=AXIS2_PLACEMENT_3D('',#6342,#5039,#5040);
#4457=AXIS2_PLACEMENT_3D('',#6348,#5044,#5045);
#4458=AXIS2_PLACEMENT_3D('',#6349,#5046,#5047);
#4459=AXIS2_PLACEMENT_3D('',#6350,#5048,#5049);
#4460=AXIS2_PLACEMENT_3D('',#6351,#5050,#5051);
#4461=AXIS2_PLACEMENT_3D('',#6357,#5055,#5056);
#4462=AXIS2_PLACEMENT_3D('',#6358,#5057,#5058);
#4463=AXIS2_PLACEMENT_3D('',#6361,#5060,#5061);
#4464=AXIS2_PLACEMENT_3D('',#6365,#5064,#5065);
#4465=AXIS2_PLACEMENT_3D('',#6366,#5066,#5067);
#4466=AXIS2_PLACEMENT_3D('',#6367,#5068,#5069);
#4467=AXIS2_PLACEMENT_3D('',#6368,#5070,#5071);
#4468=AXIS2_PLACEMENT_3D('',#6371,#5073,#5074);
#4469=AXIS2_PLACEMENT_3D('',#6375,#5077,#5078);
#4470=AXIS2_PLACEMENT_3D('',#6376,#5079,#5080);
#4471=AXIS2_PLACEMENT_3D('',#6379,#5082,#5083);
#4472=AXIS2_PLACEMENT_3D('',#6383,#5086,#5087);
#4473=AXIS2_PLACEMENT_3D('',#6384,#5088,#5089);
#4474=AXIS2_PLACEMENT_3D('',#6387,#5091,#5092);
#4475=AXIS2_PLACEMENT_3D('',#6391,#5095,#5096);
#4476=AXIS2_PLACEMENT_3D('',#6392,#5097,#5098);
#4477=AXIS2_PLACEMENT_3D('',#6395,#5100,#5101);
#4478=AXIS2_PLACEMENT_3D('',#6399,#5104,#5105);
#4479=AXIS2_PLACEMENT_3D('',#6400,#5106,#5107);
#4480=AXIS2_PLACEMENT_3D('',#6403,#5109,#5110);
#4481=AXIS2_PLACEMENT_3D('',#6407,#5113,#5114);
#4482=AXIS2_PLACEMENT_3D('',#6408,#5115,#5116);
#4483=AXIS2_PLACEMENT_3D('',#6409,#5117,#5118);
#4484=AXIS2_PLACEMENT_3D('',#6410,#5119,#5120);
#4485=AXIS2_PLACEMENT_3D('',#6411,#5121,#5122);
#4486=AXIS2_PLACEMENT_3D('',#6412,#5123,#5124);
#4487=AXIS2_PLACEMENT_3D('',#6413,#5125,#5126);
#4488=AXIS2_PLACEMENT_3D('',#6414,#5127,#5128);
#4489=AXIS2_PLACEMENT_3D('',#6417,#5129,#5130);
#4490=AXIS2_PLACEMENT_3D('',#6419,#5131,#5132);
#4491=AXIS2_PLACEMENT_3D('',#6421,#5133,#5134);
#4492=AXIS2_PLACEMENT_3D('',#6423,#5135,#5136);
#4493=AXIS2_PLACEMENT_3D('',#6425,#5137,#5138);
#4494=AXIS2_PLACEMENT_3D('',#6427,#5139,#5140);
#4495=AXIS2_PLACEMENT_3D('',#6429,#5141,#5142);
#4496=AXIS2_PLACEMENT_3D('',#6433,#5144,#5145);
#4497=AXIS2_PLACEMENT_3D('',#6435,#5146,#5147);
#4498=AXIS2_PLACEMENT_3D('',#6436,#5148,#5149);
#4499=AXIS2_PLACEMENT_3D('',#6441,#5151,#5152);
#4500=AXIS2_PLACEMENT_3D('',#6444,#5154,#5155);
#4501=AXIS2_PLACEMENT_3D('',#6449,#5157,#5158);
#4502=AXIS2_PLACEMENT_3D('',#6450,#5159,#5160);
#4503=AXIS2_PLACEMENT_3D('',#6452,#5161,#5162);
#4504=AXIS2_PLACEMENT_3D('',#6457,#5164,#5165);
#4505=AXIS2_PLACEMENT_3D('',#6461,#5167,#5168);
#4506=AXIS2_PLACEMENT_3D('',#6465,#5170,#5171);
#4507=AXIS2_PLACEMENT_3D('',#6469,#5173,#5174);
#4508=AXIS2_PLACEMENT_3D('',#6473,#5176,#5177);
#4509=AXIS2_PLACEMENT_3D('',#6477,#5179,#5180);
#4510=AXIS2_PLACEMENT_3D('',#6481,#5182,#5183);
#4511=AXIS2_PLACEMENT_3D('',#6484,#5185,#5186);
#4512=AXIS2_PLACEMENT_3D('',#6485,#5187,#5188);
#4513=AXIS2_PLACEMENT_3D('',#6486,#5189,#5190);
#4514=AXIS2_PLACEMENT_3D('',#6487,#5191,#5192);
#4515=AXIS2_PLACEMENT_3D('',#6488,#5193,#5194);
#4516=AXIS2_PLACEMENT_3D('',#6489,#5195,#5196);
#4517=AXIS2_PLACEMENT_3D('',#6490,#5197,#5198);
#4518=AXIS2_PLACEMENT_3D('',#6509,#5208,#5209);
#4519=AXIS2_PLACEMENT_3D('',#6520,#5216,#5217);
#4520=AXIS2_PLACEMENT_3D('',#6528,#5222,#5223);
#4521=AXIS2_PLACEMENT_3D('',#6531,#5226,#5227);
#4522=AXIS2_PLACEMENT_3D('',#6549,#5237,#5238);
#4523=AXIS2_PLACEMENT_3D('',#6555,#5242,#5243);
#4524=AXIS2_PLACEMENT_3D('',#6561,#5247,#5248);
#4525=AXIS2_PLACEMENT_3D('',#6567,#5252,#5253);
#4526=AXIS2_PLACEMENT_3D('',#6577,#5259,#5260);
#4527=AXIS2_PLACEMENT_3D('',#6581,#5263,#5264);
#4528=AXIS2_PLACEMENT_3D('',#6585,#5267,#5268);
#4529=AXIS2_PLACEMENT_3D('',#6587,#5270,#5271);
#4530=AXIS2_PLACEMENT_3D('',#6593,#5275,#5276);
#4531=AXIS2_PLACEMENT_3D('',#6594,#5277,#5278);
#4532=AXIS2_PLACEMENT_3D('',#6597,#5280,#5281);
#4533=AXIS2_PLACEMENT_3D('',#6601,#5284,#5285);
#4534=AXIS2_PLACEMENT_3D('',#6602,#5286,#5287);
#4535=AXIS2_PLACEMENT_3D('',#6605,#5289,#5290);
#4536=AXIS2_PLACEMENT_3D('',#6609,#5293,#5294);
#4537=AXIS2_PLACEMENT_3D('',#6610,#5295,#5296);
#4538=AXIS2_PLACEMENT_3D('',#6613,#5298,#5299);
#4539=AXIS2_PLACEMENT_3D('',#6617,#5302,#5303);
#4540=AXIS2_PLACEMENT_3D('',#6618,#5304,#5305);
#4541=AXIS2_PLACEMENT_3D('',#6619,#5306,#5307);
#4542=AXIS2_PLACEMENT_3D('',#6620,#5308,#5309);
#4543=AXIS2_PLACEMENT_3D('',#6626,#5313,#5314);
#4544=AXIS2_PLACEMENT_3D('',#6630,#5317,#5318);
#4545=AXIS2_PLACEMENT_3D('',#6634,#5321,#5322);
#4546=AXIS2_PLACEMENT_3D('',#6640,#5326,#5327);
#4547=AXIS2_PLACEMENT_3D('',#6651,#5328,#5329);
#4548=AXIS2_PLACEMENT_3D('',#6657,#5330,#5331);
#4549=AXIS2_PLACEMENT_3D('',#6663,#5332,#5333);
#4550=AXIS2_PLACEMENT_3D('',#6669,#5334,#5335);
#4551=AXIS2_PLACEMENT_3D('',#6675,#5336,#5337);
#4552=AXIS2_PLACEMENT_3D('',#6681,#5338,#5339);
#4553=AXIS2_PLACEMENT_3D('',#6687,#5340,#5341);
#4554=AXIS2_PLACEMENT_3D('',#6693,#5342,#5343);
#4555=AXIS2_PLACEMENT_3D('',#6699,#5344,#5345);
#4556=AXIS2_PLACEMENT_3D('',#6700,#5346,#5347);
#4557=AXIS2_PLACEMENT_3D('',#6701,#5348,#5349);
#4558=AXIS2_PLACEMENT_3D('',#6707,#5350,#5351);
#4559=AXIS2_PLACEMENT_3D('',#6713,#5352,#5353);
#4560=AXIS2_PLACEMENT_3D('',#6719,#5354,#5355);
#4561=AXIS2_PLACEMENT_3D('',#6725,#5356,#5357);
#4562=AXIS2_PLACEMENT_3D('',#6731,#5358,#5359);
#4563=AXIS2_PLACEMENT_3D('',#6737,#5360,#5361);
#4564=AXIS2_PLACEMENT_3D('',#6738,#5362,#5363);
#4565=AXIS2_PLACEMENT_3D('',#6741,#5366,#5367);
#4566=AXIS2_PLACEMENT_3D('',#6743,#5369,#5370);
#4567=AXIS2_PLACEMENT_3D('',#6745,#5372,#5373);
#4568=AXIS2_PLACEMENT_3D('',#6747,#5375,#5376);
#4569=AXIS2_PLACEMENT_3D('',#6749,#5378,#5379);
#4570=AXIS2_PLACEMENT_3D('',#6751,#5381,#5382);
#4571=AXIS2_PLACEMENT_3D('',#6753,#5384,#5385);
#4572=AXIS2_PLACEMENT_3D('',#6754,#5386,#5387);
#4573=AXIS2_PLACEMENT_3D('',#6757,#5390,#5391);
#4574=AXIS2_PLACEMENT_3D('',#6759,#5393,#5394);
#4575=AXIS2_PLACEMENT_3D('',#6761,#5396,#5397);
#4576=AXIS2_PLACEMENT_3D('',#6762,#5398,#5399);
#4577=AXIS2_PLACEMENT_3D('',#6766,#5403,#5404);
#4578=AXIS2_PLACEMENT_3D('',#6771,#5405,#5406);
#4579=AXIS2_PLACEMENT_3D('',#6775,#5409,#5410);
#4580=AXIS2_PLACEMENT_3D('',#6780,#5414,#5415);
#4581=AXIS2_PLACEMENT_3D('',#6786,#5417,#5418);
#4582=AXIS2_PLACEMENT_3D('',#6788,#5420,#5421);
#4583=AXIS2_PLACEMENT_3D('',#6789,#5422,#5423);
#4584=AXIS2_PLACEMENT_3D('',#6790,#5424,#5425);
#4585=AXIS2_PLACEMENT_3D('',#6791,#5426,#5427);
#4586=AXIS2_PLACEMENT_3D('',#6793,#5429,#5430);
#4587=AXIS2_PLACEMENT_3D('',#6795,#5432,#5433);
#4588=AXIS2_PLACEMENT_3D('',#6796,#5434,#5435);
#4589=AXIS2_PLACEMENT_3D('',#6797,#5436,#5437);
#4590=AXIS2_PLACEMENT_3D('',#6799,#5438,#5439);
#4591=AXIS2_PLACEMENT_3D('',#6801,#5440,#5441);
#4592=AXIS2_PLACEMENT_3D('',#6802,#5442,#5443);
#4593=AXIS2_PLACEMENT_3D('',#6804,#5444,#5445);
#4594=AXIS2_PLACEMENT_3D('',#6805,#5446,#5447);
#4595=AXIS2_PLACEMENT_3D('',#6806,#5448,#5449);
#4596=AXIS2_PLACEMENT_3D('',#6809,#5451,#5452);
#4597=AXIS2_PLACEMENT_3D('',#6812,#5454,#5455);
#4598=AXIS2_PLACEMENT_3D('',#6815,#5457,#5458);
#4599=AXIS2_PLACEMENT_3D('',#6816,#5459,#5460);
#4600=AXIS2_PLACEMENT_3D('',#6818,#5462,#5463);
#4601=AXIS2_PLACEMENT_3D('',#6819,#5464,#5465);
#4602=AXIS2_PLACEMENT_3D('',#6825,#5469,#5470);
#4603=AXIS2_PLACEMENT_3D('',#6826,#5471,#5472);
#4604=AXIS2_PLACEMENT_3D('',#6829,#5474,#5475);
#4605=AXIS2_PLACEMENT_3D('',#6830,#5476,#5477);
#4606=AXIS2_PLACEMENT_3D('',#6833,#5480,#5481);
#4607=AXIS2_PLACEMENT_3D('',#6834,#5482,#5483);
#4608=AXIS2_PLACEMENT_3D('',#6840,#5487,#5488);
#4609=AXIS2_PLACEMENT_3D('',#6843,#5490,#5491);
#4610=AXIS2_PLACEMENT_3D('',#6844,#5492,#5493);
#4611=AXIS2_PLACEMENT_3D('',#6848,#5496,#5497);
#4612=AXIS2_PLACEMENT_3D('',#6849,#5498,#5499);
#4613=AXIS2_PLACEMENT_3D('',#6850,#5500,#5501);
#4614=AXIS2_PLACEMENT_3D('',#6851,#5502,#5503);
#4615=AXIS2_PLACEMENT_3D('',#6854,#5505,#5506);
#4616=AXIS2_PLACEMENT_3D('',#6857,#5508,#5509);
#4617=AXIS2_PLACEMENT_3D('',#6861,#5512,#5513);
#4618=AXIS2_PLACEMENT_3D('',#6862,#5514,#5515);
#4619=AXIS2_PLACEMENT_3D('',#6863,#5516,#5517);
#4620=AXIS2_PLACEMENT_3D('',#6864,#5518,#5519);
#4621=AXIS2_PLACEMENT_3D('',#6871,#5524,#5525);
#4622=AXIS2_PLACEMENT_3D('',#6875,#5528,#5529);
#4623=AXIS2_PLACEMENT_3D('',#6880,#5533,#5534);
#4624=AXIS2_PLACEMENT_3D('',#6881,#5535,#5536);
#4625=AXIS2_PLACEMENT_3D('',#6882,#5537,#5538);
#4626=AXIS2_PLACEMENT_3D('',#6883,#5539,#5540);
#4627=AXIS2_PLACEMENT_3D('',#6889,#5544,#5545);
#4628=AXIS2_PLACEMENT_3D('',#6894,#5549,#5550);
#4629=AXIS2_PLACEMENT_3D('',#6897,#5552,#5553);
#4630=AXIS2_PLACEMENT_3D('',#6898,#5554,#5555);
#4631=AXIS2_PLACEMENT_3D('',#6901,#5558,#5559);
#4632=AXIS2_PLACEMENT_3D('',#6902,#5560,#5561);
#4633=AXIS2_PLACEMENT_3D('',#6905,#5563,#5564);
#4634=AXIS2_PLACEMENT_3D('',#6908,#5566,#5567);
#4635=AXIS2_PLACEMENT_3D('',#6913,#5571,#5572);
#4636=AXIS2_PLACEMENT_3D('',#6915,#5574,#5575);
#4637=AXIS2_PLACEMENT_3D('',#6916,#5576,#5577);
#4638=AXIS2_PLACEMENT_3D('',#6917,#5578,#5579);
#4639=AXIS2_PLACEMENT_3D('',#6920,#5582,#5583);
#4640=AXIS2_PLACEMENT_3D('',#6922,#5585,#5586);
#4641=AXIS2_PLACEMENT_3D('',#6924,#5588,#5589);
#4642=AXIS2_PLACEMENT_3D('',#6926,#5591,#5592);
#4643=AXIS2_PLACEMENT_3D('',#6928,#5594,#5595);
#4644=AXIS2_PLACEMENT_3D('',#6930,#5597,#5598);
#4645=AXIS2_PLACEMENT_3D('',#6932,#5600,#5601);
#4646=AXIS2_PLACEMENT_3D('',#6933,#5602,#5603);
#4647=AXIS2_PLACEMENT_3D('',#6939,#5607,#5608);
#4648=AXIS2_PLACEMENT_3D('',#6943,#5611,#5612);
#4649=AXIS2_PLACEMENT_3D('',#6947,#5615,#5616);
#4650=AXIS2_PLACEMENT_3D('',#6951,#5619,#5620);
#4651=AXIS2_PLACEMENT_3D('',#6955,#5623,#5624);
#4652=AXIS2_PLACEMENT_3D('',#6959,#5627,#5628);
#4653=AXIS2_PLACEMENT_3D('',#6961,#5630,#5631);
#4654=AXIS2_PLACEMENT_3D('',#6962,#5632,#5633);
#4655=AXIS2_PLACEMENT_3D('',#6968,#5637,#5638);
#4656=AXIS2_PLACEMENT_3D('',#6972,#5641,#5642);
#4657=AXIS2_PLACEMENT_3D('',#6976,#5645,#5646);
#4658=AXIS2_PLACEMENT_3D('',#6978,#5648,#5649);
#4659=AXIS2_PLACEMENT_3D('',#6979,#5650,#5651);
#4660=AXIS2_PLACEMENT_3D('',#6985,#5655,#5656);
#4661=AXIS2_PLACEMENT_3D('',#6989,#5659,#5660);
#4662=AXIS2_PLACEMENT_3D('',#6993,#5663,#5664);
#4663=AXIS2_PLACEMENT_3D('',#6995,#5666,#5667);
#4664=AXIS2_PLACEMENT_3D('',#6996,#5668,#5669);
#4665=AXIS2_PLACEMENT_3D('',#7002,#5673,#5674);
#4666=AXIS2_PLACEMENT_3D('',#7045,#5680,#5681);
#4667=AXIS2_PLACEMENT_3D('',#7048,#5683,#5684);
#4668=AXIS2_PLACEMENT_3D('',#7049,#5685,#5686);
#4669=AXIS2_PLACEMENT_3D('',#7052,#5688,#5689);
#4670=AXIS2_PLACEMENT_3D('',#7053,#5690,#5691);
#4671=AXIS2_PLACEMENT_3D('',#7056,#5693,#5694);
#4672=AXIS2_PLACEMENT_3D('',#7057,#5695,#5696);
#4673=AXIS2_PLACEMENT_3D('',#7061,#5699,#5700);
#4674=AXIS2_PLACEMENT_3D('',#7065,#5703,#5704);
#4675=AXIS2_PLACEMENT_3D('',#7095,#5709,#5710);
#4676=AXIS2_PLACEMENT_3D('',#7098,#5712,#5713);
#4677=AXIS2_PLACEMENT_3D('',#7138,#5717,#5718);
#4678=AXIS2_PLACEMENT_3D('',#7141,#5720,#5721);
#4679=AXIS2_PLACEMENT_3D('',#7142,#5722,#5723);
#4680=AXIS2_PLACEMENT_3D('',#7145,#5725,#5726);
#4681=AXIS2_PLACEMENT_3D('',#7146,#5727,#5728);
#4682=AXIS2_PLACEMENT_3D('',#7150,#5731,#5732);
#4683=AXIS2_PLACEMENT_3D('',#7154,#5735,#5736);
#4684=AXIS2_PLACEMENT_3D('',#7158,#5739,#5740);
#4685=AXIS2_PLACEMENT_3D('',#7161,#5742,#5743);
#4686=AXIS2_PLACEMENT_3D('',#7162,#5744,#5745);
#4687=AXIS2_PLACEMENT_3D('',#7165,#5747,#5748);
#4688=AXIS2_PLACEMENT_3D('',#7166,#5749,#5750);
#4689=AXIS2_PLACEMENT_3D('',#7168,#5752,#5753);
#4690=AXIS2_PLACEMENT_3D('',#7169,#5754,#5755);
#4691=AXIS2_PLACEMENT_3D('',#7175,#5759,#5760);
#4692=AXIS2_PLACEMENT_3D('',#7179,#5763,#5764);
#4693=AXIS2_PLACEMENT_3D('',#7183,#5767,#5768);
#4694=AXIS2_PLACEMENT_3D('',#7187,#5771,#5772);
#4695=AXIS2_PLACEMENT_3D('',#7191,#5775,#5776);
#4696=AXIS2_PLACEMENT_3D('',#7195,#5779,#5780);
#4697=AXIS2_PLACEMENT_3D('',#7199,#5783,#5784);
#4698=AXIS2_PLACEMENT_3D('',#7201,#5786,#5787);
#4699=AXIS2_PLACEMENT_3D('',#7202,#5788,#5789);
#4700=AXIS2_PLACEMENT_3D('',#7208,#5793,#5794);
#4701=AXIS2_PLACEMENT_3D('',#7212,#5797,#5798);
#4702=AXIS2_PLACEMENT_3D('',#7216,#5801,#5802);
#4703=AXIS2_PLACEMENT_3D('',#7218,#5804,#5805);
#4704=AXIS2_PLACEMENT_3D('',#7219,#5806,#5807);
#4705=AXIS2_PLACEMENT_3D('',#7225,#5811,#5812);
#4706=AXIS2_PLACEMENT_3D('',#7229,#5815,#5816);
#4707=AXIS2_PLACEMENT_3D('',#7233,#5819,#5820);
#4708=AXIS2_PLACEMENT_3D('',#7237,#5823,#5824);
#4709=AXIS2_PLACEMENT_3D('',#7241,#5827,#5828);
#4710=AXIS2_PLACEMENT_3D('',#7243,#5830,#5831);
#4711=AXIS2_PLACEMENT_3D('',#7244,#5832,#5833);
#4712=AXIS2_PLACEMENT_3D('',#7250,#5837,#5838);
#4713=AXIS2_PLACEMENT_3D('',#7254,#5841,#5842);
#4714=AXIS2_PLACEMENT_3D('',#7258,#5845,#5846);
#4715=AXIS2_PLACEMENT_3D('',#7262,#5849,#5850);
#4716=AXIS2_PLACEMENT_3D('',#7266,#5853,#5854);
#4717=AXIS2_PLACEMENT_3D('',#7270,#5857,#5858);
#4718=AXIS2_PLACEMENT_3D('',#7274,#5861,#5862);
#4719=AXIS2_PLACEMENT_3D('',#7276,#5864,#5865);
#4720=AXIS2_PLACEMENT_3D('',#7277,#5866,#5867);
#4721=AXIS2_PLACEMENT_3D('',#7278,#5868,#5869);
#4722=AXIS2_PLACEMENT_3D('',#7279,#5870,#5871);
#4723=AXIS2_PLACEMENT_3D('',#7280,#5872,#5873);
#4724=AXIS2_PLACEMENT_3D('',#7281,#5874,#5875);
#4725=AXIS2_PLACEMENT_3D('',#7282,#5876,#5877);
#4726=AXIS2_PLACEMENT_3D('',#7283,#5878,#5879);
#4727=AXIS2_PLACEMENT_3D('',#7285,#5880,#5881);
#4728=AXIS2_PLACEMENT_3D('',#7287,#5882,#5883);
#4729=AXIS2_PLACEMENT_3D('',#7288,#5884,#5885);
#4730=AXIS2_PLACEMENT_3D('',#7290,#5886,#5887);
#4731=AXIS2_PLACEMENT_3D('',#7292,#5888,#5889);
#4732=AXIS2_PLACEMENT_3D('',#7293,#5890,#5891);
#4733=AXIS2_PLACEMENT_3D('',#7294,#5892,#5893);
#4734=AXIS2_PLACEMENT_3D('',#7296,#5894,#5895);
#4735=AXIS2_PLACEMENT_3D('',#7297,#5896,#5897);
#4736=AXIS2_PLACEMENT_3D('',#7298,#5898,#5899);
#4737=AXIS2_PLACEMENT_3D('',#7299,#5900,#5901);
#4738=AXIS2_PLACEMENT_3D('',#7301,#5902,#5903);
#4739=AXIS2_PLACEMENT_3D('',#7303,#5904,#5905);
#4740=AXIS2_PLACEMENT_3D('',#7304,#5906,#5907);
#4741=AXIS2_PLACEMENT_3D('',#7306,#5908,#5909);
#4742=AXIS2_PLACEMENT_3D('',#7308,#5910,#5911);
#4743=AXIS2_PLACEMENT_3D('',#7309,#5912,#5913);
#4744=AXIS2_PLACEMENT_3D('',#7310,#5914,#5915);
#4745=AXIS2_PLACEMENT_3D('',#7312,#5916,#5917);
#4746=DIRECTION('',(0.,0.,1.));
#4747=DIRECTION('',(1.,0.,0.));
#4748=DIRECTION('',(3.14688683398007E-16,0.,-1.));
#4749=DIRECTION('',(-1.,0.,-3.14688683398007E-16));
#4750=DIRECTION('',(-0.999999999741548,-2.27355108462033E-5,-3.14688683316675E-16));
#4751=DIRECTION('',(-1.,-1.31838984174237E-16,-3.14688683398007E-16));
#4752=DIRECTION('',(-8.71905177165151E-12,-1.,-2.74378692250008E-27));
#4753=DIRECTION('',(-3.14688683398007E-16,0.,1.));
#4754=DIRECTION('',(1.,0.,3.14688683398007E-16));
#4755=DIRECTION('',(0.765790169586688,-0.643090519417284,2.40985500226371E-16));
#4756=DIRECTION('',(-3.14688683398007E-16,0.,1.));
#4757=DIRECTION('',(1.,0.,3.14688683398007E-16));
#4758=DIRECTION('',(1.,0.,3.14688683398007E-16));
#4759=DIRECTION('',(-3.14688683398007E-16,0.,1.));
#4760=DIRECTION('',(1.,0.,3.14688683398007E-16));
#4761=DIRECTION('',(0.766083955688895,0.642740517499912,2.41077951388076E-16));
#4762=DIRECTION('',(-3.14688683398007E-16,0.,1.));
#4763=DIRECTION('',(1.,0.,3.14688683398007E-16));
#4764=DIRECTION('',(1.76194458564238E-5,-0.999999999844778,5.54464021876048E-21));
#4765=DIRECTION('',(-3.14688683398007E-16,0.,1.));
#4766=DIRECTION('',(1.,0.,3.14688683398007E-16));
#4767=DIRECTION('',(-0.939392376762444,0.34284393312498,-2.95616150237499E-16));
#4768=DIRECTION('',(-3.14688683398007E-16,0.,1.));
#4769=DIRECTION('',(1.,0.,3.14688683398007E-16));
#4770=DIRECTION('',(-1.,0.,-3.14688683398007E-16));
#4771=DIRECTION('',(-3.14688683398007E-16,0.,1.));
#4772=DIRECTION('',(1.,0.,3.14688683398007E-16));
#4773=DIRECTION('',(-0.939499326492904,-0.342550748823267,-2.95649806107366E-16));
#4774=DIRECTION('',(-3.14688683398007E-16,0.,1.));
#4775=DIRECTION('',(1.,0.,3.14688683398007E-16));
#4776=DIRECTION('',(-8.71905177165151E-12,-1.,-2.74378692250008E-27));
#4777=DIRECTION('',(-1.,-1.31838984174237E-16,-3.14688683398007E-16));
#4778=DIRECTION('',(-0.999999999741548,-2.27355108462033E-5,-3.14688683316675E-16));
#4779=DIRECTION('',(-0.707122857437688,0.707090704569902,-2.22523561007703E-16));
#4780=DIRECTION('',(2.27355108462033E-5,-0.999999999741548,7.15460797457285E-21));
#4781=DIRECTION('',(-0.707090704569901,-0.707122857437688,-2.22513442864071E-16));
#4782=DIRECTION('',(0.422618261740699,-0.90630778703665,1.32993184367135E-16));
#4783=DIRECTION('',(3.14688683398007E-16,0.,-1.));
#4784=DIRECTION('',(-1.,0.,-3.14688683398007E-16));
#4785=DIRECTION('',(-0.422618261740699,0.90630778703665,-1.32993184367135E-16));
#4786=DIRECTION('',(0.90630778703665,0.422618261740699,2.85204804255925E-16));
#4787=DIRECTION('',(-0.422618261740699,0.90630778703665,-1.32993184367135E-16));
#4788=DIRECTION('',(3.14688683398007E-16,0.,-1.));
#4789=DIRECTION('',(-1.,0.,-3.14688683398007E-16));
#4790=DIRECTION('',(3.14688683398007E-16,0.,-1.));
#4791=DIRECTION('',(-1.,0.,-3.14688683398007E-16));
#4792=DIRECTION('',(-0.419489659435454,0.907760114582441,-1.32008648626821E-16));
#4793=DIRECTION('',(3.14688683398007E-16,0.,-1.));
#4794=DIRECTION('',(-1.,0.,-3.14688683398007E-16));
#4795=DIRECTION('',(-0.422618261740699,0.90630778703665,-1.32993184367135E-16));
#4796=DIRECTION('',(0.90630778703665,0.422618261740699,2.85204804255925E-16));
#4797=DIRECTION('',(-0.422618261740699,0.90630778703665,-1.32993184367135E-16));
#4798=DIRECTION('',(3.14688683398007E-16,0.,-1.));
#4799=DIRECTION('',(-1.,0.,-3.14688683398007E-16));
#4800=DIRECTION('',(3.14688683398007E-16,0.,-1.));
#4801=DIRECTION('',(-1.,0.,-3.14688683398007E-16));
#4802=DIRECTION('',(-0.999999999844777,-1.76194458564657E-5,-3.14688683349161E-16));
#4803=DIRECTION('',(1.76194458564657E-5,-0.999999999844778,0.));
#4804=DIRECTION('',(-3.14688683398007E-16,0.,1.));
#4805=DIRECTION('',(1.76194458564657E-5,-0.999999999844778,5.54464021877366E-21));
#4806=DIRECTION('',(-3.14688683398007E-16,0.,1.));
#4807=DIRECTION('',(1.76194458564657E-5,-0.999999999844778,5.54464021877365E-21));
#4808=DIRECTION('',(5.78835136418224E-6,-0.32852062489028,-0.944496796706159));
#4809=DIRECTION('',(-1.76194458564657E-5,0.999999999844778,4.09556660813978E-31));
#4810=DIRECTION('',(-5.76251228736822E-6,0.327054115839957,0.945005611242038));
#4811=DIRECTION('',(-5.81414864376771E-6,0.329984761752806,-0.943986258892119));
#4812=DIRECTION('',(-1.76194458564657E-5,0.999999999844778,4.04997560829233E-31));
#4813=DIRECTION('',(5.82703158020234E-6,-0.330715938915669,0.943730346928175));
#4814=DIRECTION('',(1.76194458564657E-5,-0.999999999844778,3.68750575316689E-16));
#4815=DIRECTION('',(1.76194458564657E-5,-0.999999999844778,-3.64897525650023E-31));
#4816=DIRECTION('',(5.92398754669384E-6,-0.336218720709884,-0.941783930532432));
#4817=DIRECTION('',(-1.76194458564657E-5,0.999999999844778,-1.84578510771581E-31));
#4818=DIRECTION('',(5.74883690769041E-6,-0.326277963219027,0.945273870729851));
#4819=DIRECTION('',(-3.14692881366187E-16,2.38257673558192E-16,1.));
#4820=DIRECTION('',(1.76194458564657E-5,-0.999999999844778,3.65800570714154E-16));
#4821=DIRECTION('',(3.14694980325159E-16,-3.57385084739453E-16,-1.));
#4822=DIRECTION('',(-1.76194458564657E-5,0.999999999844778,-1.84579576978312E-31));
#4823=DIRECTION('',(8.83030188857689E-6,-0.501167968554104,-0.865350025837741));
#4824=DIRECTION('',(-1.76194458564657E-5,0.999999999844778,1.05381740947691E-31));
#4825=DIRECTION('',(-8.13703355991102E-6,0.461821196004463,0.886973045168113));
#4826=DIRECTION('',(-0.999999999844777,-1.76194458564657E-5,-3.1468868334916E-16));
#4827=DIRECTION('',(1.76194458564657E-5,-0.999999999844778,0.));
#4828=DIRECTION('',(-0.999999999844777,-1.76194458564657E-5,-3.1468868334916E-16));
#4829=DIRECTION('',(1.76194458564657E-5,-0.999999999844778,0.));
#4830=DIRECTION('',(-1.76194458564657E-5,0.999999999844778,-1.5468900435849E-30));
#4831=DIRECTION('',(-3.14688683300314E-16,-5.544640217913E-21,1.));
#4832=DIRECTION('',(1.76194458564657E-5,-0.999999999844778,-3.57139805470179E-31));
#4833=DIRECTION('',(-0.999999999844777,-1.76194458564657E-5,-3.1468868334916E-16));
#4834=DIRECTION('',(1.76194458564657E-5,-0.999999999844778,0.));
#4835=DIRECTION('',(-0.999999999844777,-1.76194458564657E-5,-3.1468868334916E-16));
#4836=DIRECTION('',(1.76194458564657E-5,-0.999999999844778,0.));
#4837=DIRECTION('',(-0.999999999844777,-1.76194458564657E-5,-3.1468868334916E-16));
#4838=DIRECTION('',(1.76194458564657E-5,-0.999999999844778,0.));
#4839=DIRECTION('',(-1.76194458564657E-5,0.999999999844778,-4.48285013130092E-16));
#4840=DIRECTION('',(-3.14688683300314E-16,-5.544640217913E-21,1.));
#4841=DIRECTION('',(1.76194458564657E-5,-0.999999999844778,4.30016344883413E-16));
#4842=DIRECTION('',(-0.999999999844777,-1.76194458564657E-5,-3.1468868334916E-16));
#4843=DIRECTION('',(1.76194458564657E-5,-0.999999999844778,0.));
#4844=DIRECTION('',(-0.999999999844777,-1.76194458564657E-5,-3.1468868334916E-16));
#4845=DIRECTION('',(1.76194458564657E-5,-0.999999999844778,0.));
#4846=DIRECTION('',(-0.999999999844777,-1.76194458564657E-5,-3.1468868334916E-16));
#4847=DIRECTION('',(1.76194458564657E-5,-0.999999999844778,0.));
#4848=DIRECTION('',(-3.14694980325159E-16,3.57385084739453E-16,1.));
#4849=DIRECTION('',(1.76194458564657E-5,-0.999999999844778,3.59568057713782E-16));
#4850=DIRECTION('',(7.02969666097556E-6,-0.398973765512393,-0.916962340766209));
#4851=DIRECTION('',(3.14688683300314E-16,5.544640217913E-21,-1.));
#4852=DIRECTION('',(-1.76194458564657E-5,0.999999999844778,9.66567580208501E-31));
#4853=DIRECTION('',(-6.60847210462692E-6,0.375066966188631,0.926997718891683));
#4854=DIRECTION('',(3.14694784786602E-16,-3.46287201273881E-16,-1.));
#4855=DIRECTION('',(-1.76194458564657E-5,0.999999999844778,4.18897697990396E-31));
#4856=DIRECTION('',(1.76194458564657E-5,-0.999999999844778,3.20502836490205E-16));
#4857=DIRECTION('',(6.36000184748719E-6,-0.360964918988791,-0.932579394592743));
#4858=DIRECTION('',(-6.721601083824E-6,0.381487655050455,-0.924373933534976));
#4859=DIRECTION('',(-7.41615207808136E-6,0.420907225860529,0.907103691516794));
#4860=DIRECTION('',(6.76164455133388E-6,-0.383760341026483,0.923432726629026));
#4861=DIRECTION('',(1.76194458564657E-5,-0.999999999844778,3.20502836490205E-16));
#4862=DIRECTION('',(-7.89580078552191E-6,0.448129915600051,-0.893968443896062));
#4863=DIRECTION('',(3.14688683300314E-16,5.544640217913E-21,-1.));
#4864=DIRECTION('',(-1.76194458564657E-5,0.999999999844778,-1.84561451463874E-31));
#4865=DIRECTION('',(-3.14688683300314E-16,-5.544640217913E-21,1.));
#4866=DIRECTION('',(7.00752887309197E-6,-0.397715622237999,0.917508737712473));
#4867=DIRECTION('',(1.76194458564657E-5,-0.999999999844778,3.60039931805271E-16));
#4868=DIRECTION('',(3.14697079284131E-16,-4.76512495920715E-16,-1.));
#4869=DIRECTION('',(-1.76194458564657E-5,0.999999999844778,-1.84576378358117E-31));
#4870=DIRECTION('',(-3.1470088627289E-16,6.92579947187981E-16,1.));
#4871=DIRECTION('',(-6.57557478632307E-6,0.373199863330626,-0.927750969801037));
#4872=DIRECTION('',(-1.76194458564657E-5,0.999999999844778,-1.84582775598507E-31));
#4873=DIRECTION('',(-3.14688683300314E-16,-5.544640217913E-21,1.));
#4874=DIRECTION('',(-1.,8.71905177165151E-12,-3.14688683398007E-16));
#4875=DIRECTION('',(-8.71905177165151E-12,-1.,0.));
#4876=DIRECTION('',(-3.14688683398007E-16,-4.14882363503215E-32,1.));
#4877=DIRECTION('',(-3.14688683398007E-16,0.,1.));
#4878=DIRECTION('',(-8.71905177165151E-12,-1.,-2.74378692250008E-27));
#4879=DIRECTION('',(-3.14688683398007E-16,0.,1.));
#4880=DIRECTION('',(-3.14688683398764E-16,-8.67361737988404E-17,1.));
#4881=DIRECTION('',(6.16552315175336E-12,0.707106781186548,-0.707106781186547));
#4882=DIRECTION('',(-8.71905177165151E-12,-1.,0.));
#4883=DIRECTION('',(-6.16507811474938E-12,-0.707106781186549,-0.707106781186547));
#4884=DIRECTION('',(8.71905177165151E-12,1.,-1.91220851992638E-23));
#4885=DIRECTION('',(-1.,8.71905177165151E-12,-3.14688683398007E-16));
#4886=DIRECTION('',(-8.71905177165151E-12,-1.,0.));
#4887=DIRECTION('',(3.14688683398007E-16,-6.19465790500392E-23,-1.));
#4888=DIRECTION('',(-1.,8.71905177165151E-12,-3.14688683398007E-16));
#4889=DIRECTION('',(-8.71905177165151E-12,-1.,0.));
#4890=DIRECTION('',(8.71905177165151E-12,1.,-1.91220851992638E-23));
#4891=DIRECTION('',(-1.,8.71905177165151E-12,-3.14688683398007E-16));
#4892=DIRECTION('',(-8.71905177165151E-12,-1.,0.));
#4893=DIRECTION('',(3.14688683398007E-16,-6.19465790500392E-23,-1.));
#4894=DIRECTION('',(-1.,8.71905177165151E-12,-3.14688683398007E-16));
#4895=DIRECTION('',(-8.71905177165151E-12,-1.,0.));
#4896=DIRECTION('',(0.999999999741548,2.27355108462033E-5,3.14688683316675E-16));
#4897=DIRECTION('',(-2.27355108462033E-5,0.999999999741548,-7.15460797457285E-21));
#4898=DIRECTION('',(3.14688683235344E-16,7.15460797272373E-21,-1.));
#4899=DIRECTION('',(0.999999999741548,2.27355108462033E-5,3.14688683316675E-16));
#4900=DIRECTION('',(-2.27355108462033E-5,0.999999999741548,0.));
#4901=DIRECTION('',(-2.27355108462033E-5,0.999999999741548,-1.65517933011907E-32));
#4902=DIRECTION('',(0.999999999741548,2.27355108462033E-5,3.14688683316675E-16));
#4903=DIRECTION('',(-2.27355108462033E-5,0.999999999741548,0.));
#4904=DIRECTION('',(3.14686890516053E-16,7.88582216570692E-17,-1.));
#4905=DIRECTION('',(0.999999999741548,2.27355108462033E-5,3.14688683316675E-16));
#4906=DIRECTION('',(-2.27355108462033E-5,0.999999999741548,0.));
#4907=DIRECTION('',(-2.27355108462033E-5,0.999999999741548,-1.65517933011907E-32));
#4908=DIRECTION('',(0.999999999741548,2.27355108462033E-5,3.14688683316675E-16));
#4909=DIRECTION('',(-2.27355108462033E-5,0.999999999741548,0.));
#4910=DIRECTION('',(2.27355108462033E-5,-0.999999999741548,2.22775309878346E-21));
#4911=DIRECTION('',(0.999999999741548,2.27355108462033E-5,3.14688683316675E-16));
#4912=DIRECTION('',(-2.27355108462033E-5,0.999999999741548,9.48633970443648E-12));
#4913=DIRECTION('',(-3.14688683399416E-16,6.19465790503164E-23,1.));
#4914=DIRECTION('',(0.999999999741548,2.27355108462033E-5,3.14688683316675E-16));
#4915=DIRECTION('',(-2.27355108462033E-5,0.999999999741548,9.48633970443648E-12));
#4916=DIRECTION('',(2.27355108462033E-5,-0.999999999741548,2.22775309878346E-21));
#4917=DIRECTION('',(0.999999999741548,2.27355108462033E-5,3.14688683316675E-16));
#4918=DIRECTION('',(-2.27355108462033E-5,0.999999999741548,9.48633970443648E-12));
#4919=DIRECTION('',(-3.14688683399416E-16,6.19465790503164E-23,1.));
#4920=DIRECTION('',(0.999999999741548,2.27355108462033E-5,3.14688683316675E-16));
#4921=DIRECTION('',(-2.27355108462033E-5,0.999999999741548,9.48633970443648E-12));
#4922=DIRECTION('',(-0.999999999741548,-2.27355108462033E-5,-3.14688683316675E-16));
#4923=DIRECTION('',(2.27355108462033E-5,-0.999999999741548,0.));
#4924=DIRECTION('',(2.27355108462033E-5,-0.999999999741548,1.65509604595778E-32));
#4925=DIRECTION('',(-0.999999999741548,-2.27355108462033E-5,-3.14688683316675E-16));
#4926=DIRECTION('',(2.27355108462033E-5,-0.999999999741548,0.));
#4927=DIRECTION('',(-3.14686890516053E-16,-7.88582216570692E-17,1.));
#4928=DIRECTION('',(-0.999999999741548,-2.27355108462033E-5,-3.14688683316675E-16));
#4929=DIRECTION('',(2.27355108462033E-5,-0.999999999741548,0.));
#4930=DIRECTION('',(-2.27355108462033E-5,0.999999999741548,-1.65509604595778E-32));
#4931=DIRECTION('',(-0.999999999741548,-2.27355108462033E-5,-3.14688683316675E-16));
#4932=DIRECTION('',(2.27355108462033E-5,-0.999999999741548,0.));
#4933=DIRECTION('',(3.14688683235344E-16,7.15460797272372E-21,-1.));
#4934=DIRECTION('',(-0.999999999741548,-2.27355108462033E-5,-3.14688683316675E-16));
#4935=DIRECTION('',(2.27355108462033E-5,-0.999999999741548,0.));
#4936=DIRECTION('',(-2.27355108462033E-5,0.999999999741548,1.50463276905253E-36));
#4937=DIRECTION('',(3.14688683398007E-16,4.14876230266248E-32,-1.));
#4938=DIRECTION('',(2.27355108462033E-5,-0.999999999741548,-1.50463276905253E-36));
#4939=DIRECTION('',(-3.14688683398007E-16,-4.14876230266248E-32,1.));
#4940=DIRECTION('',(-3.14688683398007E-16,0.,1.));
#4941=DIRECTION('',(2.27355108462033E-5,-0.999999999741548,7.15460797457285E-21));
#4942=DIRECTION('',(-3.14688683398007E-16,0.,1.));
#4943=DIRECTION('',(2.27355108462033E-5,-0.999999999741548,7.15460797457285E-21));
#4944=DIRECTION('',(-3.14688683398007E-16,0.,1.));
#4945=DIRECTION('',(1.,0.,3.14688683398007E-16));
#4946=DIRECTION('',(-3.14688683398007E-16,0.,1.));
#4947=DIRECTION('',(1.,0.,3.14688683398007E-16));
#4948=DIRECTION('',(3.14688683398007E-16,0.,-1.));
#4949=DIRECTION('',(-1.,0.,-3.14688683398007E-16));
#4950=DIRECTION('',(-3.14688683398007E-16,0.,1.));
#4951=DIRECTION('',(1.,0.,3.14688683398007E-16));
#4952=DIRECTION('',(-3.14688683398007E-16,0.,1.));
#4953=DIRECTION('',(1.,0.,3.14688683398007E-16));
#4954=DIRECTION('',(3.14688683398007E-16,0.,-1.));
#4955=DIRECTION('',(-1.,0.,-3.14688683398007E-16));
#4956=DIRECTION('',(-3.14688683398007E-16,0.,1.));
#4957=DIRECTION('',(1.,0.,3.14688683398007E-16));
#4958=DIRECTION('',(-3.14688683398007E-16,0.,1.));
#4959=DIRECTION('',(1.,0.,3.14688683398007E-16));
#4960=DIRECTION('',(3.14688683398007E-16,0.,-1.));
#4961=DIRECTION('',(-1.,0.,-3.14688683398007E-16));
#4962=DIRECTION('',(-3.14688683398007E-16,0.,1.));
#4963=DIRECTION('',(1.,0.,3.14688683398007E-16));
#4964=DIRECTION('',(-3.14688683398007E-16,0.,1.));
#4965=DIRECTION('',(1.,0.,3.14688683398007E-16));
#4966=DIRECTION('',(3.14688683398007E-16,0.,-1.));
#4967=DIRECTION('',(-1.,0.,-3.14688683398007E-16));
#4968=DIRECTION('',(-0.643090519417284,-0.765790169586688,-2.02373308861166E-16));
#4969=DIRECTION('',(0.765790169586688,-0.643090519417284,0.));
#4970=DIRECTION('',(-3.14688683398007E-16,0.,1.));
#4971=DIRECTION('',(0.765790169586688,-0.643090519417284,2.40985500226372E-16));
#4972=DIRECTION('',(-3.14688683398007E-16,0.,1.));
#4973=DIRECTION('',(0.765790169586688,-0.643090519417284,2.40985500226371E-16));
#4974=DIRECTION('',(-3.14688683398007E-16,0.,1.));
#4975=DIRECTION('',(1.,0.,3.14688683398007E-16));
#4976=DIRECTION('',(3.14688683398007E-16,0.,-1.));
#4977=DIRECTION('',(-1.,0.,-3.14688683398007E-16));
#4978=DIRECTION('',(-3.14688683398007E-16,0.,1.));
#4979=DIRECTION('',(-3.14688683398007E-16,0.,1.));
#4980=DIRECTION('',(1.,0.,3.14688683398007E-16));
#4981=DIRECTION('',(-3.14688683398007E-16,0.,1.));
#4982=DIRECTION('',(-3.14688683398007E-16,0.,1.));
#4983=DIRECTION('',(1.,0.,3.14688683398007E-16));
#4984=DIRECTION('',(0.,1.,0.));
#4985=DIRECTION('',(0.,0.,1.));
#4986=DIRECTION('',(-3.14688683398007E-16,0.,1.));
#4987=DIRECTION('',(-1.,0.,-3.14688683398007E-16));
#4988=DIRECTION('',(-3.14688683398007E-16,0.,1.));
#4989=DIRECTION('',(-1.,0.,-3.14688683398007E-16));
#4990=DIRECTION('',(-3.14688683398007E-16,0.,1.));
#4991=DIRECTION('',(1.,0.,3.14688683398007E-16));
#4992=DIRECTION('',(3.14688683398007E-16,0.,-1.));
#4993=DIRECTION('',(-1.,0.,-3.14688683398007E-16));
#4994=DIRECTION('',(-3.14688683398007E-16,0.,1.));
#4995=DIRECTION('',(3.14688683398007E-16,0.,-1.));
#4996=DIRECTION('',(-1.,0.,-3.14688683398007E-16));
#4997=DIRECTION('',(0.642740517499913,-0.766083955688895,2.02263167218601E-16));
#4998=DIRECTION('',(0.766083955688895,0.642740517499913,0.));
#4999=DIRECTION('',(0.766083955688895,0.642740517499913,2.41077951388076E-16));
#5000=DIRECTION('',(-3.14688683398007E-16,0.,1.));
#5001=DIRECTION('',(0.766083955688895,0.642740517499913,2.41077951388076E-16));
#5002=DIRECTION('',(-3.14688683398007E-16,0.,1.));
#5003=DIRECTION('',(1.,0.,3.14688683398007E-16));
#5004=DIRECTION('',(3.14688683398007E-16,0.,-1.));
#5005=DIRECTION('',(-1.,0.,-3.14688683398007E-16));
#5006=DIRECTION('',(-3.14688683398007E-16,0.,1.));
#5007=DIRECTION('',(1.,0.,3.14688683398007E-16));
#5008=DIRECTION('',(-3.14688683398007E-16,0.,1.));
#5009=DIRECTION('',(1.,0.,3.14688683398007E-16));
#5010=DIRECTION('',(3.14688683398007E-16,0.,-1.));
#5011=DIRECTION('',(-1.,0.,-3.14688683398007E-16));
#5012=DIRECTION('',(-3.14688683398007E-16,0.,1.));
#5013=DIRECTION('',(-3.14688683398007E-16,0.,1.));
#5014=DIRECTION('',(1.,0.,3.14688683398007E-16));
#5015=DIRECTION('',(0.34284393312498,0.939392376762444,1.07889105926095E-16));
#5016=DIRECTION('',(-0.939392376762444,0.34284393312498,0.));
#5017=DIRECTION('',(-0.939392376762444,0.34284393312498,-2.95616150237499E-16));
#5018=DIRECTION('',(-3.14688683398007E-16,0.,1.));
#5019=DIRECTION('',(-0.939392376762444,0.34284393312498,-2.95616150237499E-16));
#5020=DIRECTION('',(-3.14688683398007E-16,0.,1.));
#5021=DIRECTION('',(1.,0.,3.14688683398007E-16));
#5022=DIRECTION('',(3.14688683398007E-16,0.,-1.));
#5023=DIRECTION('',(-1.,0.,-3.14688683398007E-16));
#5024=DIRECTION('',(-3.14688683398007E-16,0.,1.));
#5025=DIRECTION('',(-3.14688683398007E-16,0.,1.));
#5026=DIRECTION('',(1.,0.,3.14688683398007E-16));
#5027=DIRECTION('',(0.,1.,0.));
#5028=DIRECTION('',(0.,0.,1.));
#5029=DIRECTION('',(-1.,0.,-3.14688683398007E-16));
#5030=DIRECTION('',(-3.14688683398007E-16,0.,1.));
#5031=DIRECTION('',(-1.,0.,-3.14688683398007E-16));
#5032=DIRECTION('',(-3.14688683398007E-16,0.,1.));
#5033=DIRECTION('',(1.,0.,3.14688683398007E-16));
#5034=DIRECTION('',(3.14688683398007E-16,0.,-1.));
#5035=DIRECTION('',(-1.,0.,-3.14688683398007E-16));
#5036=DIRECTION('',(-3.14688683398007E-16,0.,1.));
#5037=DIRECTION('',(-3.14688683398007E-16,0.,1.));
#5038=DIRECTION('',(1.,0.,3.14688683398007E-16));
#5039=DIRECTION('',(-0.342550748823267,0.939499326492904,-1.07796844144195E-16));
#5040=DIRECTION('',(-0.939499326492904,-0.342550748823267,0.));
#5041=DIRECTION('',(-0.939499326492904,-0.342550748823267,-2.95649806107366E-16));
#5042=DIRECTION('',(-3.14688683398007E-16,0.,1.));
#5043=DIRECTION('',(-0.939499326492904,-0.342550748823267,-2.95649806107366E-16));
#5044=DIRECTION('',(-3.14688683398007E-16,0.,1.));
#5045=DIRECTION('',(1.,0.,3.14688683398007E-16));
#5046=DIRECTION('',(3.14688683398007E-16,0.,-1.));
#5047=DIRECTION('',(-1.,0.,-3.14688683398007E-16));
#5048=DIRECTION('',(-3.14688683398007E-16,0.,1.));
#5049=DIRECTION('',(1.,0.,3.14688683398007E-16));
#5050=DIRECTION('',(0.,-1.,0.));
#5051=DIRECTION('',(0.,0.,-1.));
#5052=DIRECTION('',(1.,0.,3.14688683398007E-16));
#5053=DIRECTION('',(-3.14688683398007E-16,0.,1.));
#5054=DIRECTION('',(-3.14688683398007E-16,0.,1.));
#5055=DIRECTION('',(-3.14688683398007E-16,0.,1.));
#5056=DIRECTION('',(1.,0.,3.14688683398007E-16));
#5057=DIRECTION('',(-3.14688683398007E-16,0.,1.));
#5058=DIRECTION('',(1.,0.,3.14688683398007E-16));
#5059=DIRECTION('',(-3.14688683398007E-16,0.,1.));
#5060=DIRECTION('',(-0.643090519417284,-0.765790169586688,-2.02373308861166E-16));
#5061=DIRECTION('',(0.765790169586688,-0.643090519417284,0.));
#5062=DIRECTION('',(0.765790169586688,-0.643090519417284,2.40985500226371E-16));
#5063=DIRECTION('',(-3.14688683398007E-16,0.,1.));
#5064=DIRECTION('',(-3.14688683398007E-16,0.,1.));
#5065=DIRECTION('',(1.,0.,3.14688683398007E-16));
#5066=DIRECTION('',(-3.14688683398007E-16,0.,1.));
#5067=DIRECTION('',(1.,0.,3.14688683398007E-16));
#5068=DIRECTION('',(-3.14688683398007E-16,0.,1.));
#5069=DIRECTION('',(1.,0.,3.14688683398007E-16));
#5070=DIRECTION('',(-3.14688683398007E-16,0.,1.));
#5071=DIRECTION('',(1.,0.,3.14688683398007E-16));
#5072=DIRECTION('',(-3.14688683398007E-16,0.,1.));
#5073=DIRECTION('',(-0.342550748823267,0.939499326492904,-1.07796844144195E-16));
#5074=DIRECTION('',(-0.939499326492904,-0.342550748823267,0.));
#5075=DIRECTION('',(-0.939499326492904,-0.342550748823267,-2.95649806107366E-16));
#5076=DIRECTION('',(-3.14688683398007E-16,0.,1.));
#5077=DIRECTION('',(-3.14688683398007E-16,0.,1.));
#5078=DIRECTION('',(1.,0.,3.14688683398007E-16));
#5079=DIRECTION('',(-3.14688683398007E-16,0.,1.));
#5080=DIRECTION('',(1.,0.,3.14688683398007E-16));
#5081=DIRECTION('',(-3.14688683398007E-16,0.,1.));
#5082=DIRECTION('',(0.,1.,0.));
#5083=DIRECTION('',(0.,0.,1.));
#5084=DIRECTION('',(-1.,0.,-3.14688683398007E-16));
#5085=DIRECTION('',(-3.14688683398007E-16,0.,1.));
#5086=DIRECTION('',(-3.14688683398007E-16,0.,1.));
#5087=DIRECTION('',(1.,0.,3.14688683398007E-16));
#5088=DIRECTION('',(-3.14688683398007E-16,0.,1.));
#5089=DIRECTION('',(1.,0.,3.14688683398007E-16));
#5090=DIRECTION('',(-3.14688683398007E-16,0.,1.));
#5091=DIRECTION('',(0.34284393312498,0.939392376762444,1.07889105926094E-16));
#5092=DIRECTION('',(-0.939392376762444,0.34284393312498,0.));
#5093=DIRECTION('',(-0.939392376762444,0.34284393312498,-2.95616150237499E-16));
#5094=DIRECTION('',(-3.14688683398007E-16,0.,1.));
#5095=DIRECTION('',(-3.14688683398007E-16,0.,1.));
#5096=DIRECTION('',(1.,0.,3.14688683398007E-16));
#5097=DIRECTION('',(-3.14688683398007E-16,0.,1.));
#5098=DIRECTION('',(1.,0.,3.14688683398007E-16));
#5099=DIRECTION('',(-3.14688683398007E-16,0.,1.));
#5100=DIRECTION('',(-0.999999999844777,-1.76194458564238E-5,-3.14688683349161E-16));
#5101=DIRECTION('',(1.76194458564238E-5,-0.999999999844778,0.));
#5102=DIRECTION('',(1.76194458564238E-5,-0.999999999844778,5.54464021876048E-21));
#5103=DIRECTION('',(-3.14688683398007E-16,0.,1.));
#5104=DIRECTION('',(-3.14688683398007E-16,0.,1.));
#5105=DIRECTION('',(1.,0.,3.14688683398007E-16));
#5106=DIRECTION('',(-3.14688683398007E-16,0.,1.));
#5107=DIRECTION('',(1.,0.,3.14688683398007E-16));
#5108=DIRECTION('',(-3.14688683398007E-16,0.,1.));
#5109=DIRECTION('',(0.642740517499912,-0.766083955688895,2.02263167218601E-16));
#5110=DIRECTION('',(0.766083955688895,0.642740517499912,0.));
#5111=DIRECTION('',(0.766083955688895,0.642740517499912,2.41077951388076E-16));
#5112=DIRECTION('',(-3.14688683398007E-16,0.,1.));
#5113=DIRECTION('',(-3.14688683398007E-16,0.,1.));
#5114=DIRECTION('',(1.,0.,3.14688683398007E-16));
#5115=DIRECTION('',(-3.14688683398007E-16,0.,1.));
#5116=DIRECTION('',(1.,0.,3.14688683398007E-16));
#5117=DIRECTION('',(-3.14688683398007E-16,0.,1.));
#5118=DIRECTION('',(1.,0.,3.14688683398007E-16));
#5119=DIRECTION('',(3.14688683398007E-16,0.,-1.));
#5120=DIRECTION('',(-1.,0.,-3.14688683398007E-16));
#5121=DIRECTION('',(-3.14688683398007E-16,0.,1.));
#5122=DIRECTION('',(1.,0.,3.14688683398007E-16));
#5123=DIRECTION('',(-3.14688683398007E-16,0.,1.));
#5124=DIRECTION('',(1.,0.,3.14688683398007E-16));
#5125=DIRECTION('',(3.14688683398007E-16,0.,-1.));
#5126=DIRECTION('',(-1.,0.,-3.14688683398007E-16));
#5127=DIRECTION('',(3.14688683398007E-16,0.,-1.));
#5128=DIRECTION('',(-1.,0.,-3.14688683398007E-16));
#5129=DIRECTION('',(3.14688683398007E-16,0.,-1.));
#5130=DIRECTION('',(-1.,0.,-3.14688683398007E-16));
#5131=DIRECTION('',(3.14688683398007E-16,0.,-1.));
#5132=DIRECTION('',(-1.,0.,-3.14688683398007E-16));
#5133=DIRECTION('',(3.14688683398007E-16,0.,-1.));
#5134=DIRECTION('',(-1.,0.,-3.14688683398007E-16));
#5135=DIRECTION('',(3.14688683398007E-16,0.,-1.));
#5136=DIRECTION('',(-1.,0.,-3.14688683398007E-16));
#5137=DIRECTION('',(3.14688683398007E-16,0.,-1.));
#5138=DIRECTION('',(-1.,0.,-3.14688683398007E-16));
#5139=DIRECTION('',(3.14688683398007E-16,0.,-1.));
#5140=DIRECTION('',(-1.,0.,-3.14688683398007E-16));
#5141=DIRECTION('',(3.14688683398007E-16,0.,-1.));
#5142=DIRECTION('',(-1.,0.,-3.14688683398007E-16));
#5143=DIRECTION('',(-0.422618261740699,0.90630778703665,-1.32993184367135E-16));
#5144=DIRECTION('',(3.14688683398007E-16,0.,-1.));
#5145=DIRECTION('',(-1.,0.,-3.14688683398007E-16));
#5146=DIRECTION('',(3.14688683398007E-16,0.,-1.));
#5147=DIRECTION('',(-1.,0.,-3.14688683398007E-16));
#5148=DIRECTION('',(3.14688683398007E-16,0.,-1.));
#5149=DIRECTION('',(-1.,0.,-3.14688683398007E-16));
#5150=DIRECTION('',(-0.422618261740699,0.90630778703665,-1.32993184367135E-16));
#5151=DIRECTION('',(3.14688683398007E-16,0.,-1.));
#5152=DIRECTION('',(-1.,0.,-3.14688683398007E-16));
#5153=DIRECTION('',(-0.422618261740699,0.90630778703665,-1.32993184367135E-16));
#5154=DIRECTION('',(3.14688683398007E-16,0.,-1.));
#5155=DIRECTION('',(-1.,0.,-3.14688683398007E-16));
#5156=DIRECTION('',(0.422618261740699,-0.90630778703665,1.32993184367135E-16));
#5157=DIRECTION('',(3.14688683398007E-16,0.,-1.));
#5158=DIRECTION('',(-1.,0.,-3.14688683398007E-16));
#5159=DIRECTION('',(3.14688683398007E-16,0.,-1.));
#5160=DIRECTION('',(-1.,0.,-3.14688683398007E-16));
#5161=DIRECTION('',(3.14688683398007E-16,0.,-1.));
#5162=DIRECTION('',(-1.,0.,-3.14688683398007E-16));
#5163=DIRECTION('',(-1.,0.,-3.14688683398007E-16));
#5164=DIRECTION('',(3.14688683398007E-16,0.,-1.));
#5165=DIRECTION('',(-1.,0.,-3.14688683398007E-16));
#5166=DIRECTION('',(-0.939392376762444,0.34284393312498,-2.95616150237499E-16));
#5167=DIRECTION('',(3.14688683398007E-16,0.,-1.));
#5168=DIRECTION('',(-1.,0.,-3.14688683398007E-16));
#5169=DIRECTION('',(1.76194458564657E-5,-0.999999999844778,5.54464021877365E-21));
#5170=DIRECTION('',(3.14688683398007E-16,0.,-1.));
#5171=DIRECTION('',(-1.,0.,-3.14688683398007E-16));
#5172=DIRECTION('',(0.766083955688895,0.642740517499913,2.41077951388076E-16));
#5173=DIRECTION('',(3.14688683398007E-16,0.,-1.));
#5174=DIRECTION('',(-1.,0.,-3.14688683398007E-16));
#5175=DIRECTION('',(-1.,0.,-3.14688683398007E-16));
#5176=DIRECTION('',(3.14688683398007E-16,0.,-1.));
#5177=DIRECTION('',(-1.,0.,-3.14688683398007E-16));
#5178=DIRECTION('',(0.765790169586688,-0.643090519417284,2.40985500226371E-16));
#5179=DIRECTION('',(3.14688683398007E-16,0.,-1.));
#5180=DIRECTION('',(-1.,0.,-3.14688683398007E-16));
#5181=DIRECTION('',(2.27355108462033E-5,-0.999999999741548,7.15460797457285E-21));
#5182=DIRECTION('',(3.14688683398007E-16,0.,-1.));
#5183=DIRECTION('',(-1.,0.,-3.14688683398007E-16));
#5184=DIRECTION('',(-0.939499326492904,-0.342550748823267,-2.95649806107366E-16));
#5185=DIRECTION('',(-3.14688683398007E-16,0.,1.));
#5186=DIRECTION('',(1.,0.,3.14688683398007E-16));
#5187=DIRECTION('',(3.14688683398007E-16,0.,-1.));
#5188=DIRECTION('',(-1.,0.,-3.14688683398007E-16));
#5189=DIRECTION('',(3.14688683398007E-16,0.,-1.));
#5190=DIRECTION('',(1.,0.,3.14688683398007E-16));
#5191=DIRECTION('',(3.14688683398007E-16,0.,-1.));
#5192=DIRECTION('',(1.,0.,3.14688683398007E-16));
#5193=DIRECTION('',(3.14688683398007E-16,0.,-1.));
#5194=DIRECTION('',(1.,0.,3.14688683398007E-16));
#5195=DIRECTION('',(3.14688683398007E-16,0.,-1.));
#5196=DIRECTION('',(1.,0.,3.14688683398007E-16));
#5197=DIRECTION('',(0.,0.,-1.));
#5198=DIRECTION('',(-1.,0.,0.));
#5199=DIRECTION('',(0.707090704569898,0.707122857437691,0.));
#5200=DIRECTION('',(2.27355108462033E-5,-0.999999999741548,0.));
#5201=DIRECTION('',(1.,1.31838984174237E-16,0.));
#5202=DIRECTION('',(0.,1.,0.));
#5203=DIRECTION('',(1.,1.57950429347763E-48,0.));
#5204=DIRECTION('',(0.,1.,0.));
#5205=DIRECTION('',(1.,1.31838984174237E-16,0.));
#5206=DIRECTION('',(2.27355108462033E-5,-0.999999999741548,0.));
#5207=DIRECTION('',(1.,1.31838984174237E-16,0.));
#5208=DIRECTION('',(1.31838984174237E-16,-1.,0.));
#5209=DIRECTION('',(1.,1.31838984174237E-16,0.));
#5210=DIRECTION('',(0.70709874283253,9.3223179965921E-17,0.707114819449187));
#5211=DIRECTION('',(3.14688683398007E-16,4.14882363503215E-32,-1.));
#5212=DIRECTION('',(0.70709874283253,9.32231799659211E-17,-0.707114819449187));
#5213=DIRECTION('',(1.,1.31838984174237E-16,0.));
#5214=DIRECTION('',(-3.14688683398007E-16,-4.14882363503215E-32,1.));
#5215=DIRECTION('',(1.,1.31838984174237E-16,-1.224646799147E-16));
#5216=DIRECTION('',(0.,0.,-1.));
#5217=DIRECTION('',(-1.,0.,0.));
#5218=DIRECTION('',(-2.27355108462033E-5,0.999999999741548,0.));
#5219=DIRECTION('',(-0.707090704569898,-0.707122857437691,0.));
#5220=DIRECTION('',(1.,1.31838984174237E-16,0.));
#5221=DIRECTION('',(2.27355108462033E-5,-0.999999999741548,0.));
#5222=DIRECTION('',(1.31838984174237E-16,-1.,0.));
#5223=DIRECTION('',(1.,1.31838984174237E-16,0.));
#5224=DIRECTION('',(-3.14688683398007E-16,-4.14882363503215E-32,1.));
#5225=DIRECTION('',(-3.14688683398007E-16,-4.14882363503215E-32,1.));
#5226=DIRECTION('',(0.,0.,-1.));
#5227=DIRECTION('',(-1.,0.,0.));
#5228=DIRECTION('',(1.,1.31838984174237E-16,0.));
#5229=DIRECTION('',(0.,1.,0.));
#5230=DIRECTION('',(1.,1.57950429347763E-48,0.));
#5231=DIRECTION('',(0.,-1.,0.));
#5232=DIRECTION('',(1.,1.31838984174237E-16,0.));
#5233=DIRECTION('',(-1.,-1.31838984174237E-16,0.));
#5234=DIRECTION('',(-1.,-1.31838984174237E-16,0.));
#5235=DIRECTION('',(-1.31838984174237E-16,1.,0.));
#5236=DIRECTION('',(1.,1.31838984174237E-16,0.));
#5237=DIRECTION('',(1.31838984174237E-16,-1.,0.));
#5238=DIRECTION('',(1.,1.31838984174237E-16,0.));
#5239=DIRECTION('',(-1.,-1.31838984174237E-16,0.));
#5240=DIRECTION('',(-1.,-1.31838984174237E-16,0.));
#5241=DIRECTION('',(0.,0.,-1.));
#5242=DIRECTION('',(1.31838984174237E-16,-1.,-8.67361737988404E-17));
#5243=DIRECTION('',(1.,1.31838984174237E-16,0.));
#5244=DIRECTION('',(1.,1.31838984174237E-16,0.));
#5245=DIRECTION('',(1.,1.31838984174237E-16,0.));
#5246=DIRECTION('',(-1.14352090447992E-32,8.67361737988404E-17,-1.));
#5247=DIRECTION('',(-1.224646799147E-16,-1.359631073447E-32,-1.));
#5248=DIRECTION('',(1.,-1.66506784211767E-48,-1.224646799147E-16));
#5249=DIRECTION('',(-1.66506784211767E-48,1.,-1.359631073447E-32));
#5250=DIRECTION('',(1.,-8.5563548640039E-50,-1.224646799147E-16));
#5251=DIRECTION('',(-1.66506784211767E-48,1.,-1.359631073447E-32));
#5252=DIRECTION('',(1.57950429347763E-48,-1.,1.359631073447E-32));
#5253=DIRECTION('',(0.,-1.359631073447E-32,-1.));
#5254=DIRECTION('',(1.224646799147E-16,1.359631073447E-32,1.));
#5255=DIRECTION('',(-0.707106781186548,9.61404351946319E-33,0.707106781186548));
#5256=DIRECTION('',(1.,-2.1301950227217E-49,-1.31838984174237E-16));
#5257=DIRECTION('',(0.707106781186548,9.61404351946319E-33,0.707106781186548));
#5258=DIRECTION('',(1.224646799147E-16,1.359631073447E-32,1.));
#5259=DIRECTION('',(1.,0.,-1.224646799147E-16));
#5260=DIRECTION('',(-1.224646799147E-16,0.,-1.));
#5261=DIRECTION('',(1.224646799147E-16,1.359631073447E-32,1.));
#5262=DIRECTION('',(0.,-1.,0.));
#5263=DIRECTION('',(1.57950429347763E-48,-1.,1.359631073447E-32));
#5264=DIRECTION('',(0.,-1.359631073447E-32,-1.));
#5265=DIRECTION('',(1.224646799147E-16,1.359631073447E-32,1.));
#5266=DIRECTION('',(-1.,-1.57950429347763E-48,0.));
#5267=DIRECTION('',(1.,0.,-1.224646799147E-16));
#5268=DIRECTION('',(-1.224646799147E-16,0.,-1.));
#5269=DIRECTION('',(0.,1.,0.));
#5270=DIRECTION('',(2.27355108462033E-5,-0.999999999741548,9.7957862568524E-37));
#5271=DIRECTION('',(0.999999999741548,2.27355108462033E-5,0.));
#5272=DIRECTION('',(0.999999999741548,2.27355108462033E-5,3.14688683316675E-16));
#5273=DIRECTION('',(-3.14688683235344E-16,-7.15460797272373E-21,1.));
#5274=DIRECTION('',(0.999999999741548,2.27355108462033E-5,3.14688683316675E-16));
#5275=DIRECTION('',(0.999999999741548,2.27355108462033E-5,3.14688683316675E-16));
#5276=DIRECTION('',(-2.27355108462033E-5,0.999999999741548,0.));
#5277=DIRECTION('',(-0.999999999741548,-2.27355108466575E-5,-2.89120579329471E-16));
#5278=DIRECTION('',(2.27355108466575E-5,-0.999999999741548,0.));
#5279=DIRECTION('',(0.999999999741548,2.27355108462033E-5,3.14688683316675E-16));
#5280=DIRECTION('',(3.14688683235344E-16,7.15460797270717E-21,-1.));
#5281=DIRECTION('',(-1.,0.,-3.14688683235344E-16));
#5282=DIRECTION('',(2.27355108462033E-5,-0.999999999741548,1.65509604595778E-32));
#5283=DIRECTION('',(0.999999999741548,2.27355108462033E-5,3.14688683316675E-16));
#5284=DIRECTION('',(0.999999999741548,2.27355108462033E-5,3.14688683316675E-16));
#5285=DIRECTION('',(-2.27355108462033E-5,0.999999999741548,0.));
#5286=DIRECTION('',(-0.999999999741548,-2.27355108460792E-5,-2.89120579329472E-16));
#5287=DIRECTION('',(2.27355108460792E-5,-0.999999999741548,0.));
#5288=DIRECTION('',(0.999999999741548,2.27355108462033E-5,3.14688683316675E-16));
#5289=DIRECTION('',(2.27355108462033E-5,-0.999999999741548,-7.88510670694757E-17));
#5290=DIRECTION('',(0.999999999741548,2.27355108462033E-5,0.));
#5291=DIRECTION('',(3.14686890516053E-16,7.88582216570692E-17,-1.));
#5292=DIRECTION('',(0.999999999741548,2.27355108462033E-5,3.14688683316675E-16));
#5293=DIRECTION('',(0.999999999741548,2.27355108462033E-5,3.14688683316675E-16));
#5294=DIRECTION('',(-2.27355108462033E-5,0.999999999741548,0.));
#5295=DIRECTION('',(-0.999999999741548,-2.27355108460792E-5,-1.15648231731788E-15));
#5296=DIRECTION('',(2.27355108460792E-5,-0.999999999741548,0.));
#5297=DIRECTION('',(0.999999999741548,2.27355108462033E-5,3.14688683316675E-16));
#5298=DIRECTION('',(3.14688683235344E-16,7.15460797270717E-21,-1.));
#5299=DIRECTION('',(-1.,0.,-3.14688683235344E-16));
#5300=DIRECTION('',(-2.27355108462033E-5,0.999999999741548,-1.65509604595778E-32));
#5301=DIRECTION('',(0.999999999741548,2.27355108462033E-5,3.14688683316675E-16));
#5302=DIRECTION('',(0.999999999741548,2.27355108462033E-5,3.14688683316675E-16));
#5303=DIRECTION('',(-2.27355108462033E-5,0.999999999741548,0.));
#5304=DIRECTION('',(-0.999999999741548,-2.27355108466575E-5,-1.15648231731788E-15));
#5305=DIRECTION('',(2.27355108466575E-5,-0.999999999741548,0.));
#5306=DIRECTION('',(0.999999999741548,2.27355108462033E-5,3.14688683316675E-16));
#5307=DIRECTION('',(-2.27355108462033E-5,0.999999999741548,-7.15460797457285E-21));
#5308=DIRECTION('',(0.999999999741548,2.27355108462033E-5,3.14688683316675E-16));
#5309=DIRECTION('',(-2.27355108462033E-5,0.999999999741548,-7.15460797457285E-21));
#5310=DIRECTION('',(-2.27355108462033E-5,0.999999999741548,-1.11372917565268E-32));
#5311=DIRECTION('',(3.14686711244124E-16,8.67433283619789E-17,-1.));
#5312=DIRECTION('',(-3.14688683235344E-16,-7.15460797272372E-21,1.));
#5313=DIRECTION('',(2.27355108462033E-5,-0.999999999741548,1.17549435082229E-36));
#5314=DIRECTION('',(0.999999999741548,2.27355108462033E-5,0.));
#5315=DIRECTION('',(-0.999999999741548,-2.27355108462033E-5,-3.14688683316676E-16));
#5316=DIRECTION('',(3.14688683235344E-16,7.15460797272373E-21,-1.));
#5317=DIRECTION('',(2.27355108462033E-5,-0.999999999741548,-8.67361737764233E-17));
#5318=DIRECTION('',(0.999999999741548,2.27355108462033E-5,0.));
#5319=DIRECTION('',(-3.14686711244125E-16,-8.67433283619789E-17,1.));
#5320=DIRECTION('',(0.999999999741548,2.27355108462033E-5,3.14688683316676E-16));
#5321=DIRECTION('',(3.14688683235344E-16,7.15460797271259E-21,-1.));
#5322=DIRECTION('',(-1.,0.,-3.14688683235344E-16));
#5323=DIRECTION('',(-0.999999999741548,-2.27355108462033E-5,-3.14688683316676E-16));
#5324=DIRECTION('',(2.27355108462033E-5,-0.999999999741548,1.11372917565268E-32));
#5325=DIRECTION('',(0.999999999741548,2.27355108462033E-5,3.14688683316676E-16));
#5326=DIRECTION('',(3.14688683398007E-16,0.,-1.));
#5327=DIRECTION('',(-1.,0.,-3.14688683398007E-16));
#5328=DIRECTION('',(-2.27355108462033E-5,0.999999999741548,-7.15460797457285E-21));
#5329=DIRECTION('',(-0.999999999741548,-2.27355108462033E-5,0.));
#5330=DIRECTION('',(-0.765790169586688,0.643090519417284,-2.40985500226371E-16));
#5331=DIRECTION('',(-0.643090519417284,-0.765790169586688,0.));
#5332=DIRECTION('',(3.14688683398007E-16,0.,-1.));
#5333=DIRECTION('',(-1.,0.,-3.14688683398007E-16));
#5334=DIRECTION('',(3.14688683398007E-16,0.,-1.));
#5335=DIRECTION('',(-1.,0.,-3.14688683398007E-16));
#5336=DIRECTION('',(0.939499326492904,0.342550748823267,2.95649806107366E-16));
#5337=DIRECTION('',(-0.342550748823267,0.939499326492904,0.));
#5338=DIRECTION('',(3.14688683398007E-16,0.,-1.));
#5339=DIRECTION('',(-1.,0.,-3.14688683398007E-16));
#5340=DIRECTION('',(3.14688683398007E-16,0.,-1.));
#5341=DIRECTION('',(-1.,0.,-3.14688683398007E-16));
#5342=DIRECTION('',(-1.,0.,-3.14688683398007E-16));
#5343=DIRECTION('',(-3.14688683398007E-16,0.,1.));
#5344=DIRECTION('',(1.,0.,3.14688683398007E-16));
#5345=DIRECTION('',(3.14688683398007E-16,0.,-1.));
#5346=DIRECTION('',(-1.,7.37257477290147E-15,-2.16840434497101E-16));
#5347=DIRECTION('',(-7.37257477290147E-15,-1.,0.));
#5348=DIRECTION('',(3.14688683398007E-16,0.,-1.));
#5349=DIRECTION('',(-1.,0.,-3.14688683398007E-16));
#5350=DIRECTION('',(3.14688683398007E-16,0.,-1.));
#5351=DIRECTION('',(-1.,0.,-3.14688683398007E-16));
#5352=DIRECTION('',(-0.766083955688895,-0.642740517499913,-2.41077951388076E-16));
#5353=DIRECTION('',(0.642740517499913,-0.766083955688895,0.));
#5354=DIRECTION('',(0.939392376762444,-0.34284393312498,2.95616150237499E-16));
#5355=DIRECTION('',(0.34284393312498,0.939392376762444,0.));
#5356=DIRECTION('',(3.14688683398007E-16,0.,-1.));
#5357=DIRECTION('',(-1.,0.,-3.14688683398007E-16));
#5358=DIRECTION('',(3.14688683398007E-16,0.,-1.));
#5359=DIRECTION('',(-1.,0.,-3.14688683398007E-16));
#5360=DIRECTION('',(1.76194458564657E-5,-0.999999999844778,5.54464021877365E-21));
#5361=DIRECTION('',(0.999999999844778,1.76194458564657E-5,0.));
#5362=DIRECTION('',(0.999999999741548,2.27355108466575E-5,2.89120579329471E-16));
#5363=DIRECTION('',(-2.27355108466575E-5,0.999999999741548,0.));
#5364=DIRECTION('',(-0.707090704569897,-0.707122857437692,-2.0443912222445E-16));
#5365=DIRECTION('',(0.707106781003791,1.60764338934117E-5,0.707106781186552));
#5366=DIRECTION('',(0.707106781003798,1.60764338930907E-5,-0.707106781186544));
#5367=DIRECTION('',(2.27355108462033E-5,-0.999999999741548,1.65509604595778E-32));
#5368=DIRECTION('',(0.707106781003791,1.60764338930028E-5,0.707106781186551));
#5369=DIRECTION('',(0.707122857437692,-0.707090704569897,2.22518501935889E-16));
#5370=DIRECTION('',(-3.14688683235344E-16,-7.15460797272372E-21,1.));
#5371=DIRECTION('',(-0.707090704569897,-0.707122857437692,0.));
#5372=DIRECTION('',(0.999999999741548,2.27355108460792E-5,2.89120579329472E-16));
#5373=DIRECTION('',(-2.27355108460792E-5,0.999999999741548,0.));
#5374=DIRECTION('',(0.707122857437683,-0.707090704569906,2.04439122224451E-16));
#5375=DIRECTION('',(0.999999999741548,2.27355108466575E-5,1.15648231731788E-15));
#5376=DIRECTION('',(-2.27355108466575E-5,0.999999999741548,0.));
#5377=DIRECTION('',(-0.707106781003791,-1.60764338934117E-5,0.707106781186551));
#5378=DIRECTION('',(-0.707090704569905,-0.707122857437684,-2.7827462616451E-16));
#5379=DIRECTION('',(3.14686890516053E-16,7.88582216570692E-17,-1.));
#5380=DIRECTION('',(0.707122857437685,-0.707090704569904,0.));
#5381=DIRECTION('',(-0.707106781003797,-1.60764338930907E-5,-0.707106781186545));
#5382=DIRECTION('',(-2.27355108462033E-5,0.999999999741548,-1.65509604595778E-32));
#5383=DIRECTION('',(-0.707106781003792,-1.60764338930028E-5,0.707106781186551));
#5384=DIRECTION('',(0.999999999741548,2.27355108460792E-5,1.15648231731788E-15));
#5385=DIRECTION('',(-2.27355108460792E-5,0.999999999741548,0.));
#5386=DIRECTION('',(-0.707106781552064,-0.707106780821031,-2.22518502108422E-16));
#5387=DIRECTION('',(-3.14688683398007E-16,-4.14882363503215E-32,1.));
#5388=DIRECTION('',(0.577350268990667,-0.577350269587553,0.577350268990658));
#5389=DIRECTION('',(-0.577350268990667,0.577350269587553,0.577350268990658));
#5390=DIRECTION('',(-0.707114819357807,-1.60766166491755E-5,-0.707098742741153));
#5391=DIRECTION('',(2.27355108462033E-5,-0.999999999741548,0.));
#5392=DIRECTION('',(0.577332767186257,0.577359019693914,-0.577359020290791));
#5393=DIRECTION('',(0.707114819357807,1.60766166491755E-5,-0.707098742741152));
#5394=DIRECTION('',(-2.27355108462033E-5,0.999999999741548,0.));
#5395=DIRECTION('',(0.577332767186257,0.577359019693914,0.577359020290791));
#5396=DIRECTION('',(0.707122857437691,-0.707090704569898,2.22523561007704E-16));
#5397=DIRECTION('',(3.14688683398007E-16,4.14882363503215E-32,-1.));
#5398=DIRECTION('',(9.3224239734349E-17,-0.707106781186547,0.707106781186549));
#5399=DIRECTION('',(-1.,-1.31838984174237E-16,0.));
#5400=DIRECTION('',(-0.577350269189625,0.577350269189627,0.577350269189625));
#5401=DIRECTION('',(0.,0.707106781186549,0.707106781186547));
#5402=DIRECTION('',(0.577350269189625,0.577350269189627,0.577350269189625));
#5403=DIRECTION('',(9.3224239734349E-17,-0.707106781186547,0.707106781186549));
#5404=DIRECTION('',(-1.,-1.31838984174237E-16,0.));
#5405=DIRECTION('',(1.60764338928681E-5,-0.707106781003794,0.707106781186548));
#5406=DIRECTION('',(-0.999999999741548,-2.27355108462033E-5,-3.14688683316676E-16));
#5407=DIRECTION('',(0.577337142687102,0.577363395393716,0.577350269189625));
#5408=DIRECTION('',(0.577363395393716,-0.577337142687102,-0.577350269189625));
#5409=DIRECTION('',(0.707106781003794,1.60764338930906E-5,-0.707106781186548));
#5410=DIRECTION('',(-2.27355108462033E-5,0.999999999741548,-1.11372917565268E-32));
#5411=DIRECTION('',(-0.577363395393716,0.577337142687102,-0.577350269189625));
#5412=DIRECTION('',(-0.577337142687102,-0.577363395393717,-0.577350269189625));
#5413=DIRECTION('',(-0.577363395393716,0.577337142687102,-0.577350269189625));
#5414=DIRECTION('',(1.60764338933132E-5,-0.707106781003794,-0.707106781186548));
#5415=DIRECTION('',(0.999999999741548,2.27355108462033E-5,3.14688683316676E-16));
#5416=DIRECTION('',(-0.577337142687102,-0.577363395393717,0.577350269189625));
#5417=DIRECTION('',(9.32242397343491E-17,-0.707106781186547,-0.707106781186548));
#5418=DIRECTION('',(1.,1.31838984174237E-16,0.));
#5419=DIRECTION('',(0.,-0.707106781186548,0.707106781186547));
#5420=DIRECTION('',(9.32242397343491E-17,-0.707106781186547,-0.707106781186548));
#5421=DIRECTION('',(1.,1.31838984174237E-16,0.));
#5422=DIRECTION('',(0.707122857437688,-0.707090704569901,1.61186765284404E-16));
#5423=DIRECTION('',(3.14686711244124E-16,8.67433283619789E-17,-1.));
#5424=DIRECTION('',(-0.707090704569902,-0.707122857437688,-2.22518501935888E-16));
#5425=DIRECTION('',(-3.14688683235344E-16,-7.15460797272372E-21,1.));
#5426=DIRECTION('',(0.707106781186548,0.,-0.707106781186548));
#5427=DIRECTION('',(0.,-1.,0.));
#5428=DIRECTION('',(0.577350269189626,0.577350269189625,0.577350269189626));
#5429=DIRECTION('',(1.1168781968313E-48,-0.707106781186548,0.707106781186547));
#5430=DIRECTION('',(1.,1.57950429347763E-48,0.));
#5431=DIRECTION('',(0.577350269189626,-0.577350269189625,-0.577350269189626));
#5432=DIRECTION('',(0.707106781186548,0.,0.707106781186548));
#5433=DIRECTION('',(0.,1.,0.));
#5434=DIRECTION('',(-3.14688683398007E-16,0.,1.));
#5435=DIRECTION('',(1.,0.,3.14688683398007E-16));
#5436=DIRECTION('',(3.14688683398007E-16,0.,-1.));
#5437=DIRECTION('',(-1.,0.,-3.14688683398007E-16));
#5438=DIRECTION('',(3.14688683398007E-16,0.,-1.));
#5439=DIRECTION('',(-1.,0.,-3.14688683398007E-16));
#5440=DIRECTION('',(-3.14688683398007E-16,0.,1.));
#5441=DIRECTION('',(1.,0.,3.14688683398007E-16));
#5442=DIRECTION('',(3.14688683398007E-16,0.,-1.));
#5443=DIRECTION('',(-1.,0.,-3.14688683398007E-16));
#5444=DIRECTION('',(3.14688683398007E-16,0.,-1.));
#5445=DIRECTION('',(1.,0.,3.14688683398007E-16));
#5446=DIRECTION('',(3.14688683398007E-16,0.,-1.));
#5447=DIRECTION('',(-1.,0.,-3.14688683398007E-16));
#5448=DIRECTION('',(-3.14688683398007E-16,0.,1.));
#5449=DIRECTION('',(1.,0.,3.14688683398007E-16));
#5450=DIRECTION('',(-3.14688683398007E-16,0.,1.));
#5451=DIRECTION('',(3.14688683398007E-16,0.,-1.));
#5452=DIRECTION('',(-1.,0.,-3.14688683398007E-16));
#5453=DIRECTION('',(-3.14688683398007E-16,0.,1.));
#5454=DIRECTION('',(-3.14688683398007E-16,0.,1.));
#5455=DIRECTION('',(1.,0.,3.14688683398007E-16));
#5456=DIRECTION('',(-3.14688683398007E-16,0.,1.));
#5457=DIRECTION('',(3.14688683398007E-16,0.,-1.));
#5458=DIRECTION('',(-1.,0.,-3.14688683398007E-16));
#5459=DIRECTION('',(-0.90630778703665,-0.422618261740699,-2.85204804255925E-16));
#5460=DIRECTION('',(0.422618261740699,-0.90630778703665,0.));
#5461=DIRECTION('',(0.422618261740699,-0.90630778703665,1.32993184367135E-16));
#5462=DIRECTION('',(3.14688683398007E-16,0.,-1.));
#5463=DIRECTION('',(1.,0.,3.14688683398007E-16));
#5464=DIRECTION('',(-3.14688683398007E-16,0.,1.));
#5465=DIRECTION('',(1.,0.,3.14688683398007E-16));
#5466=DIRECTION('',(-3.14688683398007E-16,0.,1.));
#5467=DIRECTION('',(3.14688683398007E-16,0.,-1.));
#5468=DIRECTION('',(-3.14688683398007E-16,0.,1.));
#5469=DIRECTION('',(3.14688683398007E-16,0.,-1.));
#5470=DIRECTION('',(-1.,0.,-3.14688683398007E-16));
#5471=DIRECTION('',(-3.14688683398007E-16,0.,1.));
#5472=DIRECTION('',(1.,0.,3.14688683398007E-16));
#5473=DIRECTION('',(-3.14688683398007E-16,0.,1.));
#5474=DIRECTION('',(3.14688683398007E-16,0.,-1.));
#5475=DIRECTION('',(-1.,0.,-3.14688683398007E-16));
#5476=DIRECTION('',(0.907760114582441,0.419489659435454,2.85661835299173E-16));
#5477=DIRECTION('',(-0.419489659435454,0.907760114582441,0.));
#5478=DIRECTION('',(3.14688683398007E-16,0.,-1.));
#5479=DIRECTION('',(-0.419489659435454,0.907760114582441,-1.32008648626821E-16));
#5480=DIRECTION('',(3.14688683398007E-16,0.,-1.));
#5481=DIRECTION('',(1.,0.,3.14688683398007E-16));
#5482=DIRECTION('',(0.90630778703665,0.422618261740699,2.85204804255925E-16));
#5483=DIRECTION('',(-0.422618261740699,0.90630778703665,0.));
#5484=DIRECTION('',(-3.14688683398007E-16,0.,1.));
#5485=DIRECTION('',(-0.422618261740699,0.90630778703665,-1.32993184367135E-16));
#5486=DIRECTION('',(-3.14688683398007E-16,0.,1.));
#5487=DIRECTION('',(-3.14688683398007E-16,0.,1.));
#5488=DIRECTION('',(1.,0.,3.14688683398007E-16));
#5489=DIRECTION('',(-3.14688683398007E-16,0.,1.));
#5490=DIRECTION('',(3.14688683398007E-16,0.,-1.));
#5491=DIRECTION('',(-1.,0.,-3.14688683398007E-16));
#5492=DIRECTION('',(0.90630778703665,0.422618261740699,2.85204804255925E-16));
#5493=DIRECTION('',(-0.422618261740699,0.90630778703665,0.));
#5494=DIRECTION('',(-3.14688683398007E-16,0.,1.));
#5495=DIRECTION('',(-0.422618261740699,0.90630778703665,-1.32993184367135E-16));
#5496=DIRECTION('',(-3.14688683398007E-16,0.,1.));
#5497=DIRECTION('',(1.,0.,3.14688683398007E-16));
#5498=DIRECTION('',(3.14688683398007E-16,0.,-1.));
#5499=DIRECTION('',(-1.,0.,-3.14688683398007E-16));
#5500=DIRECTION('',(3.14688683398007E-16,0.,-1.));
#5501=DIRECTION('',(1.,0.,3.14688683398007E-16));
#5502=DIRECTION('',(-3.14688683398007E-16,0.,1.));
#5503=DIRECTION('',(1.,0.,3.14688683398007E-16));
#5504=DIRECTION('',(-3.14688683398007E-16,0.,1.));
#5505=DIRECTION('',(3.14688683398007E-16,0.,-1.));
#5506=DIRECTION('',(-1.,0.,-3.14688683398007E-16));
#5507=DIRECTION('',(-3.14688683398007E-16,0.,1.));
#5508=DIRECTION('',(0.90630778703665,0.422618261740699,2.85204804255925E-16));
#5509=DIRECTION('',(-0.422618261740699,0.90630778703665,0.));
#5510=DIRECTION('',(-3.14688683398007E-16,0.,1.));
#5511=DIRECTION('',(-0.422618261740699,0.90630778703665,-1.32993184367135E-16));
#5512=DIRECTION('',(-3.14688683398007E-16,0.,1.));
#5513=DIRECTION('',(1.,0.,3.14688683398007E-16));
#5514=DIRECTION('',(3.14688683398007E-16,0.,-1.));
#5515=DIRECTION('',(-1.,0.,-3.14688683398007E-16));
#5516=DIRECTION('',(3.14688683398007E-16,0.,-1.));
#5517=DIRECTION('',(1.,0.,3.14688683398007E-16));
#5518=DIRECTION('',(0.90630778703665,0.422618261740699,2.85204804255925E-16));
#5519=DIRECTION('',(-0.422618261740699,0.90630778703665,0.));
#5520=DIRECTION('',(-3.14688683398007E-16,0.,1.));
#5521=DIRECTION('',(3.14688683398007E-16,0.,-1.));
#5522=DIRECTION('',(-3.14688683398007E-16,0.,1.));
#5523=DIRECTION('',(-0.422618261740699,0.90630778703665,-1.32993184367135E-16));
#5524=DIRECTION('',(0.422618261740699,-0.90630778703665,1.32993184367135E-16));
#5525=DIRECTION('',(0.90630778703665,0.422618261740699,0.));
#5526=DIRECTION('',(-3.14688683398007E-16,0.,1.));
#5527=DIRECTION('',(0.90630778703665,0.422618261740699,2.85204804255925E-16));
#5528=DIRECTION('',(0.90630778703665,0.422618261740699,2.85204804255925E-16));
#5529=DIRECTION('',(-0.422618261740699,0.90630778703665,0.));
#5530=DIRECTION('',(3.14688683398007E-16,0.,-1.));
#5531=DIRECTION('',(-3.14688683398007E-16,0.,1.));
#5532=DIRECTION('',(-0.422618261740699,0.90630778703665,-1.32993184367135E-16));
#5533=DIRECTION('',(-3.14688683398007E-16,0.,1.));
#5534=DIRECTION('',(1.,0.,3.14688683398007E-16));
#5535=DIRECTION('',(3.14688683398007E-16,0.,-1.));
#5536=DIRECTION('',(-1.,0.,-3.14688683398007E-16));
#5537=DIRECTION('',(3.14688683398007E-16,0.,-1.));
#5538=DIRECTION('',(1.,0.,3.14688683398007E-16));
#5539=DIRECTION('',(0.422618261740699,-0.90630778703665,1.32993184367135E-16));
#5540=DIRECTION('',(0.90630778703665,0.422618261740699,0.));
#5541=DIRECTION('',(-3.14688683398007E-16,0.,1.));
#5542=DIRECTION('',(-3.14688683398007E-16,0.,1.));
#5543=DIRECTION('',(0.90630778703665,0.422618261740699,2.85204804255925E-16));
#5544=DIRECTION('',(0.90630778703665,0.422618261740699,2.85204804255925E-16));
#5545=DIRECTION('',(-0.422618261740699,0.90630778703665,0.));
#5546=DIRECTION('',(3.14688683398007E-16,0.,-1.));
#5547=DIRECTION('',(-3.14688683398007E-16,0.,1.));
#5548=DIRECTION('',(-0.422618261740699,0.90630778703665,-1.32993184367135E-16));
#5549=DIRECTION('',(-3.14688683398007E-16,0.,1.));
#5550=DIRECTION('',(1.,0.,3.14688683398007E-16));
#5551=DIRECTION('',(-3.14688683398007E-16,0.,1.));
#5552=DIRECTION('',(3.14688683398007E-16,0.,-1.));
#5553=DIRECTION('',(-1.,0.,-3.14688683398007E-16));
#5554=DIRECTION('',(0.90630778703665,0.422618261740699,2.85204804255925E-16));
#5555=DIRECTION('',(-0.422618261740699,0.90630778703665,0.));
#5556=DIRECTION('',(3.14688683398007E-16,0.,-1.));
#5557=DIRECTION('',(-0.422618261740699,0.90630778703665,-1.32993184367135E-16));
#5558=DIRECTION('',(3.14688683398007E-16,0.,-1.));
#5559=DIRECTION('',(1.,0.,3.14688683398007E-16));
#5560=DIRECTION('',(-3.14688683398007E-16,0.,1.));
#5561=DIRECTION('',(1.,0.,3.14688683398007E-16));
#5562=DIRECTION('',(-3.14688683398007E-16,0.,1.));
#5563=DIRECTION('',(3.14688683398007E-16,0.,-1.));
#5564=DIRECTION('',(-1.,0.,-3.14688683398007E-16));
#5565=DIRECTION('',(-3.14688683398007E-16,0.,1.));
#5566=DIRECTION('',(-0.90630778703665,-0.422618261740699,-2.85204804255925E-16));
#5567=DIRECTION('',(0.422618261740699,-0.90630778703665,0.));
#5568=DIRECTION('',(3.14688683398007E-16,0.,-1.));
#5569=DIRECTION('',(-3.14688683398007E-16,0.,1.));
#5570=DIRECTION('',(0.422618261740699,-0.90630778703665,1.32993184367135E-16));
#5571=DIRECTION('',(-3.14688683398007E-16,0.,1.));
#5572=DIRECTION('',(1.,0.,3.14688683398007E-16));
#5573=DIRECTION('',(3.14688683398007E-16,0.,-1.));
#5574=DIRECTION('',(3.14688683398007E-16,0.,-1.));
#5575=DIRECTION('',(-1.,0.,-3.14688683398007E-16));
#5576=DIRECTION('',(3.14688683398007E-16,0.,-1.));
#5577=DIRECTION('',(1.,0.,3.14688683398007E-16));
#5578=DIRECTION('',(-9.71445146546996E-17,1.91229322073164E-23,1.));
#5579=DIRECTION('',(1.,0.,9.71445146546996E-17));
#5580=DIRECTION('',(-0.999999999999981,1.96850355027512E-7,-9.71445146547015E-17));
#5581=DIRECTION('',(-0.999999999999981,1.96850355027512E-7,-9.71445146547015E-17));
#5582=DIRECTION('',(-0.999999999999981,1.96850355027512E-7,-9.71445146547015E-17));
#5583=DIRECTION('',(-1.96850355027512E-7,-0.999999999999981,0.));
#5584=DIRECTION('',(-0.999999999999981,1.96850355027512E-7,-9.71445146547015E-17));
#5585=DIRECTION('',(1.96850355027512E-7,0.999999999999981,0.));
#5586=DIRECTION('',(-0.999999999999981,1.96850355027512E-7,0.));
#5587=DIRECTION('',(-0.999999999999981,1.96850355027512E-7,-9.71445146547015E-17));
#5588=DIRECTION('',(-0.999999999999981,1.96850355027512E-7,-9.71445146547015E-17));
#5589=DIRECTION('',(-1.96850355027512E-7,-0.999999999999981,0.));
#5590=DIRECTION('',(-0.999999999999981,1.96850355027512E-7,-9.71445146547015E-17));
#5591=DIRECTION('',(-9.71445146546996E-17,1.91229322073164E-23,1.));
#5592=DIRECTION('',(1.,0.,9.71445146546996E-17));
#5593=DIRECTION('',(-0.999999999999981,1.96850355027512E-7,-9.71445146547015E-17));
#5594=DIRECTION('',(-0.999999999999981,1.96850355027512E-7,-9.71445146547015E-17));
#5595=DIRECTION('',(-1.96850355027512E-7,-0.999999999999981,0.));
#5596=DIRECTION('',(-0.999999999999981,1.96850355027512E-7,-9.71445146547015E-17));
#5597=DIRECTION('',(1.96850355027512E-7,0.999999999999981,0.));
#5598=DIRECTION('',(-0.999999999999981,1.96850355027512E-7,0.));
#5599=DIRECTION('',(-0.999999999999981,1.96850355027512E-7,-9.71445146547015E-17));
#5600=DIRECTION('',(-0.999999999999981,1.96850355027512E-7,-9.71445146547015E-17));
#5601=DIRECTION('',(-1.96850355027512E-7,-0.999999999999981,0.));
#5602=DIRECTION('',(-3.14688683300314E-16,-5.54464021832256E-21,1.));
#5603=DIRECTION('',(1.,0.,3.14688683300314E-16));
#5604=DIRECTION('',(-0.999999999844777,-1.76194458564657E-5,-3.1468868334916E-16));
#5605=DIRECTION('',(-1.76194458564657E-5,0.999999999844778,4.09556660813978E-31));
#5606=DIRECTION('',(-0.999999999844777,-1.76194458564657E-5,-3.1468868334916E-16));
#5607=DIRECTION('',(-1.6641510171066E-5,0.944496796559552,-0.328520624941273));
#5608=DIRECTION('',(0.,0.328520624986763,0.944496796690336));
#5609=DIRECTION('',(-0.999999999844777,-1.76194458564657E-5,-3.1468868334916E-16));
#5610=DIRECTION('',(5.78835136418224E-6,-0.32852062489028,-0.944496796706159));
#5611=DIRECTION('',(3.1469518048111E-16,-3.68745030619232E-16,-1.));
#5612=DIRECTION('',(0.,1.,-3.68745030619232E-16));
#5613=DIRECTION('',(-0.999999999844777,-1.76194458564657E-5,-3.1468868334916E-16));
#5614=DIRECTION('',(1.76194458564657E-5,-0.999999999844778,3.68750575316689E-16));
#5615=DIRECTION('',(1.66280057509086E-5,-0.943730346781687,-0.330715938967003));
#5616=DIRECTION('',(0.,0.330715939012724,-0.943730346912153));
#5617=DIRECTION('',(-0.999999999844777,-1.76194458564657E-5,-3.1468868334916E-16));
#5618=DIRECTION('',(5.82703158020234E-6,-0.330715938915669,0.943730346928175));
#5619=DIRECTION('',(-3.14688683300314E-16,-5.544640218318E-21,1.));
#5620=DIRECTION('',(1.,0.,3.14688683300314E-16));
#5621=DIRECTION('',(-0.999999999844777,-1.76194458564657E-5,-3.1468868334916E-16));
#5622=DIRECTION('',(-1.76194458564657E-5,0.999999999844778,4.04997560829233E-31));
#5623=DIRECTION('',(-1.66325147779011E-5,0.943986258745591,0.329984761804028));
#5624=DIRECTION('',(0.,-0.329984761849671,0.943986258876164));
#5625=DIRECTION('',(-0.999999999844777,-1.76194458564657E-5,-3.1468868334916E-16));
#5626=DIRECTION('',(-5.81414864376771E-6,0.329984761752806,-0.943986258892119));
#5627=DIRECTION('',(1.66504752012324E-5,-0.945005611095352,0.327054115890723));
#5628=DIRECTION('',(0.,-0.327054115936059,-0.945005611226348));
#5629=DIRECTION('',(-5.76251228736822E-6,0.327054115839957,0.945005611242038));
#5630=DIRECTION('',(-0.999999999844778,-1.76194458564657E-5,-3.14688683349161E-16));
#5631=DIRECTION('',(1.76194458564657E-5,-0.999999999844778,5.54464021877366E-21));
#5632=DIRECTION('',(-1.65937109723998E-5,0.941783930386246,-0.336218720762072));
#5633=DIRECTION('',(0.,0.336218720808362,0.941783930515906));
#5634=DIRECTION('',(-0.999999999844777,-1.76194458564657E-5,-3.1468868334916E-16));
#5635=DIRECTION('',(5.92398754669384E-6,-0.336218720709884,-0.941783930532432));
#5636=DIRECTION('',(-0.999999999844777,-1.76194458564657E-5,-3.1468868334916E-16));
#5637=DIRECTION('',(3.14688683300314E-16,5.5446402182779E-21,-1.));
#5638=DIRECTION('',(-1.,0.,-3.14688683300314E-16));
#5639=DIRECTION('',(-0.999999999844777,-1.76194458564657E-5,-3.1468868334916E-16));
#5640=DIRECTION('',(1.76194458564657E-5,-0.999999999844778,-3.64897525650023E-31));
#5641=DIRECTION('',(1.6655201784959E-5,-0.945273870583123,-0.326277963269673));
#5642=DIRECTION('',(0.,0.326277963314926,-0.94527387071423));
#5643=DIRECTION('',(-0.999999999844777,-1.76194458564657E-5,-3.1468868334916E-16));
#5644=DIRECTION('',(5.74883690769041E-6,-0.326277963219027,0.945273870729851));
#5645=DIRECTION('',(-3.14688683300314E-16,-5.54464021772842E-21,1.));
#5646=DIRECTION('',(1.,0.,3.14688683300314E-16));
#5647=DIRECTION('',(-1.76194458564657E-5,0.999999999844778,-1.84578510771581E-31));
#5648=DIRECTION('',(-0.999999999844778,-1.76194458564657E-5,-3.14688683349161E-16));
#5649=DIRECTION('',(1.76194458564657E-5,-0.999999999844778,5.54464021877366E-21));
#5650=DIRECTION('',(3.14695128503664E-16,-3.65795026017156E-16,-1.));
#5651=DIRECTION('',(0.,1.,-3.65795026017156E-16));
#5652=DIRECTION('',(-0.999999999844777,-1.76194458564657E-5,-3.1468868334916E-16));
#5653=DIRECTION('',(1.76194458564657E-5,-0.999999999844778,3.65800570714154E-16));
#5654=DIRECTION('',(-0.999999999844777,-1.76194458564657E-5,-3.1468868334916E-16));
#5655=DIRECTION('',(1.76194458564657E-5,-0.999999999844777,2.38263218235394E-16));
#5656=DIRECTION('',(0.999999999844778,1.76194458564657E-5,0.));
#5657=DIRECTION('',(-0.999999999844777,-1.76194458564657E-5,-3.1468868334916E-16));
#5658=DIRECTION('',(-3.14692881366187E-16,2.38257673558192E-16,1.));
#5659=DIRECTION('',(-3.14688683300314E-16,-5.54464021772842E-21,1.));
#5660=DIRECTION('',(1.,0.,3.14688683300314E-16));
#5661=DIRECTION('',(-0.999999999844777,-1.76194458564657E-5,-3.1468868334916E-16));
#5662=DIRECTION('',(-1.76194458564657E-5,0.999999999844778,-1.84579576978312E-31));
#5663=DIRECTION('',(-1.76194458564657E-5,0.999999999844777,-3.57390629435146E-16));
#5664=DIRECTION('',(-0.999999999844778,-1.76194458564657E-5,0.));
#5665=DIRECTION('',(3.14694980325159E-16,-3.57385084739453E-16,-1.));
#5666=DIRECTION('',(-0.999999999844778,-1.76194458564657E-5,-3.14688683349161E-16));
#5667=DIRECTION('',(1.76194458564657E-5,-0.999999999844778,5.54464021877366E-21));
#5668=DIRECTION('',(-3.14688683300314E-16,-5.54464021801838E-21,1.));
#5669=DIRECTION('',(1.,0.,3.14688683300314E-16));
#5670=DIRECTION('',(-0.999999999844777,-1.76194458564657E-5,-3.1468868334916E-16));
#5671=DIRECTION('',(-1.76194458564657E-5,0.999999999844778,1.05381740947691E-31));
#5672=DIRECTION('',(-0.999999999844777,-1.76194458564657E-5,-3.1468868334916E-16));
#5673=DIRECTION('',(-1.52469879269815E-5,0.865350025703419,-0.501167968631897));
#5674=DIRECTION('',(0.,0.50116796869015,0.865350025804003));
#5675=DIRECTION('',(-0.999999999844777,-1.76194458564657E-5,-3.1468868334916E-16));
#5676=DIRECTION('',(8.83030188857689E-6,-0.501167968554104,-0.865350025837741));
#5677=DIRECTION('',(-0.999999999844777,-1.76194458564657E-5,-3.1468868334916E-16));
#5678=DIRECTION('',(-0.999999999844777,-1.76194458564657E-5,-3.1468868334916E-16));
#5679=DIRECTION('',(-0.999999999844777,-1.76194458564657E-5,-3.1468868334916E-16));
#5680=DIRECTION('',(-0.999999999844777,-1.76194458564657E-5,-3.1468868334916E-16));
#5681=DIRECTION('',(1.36547083199101E-5,-0.77497944199128,0.631986443133422));
#5682=DIRECTION('',(-0.999999999844777,-1.76194458564657E-5,-3.1468868334916E-16));
#5683=DIRECTION('',(-0.999999999844777,-1.76194458564657E-5,-3.1468868334916E-16));
#5684=DIRECTION('',(1.76194458564657E-5,-0.999999999844778,0.));
#5685=DIRECTION('',(-0.999999999844777,-1.76194458564657E-5,-3.1468868334916E-16));
#5686=DIRECTION('',(8.43776022252088E-6,-0.478889080308342,0.877875417522461));
#5687=DIRECTION('',(-0.999999999844777,-1.76194458564657E-5,-3.1468868334916E-16));
#5688=DIRECTION('',(-0.999999999844777,-1.76194458564657E-5,-3.1468868334916E-16));
#5689=DIRECTION('',(1.76194458564657E-5,-0.999999999844778,0.));
#5690=DIRECTION('',(-0.999999999844777,-1.76194458564657E-5,-3.1468868334916E-16));
#5691=DIRECTION('',(2.78728038778302E-6,-0.158193419393891,0.987408143602583));
#5692=DIRECTION('',(-0.999999999844777,-1.76194458564657E-5,-3.1468868334916E-16));
#5693=DIRECTION('',(-0.999999999844777,-1.76194458564657E-5,-3.1468868334916E-16));
#5694=DIRECTION('',(1.76194458564657E-5,-0.999999999844778,0.));
#5695=DIRECTION('',(3.1469625995002E-16,-4.30010800176447E-16,-1.));
#5696=DIRECTION('',(0.,1.,-4.30010800176447E-16));
#5697=DIRECTION('',(-0.999999999844777,-1.76194458564657E-5,-3.1468868334916E-16));
#5698=DIRECTION('',(1.76194458564657E-5,-0.999999999844778,4.30016344883413E-16));
#5699=DIRECTION('',(1.76194458564657E-5,-0.999999999844777,9.18354961579912E-37));
#5700=DIRECTION('',(0.999999999844778,1.76194458564657E-5,0.));
#5701=DIRECTION('',(-0.999999999844777,-1.76194458564657E-5,-3.1468868334916E-16));
#5702=DIRECTION('',(-3.14688683300314E-16,-5.544640217913E-21,1.));
#5703=DIRECTION('',(-3.14696581833831E-16,4.4827946842029E-16,1.));
#5704=DIRECTION('',(0.,-1.,4.4827946842029E-16));
#5705=DIRECTION('',(-0.999999999844777,-1.76194458564657E-5,-3.1468868334916E-16));
#5706=DIRECTION('',(-1.76194458564657E-5,0.999999999844778,-4.48285013130092E-16));
#5707=DIRECTION('',(-0.999999999844777,-1.76194458564657E-5,-3.1468868334916E-16));
#5708=DIRECTION('',(-0.999999999844777,-1.76194458564657E-5,-3.1468868334916E-16));
#5709=DIRECTION('',(-0.999999999844777,-1.76194458564657E-5,-3.1468868334916E-16));
#5710=DIRECTION('',(1.60586253107371E-5,-0.911414890085561,0.411488636383128));
#5711=DIRECTION('',(-0.999999999844777,-1.76194458564657E-5,-3.1468868334916E-16));
#5712=DIRECTION('',(-0.999999999844777,-1.76194458564657E-5,-3.1468868334916E-16));
#5713=DIRECTION('',(1.76194458564657E-5,-0.999999999844778,0.));
#5714=DIRECTION('',(-0.999999999844777,-1.76194458564657E-5,-3.1468868334916E-16));
#5715=DIRECTION('',(-0.999999999844777,-1.76194458564657E-5,-3.1468868334916E-16));
#5716=DIRECTION('',(-0.999999999844777,-1.76194458564657E-5,-3.1468868334916E-16));
#5717=DIRECTION('',(-0.999999999844777,-1.76194458564657E-5,-3.1468868334916E-16));
#5718=DIRECTION('',(9.16066569046229E-6,-0.519917922661346,-0.854216221814824));
#5719=DIRECTION('',(-0.999999999844777,-1.76194458564657E-5,-3.1468868334916E-16));
#5720=DIRECTION('',(-0.999999999844777,-1.76194458564657E-5,-3.1468868334916E-16));
#5721=DIRECTION('',(1.76194458564657E-5,-0.999999999844778,0.));
#5722=DIRECTION('',(-0.999999999844777,-1.76194458564657E-5,-3.1468868334916E-16));
#5723=DIRECTION('',(2.91497466826455E-6,-0.165440768775767,-0.986219728061848));
#5724=DIRECTION('',(-0.999999999844777,-1.76194458564657E-5,-3.1468868334916E-16));
#5725=DIRECTION('',(-0.999999999844777,-1.76194458564657E-5,-3.1468868334916E-16));
#5726=DIRECTION('',(1.76194458564657E-5,-0.999999999844778,0.));
#5727=DIRECTION('',(3.14688683300314E-16,5.54464021827014E-21,-1.));
#5728=DIRECTION('',(-1.,0.,-3.14688683300314E-16));
#5729=DIRECTION('',(-0.999999999844777,-1.76194458564657E-5,-3.1468868334916E-16));
#5730=DIRECTION('',(1.76194458564657E-5,-0.999999999844778,-3.57139805470179E-31));
#5731=DIRECTION('',(1.76194458564657E-5,-0.999999999844777,9.18354961579912E-37));
#5732=DIRECTION('',(0.999999999844778,1.76194458564657E-5,0.));
#5733=DIRECTION('',(-0.999999999844777,-1.76194458564657E-5,-3.1468868334916E-16));
#5734=DIRECTION('',(-3.14688683300314E-16,-5.544640217913E-21,1.));
#5735=DIRECTION('',(-3.14688683300314E-16,-5.54464021636611E-21,1.));
#5736=DIRECTION('',(1.,0.,3.14688683300314E-16));
#5737=DIRECTION('',(-0.999999999844777,-1.76194458564657E-5,-3.1468868334916E-16));
#5738=DIRECTION('',(-1.76194458564657E-5,0.999999999844778,-1.5468900435849E-30));
#5739=DIRECTION('',(-0.999999999844777,-1.76194458564657E-5,-3.1468868334916E-16));
#5740=DIRECTION('',(9.24254516353057E-7,-0.0524565030525092,-0.99862320986779));
#5741=DIRECTION('',(-0.999999999844777,-1.76194458564657E-5,-3.1468868334916E-16));
#5742=DIRECTION('',(-0.999999999844777,-1.76194458564657E-5,-3.1468868334916E-16));
#5743=DIRECTION('',(1.76194458564657E-5,-0.999999999844778,0.));
#5744=DIRECTION('',(-0.999999999844777,-1.76194458564657E-5,-3.1468868334916E-16));
#5745=DIRECTION('',(-1.27480424691567E-6,0.0723521191407947,0.997379151002372));
#5746=DIRECTION('',(-0.999999999844777,-1.76194458564657E-5,-3.1468868334916E-16));
#5747=DIRECTION('',(-0.999999999844777,-1.76194458564657E-5,-3.1468868334916E-16));
#5748=DIRECTION('',(1.76194458564657E-5,-0.999999999844778,0.));
#5749=DIRECTION('',(1.56279735453387E-5,-0.886973045030435,0.461821196076148));
#5750=DIRECTION('',(0.,-0.461821196132544,-0.88697304513875));
#5751=DIRECTION('',(-8.13703355991102E-6,0.461821196004463,0.886973045168113));
#5752=DIRECTION('',(-0.999999999844778,-1.76194458564657E-5,-3.14688683349161E-16));
#5753=DIRECTION('',(1.76194458564657E-5,-0.999999999844778,5.54464021877366E-21));
#5754=DIRECTION('',(3.14695018690238E-16,-3.59562513017751E-16,-1.));
#5755=DIRECTION('',(0.,1.,-3.59562513017751E-16));
#5756=DIRECTION('',(-0.999999999844777,-1.76194458564657E-5,-3.1468868334916E-16));
#5757=DIRECTION('',(1.76194458564657E-5,-0.999999999844778,3.59568057713782E-16));
#5758=DIRECTION('',(-0.999999999844777,-1.76194458564657E-5,-3.1468868334916E-16));
#5759=DIRECTION('',(1.76194458564657E-5,-0.999999999844777,3.57390629435146E-16));
#5760=DIRECTION('',(0.999999999844778,1.76194458564657E-5,0.));
#5761=DIRECTION('',(-0.999999999844777,-1.76194458564657E-5,-3.1468868334916E-16));
#5762=DIRECTION('',(-3.14694980325159E-16,3.57385084739453E-16,1.));
#5763=DIRECTION('',(-3.14688683300314E-16,-5.5446402183319E-21,1.));
#5764=DIRECTION('',(1.,0.,3.14688683300314E-16));
#5765=DIRECTION('',(-0.999999999844777,-1.76194458564657E-5,-3.1468868334916E-16));
#5766=DIRECTION('',(-1.76194458564657E-5,0.999999999844778,4.18897697990396E-31));
#5767=DIRECTION('',(-1.76194458564657E-5,0.999999999844777,-3.46292745967852E-16));
#5768=DIRECTION('',(-0.999999999844778,-1.76194458564657E-5,0.));
#5769=DIRECTION('',(-0.999999999844777,-1.76194458564657E-5,-3.1468868334916E-16));
#5770=DIRECTION('',(3.14694784786602E-16,-3.46287201273881E-16,-1.));
#5771=DIRECTION('',(1.63331861169612E-5,-0.926997718747792,0.37506696624685));
#5772=DIRECTION('',(0.,-0.375066966296879,-0.926997718871442));
#5773=DIRECTION('',(-0.999999999844777,-1.76194458564657E-5,-3.1468868334916E-16));
#5774=DIRECTION('',(-6.60847210462692E-6,0.375066966188631,0.926997718891683));
#5775=DIRECTION('',(-3.14688683300314E-16,-5.54464021887957E-21,1.));
#5776=DIRECTION('',(1.,0.,3.14688683300314E-16));
#5777=DIRECTION('',(-0.999999999844777,-1.76194458564657E-5,-3.1468868334916E-16));
#5778=DIRECTION('',(-1.76194458564657E-5,0.999999999844778,9.66567580208501E-31));
#5779=DIRECTION('',(-1.76194458564657E-5,0.999999999844777,-9.18354961579912E-37));
#5780=DIRECTION('',(-0.999999999844778,-1.76194458564657E-5,0.));
#5781=DIRECTION('',(-0.999999999844777,-1.76194458564657E-5,-3.1468868334916E-16));
#5782=DIRECTION('',(3.14688683300314E-16,5.544640217913E-21,-1.));
#5783=DIRECTION('',(-1.61563683154227E-5,0.916962340623876,-0.398973765574323));
#5784=DIRECTION('',(0.,0.398973765626395,0.916962340743552));
#5785=DIRECTION('',(7.02969666097556E-6,-0.398973765512393,-0.916962340766209));
#5786=DIRECTION('',(-0.999999999844778,-1.76194458564657E-5,-3.14688683349161E-16));
#5787=DIRECTION('',(1.76194458564657E-5,-0.999999999844778,5.54464021877366E-21));
#5788=DIRECTION('',(-1.64315321497687E-5,0.932579394447985,-0.36096491904482));
#5789=DIRECTION('',(0.,0.36096491909355,0.932579394573881));
#5790=DIRECTION('',(-0.999999999844777,-1.76194458564657E-5,-3.1468868334916E-16));
#5791=DIRECTION('',(6.36000184748719E-6,-0.360964918988791,-0.932579394592743));
#5792=DIRECTION('',(-0.999999999844777,-1.76194458564657E-5,-3.1468868334916E-16));
#5793=DIRECTION('',(3.14694330382689E-16,-3.20497291800238E-16,-1.));
#5794=DIRECTION('',(0.,1.,-3.20497291800238E-16));
#5795=DIRECTION('',(-0.999999999844777,-1.76194458564657E-5,-3.1468868334916E-16));
#5796=DIRECTION('',(1.76194458564657E-5,-0.999999999844778,3.20502836490205E-16));
#5797=DIRECTION('',(1.59826643787478E-5,-0.907103691375991,0.420907225925863));
#5798=DIRECTION('',(0.,-0.420907225979623,-0.907103691491849));
#5799=DIRECTION('',(-0.999999999844777,-1.76194458564657E-5,-3.1468868334916E-16));
#5800=DIRECTION('',(-7.41615207808136E-6,0.420907225860529,0.907103691516794));
#5801=DIRECTION('',(-1.62869564731678E-5,0.924373933391493,0.381487655109671));
#5802=DIRECTION('',(0.,-0.381487655160269,0.924373933514095));
#5803=DIRECTION('',(-6.721601083824E-6,0.381487655050455,-0.924373933534976));
#5804=DIRECTION('',(-0.999999999844778,-1.76194458564657E-5,-3.14688683349161E-16));
#5805=DIRECTION('',(1.76194458564657E-5,-0.999999999844778,5.54464021877366E-21));
#5806=DIRECTION('',(3.14694330382689E-16,-3.20497291800238E-16,-1.));
#5807=DIRECTION('',(0.,1.,-3.20497291800238E-16));
#5808=DIRECTION('',(-0.999999999844777,-1.76194458564657E-5,-3.1468868334916E-16));
#5809=DIRECTION('',(1.76194458564657E-5,-0.999999999844778,3.20502836490205E-16));
#5810=DIRECTION('',(-0.999999999844777,-1.76194458564657E-5,-3.1468868334916E-16));
#5811=DIRECTION('',(1.62703729290494E-5,-0.923432726485688,-0.383760341086052));
#5812=DIRECTION('',(0.,0.383760341136847,-0.923432726607917));
#5813=DIRECTION('',(-0.999999999844777,-1.76194458564657E-5,-3.1468868334916E-16));
#5814=DIRECTION('',(6.76164455133388E-6,-0.383760341026483,0.923432726629026));
#5815=DIRECTION('',(1.76194458564657E-5,-0.999999999844777,9.18354961579912E-37));
#5816=DIRECTION('',(0.999999999844778,1.76194458564657E-5,0.));
#5817=DIRECTION('',(-0.999999999844777,-1.76194458564657E-5,-3.1468868334916E-16));
#5818=DIRECTION('',(-3.14688683300314E-16,-5.544640217913E-21,1.));
#5819=DIRECTION('',(-3.14688683300314E-16,-5.54464021772844E-21,1.));
#5820=DIRECTION('',(1.,0.,3.14688683300314E-16));
#5821=DIRECTION('',(-0.999999999844777,-1.76194458564657E-5,-3.1468868334916E-16));
#5822=DIRECTION('',(-1.76194458564657E-5,0.999999999844778,-1.84561451463874E-31));
#5823=DIRECTION('',(-1.76194458564657E-5,0.999999999844777,-9.18354961579912E-37));
#5824=DIRECTION('',(-0.999999999844778,-1.76194458564657E-5,0.));
#5825=DIRECTION('',(-0.999999999844777,-1.76194458564657E-5,-3.1468868334916E-16));
#5826=DIRECTION('',(3.14688683300314E-16,5.544640217913E-21,-1.));
#5827=DIRECTION('',(-1.57512285947565E-5,0.893968443757299,0.448129915669611));
#5828=DIRECTION('',(0.,-0.448129915725202,0.893968443868196));
#5829=DIRECTION('',(-7.89580078552191E-6,0.448129915600051,-0.893968443896062));
#5830=DIRECTION('',(-0.999999999844778,-1.76194458564657E-5,-3.14688683349161E-16));
#5831=DIRECTION('',(1.76194458564657E-5,-0.999999999844778,5.54464021877366E-21));
#5832=DIRECTION('',(3.14695027004399E-16,-3.60034387109166E-16,-1.));
#5833=DIRECTION('',(0.,1.,-3.60034387109166E-16));
#5834=DIRECTION('',(-0.999999999844777,-1.76194458564657E-5,-3.1468868334916E-16));
#5835=DIRECTION('',(1.76194458564657E-5,-0.999999999844778,3.60039931805271E-16));
#5836=DIRECTION('',(-0.999999999844777,-1.76194458564657E-5,-3.1468868334916E-16));
#5837=DIRECTION('',(1.61659955270842E-5,-0.917508737570055,-0.397715622299734));
#5838=DIRECTION('',(0.,0.397715622351703,-0.917508737689946));
#5839=DIRECTION('',(-0.999999999844777,-1.76194458564657E-5,-3.1468868334916E-16));
#5840=DIRECTION('',(7.00752887309197E-6,-0.397715622237999,0.917508737712473));
#5841=DIRECTION('',(1.76194458564657E-5,-0.999999999844777,9.18354961579912E-37));
#5842=DIRECTION('',(0.999999999844778,1.76194458564657E-5,0.));
#5843=DIRECTION('',(-0.999999999844777,-1.76194458564657E-5,-3.1468868334916E-16));
#5844=DIRECTION('',(-3.14688683300314E-16,-5.544640217913E-21,1.));
#5845=DIRECTION('',(-3.14688683300314E-16,-5.54464021772842E-21,1.));
#5846=DIRECTION('',(1.,0.,3.14688683300314E-16));
#5847=DIRECTION('',(-0.999999999844777,-1.76194458564657E-5,-3.1468868334916E-16));
#5848=DIRECTION('',(-1.76194458564657E-5,0.999999999844778,-1.84582775598507E-31));
#5849=DIRECTION('',(-1.63464579808103E-5,0.927750969657029,0.373199863388555));
#5850=DIRECTION('',(0.,-0.373199863438416,0.927750969780979));
#5851=DIRECTION('',(-0.999999999844777,-1.76194458564657E-5,-3.1468868334916E-16));
#5852=DIRECTION('',(-6.57557478632307E-6,0.373199863330626,-0.927750969801037));
#5853=DIRECTION('',(1.76194458564657E-5,-0.999999999844777,6.92585491935704E-16));
#5854=DIRECTION('',(0.999999999844778,1.76194458564657E-5,0.));
#5855=DIRECTION('',(-0.999999999844777,-1.76194458564657E-5,-3.1468868334916E-16));
#5856=DIRECTION('',(-3.1470088627289E-16,6.92579947187981E-16,1.));
#5857=DIRECTION('',(-3.14688683300314E-16,-5.54464021772842E-21,1.));
#5858=DIRECTION('',(1.,0.,3.14688683300314E-16));
#5859=DIRECTION('',(-0.999999999844777,-1.76194458564657E-5,-3.1468868334916E-16));
#5860=DIRECTION('',(-1.76194458564657E-5,0.999999999844778,-1.84576378358117E-31));
#5861=DIRECTION('',(-1.76194458564657E-5,0.999999999844777,-4.76518040634899E-16));
#5862=DIRECTION('',(-0.999999999844778,-1.76194458564657E-5,0.));
#5863=DIRECTION('',(3.14697079284131E-16,-4.76512495920715E-16,-1.));
#5864=DIRECTION('',(-0.999999999844778,-1.76194458564657E-5,-3.14688683349161E-16));
#5865=DIRECTION('',(1.76194458564657E-5,-0.999999999844778,5.54464021877366E-21));
#5866=DIRECTION('',(3.14688683398007E-16,0.,-1.));
#5867=DIRECTION('',(-1.,0.,-3.14688683398007E-16));
#5868=DIRECTION('',(3.14688683398007E-16,0.,-1.));
#5869=DIRECTION('',(-1.,0.,-3.14688683398007E-16));
#5870=DIRECTION('',(3.14688683398007E-16,0.,-1.));
#5871=DIRECTION('',(-1.,0.,-3.14688683398007E-16));
#5872=DIRECTION('',(3.14688683398007E-16,0.,-1.));
#5873=DIRECTION('',(-1.,0.,-3.14688683398007E-16));
#5874=DIRECTION('',(0.,0.,1.));
#5875=DIRECTION('',(1.,0.,0.));
#5876=DIRECTION('',(0.,0.,1.));
#5877=DIRECTION('',(1.,0.,0.));
#5878=DIRECTION('',(0.,0.,1.));
#5879=DIRECTION('',(1.,0.,0.));
#5880=DIRECTION('',(0.,0.,1.));
#5881=DIRECTION('',(1.,0.,0.));
#5882=DIRECTION('',(0.,0.,1.));
#5883=DIRECTION('',(1.,0.,0.));
#5884=DIRECTION('',(0.,0.,1.));
#5885=DIRECTION('',(1.,0.,0.));
#5886=DIRECTION('',(0.,0.,1.));
#5887=DIRECTION('',(1.,0.,0.));
#5888=DIRECTION('',(0.,0.,1.));
#5889=DIRECTION('',(1.,0.,0.));
#5890=DIRECTION('',(0.,0.,1.));
#5891=DIRECTION('',(1.,0.,0.));
#5892=DIRECTION('',(0.,0.,1.));
#5893=DIRECTION('',(1.,0.,0.));
#5894=DIRECTION('',(0.,0.,1.));
#5895=DIRECTION('',(1.,0.,0.));
#5896=DIRECTION('',(0.,0.,1.));
#5897=DIRECTION('',(1.,0.,0.));
#5898=DIRECTION('',(0.,0.,1.));
#5899=DIRECTION('',(1.,0.,0.));
#5900=DIRECTION('',(0.,0.,1.));
#5901=DIRECTION('',(1.,0.,0.));
#5902=DIRECTION('',(0.,0.,1.));
#5903=DIRECTION('',(1.,0.,0.));
#5904=DIRECTION('',(0.,0.,1.));
#5905=DIRECTION('',(1.,0.,0.));
#5906=DIRECTION('',(0.,0.,1.));
#5907=DIRECTION('',(1.,0.,0.));
#5908=DIRECTION('',(0.,0.,1.));
#5909=DIRECTION('',(1.,0.,0.));
#5910=DIRECTION('',(0.,0.,1.));
#5911=DIRECTION('',(1.,0.,0.));
#5912=DIRECTION('',(0.,0.,1.));
#5913=DIRECTION('',(1.,0.,0.));
#5914=DIRECTION('',(0.,0.,1.));
#5915=DIRECTION('',(1.,0.,0.));
#5916=DIRECTION('',(0.,0.,1.));
#5917=DIRECTION('',(1.,0.,0.));
#5918=CARTESIAN_POINT('',(0.,0.,0.));
#5919=CARTESIAN_POINT('',(3.62533505261635E-5,0.05286,-0.0117425689741972));
#5920=CARTESIAN_POINT('',(3.75194339494018E-5,-0.00282748516255276,-0.0117425689741972));
#5921=CARTESIAN_POINT('',(-0.00868509351281092,-0.00282729673841992,-0.0117425689741972));
#5922=CARTESIAN_POINT('',(-0.0121369847523413,-0.00282776195612481,-0.0117425689741972));
#5923=CARTESIAN_POINT('',(3.62533505261709E-5,-0.00282691000122577,-0.0117425689741972));
#5924=CARTESIAN_POINT('',(0.0260746655690358,-0.00282691000122577,-0.0117425689741972));
#5925=CARTESIAN_POINT('',(0.0260746655690322,-0.00324551359119566,-0.0117425689741972));
#5926=CARTESIAN_POINT('',(0.0260746655692625,0.0231677278088043,-0.0117425689741972));
#5927=CARTESIAN_POINT('',(0.022987090256619,0.0231403614605303,-0.0117425689741972));
#5928=CARTESIAN_POINT('',(0.0250836142407644,0.0254071780415898,-0.0117425689741972));
#5929=CARTESIAN_POINT('',(0.0142340404407644,0.0345183658415898,-0.0117425689741972));
#5930=CARTESIAN_POINT('',(0.00338446664076438,0.0436295536415898,-0.0117425689741972));
#5931=CARTESIAN_POINT('',(0.00227738176108508,0.042208474510024,-0.0117425689741972));
#5932=CARTESIAN_POINT('',(0.00236188664076441,0.0440079082415898,-0.0117425689741972));
#5933=CARTESIAN_POINT('',(0.000516129740764402,0.0440079082415898,-0.0117425689741972));
#5934=CARTESIAN_POINT('',(-0.0013296271592356,0.0440079082415898,-0.0117425689741972));
#5935=CARTESIAN_POINT('',(-0.00125455862946105,0.0422540218749181,-0.0117425689741972));
#5936=CARTESIAN_POINT('',(-0.00238288455923704,0.0435988762415892,-0.0117425689741972));
#5937=CARTESIAN_POINT('',(-0.0133705066592363,0.0343803175415883,-0.0117425689741972));
#5938=CARTESIAN_POINT('',(-0.0243581287592355,0.0251617588415874,-0.0117425689741972));
#5939=CARTESIAN_POINT('',(-0.0228287701415884,0.0235460824415874,-0.0117425689741972));
#5940=CARTESIAN_POINT('',(-0.0250534831588901,0.0235460432433768,-0.0117425689741972));
#5941=CARTESIAN_POINT('',(-0.0250530119643748,-0.00319682479053292,-0.0117425689741972));
#5942=CARTESIAN_POINT('',(-0.0250525407698593,-0.0299396928244426,-0.0117425689741972));
#5943=CARTESIAN_POINT('',(-0.0224633128729942,-0.0298433665132375,-0.0117425689741972));
#5944=CARTESIAN_POINT('',(-0.0232957830983852,-0.032297011390552,-0.0117425689741972));
#5945=CARTESIAN_POINT('',(-0.0134892408983852,-0.0358760413905521,-0.0117425689741972));
#5946=CARTESIAN_POINT('',(-0.00368269869838521,-0.0394550713905521,-0.0117425689741972));
#5947=CARTESIAN_POINT('',(-0.00133076469838528,-0.033384870044005,-0.0117425689741972));
#5948=CARTESIAN_POINT('',(-0.00133076469838528,-0.0398947807905497,-0.0117425689741972));
#5949=CARTESIAN_POINT('',(0.000223556901614697,-0.0398947807905497,-0.0117425689741972));
#5950=CARTESIAN_POINT('',(0.00177787850161468,-0.0398947807905497,-0.0117425689741972));
#5951=CARTESIAN_POINT('',(0.0010570775611912,-0.0302699730513596,-0.0117425689741972));
#5952=CARTESIAN_POINT('',(0.00448771550161469,-0.0392914585905497,-0.0117425689741972));
#5953=CARTESIAN_POINT('',(0.0145141124016147,-0.0356357350905497,-0.0117425689741972));
#5954=CARTESIAN_POINT('',(0.0245405093016146,-0.0319800115905497,-0.0117425689741972));
#5955=CARTESIAN_POINT('',(0.0236108551260952,-0.0296979852918365,-0.0117425689741972));
#5956=CARTESIAN_POINT('',(0.0260746655688018,-0.0296587549911957,-0.0117425689741972));
#5957=CARTESIAN_POINT('',(0.0260746655690322,-0.00324551359119566,-0.0117425689741972));
#5958=CARTESIAN_POINT('',(0.0260746655688091,-0.0288269100012258,-0.0117425689741972));
#5959=CARTESIAN_POINT('',(3.62533505261743E-5,-0.0288269100012258,-0.0117425689741972));
#5960=CARTESIAN_POINT('',(-0.00868509351281092,-0.0288272967417798,-0.0117425689741972));
#5961=CARTESIAN_POINT('',(3.8110557231403E-5,-0.028827485155833,-0.0117425689741972));
#5962=CARTESIAN_POINT('',(-0.0121363936290593,-0.028827761949405,-0.0117425689741972));
#5963=CARTESIAN_POINT('',(-0.0468936743203971,0.0059279383287995,-0.0117425689741972));
#5964=CARTESIAN_POINT('',(-0.0136364277319379,-0.027327796053059,-0.0117425689741972));
#5965=CARTESIAN_POINT('',(-0.0136382508353769,0.0528596891031617,-0.0117425689741972));
#5966=CARTESIAN_POINT('',(-0.0136369506486874,-0.0043277960590034,-0.0117425689741972));
#5967=CARTESIAN_POINT('',(0.0217932384835827,0.0311040041567946,-0.0117425689741972));
#5968=CARTESIAN_POINT('',(-0.0148760134758422,0.0184684077947392,-0.0117425689741972));
#5969=CARTESIAN_POINT('',(-0.0181959175244394,0.0255879650023836,-0.0117425689741972));
#5970=CARTESIAN_POINT('',(-0.011556109427245,0.0113488505870948,-0.0117425689741972));
#5971=CARTESIAN_POINT('',(-0.00928286565352661,0.0191414538260634,-0.0117425689741972));
#5972=CARTESIAN_POINT('',(-0.0162567302398644,0.027648228345905,-0.0117425689741972));
#5973=CARTESIAN_POINT('',(-0.0142114813505464,0.023262177948598,-0.0117425689741972));
#5974=CARTESIAN_POINT('',(-0.0121662324612284,0.0188761275512911,-0.0117425689741972));
#5975=CARTESIAN_POINT('',(-0.0095702597962538,0.0200866494853298,-0.0117425689741972));
#5976=CARTESIAN_POINT('',(-0.00697428713127921,0.0212971714193684,-0.0117425689741972));
#5977=CARTESIAN_POINT('',(-0.00900369262648025,0.0256492455483473,-0.0117425689741972));
#5978=CARTESIAN_POINT('',(-0.0110330981216813,0.030001319677326,-0.0117425689741972));
#5979=CARTESIAN_POINT('',(-0.00928286565352665,0.0191414538260631,-0.0117425689741972));
#5980=CARTESIAN_POINT('',(-0.00996358138875116,0.0301203711719505,-0.0117425689741972));
#5981=CARTESIAN_POINT('',(-0.0130321654692344,0.0237674494757751,-0.0117425689741972));
#5982=CARTESIAN_POINT('',(-0.00662773789806053,0.0267270321866178,-0.0117425689741972));
#5983=CARTESIAN_POINT('',(-0.00343028646098589,0.0198078654858298,-0.0117425689741972));
#5984=CARTESIAN_POINT('',(-0.000232835023911244,0.0128886987850418,-0.0117425689741972));
#5985=CARTESIAN_POINT('',(-0.00928286565352676,0.0191414538260635,-0.0117425689741972));
#5986=CARTESIAN_POINT('',(-0.00208875350975038,0.0108201107576178,-0.0117425689741972));
#5987=CARTESIAN_POINT('',(-0.00411365972443373,0.015162536148389,-0.0117425689741972));
#5988=CARTESIAN_POINT('',(-0.00613856593911707,0.0195049615391602,-0.0117425689741972));
#5989=CARTESIAN_POINT('',(-0.00873453860409167,0.0182944396051215,-0.0117425689741972));
#5990=CARTESIAN_POINT('',(-0.0113305112690663,0.0170839176710829,-0.0117425689741972));
#5991=CARTESIAN_POINT('',(-0.00928976166026594,0.0127075160119834,-0.0117425689741972));
#5992=CARTESIAN_POINT('',(-0.00724901205146562,0.00833111435288397,-0.0117425689741972));
#5993=CARTESIAN_POINT('',(-0.00928286565352672,0.0191414538260634,-0.0117425689741972));
#5994=CARTESIAN_POINT('',(-0.00888234039097799,0.00814874808479759,-0.0117425689741972));
#5995=CARTESIAN_POINT('',(-0.00419717745110574,0.0147803769234103,-0.0117425689741972));
#5996=CARTESIAN_POINT('',(-0.0293010215381391,-0.00394738542486466,-0.0117425689741972));
#5997=CARTESIAN_POINT('',(-0.0293015726428354,0.0273308228019304,-0.0117425689741972));
#5998=CARTESIAN_POINT('',(-0.0293015726428354,0.0273308228019304,-0.0157425689741972));
#5999=CARTESIAN_POINT('',(-0.0293015726428354,0.0273308228019304,0.00325743102580278));
#6000=CARTESIAN_POINT('',(-0.0293010215381391,-0.00394738542486466,-0.0157425689741972));
#6001=CARTESIAN_POINT('',(-0.0293004704334426,-0.0352255936516596,-0.0157425689741972));
#6002=CARTESIAN_POINT('',(-0.0293004704334426,-0.0352255936516596,-0.0117425689741972));
#6003=CARTESIAN_POINT('',(-0.0293004704334426,-0.0352255936516596,0.00325743102580278));
#6004=CARTESIAN_POINT('',(-0.0293010215381391,-0.00394738542486466,0.00325743102580278));
#6005=CARTESIAN_POINT('',(-0.0293013371228534,0.0139637746028949,-0.00637897222430994));
#6006=CARTESIAN_POINT('',(-0.0293013816861028,0.0164929829414835,0.000892501750260816));
#6007=CARTESIAN_POINT('',(-0.0293012925596041,0.0114345662643064,-0.0136504461988807));
#6008=CARTESIAN_POINT('',(-0.029301314144928,0.0126596515533102,-0.0136504461988807));
#6009=CARTESIAN_POINT('',(-0.0293013357302519,0.0138847368423141,-0.0136504461988807));
#6010=CARTESIAN_POINT('',(-0.0293013689855767,0.0157721585649858,-0.00819684071795263));
#6011=CARTESIAN_POINT('',(-0.0293014022409016,0.0176595802876575,-0.00274323523702457));
#6012=CARTESIAN_POINT('',(-0.0293014358304509,0.0195659710728685,-0.00819684071795263));
#6013=CARTESIAN_POINT('',(-0.02930146942,0.0214723618580797,-0.0136504461988807));
#6014=CARTESIAN_POINT('',(-0.0293014911724362,0.0227069316783532,-0.0136504461988807));
#6015=CARTESIAN_POINT('',(-0.0293015129248723,0.0239415014986267,-0.0136504461988807));
#6016=CARTESIAN_POINT('',(-0.0293014680273985,0.0213933240974988,-0.00637897222430994));
#6017=CARTESIAN_POINT('',(-0.0293014231299248,0.0188451466963708,0.000892501750260813));
#6018=CARTESIAN_POINT('',(-0.0293014024080138,0.0176690648189272,0.000892501750260813));
#6019=CARTESIAN_POINT('',(-0.029301402575126,0.0176785493501968,-0.00902515644896895));
#6020=CARTESIAN_POINT('',(-0.0293014259151279,0.0190032222175326,-0.00902515644896895));
#6021=CARTESIAN_POINT('',(-0.0293013792351241,0.0163538764828611,-0.00902515644896895));
#6022=CARTESIAN_POINT('',(-0.0293013741939065,0.0160677597895583,-0.0098265993413836));
#6023=CARTESIAN_POINT('',(-0.0293013691526889,0.0157816430962554,-0.0106280422337982));
#6024=CARTESIAN_POINT('',(-0.0293014024080138,0.0176690648189272,-0.0106280422337982));
#6025=CARTESIAN_POINT('',(-0.0293014356634628,0.0195564935893772,-0.0106280422337982));
#6026=CARTESIAN_POINT('',(-0.0293014307892332,0.0192798543795657,-0.0098265993413836));
#6027=CARTESIAN_POINT('',(-0.029301239250817,0.00840900078926987,-0.00636948769303876));
#6028=CARTESIAN_POINT('',(-0.029301239250817,0.00840900078926987,-0.0136504461988807));
#6029=CARTESIAN_POINT('',(-0.029301239250817,0.00840900078926987,0.000911470812803175));
#6030=CARTESIAN_POINT('',(-0.0293012183617938,0.00722343438055649,0.000911470812803176));
#6031=CARTESIAN_POINT('',(-0.0293011974727707,0.00603786797184311,0.000911470812803176));
#6032=CARTESIAN_POINT('',(-0.0293011974727707,0.00603786797184311,-0.00636948769303876));
#6033=CARTESIAN_POINT('',(-0.0293011974727707,0.0060378679718431,-0.0136504461988807));
#6034=CARTESIAN_POINT('',(-0.0293012183617938,0.00722343438055648,-0.0136504461988807));
#6035=CARTESIAN_POINT('',(-0.0293010944202565,0.000189073688857102,-0.0107845369997727));
#6036=CARTESIAN_POINT('',(-0.0293011236648889,0.00184886666105583,-0.0079186278006647));
#6037=CARTESIAN_POINT('',(-0.029301065175624,-0.00147071928334163,-0.0136504461988807));
#6038=CARTESIAN_POINT('',(-0.0293010872901366,-0.000215599645317067,-0.0136504461988807));
#6039=CARTESIAN_POINT('',(-0.029301109404649,0.00103951999270749,-0.0136504461988807));
#6040=CARTESIAN_POINT('',(-0.0293011336080639,0.00241319627160339,-0.011012165750281));
#6041=CARTESIAN_POINT('',(-0.0293011578119463,0.00378689908933896,-0.0083738343312286));
#6042=CARTESIAN_POINT('',(-0.0293011577184265,0.00378159133020593,-0.00930434827517961));
#6043=CARTESIAN_POINT('',(-0.0293011600671717,0.00391489547430785,-0.00838357603622804));
#6044=CARTESIAN_POINT('',(-0.0293011631740638,0.00409122860840145,-0.00666649803134364));
#6045=CARTESIAN_POINT('',(-0.0293011637160597,0.00412198984524265,-0.00839269667145193));
#6046=CARTESIAN_POINT('',(-0.0293011763121902,0.00483688919981645,-0.00839285436422366));
#6047=CARTESIAN_POINT('',(-0.0293011832125309,0.00522852130349477,-0.00839285436422366));
#6048=CARTESIAN_POINT('',(-0.0293011832125309,0.00522852130349477,-0.0075234389976989));
#6049=CARTESIAN_POINT('',(-0.0293011832125309,0.00522852130349477,-0.00665402363117414));
#6050=CARTESIAN_POINT('',(-0.0293011713754177,0.00455670033855719,-0.00665402363117414));
#6051=CARTESIAN_POINT('',(-0.0293011595382915,0.00388487862804755,-0.00665418672878024));
#6052=CARTESIAN_POINT('',(-0.029301159755329,0.0038971966929233,-0.00395954860980981));
#6053=CARTESIAN_POINT('',(-0.0293011442472736,0.00301702965859642,-0.00650705756833232));
#6054=CARTESIAN_POINT('',(-0.0293011565283817,0.00371404976978442,-0.00448566040324808));
#6055=CARTESIAN_POINT('',(-0.0293011303215242,0.0022266671566325,-0.00602330230164072));
#6056=CARTESIAN_POINT('',(-0.0293011303215242,0.0022266671566325,-0.00602330230164072));
#6057=CARTESIAN_POINT('',(-0.0293011240548173,0.00187099723401849,-0.00568660144151385));
#6058=CARTESIAN_POINT('',(-0.029301120211237,0.00165285301481522,-0.00508433370579397));
#6059=CARTESIAN_POINT('',(-0.029301120211237,0.00165285301481522,-0.00508433370579397));
#6060=CARTESIAN_POINT('',(-0.029301120211237,0.00165285301481522,-0.00508433370579397));
#6061=CARTESIAN_POINT('',(-0.0293011163676568,0.00143470879561196,-0.00448206597007408));
#6062=CARTESIAN_POINT('',(-0.0293011163676568,0.00143470879561196,-0.00359368154100696));
#6063=CARTESIAN_POINT('',(-0.0293011163676568,0.00143470879561196,-0.00359368154100696));
#6064=CARTESIAN_POINT('',(-0.0293011163676568,0.00143470879561196,-0.00359368154100696));
#6065=CARTESIAN_POINT('',(-0.0293011163676568,0.00143470879561196,-0.00323643086312588));
#6066=CARTESIAN_POINT('',(-0.0293011181223347,0.00153429637394388,-0.00277168883083809));
#6067=CARTESIAN_POINT('',(-0.0293011181223347,0.00153429637394388,-0.00277168883083809));
#6068=CARTESIAN_POINT('',(-0.0293011586836894,0.00383637528018951,-0.00328841509211642));
#6069=CARTESIAN_POINT('',(-0.0293011252524547,0.00193896970811805,-0.00188330440177098));
#6070=CARTESIAN_POINT('',(-0.0293011252524547,0.00193896970811805,-0.00188330440177098));
#6071=CARTESIAN_POINT('',(-0.0293011306278966,0.0022440554639603,-0.00145966200499163));
#6072=CARTESIAN_POINT('',(-0.0293011403761074,0.00279731978802654,-0.00117196455643253));
#6073=CARTESIAN_POINT('',(-0.0293011403761074,0.00279731978802654,-0.00117196455643253));
#6074=CARTESIAN_POINT('',(-0.0293011403761074,0.00279731978802654,-0.00117196455643253));
#6075=CARTESIAN_POINT('',(-0.0293011501243182,0.00335058411209278,-0.000884267107873429));
#6076=CARTESIAN_POINT('',(-0.029301166167088,0.00426109911398466,-0.000884267107873429));
#6077=CARTESIAN_POINT('',(-0.029301166167088,0.00426109911398466,-0.000884267107873429));
#6078=CARTESIAN_POINT('',(-0.0293011746898094,0.00474481020873971,-0.000884267107873429));
#6079=CARTESIAN_POINT('',(-0.0293011832125309,0.00522852130349477,-0.000884267107873429));
#6080=CARTESIAN_POINT('',(-0.0293011832125309,0.00522852130349477,1.36018524648736E-5));
#6081=CARTESIAN_POINT('',(-0.0293011832125309,0.00522852130349477,0.000911470812803176));
#6082=CARTESIAN_POINT('',(-0.029301174327733,0.00472426039098868,0.000911470812803176));
#6083=CARTESIAN_POINT('',(-0.0293011654429296,0.00421999916605395,0.000911633881472297));
#6084=CARTESIAN_POINT('',(-0.0293011656420789,0.00423130197680084,-0.00498774306694278));
#6085=CARTESIAN_POINT('',(-0.0293011331159157,0.00238526416642632,0.000615545661597012));
#6086=CARTESIAN_POINT('',(-0.0293011598300271,0.00390143622172945,-0.00411508225698442));
#6087=CARTESIAN_POINT('',(-0.0293011043622045,0.000753333662954541,-0.000272429894015589));
#6088=CARTESIAN_POINT('',(-0.0293011561721906,0.00369383397612084,-0.00385722635929842));
#6089=CARTESIAN_POINT('',(-0.0293010838086327,-0.000413194046769294,-0.00170467906283043));
#6090=CARTESIAN_POINT('',(-0.0293010838086327,-0.000413194046769294,-0.00170467906283043));
#6091=CARTESIAN_POINT('',(-0.0293010759822121,-0.000857386261233906,-0.00254406008032979));
#6092=CARTESIAN_POINT('',(-0.0293010759822121,-0.000857386261233906,-0.00359368154100696));
#6093=CARTESIAN_POINT('',(-0.0293010759822121,-0.000857386261233906,-0.00359368154100696));
#6094=CARTESIAN_POINT('',(-0.0293010759822121,-0.000857386261233906,-0.00359368154100696));
#6095=CARTESIAN_POINT('',(-0.0293010759822121,-0.000857386261233906,-0.00517443675287017));
#6096=CARTESIAN_POINT('',(-0.0293010888777023,-0.000125496598254848,-0.00628096540117442));
#6097=CARTESIAN_POINT('',(-0.0293010888777023,-0.000125496598254848,-0.00628096540117442));
#6098=CARTESIAN_POINT('',(-0.0293010888777023,-0.000125496598254848,-0.00628096540117442));
#6099=CARTESIAN_POINT('',(-0.0293011017731926,0.000606393064724214,-0.00738749404947866));
#6100=CARTESIAN_POINT('',(-0.0293011236648889,0.00184886666105583,-0.0079186278006647));
#6101=CARTESIAN_POINT('',(-0.0293010088031136,-0.00467016783165613,-0.00636948769303876));
#6102=CARTESIAN_POINT('',(-0.0293010088031136,-0.00467016783165614,-0.0136504461988807));
#6103=CARTESIAN_POINT('',(-0.0293010088031136,-0.00467016783165613,0.00091147081280318));
#6104=CARTESIAN_POINT('',(-0.029300987552014,-0.00587628405812055,0.000911470812803179));
#6105=CARTESIAN_POINT('',(-0.0293009663009144,-0.00708240028458495,0.000911470812803181));
#6106=CARTESIAN_POINT('',(-0.0293009318479523,-0.00903779448135622,-0.00358261625452392));
#6107=CARTESIAN_POINT('',(-0.0293008973949901,-0.0109931886781275,-0.00807670332185102));
#6108=CARTESIAN_POINT('',(-0.0293008973949901,-0.0109931886781275,-0.00990563710197675));
#6109=CARTESIAN_POINT('',(-0.0293008973949901,-0.0109931886781275,-0.0117345708821025));
#6110=CARTESIAN_POINT('',(-0.0293009029653962,-0.0106770376358039,-0.0117345708821025));
#6111=CARTESIAN_POINT('',(-0.0293009085358025,-0.0103608865934804,-0.0117345708821025));
#6112=CARTESIAN_POINT('',(-0.0293009374183585,-0.00872164343903266,-0.00768309527409708));
#6113=CARTESIAN_POINT('',(-0.0293009663009144,-0.00708240028458496,-0.00363161966609168));
#6114=CARTESIAN_POINT('',(-0.0293009663009144,-0.00708240028458496,-0.00864103293248618));
#6115=CARTESIAN_POINT('',(-0.0293009663009144,-0.00708240028458496,-0.0136504461988807));
#6116=CARTESIAN_POINT('',(-0.029300987552014,-0.00587628405812055,-0.0136504461988807));
#6117=CARTESIAN_POINT('',(-0.0293006970274801,-0.0223651416705062,0.000911470812803186));
#6118=CARTESIAN_POINT('',(-0.0293007208688185,-0.0210120152093613,0.000911470812803186));
#6119=CARTESIAN_POINT('',(-0.0293006731861416,-0.0237182681316511,0.000911470812803187));
#6120=CARTESIAN_POINT('',(-0.0293006538568322,-0.0248153122485138,-0.00192282328206755));
#6121=CARTESIAN_POINT('',(-0.0293006345275228,-0.0259123563653767,-0.00475711737693827));
#6122=CARTESIAN_POINT('',(-0.0293006439415092,-0.0253780611038499,-0.00605175589545424));
#6123=CARTESIAN_POINT('',(-0.0293006533554956,-0.024843765842323,-0.00734639441397021));
#6124=CARTESIAN_POINT('',(-0.029300687112157,-0.0229278905258422,-0.00321746180058351));
#6125=CARTESIAN_POINT('',(-0.0293006129421988,-0.0271374416543805,-0.00393828617719314));
#6126=CARTESIAN_POINT('',(-0.0293006484535382,-0.0251219787595677,-0.00878804316718945));
#6127=CARTESIAN_POINT('',(-0.0293005774308595,-0.0291529045491932,0.000911470812803185));
#6128=CARTESIAN_POINT('',(-0.0293005535895211,-0.0305060310103381,0.000911470812803188));
#6129=CARTESIAN_POINT('',(-0.0293005297481827,-0.0318591574714829,0.000911470812803195));
#6130=CARTESIAN_POINT('',(-0.0293005678776129,-0.0296951035867782,-0.00340557167079523));
#6131=CARTESIAN_POINT('',(-0.0293006060070432,-0.0275310497020733,-0.00772261415439365));
#6132=CARTESIAN_POINT('',(-0.0293006060070432,-0.0275310497020733,-0.0106865301766372));
#6133=CARTESIAN_POINT('',(-0.0293006060070432,-0.0275310497020733,-0.0136504461988807));
#6134=CARTESIAN_POINT('',(-0.0293006272302907,-0.0263265142308206,-0.0136504461988807));
#6135=CARTESIAN_POINT('',(-0.0293006484535382,-0.0251219787595677,-0.0136504461988807));
#6136=CARTESIAN_POINT('',(-0.0293006484535382,-0.0251219787595677,-0.0112192446830351));
#6137=CARTESIAN_POINT('',(-0.0293008486539361,-0.0137595102984587,-0.00360316607227814));
#6138=CARTESIAN_POINT('',(-0.0293008831347503,-0.0118025353464758,-0.00811780295735946));
#6139=CARTESIAN_POINT('',(-0.0293008141731218,-0.0157164852504416,0.00091147081280318));
#6140=CARTESIAN_POINT('',(-0.0293007929498744,-0.0169210207216944,0.000911470812803185));
#6141=CARTESIAN_POINT('',(-0.0293007717266268,-0.0181255561929472,0.000911470812803184));
#6142=CARTESIAN_POINT('',(-0.0293007717266268,-0.0181255561929472,-0.00636948769303875));
#6143=CARTESIAN_POINT('',(-0.0293007717266268,-0.0181255561929472,-0.0136504461988807));
#6144=CARTESIAN_POINT('',(-0.0293007929498744,-0.0169210207216944,-0.0136504461988807));
#6145=CARTESIAN_POINT('',(-0.0293008141731218,-0.0157164852504416,-0.0136504461988807));
#6146=CARTESIAN_POINT('',(-0.0293008141731218,-0.0157164852504416,-0.00864103293248618));
#6147=CARTESIAN_POINT('',(-0.0293008141731218,-0.0157164852504416,-0.00363161966609168));
#6148=CARTESIAN_POINT('',(-0.0293008428885657,-0.0140867266272636,-0.00768309527409708));
#6149=CARTESIAN_POINT('',(-0.0293008716040095,-0.0124569680040856,-0.0117345708821025));
#6150=CARTESIAN_POINT('',(-0.0293008773693799,-0.0121297516752807,-0.0117345708821025));
#6151=CARTESIAN_POINT('',(-0.0293008831347503,-0.0118025353464758,-0.0117345708821025));
#6152=CARTESIAN_POINT('',(-0.0293008831347503,-0.0118025353464758,-0.00992618691973097));
#6153=CARTESIAN_POINT('',(0.0260746655690322,-0.00324551359119566,-0.0117425689741972));
#6154=CARTESIAN_POINT('',(0.0260746655688091,-0.0288269100012257,-0.0117425689741972));
#6155=CARTESIAN_POINT('',(0.0260746655688091,-0.0288269100012257,-0.00427033788956174));
#6156=CARTESIAN_POINT('',(0.0260746655688018,-0.0296587549911957,-0.0117425689741972));
#6157=CARTESIAN_POINT('',(0.0260746655688018,-0.0296587549911957,0.0032574310258028));
#6158=CARTESIAN_POINT('',(0.0260746655690322,-0.00324551359119566,0.0032574310258028));
#6159=CARTESIAN_POINT('',(0.0260746655692625,0.0231677278088043,0.0032574310258028));
#6160=CARTESIAN_POINT('',(0.0260746655692625,0.0231677278088043,-0.0117425689741972));
#6161=CARTESIAN_POINT('',(0.0260746655690358,-0.00282691000122577,-0.0117425689741972));
#6162=CARTESIAN_POINT('',(0.0260746655690358,-0.00282691000122577,-0.00427033788956174));
#6163=CARTESIAN_POINT('',(0.0260746655690358,-0.00282691000137731,-0.0042703378894102));
#6164=CARTESIAN_POINT('',(0.0260746655690227,-0.00432691000122577,-0.00277033788956174));
#6165=CARTESIAN_POINT('',(0.0260746655690322,-0.00324551359119566,-0.00277033788956174));
#6166=CARTESIAN_POINT('',(0.0260746655688222,-0.0273269100012257,-0.00277033788956174));
#6167=CARTESIAN_POINT('',(0.0260746655688222,-0.0273269100013773,-0.00277033788971328));
#6168=CARTESIAN_POINT('',(0.0260746655690322,-0.00324551359119566,-0.00339));
#6169=CARTESIAN_POINT('',(0.0260746655691334,0.00961999680055824,-0.00339));
#6170=CARTESIAN_POINT('',(0.026074665569204,0.0164599966281498,-0.00339));
#6171=CARTESIAN_POINT('',(0.0260746655691444,0.00961999680055824,-0.00464));
#6172=CARTESIAN_POINT('',(0.0260746655691334,0.00836999680055822,-0.00464));
#6173=CARTESIAN_POINT('',(0.0260746655691334,0.00836999680055822,-0.0117425689741972));
#6174=CARTESIAN_POINT('',(0.0260746655691332,0.00836999680055822,-0.00575));
#6175=CARTESIAN_POINT('',(0.0260746655691444,0.00961999680055824,-0.00575));
#6176=CARTESIAN_POINT('',(0.0260746655691742,0.00961999680055824,-0.007));
#6177=CARTESIAN_POINT('',(0.0260746655690322,-0.00324551359119566,-0.007));
#6178=CARTESIAN_POINT('',(0.0260746655691931,0.0164599968005584,-0.007));
#6179=CARTESIAN_POINT('',(0.026074665569204,0.0164599968005584,-0.00575));
#6180=CARTESIAN_POINT('',(0.0260746655692148,0.0177099968005584,-0.00575));
#6181=CARTESIAN_POINT('',(0.0260746655692148,0.0177099968005584,-0.0117425689741972));
#6182=CARTESIAN_POINT('',(0.0260746655691933,0.0177099968005584,-0.00464));
#6183=CARTESIAN_POINT('',(0.026074665569204,0.0164599968005584,-0.00464));
#6184=CARTESIAN_POINT('',(0.0273630409770017,-0.00395899381135276,-0.0067425689741972));
#6185=CARTESIAN_POINT('',(0.0273624391907693,0.0225100059950586,-0.0053));
#6186=CARTESIAN_POINT('',(0.0273624391907693,0.0225100059950586,-0.00255));
#6187=CARTESIAN_POINT('',(0.0273624391907693,0.0225100059950586,-0.00805));
#6188=CARTESIAN_POINT('',(0.0273624676101578,0.0212600059953817,-0.00255));
#6189=CARTESIAN_POINT('',(0.0273624676101578,0.0212600059953817,-0.0013));
#6190=CARTESIAN_POINT('',(0.027362654496057,0.0130400059975062,-0.0013));
#6191=CARTESIAN_POINT('',(0.0273628413819561,0.00482000599963066,-0.0013));
#6192=CARTESIAN_POINT('',(0.0273628413819561,0.00482000599963066,-0.00255));
#6193=CARTESIAN_POINT('',(0.0273628698013447,0.00357000599995373,-0.00255));
#6194=CARTESIAN_POINT('',(0.0273628698013447,0.00357000599995373,-0.0053));
#6195=CARTESIAN_POINT('',(0.0273628698013447,0.00357000599995373,-0.00805));
#6196=CARTESIAN_POINT('',(0.0273628413819561,0.00482000599963066,-0.00805));
#6197=CARTESIAN_POINT('',(0.0273628413819561,0.00482000599963066,-0.0093));
#6198=CARTESIAN_POINT('',(0.027362654496057,0.0130400059975062,-0.0093));
#6199=CARTESIAN_POINT('',(0.0273624676101578,0.0212600059953817,-0.0093));
#6200=CARTESIAN_POINT('',(0.0273624676101578,0.0212600059953817,-0.00805));
#6201=CARTESIAN_POINT('',(0.0273630409770017,-0.00395899381135276,-0.00339));
#6202=CARTESIAN_POINT('',(0.0273625767408247,0.0164599965470326,-0.00339));
#6203=CARTESIAN_POINT('',(0.027362732251719,0.00961999654700186,-0.00339));
#6204=CARTESIAN_POINT('',(0.0273625767408247,0.0164599965470326,-0.00464));
#6205=CARTESIAN_POINT('',(0.0273625483214362,0.0177099965470383,-0.00464));
#6206=CARTESIAN_POINT('',(0.0273625483214362,0.0177099965470383,-0.0067425689741972));
#6207=CARTESIAN_POINT('',(0.0273625483214362,0.0177099965470383,-0.00575));
#6208=CARTESIAN_POINT('',(0.0273625767408247,0.0164599965470326,-0.00575));
#6209=CARTESIAN_POINT('',(0.0273625767408247,0.0164599965470326,-0.007));
#6210=CARTESIAN_POINT('',(0.0273630409770017,-0.00395899381135276,-0.007));
#6211=CARTESIAN_POINT('',(0.027362732251719,0.00961999654700186,-0.007));
#6212=CARTESIAN_POINT('',(0.027362732251719,0.00961999654700186,-0.00575));
#6213=CARTESIAN_POINT('',(0.0273627606711076,0.00836999654699625,-0.00575));
#6214=CARTESIAN_POINT('',(0.0273627606711076,0.00836999654699624,-0.0067425689741972));
#6215=CARTESIAN_POINT('',(0.0273627606711076,0.00836999654699624,-0.00464));
#6216=CARTESIAN_POINT('',(0.027362732251719,0.00961999654700186,-0.00464));
#6217=CARTESIAN_POINT('',(0.0303630409762263,-0.00395892560482023,-0.0117425689741972));
#6218=CARTESIAN_POINT('',(0.0303630409762263,-0.00395892560482023,-0.0108));
#6219=CARTESIAN_POINT('',(0.0303624676093825,0.0212600742019142,-0.0108));
#6220=CARTESIAN_POINT('',(0.0303628413811808,0.0048200742061632,-0.0108));
#6221=CARTESIAN_POINT('',(0.0303628413811808,0.0048200742061632,-0.00805));
#6222=CARTESIAN_POINT('',(0.0303629039038357,0.00207007420687394,-0.00805));
#6223=CARTESIAN_POINT('',(0.0303629039038357,0.00207007420687394,-0.0117425689741972));
#6224=CARTESIAN_POINT('',(0.0303629039038357,0.00207007420687394,-0.00255));
#6225=CARTESIAN_POINT('',(0.0303628413811808,0.0048200742061632,-0.00255));
#6226=CARTESIAN_POINT('',(0.0303628413811808,0.0048200742061632,0.000200000000000007));
#6227=CARTESIAN_POINT('',(0.0303624676093825,0.0212600742019142,0.000200000000000006));
#6228=CARTESIAN_POINT('',(0.0303624676093825,0.0212600742019142,0.000200000000000006));
#6229=CARTESIAN_POINT('',(0.0303624676093825,0.0212600742019142,-0.00255));
#6230=CARTESIAN_POINT('',(0.0303624050867276,0.0240100742012035,-0.00255));
#6231=CARTESIAN_POINT('',(0.0303624050867276,0.0240100742012035,-0.00805));
#6232=CARTESIAN_POINT('',(0.0303624050867276,0.0240100742012035,-0.00805));
#6233=CARTESIAN_POINT('',(0.0303624676093825,0.0212600742019142,-0.00805));
#6234=CARTESIAN_POINT('',(0.0303630532641214,-0.00449939708167309,-0.00282242450308326));
#6235=CARTESIAN_POINT('',(0.0303636039303513,-0.0287199317961811,-0.00282242450308326));
#6236=CARTESIAN_POINT('',(0.0303630191608552,-0.00299939708206078,-0.00282242450308326));
#6237=CARTESIAN_POINT('',(0.0303630191608552,-0.00299939708206078,-0.00977239040097998));
#6238=CARTESIAN_POINT('',(0.0303630191608552,-0.00299939708206078,-0.0112723562988767));
#6239=CARTESIAN_POINT('',(0.0303630409762263,-0.00395892560482023,-0.0112723562988767));
#6240=CARTESIAN_POINT('',(0.0303636039303513,-0.0287199317961811,-0.0112723562988767));
#6241=CARTESIAN_POINT('',(0.0303636039303513,-0.0287199317961811,-0.0117425689741972));
#6242=CARTESIAN_POINT('',(0.0303637627512216,-0.0357055179774761,-0.0117425689741972));
#6243=CARTESIAN_POINT('',(0.0303637627512216,-0.0357055179774761,-0.0157425689741972));
#6244=CARTESIAN_POINT('',(0.0303637627512216,-0.0357055179774761,0.0032574310258028));
#6245=CARTESIAN_POINT('',(0.0303623192012309,0.0277876667678357,-0.0157425689741972));
#6246=CARTESIAN_POINT('',(0.0303623192012309,0.0277876667678357,-0.0157425689741972));
#6247=CARTESIAN_POINT('',(0.0303623192012309,0.0277876667678357,-0.0117425689741972));
#6248=CARTESIAN_POINT('',(0.0303623192012309,0.0277876667678357,0.0032574310258028));
#6249=CARTESIAN_POINT('',(0.0303630409762263,-0.00395892560482023,0.0032574310258028));
#6250=CARTESIAN_POINT('',(-0.0223261672095174,0.0297855200383483,-0.0117425689741972));
#6251=CARTESIAN_POINT('',(-0.0223261672095174,0.0297855200383483,0.00325743102580278));
#6252=CARTESIAN_POINT('',(-0.0214261672095174,0.0297855200383483,0.00325743102580279));
#6253=CARTESIAN_POINT('',(-0.0223261672095174,0.0297855200383483,-0.0117425689741972));
#6254=CARTESIAN_POINT('',(-0.0232261672095174,0.0297855200383483,-0.0117425689741972));
#6255=CARTESIAN_POINT('',(0.0228533985460691,0.0297855200383483,-0.0117425689741972));
#6256=CARTESIAN_POINT('',(0.0228533985460691,0.0297855200383483,0.00325743102580279));
#6257=CARTESIAN_POINT('',(0.0237533985460691,0.0297855200383483,0.0032574310258028));
#6258=CARTESIAN_POINT('',(0.0228533985460691,0.0297855200383483,-0.0117425689741972));
#6259=CARTESIAN_POINT('',(0.0219533985460691,0.0297855200383483,-0.0117425689741972));
#6260=CARTESIAN_POINT('',(0.0218533985460691,-0.0358462799992416,-0.0117425689741972));
#6261=CARTESIAN_POINT('',(0.0218533985460691,-0.0358462799992416,0.00325743102580279));
#6262=CARTESIAN_POINT('',(0.0227533985460691,-0.0358462799992416,0.0032574310258028));
#6263=CARTESIAN_POINT('',(0.0218533985460691,-0.0358462799992416,-0.0117425689741972));
#6264=CARTESIAN_POINT('',(0.020953398546069,-0.0358462799992416,-0.0117425689741972));
#6265=CARTESIAN_POINT('',(-0.02232501081357,-0.0358462799992416,-0.0117425689741972));
#6266=CARTESIAN_POINT('',(-0.02232501081357,-0.0358462799992416,0.00325743102580278));
#6267=CARTESIAN_POINT('',(-0.02142501081357,-0.0358462799992416,0.00325743102580279));
#6268=CARTESIAN_POINT('',(-0.02232501081357,-0.0358462799992416,-0.0117425689741972));
#6269=CARTESIAN_POINT('',(-0.02322501081357,-0.0358462799992416,-0.0117425689741972));
#6270=CARTESIAN_POINT('',(0.0166487473567605,0.0401639486477935,-0.0117425689741972));
#6271=CARTESIAN_POINT('',(0.0293383073567605,0.0295075886477935,-0.0117425689741972));
#6272=CARTESIAN_POINT('',(0.0293383073567605,0.0295075886477935,-0.0157425689741972));
#6273=CARTESIAN_POINT('',(0.0293383073567605,0.0295075886477935,0.0032574310258028));
#6274=CARTESIAN_POINT('',(0.00395918735676049,0.0508203086477935,-0.0157425689741972));
#6275=CARTESIAN_POINT('',(0.00395918735676049,0.0508203086477935,-0.0157425689741972));
#6276=CARTESIAN_POINT('',(0.00395918735676049,0.0508203086477935,-0.0117425689741972));
#6277=CARTESIAN_POINT('',(0.00395918735676048,0.0508203086477935,0.00325743102580279));
#6278=CARTESIAN_POINT('',(0.0166487473567605,0.0401639486477935,0.00325743102580279));
#6279=CARTESIAN_POINT('',(0.00263548241686094,0.0491811263603234,-0.0117425689741972));
#6280=CARTESIAN_POINT('',(0.00263548241686094,0.0491811263603234,-0.0157425689741972));
#6281=CARTESIAN_POINT('',(0.00279250670105226,0.051282242717202,-0.0157425689741972));
#6282=CARTESIAN_POINT('',(0.00279250670105226,0.0512821872146645,-0.0167425689741972));
#6283=CARTESIAN_POINT('',(0.00279250463861528,0.0512822151200689,-0.0117425689741972));
#6284=CARTESIAN_POINT('',(0.00263548241686094,0.0491811263603234,-0.0117425689741972));
#6285=CARTESIAN_POINT('',(0.00273863563958739,0.0512855200383483,-0.0117425689741972));
#6286=CARTESIAN_POINT('',(0.00273863563958739,0.0512855200383483,-0.0117425689741972));
#6287=CARTESIAN_POINT('',(0.00273863563958739,0.0512855200383483,0.00325743102580279));
#6288=CARTESIAN_POINT('',(0.00263548241686093,0.0491811263603234,0.00325743102580279));
#6289=CARTESIAN_POINT('',(3.62533505261635E-5,0.0512855200383483,-0.0117425689741972));
#6290=CARTESIAN_POINT('',(0.00273863563958739,0.0512855200383483,-0.0167425689741972));
#6291=CARTESIAN_POINT('',(0.00273863563958739,0.0512855200383483,-0.0157425689741972));
#6292=CARTESIAN_POINT('',(3.62533505261648E-5,0.0512855200383483,-0.0157425689741972));
#6293=CARTESIAN_POINT('',(-0.00157892436041261,0.0512855200383483,-0.0157425689741972));
#6294=CARTESIAN_POINT('',(-0.00157892436041262,0.0512855200383483,-0.0117425689741972));
#6295=CARTESIAN_POINT('',(-0.00157892436041262,0.0512855200383483,0.00325743102580279));
#6296=CARTESIAN_POINT('',(3.62533505261589E-5,0.0512855200383483,0.00325743102580279));
#6297=CARTESIAN_POINT('',(-0.0014911249103839,0.0492341909545219,-0.0117425689741972));
#6298=CARTESIAN_POINT('',(-0.0014911249103839,0.0492341909545219,-0.0157425689741972));
#6299=CARTESIAN_POINT('',(-0.00271999999999993,0.0508790392051818,-0.0157425689741972));
#6300=CARTESIAN_POINT('',(-0.00271999999999993,0.0508790392051818,-0.0117425689741972));
#6301=CARTESIAN_POINT('',(-0.00271999999999993,0.0508790392051818,0.00325743102580278));
#6302=CARTESIAN_POINT('',(-0.0014911249103839,0.0492341909545219,0.00325743102580279));
#6303=CARTESIAN_POINT('',(-0.0155710199999991,0.0400970992051806,-0.0117425689741972));
#6304=CARTESIAN_POINT('',(-0.0284220399999981,0.0293151592051796,-0.0157425689741972));
#6305=CARTESIAN_POINT('',(-0.0284220399999981,0.0293151592051796,-0.0157425689741972));
#6306=CARTESIAN_POINT('',(-0.0284220399999981,0.0293151592051796,-0.0117425689741972));
#6307=CARTESIAN_POINT('',(-0.0284220399999981,0.0293151592051796,0.00325743102580278));
#6308=CARTESIAN_POINT('',(-0.0155710199999991,0.0400970992051806,0.00325743102580278));
#6309=CARTESIAN_POINT('',(-0.0266997897070055,0.0273647037980097,-0.0117425689741972));
#6310=CARTESIAN_POINT('',(-0.0266997897070055,0.0273647037980097,-0.0157425689741972));
#6311=CARTESIAN_POINT('',(-0.0266997897070055,0.0273647037980097,0.00325743102580278));
#6312=CARTESIAN_POINT('',(-0.026272133711963,-0.0351129312993729,-0.0117425689741972));
#6313=CARTESIAN_POINT('',(-0.026272133711963,-0.0351129312993729,-0.0157425689741972));
#6314=CARTESIAN_POINT('',(-0.0272457830983853,-0.0379826913897993,-0.0157425689741972));
#6315=CARTESIAN_POINT('',(-0.0272457830983853,-0.0379826913897993,-0.0117425689741972));
#6316=CARTESIAN_POINT('',(-0.0272457830983853,-0.0379826913897993,0.00325743102580278));
#6317=CARTESIAN_POINT('',(-0.026272133711963,-0.0351129312993729,0.00325743102580278));
#6318=CARTESIAN_POINT('',(-0.0157761430983853,-0.0421686913897993,-0.0117425689741972));
#6319=CARTESIAN_POINT('',(-0.00430650309838522,-0.0463546913897993,-0.0157425689741972));
#6320=CARTESIAN_POINT('',(-0.00430650309838523,-0.0463546913897993,-0.0157425689741972));
#6321=CARTESIAN_POINT('',(-0.00430650309838523,-0.0463546913897993,-0.0117425689741972));
#6322=CARTESIAN_POINT('',(-0.00430650309838523,-0.0463546913897993,0.00325743102580279));
#6323=CARTESIAN_POINT('',(-0.0157761430983853,-0.0421686913897993,0.00325743102580278));
#6324=CARTESIAN_POINT('',(-0.00155570309838525,-0.0392550406920833,-0.0117425689741972));
#6325=CARTESIAN_POINT('',(-0.00155570309838525,-0.0392550406920833,-0.0157425689741972));
#6326=CARTESIAN_POINT('',(-0.00155570309838531,-0.0468689713897965,-0.0157425689741972));
#6327=CARTESIAN_POINT('',(-0.00155570309838531,-0.0468689713897965,-0.0117425689741972));
#6328=CARTESIAN_POINT('',(-0.00155570309838531,-0.0468689713897965,0.00325743102580279));
#6329=CARTESIAN_POINT('',(-0.00155570309838526,-0.0392550406920833,0.00325743102580279));
#6330=CARTESIAN_POINT('',(0.000262216901614667,-0.0468689713897965,-0.0117425689741972));
#6331=CARTESIAN_POINT('',(0.00208013690161465,-0.0468689713897965,-0.0157425689741972));
#6332=CARTESIAN_POINT('',(0.00208013690161465,-0.0468689713897965,-0.0157425689741972));
#6333=CARTESIAN_POINT('',(0.00208013690161464,-0.0468689713897965,-0.0117425689741972));
#6334=CARTESIAN_POINT('',(0.00208013690161464,-0.0468689713897965,0.00325743102580279));
#6335=CARTESIAN_POINT('',(0.000262216901614662,-0.0468689713897965,0.00325743102580279));
#6336=CARTESIAN_POINT('',(0.00112700871853549,-0.0356206723660374,-0.0117425689741972));
#6337=CARTESIAN_POINT('',(0.00112700871853549,-0.0356206723660374,-0.0157425689741972));
#6338=CARTESIAN_POINT('',(0.00526843006378655,-0.0461221633793354,-0.0157425689741972));
#6339=CARTESIAN_POINT('',(0.00526843006378655,-0.0461221633793354,-0.0117425689741972));
#6340=CARTESIAN_POINT('',(0.00526843006378654,-0.0461221633793354,0.00325743102580279));
#6341=CARTESIAN_POINT('',(0.00112700871853549,-0.0356206723660374,0.00325743102580279));
#6342=CARTESIAN_POINT('',(0.0169952100637866,-0.0418464633793354,-0.0117425689741972));
#6343=CARTESIAN_POINT('',(0.0287219900637865,-0.0375707633793354,-0.0157425689741972));
#6344=CARTESIAN_POINT('',(0.0287219900637865,-0.0375707633793354,-0.0157425689741972));
#6345=CARTESIAN_POINT('',(0.0287219900637865,-0.0375707633793354,-0.0117425689741972));
#6346=CARTESIAN_POINT('',(0.0287219900637865,-0.0375707633793354,0.0032574310258028));
#6347=CARTESIAN_POINT('',(0.0169952100637866,-0.0418464633793354,0.00325743102580279));
#6348=CARTESIAN_POINT('',(0.0275908642376805,-0.0349199966407564,-0.0117425689741972));
#6349=CARTESIAN_POINT('',(0.0275908642376805,-0.0349199966407564,-0.0157425689741972));
#6350=CARTESIAN_POINT('',(0.0275908642376805,-0.0349199966407564,0.0032574310258028));
#6351=CARTESIAN_POINT('',(0.000516129740764402,0.0440079082415898,-0.0117425689741972));
#6352=CARTESIAN_POINT('',(0.000516129740764397,0.0440079082415898,0.00325743102580279));
#6353=CARTESIAN_POINT('',(-0.0013296271592356,0.0440079082415898,0.00325743102580279));
#6354=CARTESIAN_POINT('',(0.0023618866407644,0.0440079082415898,0.00325743102580279));
#6355=CARTESIAN_POINT('',(-0.0013296271592356,0.0440079082415898,-0.0117425689741972));
#6356=CARTESIAN_POINT('',(0.00236188664076441,0.0440079082415898,-0.0117425689741972));
#6357=CARTESIAN_POINT('',(0.00227738176108508,0.042208474510024,-0.0117425689741972));
#6358=CARTESIAN_POINT('',(0.00227738176108508,0.042208474510024,0.00325743102580279));
#6359=CARTESIAN_POINT('',(0.00338446664076438,0.0436295536415898,0.00325743102580279));
#6360=CARTESIAN_POINT('',(0.00338446664076438,0.0436295536415898,-0.0117425689741972));
#6361=CARTESIAN_POINT('',(0.0142340404407644,0.0345183658415898,-0.0117425689741972));
#6362=CARTESIAN_POINT('',(0.0142340404407644,0.0345183658415898,0.00325743102580279));
#6363=CARTESIAN_POINT('',(0.0250836142407644,0.0254071780415898,0.00325743102580279));
#6364=CARTESIAN_POINT('',(0.0250836142407644,0.0254071780415898,-0.0117425689741972));
#6365=CARTESIAN_POINT('',(0.022987090256619,0.0231403614605303,-0.0117425689741972));
#6366=CARTESIAN_POINT('',(0.022987090256619,0.0231403614605303,0.00325743102580279));
#6367=CARTESIAN_POINT('',(0.0236108551260952,-0.0296979852918365,-0.0117425689741972));
#6368=CARTESIAN_POINT('',(0.0236108551260952,-0.0296979852918365,0.00325743102580279));
#6369=CARTESIAN_POINT('',(0.0245405093016146,-0.0319800115905497,0.00325743102580279));
#6370=CARTESIAN_POINT('',(0.0245405093016146,-0.0319800115905497,-0.0117425689741972));
#6371=CARTESIAN_POINT('',(0.0145141124016147,-0.0356357350905497,-0.0117425689741972));
#6372=CARTESIAN_POINT('',(0.0145141124016147,-0.0356357350905497,0.00325743102580279));
#6373=CARTESIAN_POINT('',(0.00448771550161469,-0.0392914585905497,0.00325743102580279));
#6374=CARTESIAN_POINT('',(0.00448771550161469,-0.0392914585905497,-0.0117425689741972));
#6375=CARTESIAN_POINT('',(0.0010570775611912,-0.0302699730513596,-0.0117425689741972));
#6376=CARTESIAN_POINT('',(0.0010570775611912,-0.0302699730513596,0.00325743102580279));
#6377=CARTESIAN_POINT('',(0.00177787850161467,-0.0398947807905497,0.00325743102580279));
#6378=CARTESIAN_POINT('',(0.00177787850161468,-0.0398947807905497,-0.0117425689741972));
#6379=CARTESIAN_POINT('',(0.000223556901614697,-0.0398947807905497,-0.0117425689741972));
#6380=CARTESIAN_POINT('',(0.000223556901614692,-0.0398947807905497,0.00325743102580279));
#6381=CARTESIAN_POINT('',(-0.00133076469838529,-0.0398947807905497,0.00325743102580279));
#6382=CARTESIAN_POINT('',(-0.00133076469838528,-0.0398947807905497,-0.0117425689741972));
#6383=CARTESIAN_POINT('',(-0.00133076469838528,-0.033384870044005,-0.0117425689741972));
#6384=CARTESIAN_POINT('',(-0.00133076469838529,-0.033384870044005,0.00325743102580279));
#6385=CARTESIAN_POINT('',(-0.00368269869838521,-0.0394550713905521,0.00325743102580279));
#6386=CARTESIAN_POINT('',(-0.00368269869838521,-0.0394550713905521,-0.0117425689741972));
#6387=CARTESIAN_POINT('',(-0.0134892408983852,-0.0358760413905521,-0.0117425689741972));
#6388=CARTESIAN_POINT('',(-0.0134892408983852,-0.0358760413905521,0.00325743102580278));
#6389=CARTESIAN_POINT('',(-0.0232957830983853,-0.032297011390552,0.00325743102580278));
#6390=CARTESIAN_POINT('',(-0.0232957830983852,-0.032297011390552,-0.0117425689741972));
#6391=CARTESIAN_POINT('',(-0.0224633128729942,-0.0298433665132375,-0.0117425689741972));
#6392=CARTESIAN_POINT('',(-0.0224633128729942,-0.0298433665132375,0.00325743102580278));
#6393=CARTESIAN_POINT('',(-0.0250525407698593,-0.0299396928244426,0.00325743102580278));
#6394=CARTESIAN_POINT('',(-0.0250525407698593,-0.0299396928244426,-0.0117425689741972));
#6395=CARTESIAN_POINT('',(-0.0250530119643748,-0.00319682479053292,-0.0117425689741972));
#6396=CARTESIAN_POINT('',(-0.0250530119643748,-0.00319682479053292,0.00325743102580278));
#6397=CARTESIAN_POINT('',(-0.0250534831588901,0.0235460432433768,0.00325743102580278));
#6398=CARTESIAN_POINT('',(-0.0250534831588901,0.0235460432433768,-0.0117425689741972));
#6399=CARTESIAN_POINT('',(-0.0228287701415884,0.0235460824415874,-0.0117425689741972));
#6400=CARTESIAN_POINT('',(-0.0228287701415884,0.0235460824415874,0.00325743102580278));
#6401=CARTESIAN_POINT('',(-0.0243581287592355,0.0251617588415874,0.00325743102580278));
#6402=CARTESIAN_POINT('',(-0.0243581287592355,0.0251617588415874,-0.0117425689741972));
#6403=CARTESIAN_POINT('',(-0.0133705066592363,0.0343803175415883,-0.0117425689741972));
#6404=CARTESIAN_POINT('',(-0.0133705066592363,0.0343803175415883,0.00325743102580278));
#6405=CARTESIAN_POINT('',(-0.00238288455923705,0.0435988762415892,0.00325743102580279));
#6406=CARTESIAN_POINT('',(-0.00238288455923704,0.0435988762415892,-0.0117425689741972));
#6407=CARTESIAN_POINT('',(-0.00125455862946105,0.0422540218749181,-0.0117425689741972));
#6408=CARTESIAN_POINT('',(-0.00125455862946105,0.0422540218749181,0.00325743102580279));
#6409=CARTESIAN_POINT('',(0.0268688554651955,0.0268725191109082,-0.0117425689741972));
#6410=CARTESIAN_POINT('',(0.0268688554651955,0.0268725191109082,-0.0157425689741972));
#6411=CARTESIAN_POINT('',(0.0268688554651955,0.0268725191109082,0.0032574310258028));
#6412=CARTESIAN_POINT('',(0.000530984757402183,0.00220827432427592,0.00325743102580279));
#6413=CARTESIAN_POINT('',(3.62533505261651E-5,0.05286,-0.0167425689741972));
#6414=CARTESIAN_POINT('',(-0.0092828656535266,0.0191414538260634,-0.0167425689741972));
#6415=CARTESIAN_POINT('',(-0.0181959175244394,0.0255879650023836,-0.0167425689741972));
#6416=CARTESIAN_POINT('',(-0.0162567302398644,0.027648228345905,-0.0167425689741972));
#6417=CARTESIAN_POINT('',(-0.00928286565352673,0.0191414538260635,-0.0167425689741972));
#6418=CARTESIAN_POINT('',(-0.00888234039097799,0.00814874808479759,-0.0167425689741972));
#6419=CARTESIAN_POINT('',(-0.00928286565352672,0.0191414538260634,-0.0167425689741972));
#6420=CARTESIAN_POINT('',(-0.00724901205146562,0.00833111435288397,-0.0167425689741972));
#6421=CARTESIAN_POINT('',(-0.00928286565352673,0.0191414538260635,-0.0167425689741972));
#6422=CARTESIAN_POINT('',(-0.00208875350975038,0.0108201107576178,-0.0167425689741972));
#6423=CARTESIAN_POINT('',(-0.00928286565352676,0.0191414538260635,-0.0167425689741972));
#6424=CARTESIAN_POINT('',(-0.000232835023911242,0.0128886987850418,-0.0167425689741972));
#6425=CARTESIAN_POINT('',(-0.00928286565352673,0.0191414538260635,-0.0167425689741972));
#6426=CARTESIAN_POINT('',(-0.00996358138875116,0.0301203711719505,-0.0167425689741972));
#6427=CARTESIAN_POINT('',(-0.00928286565352665,0.0191414538260631,-0.0167425689741972));
#6428=CARTESIAN_POINT('',(-0.0110330981216813,0.030001319677326,-0.0167425689741972));
#6429=CARTESIAN_POINT('',(-0.0092828656535267,0.0191414538260634,-0.0167425689741972));
#6430=CARTESIAN_POINT('',(0.00672721264221916,-0.00191265236228849,-0.0167425689741972));
#6431=CARTESIAN_POINT('',(0.00994469312320066,-0.00881256152035773,-0.0167425689741972));
#6432=CARTESIAN_POINT('',(0.00350973216123767,0.00498725679578074,-0.0167425689741972));
#6433=CARTESIAN_POINT('',(0.000860355875633706,-0.00260975435162615,-0.0167425689741972));
#6434=CARTESIAN_POINT('',(0.000164050035021159,0.00836818526272447,-0.0167425689741972));
#6435=CARTESIAN_POINT('',(-0.00288444895117774,0.00200560117543138,-0.0167425689741972));
#6436=CARTESIAN_POINT('',(0.000860355875633697,-0.00260975435162614,-0.0167425689741972));
#6437=CARTESIAN_POINT('',(-0.00604627665678352,0.00595169570441904,-0.0167425689741972));
#6438=CARTESIAN_POINT('',(-0.000962938315659523,0.00823808406402129,-0.0167425689741972));
#6439=CARTESIAN_POINT('',(-0.00153348367858575,-0.00372602006815303,-0.0167425689741972));
#6440=CARTESIAN_POINT('',(0.00297930929961202,-0.0134037358407251,-0.0167425689741972));
#6441=CARTESIAN_POINT('',(0.000860355875633725,-0.00260975435162619,-0.0167425689741972));
#6442=CARTESIAN_POINT('',(0.00799829129881627,-0.0109793348604973,-0.0167425689741972));
#6443=CARTESIAN_POINT('',(0.00351767649157838,-0.001370625398238,-0.0167425689741972));
#6444=CARTESIAN_POINT('',(0.00594550200630949,-0.00697066936552686,-0.0167425689741972));
#6445=CARTESIAN_POINT('',(0.0012605835630314,-0.0136024709311728,-0.0167425689741972));
#6446=CARTESIAN_POINT('',(-0.00141342996982978,-0.0104021957018423,-0.0167425689741972));
#6447=CARTESIAN_POINT('',(-0.00473320482189484,-0.00328291555705518,-0.0167425689741972));
#6448=CARTESIAN_POINT('',(-0.00805297967395989,0.00383636458773193,-0.0167425689741972));
#6449=CARTESIAN_POINT('',(0.000860355875633706,-0.00260975435162615,-0.0167425689741972));
#6450=CARTESIAN_POINT('',(0.0110035774047941,-0.0243609625293158,-0.0167425689741972));
#6451=CARTESIAN_POINT('',(3.57740479414205E-6,-0.0243609625293158,-0.0167425689741972));
#6452=CARTESIAN_POINT('',(0.00112700871853549,-0.0356206723660374,-0.0167425689741972));
#6453=CARTESIAN_POINT('',(0.00491337771602723,-0.0451872222594918,-0.0167425689741972));
#6454=CARTESIAN_POINT('',(0.00203686264567802,-0.0458689713897965,-0.0167425689741972));
#6455=CARTESIAN_POINT('',(-0.0015557030983853,-0.0458689713897965,-0.0167425689741972));
#6456=CARTESIAN_POINT('',(-0.0015557030983853,-0.0458689713897965,-0.0167425689741972));
#6457=CARTESIAN_POINT('',(-0.00155570309838525,-0.0392550406920833,-0.0167425689741972));
#6458=CARTESIAN_POINT('',(-0.0039540787211075,-0.0454187955255014,-0.0167425689741972));
#6459=CARTESIAN_POINT('',(-0.0269029391652602,-0.0370432990130369,-0.0167425689741972));
#6460=CARTESIAN_POINT('',(-0.026914743600911,-0.0370389908248431,-0.0167425689741972));
#6461=CARTESIAN_POINT('',(-0.026272133711963,-0.0351129312993729,-0.0167425689741972));
#6462=CARTESIAN_POINT('',(-0.0283004707937646,-0.0352051345944169,-0.0167425689741972));
#6463=CARTESIAN_POINT('',(-0.0283020224438383,0.0528595006952839,-0.0167425689741972));
#6464=CARTESIAN_POINT('',(-0.0283015727713773,0.0273381270611949,-0.0167425689741972));
#6465=CARTESIAN_POINT('',(-0.0266997897070055,0.0273647037980097,-0.0167425689741972));
#6466=CARTESIAN_POINT('',(-0.0277684502300074,0.0285581777167968,-0.0167425689741972));
#6467=CARTESIAN_POINT('',(-0.00207725948250001,0.0501129552494929,-0.0167425689741972));
#6468=CARTESIAN_POINT('',(-0.00210245684764643,0.0500918147891118,-0.0167425689741972));
#6469=CARTESIAN_POINT('',(-0.0014911249103839,0.0492341909545219,-0.0167425689741972));
#6470=CARTESIAN_POINT('',(-0.00155399411329286,0.0502855200383483,-0.0167425689741972));
#6471=CARTESIAN_POINT('',(3.62533505261651E-5,0.0502855200383483,-0.0167425689741972));
#6472=CARTESIAN_POINT('',(0.00271746982893137,0.0502851097615624,-0.0167425689741972));
#6473=CARTESIAN_POINT('',(0.00263548241686094,0.0491811263603234,-0.0167425689741972));
#6474=CARTESIAN_POINT('',(0.00332462420661461,0.0500473574169242,-0.0167425689741972));
#6475=CARTESIAN_POINT('',(0.0286952168373432,0.0287417984782068,-0.0167425689741972));
#6476=CARTESIAN_POINT('',(0.0286726803449017,0.0287607240340649,-0.0167425689741972));
#6477=CARTESIAN_POINT('',(0.0268688554651955,0.0268725191109082,-0.0167425689741972));
#6478=CARTESIAN_POINT('',(0.0293623223711762,0.027648228345905,-0.0167425689741972));
#6479=CARTESIAN_POINT('',(0.0293637627514802,-0.035705540712987,-0.0167425689741972));
#6480=CARTESIAN_POINT('',(0.0293637592497701,-0.0355515212994612,-0.0167425689741972));
#6481=CARTESIAN_POINT('',(0.0275908642376805,-0.0349199966407564,-0.0167425689741972));
#6482=CARTESIAN_POINT('',(0.0283515309509721,-0.0366414397184487,-0.0167425689741972));
#6483=CARTESIAN_POINT('',(0.00492587931496327,-0.0451826640528425,-0.0167425689741972));
#6484=CARTESIAN_POINT('',(0.00263979952300343,0.049180919182716,-0.0167425689741972));
#6485=CARTESIAN_POINT('',(0.00263979952300342,0.049180919182716,-0.0157425689741972));
#6486=CARTESIAN_POINT('',(0.000530984757402178,0.00222065005443551,-0.0117425689741972));
#6487=CARTESIAN_POINT('',(0.000530984757402178,0.00222065005443551,-0.0117425689741972));
#6488=CARTESIAN_POINT('',(0.000530984757402178,0.00222065005443551,-0.0117425689741972));
#6489=CARTESIAN_POINT('',(0.000530984757402178,0.00222065005443551,-0.0117425689741972));
#6490=CARTESIAN_POINT('',(-0.00868509351281091,-0.0158596985408366,-0.00432239040097999));
#6491=CARTESIAN_POINT('',(0.0288630873662247,-0.00449939708167309,-0.00432239040097999));
#6492=CARTESIAN_POINT('',(0.0288630873662247,-0.00449939708167309,-0.00432239040097999));
#6493=CARTESIAN_POINT('',(0.0288631214679403,-0.00449936297840683,-0.00432239040097999));
#6494=CARTESIAN_POINT('',(0.0288636380340051,-0.0272200341017156,-0.00432239040097999));
#6495=CARTESIAN_POINT('',(0.0288636380332298,-0.02722,-0.00432239040097999));
#6496=CARTESIAN_POINT('',(-0.00868509351281091,-0.02722,-0.00432239040097999));
#6497=CARTESIAN_POINT('',(0.00356876339451447,-0.02722,-0.00432304280073499));
#6498=CARTESIAN_POINT('',(0.00356876339451447,-0.0158596985408366,-0.00432239040097999));
#6499=CARTESIAN_POINT('',(0.00356876339451447,-0.0234766699746251,-0.00432239040097999));
#6500=CARTESIAN_POINT('',(-0.000164344441145658,-0.0234766699746251,-0.00432239040097999));
#6501=CARTESIAN_POINT('',(-0.00389745227680578,-0.0234766699746251,-0.00432239040097999));
#6502=CARTESIAN_POINT('',(-0.00389745227680578,-0.0259766699746251,-0.00432239040097999));
#6503=CARTESIAN_POINT('',(-0.00389745227680578,-0.02722,-0.00432369520048999));
#6504=CARTESIAN_POINT('',(-0.00868509351281091,-0.02722,-0.00432239040097999));
#6505=CARTESIAN_POINT('',(-0.008636430181444,-0.02722,-0.00432239040097999));
#6506=CARTESIAN_POINT('',(-0.00863668846372613,-0.0158596974403231,-0.00432239040097999));
#6507=CARTESIAN_POINT('',(-0.00863694674595821,-0.0044993970816731,-0.00432239040097999));
#6508=CARTESIAN_POINT('',(-0.00868509351281091,-0.0044993970816731,-0.00432239040097999));
#6509=CARTESIAN_POINT('',(-0.00868509351281091,-0.02722,-0.00704739040097998));
#6510=CARTESIAN_POINT('',(0.00872719911021083,-0.02722,-0.0244592871466337));
#6511=CARTESIAN_POINT('',(0.0288636721357208,-0.02722,-0.00432235629771368));
#6512=CARTESIAN_POINT('',(0.0288636721357208,-0.02722,-0.00704739040097997));
#6513=CARTESIAN_POINT('',(0.0288636721357208,-0.02722,-0.00977242450424629));
#6514=CARTESIAN_POINT('',(0.00872719911021079,-0.02722,0.0103645063446737));
#6515=CARTESIAN_POINT('',(0.0288636380332298,-0.02722,-0.00977239040097998));
#6516=CARTESIAN_POINT('',(-0.00868509351281091,-0.02722,-0.00977239040097998));
#6517=CARTESIAN_POINT('',(-0.008636430181444,-0.02722,-0.00977239040097998));
#6518=CARTESIAN_POINT('',(-0.008636430181444,-0.02722,-0.00704739040097998));
#6519=CARTESIAN_POINT('',(-0.00868509351281091,-0.02722,-0.004325));
#6520=CARTESIAN_POINT('',(-0.00868509351281091,-0.0158596985408366,-0.00977239040097998));
#6521=CARTESIAN_POINT('',(0.0288633797315638,-0.0158588448571156,-0.00977239040097998));
#6522=CARTESIAN_POINT('',(0.0288631214679403,-0.00449936297840683,-0.00977239040097998));
#6523=CARTESIAN_POINT('',(0.00440969988007092,-0.0289538965136209,-0.00977239040097998));
#6524=CARTESIAN_POINT('',(0.0288630873662247,-0.00449939708167309,-0.00977239040097998));
#6525=CARTESIAN_POINT('',(-0.00868509351281091,-0.0044993970816731,-0.00977239040097998));
#6526=CARTESIAN_POINT('',(-0.00863694674595821,-0.0044993970816731,-0.00977239040097998));
#6527=CARTESIAN_POINT('',(-0.00863668846372612,-0.0158596974403231,-0.00977239040097998));
#6528=CARTESIAN_POINT('',(-0.00868509351281091,-0.0044993970816731,-0.00704739040097998));
#6529=CARTESIAN_POINT('',(0.0288630873662247,-0.00449939708167309,-0.00432239040097999));
#6530=CARTESIAN_POINT('',(-0.00863694674595821,-0.0044993970816731,-0.00704739040097998));
#6531=CARTESIAN_POINT('',(-0.00868509351281092,-0.0158269100012257,-0.00277033788956174));
#6532=CARTESIAN_POINT('',(0.0260746655688091,-0.0273269100012257,-0.00277033788956174));
#6533=CARTESIAN_POINT('',(-0.00863639364752423,-0.0273269100012257,-0.00277033788956174));
#6534=CARTESIAN_POINT('',(-0.00539745227680578,-0.0273269100012257,-0.00277033788956174));
#6535=CARTESIAN_POINT('',(-0.00539745227680578,-0.0234766699746251,-0.00277033788956174));
#6536=CARTESIAN_POINT('',(-0.00539745227680578,-0.0219766699746251,-0.00277033788956174));
#6537=CARTESIAN_POINT('',(0.00356876339451447,-0.0219766699746251,-0.00277033788956174));
#6538=CARTESIAN_POINT('',(0.00506876339451446,-0.0219766699746251,-0.00277033788956174));
#6539=CARTESIAN_POINT('',(0.00506876339451446,-0.0158269100012257,-0.00277033788956174));
#6540=CARTESIAN_POINT('',(0.00506876339451446,-0.0273269100012257,-0.00277033788956174));
#6541=CARTESIAN_POINT('',(0.0260746655688091,-0.0273269100012257,-0.00277033788956174));
#6542=CARTESIAN_POINT('',(-0.00868509351281092,-0.00432691000122577,-0.00277033788956174));
#6543=CARTESIAN_POINT('',(-0.00863698477080638,-0.00432691000122577,-0.00277033788956174));
#6544=CARTESIAN_POINT('',(-0.00868509351281092,-0.00432691000122577,-0.00277033788956174));
#6545=CARTESIAN_POINT('',(-0.00868509351281092,-0.00432729673861376,-0.00277032792161282));
#6546=CARTESIAN_POINT('',(-0.00868509351281092,-0.0158269100012257,-0.00277033788956174));
#6547=CARTESIAN_POINT('',(-0.00868509351281092,-0.0273272967415859,-0.00277032792161282));
#6548=CARTESIAN_POINT('',(-0.00863639364752423,-0.0273269100012257,-0.00277033788956174));
#6549=CARTESIAN_POINT('',(-0.00868509351281092,-0.0288269100012258,-0.00777033788956175));
#6550=CARTESIAN_POINT('',(-0.00863639364752423,-0.0288269100012258,-0.00427033788956174));
#6551=CARTESIAN_POINT('',(-0.00863639364752423,-0.0288269100012258,-0.00427033788956174));
#6552=CARTESIAN_POINT('',(-0.00868509349522543,-0.0288269100012258,-0.00427033788956174));
#6553=CARTESIAN_POINT('',(-0.00868509350401817,-0.0288272967417796,-0.00427032792161281));
#6554=CARTESIAN_POINT('',(-0.00868509351281092,-0.0288269100012258,-0.00777033788956175));
#6555=CARTESIAN_POINT('',(-0.00868509351281092,-0.00282691000122577,-0.00777033788956175));
#6556=CARTESIAN_POINT('',(-0.00868509351281092,-0.00282691000122578,-0.00427033788956174));
#6557=CARTESIAN_POINT('',(-0.00868509350401825,-0.00282729673841972,-0.00427032792161281));
#6558=CARTESIAN_POINT('',(-0.00863698477080638,-0.00282691000122578,-0.00427033788956174));
#6559=CARTESIAN_POINT('',(-0.00868509351281092,-0.00282691000122578,-0.00427033788956174));
#6560=CARTESIAN_POINT('',(-0.00868509351281092,-0.00282691000122577,-0.00777033788956175));
#6561=CARTESIAN_POINT('',(-0.000164344441145658,-0.0259766699746251,-0.004325));
#6562=CARTESIAN_POINT('',(-0.00389745227680578,-0.0259766699746251,-0.004325));
#6563=CARTESIAN_POINT('',(-0.00389745227680578,-0.0284766699746251,-0.004325));
#6564=CARTESIAN_POINT('',(-0.000164344441145658,-0.0284766699746251,-0.004325));
#6565=CARTESIAN_POINT('',(0.00356876339451447,-0.0284766699746251,-0.004325));
#6566=CARTESIAN_POINT('',(0.00356876339451447,-0.0259766699746251,-0.004325));
#6567=CARTESIAN_POINT('',(-0.000164344441145658,-0.0284766699746251,-0.004325));
#6568=CARTESIAN_POINT('',(-0.00389745227680578,-0.0284766699746251,-0.004325));
#6569=CARTESIAN_POINT('',(-0.00389745227680578,-0.0284766699746251,-0.00427033788956174));
#6570=CARTESIAN_POINT('',(-0.00200356730375659,-0.0284766699746251,-0.00616422286261093));
#6571=CARTESIAN_POINT('',(-0.00424769230340645,-0.0284766699746251,-0.00392009786296108));
#6572=CARTESIAN_POINT('',(-0.00868509351281092,-0.0284766699746251,-0.00392009786296107));
#6573=CARTESIAN_POINT('',(0.00391900342111513,-0.0284766699746251,-0.00392009786296108));
#6574=CARTESIAN_POINT('',(0.00167487842146527,-0.0284766699746251,-0.00616422286261094));
#6575=CARTESIAN_POINT('',(0.00356876339451447,-0.0284766699746251,-0.00427033788956174));
#6576=CARTESIAN_POINT('',(0.00356876339451447,-0.0284766699746251,-0.004325));
#6577=CARTESIAN_POINT('',(-0.00389745227680578,-0.0259766699746251,-0.004325));
#6578=CARTESIAN_POINT('',(-0.00389745227680578,-0.0234766699746251,-0.004325));
#6579=CARTESIAN_POINT('',(-0.00389745227680578,-0.0234766699746251,-0.00427033788956174));
#6580=CARTESIAN_POINT('',(-0.00389745227680578,-0.0273269100012257,-0.00427033788956174));
#6581=CARTESIAN_POINT('',(-0.000164344441145658,-0.0234766699746251,-0.004325));
#6582=CARTESIAN_POINT('',(0.00356876339451447,-0.0234766699746251,-0.004325));
#6583=CARTESIAN_POINT('',(0.00356876339451447,-0.0234766699746251,-0.00427033788956174));
#6584=CARTESIAN_POINT('',(-0.00389745227680578,-0.0234766699746251,-0.00427033788956174));
#6585=CARTESIAN_POINT('',(0.00356876339451447,-0.0259766699746251,-0.004325));
#6586=CARTESIAN_POINT('',(0.00356876339451447,-0.0259766699746251,-0.00427033788956174));
#6587=CARTESIAN_POINT('',(0.0273624391907693,0.0225100059950586,-0.0053));
#6588=CARTESIAN_POINT('',(0.0273624391907693,0.0225100059950586,-0.00805));
#6589=CARTESIAN_POINT('',(0.0288624391903817,0.0225100400983249,-0.00805));
#6590=CARTESIAN_POINT('',(0.0288624391903817,0.0225100400983249,-0.00255));
#6591=CARTESIAN_POINT('',(0.0288624391903816,0.0225100400983249,-0.00255));
#6592=CARTESIAN_POINT('',(0.0273624391907693,0.0225100059950586,-0.00255));
#6593=CARTESIAN_POINT('',(0.0273624676101578,0.0212600059953817,-0.00255));
#6594=CARTESIAN_POINT('',(0.0288624676097702,0.021260040098648,-0.00255));
#6595=CARTESIAN_POINT('',(0.0288624676097702,0.021260040098648,-0.0013));
#6596=CARTESIAN_POINT('',(0.0273624676101578,0.0212600059953817,-0.0013));
#6597=CARTESIAN_POINT('',(0.027362654496057,0.0130400059975062,-0.0013));
#6598=CARTESIAN_POINT('',(0.0288628413815685,0.00482004010289693,-0.0013));
#6599=CARTESIAN_POINT('',(0.0288628413815685,0.00482004010289693,-0.0013));
#6600=CARTESIAN_POINT('',(0.0273628413819561,0.00482000599963066,-0.0013));
#6601=CARTESIAN_POINT('',(0.0273628413819561,0.00482000599963066,-0.00255));
#6602=CARTESIAN_POINT('',(0.0288628413815685,0.00482004010289693,-0.00255));
#6603=CARTESIAN_POINT('',(0.0288628698009571,0.00357004010322,-0.00255));
#6604=CARTESIAN_POINT('',(0.0273628698013447,0.00357000599995373,-0.00255));
#6605=CARTESIAN_POINT('',(0.0273628698013447,0.00357000599995373,-0.0053));
#6606=CARTESIAN_POINT('',(0.0288628698009571,0.00357004010322,-0.0053));
#6607=CARTESIAN_POINT('',(0.0288628698009571,0.00357004010322,-0.00805));
#6608=CARTESIAN_POINT('',(0.0273628698013447,0.00357000599995373,-0.00805));
#6609=CARTESIAN_POINT('',(0.0273628413819561,0.00482000599963066,-0.00805));
#6610=CARTESIAN_POINT('',(0.0288628413815685,0.00482004010289693,-0.00805));
#6611=CARTESIAN_POINT('',(0.0288628413815685,0.00482004010289693,-0.0093));
#6612=CARTESIAN_POINT('',(0.0273628413819561,0.00482000599963066,-0.0093));
#6613=CARTESIAN_POINT('',(0.027362654496057,0.0130400059975062,-0.0093));
#6614=CARTESIAN_POINT('',(0.0288626544956694,0.0130400401007725,-0.0093));
#6615=CARTESIAN_POINT('',(0.0288624676097702,0.021260040098648,-0.0093));
#6616=CARTESIAN_POINT('',(0.0273624676101578,0.0212600059953817,-0.0093));
#6617=CARTESIAN_POINT('',(0.0273624676101578,0.0212600059953817,-0.00805));
#6618=CARTESIAN_POINT('',(0.0288624676097702,0.021260040098648,-0.00805));
#6619=CARTESIAN_POINT('',(-0.0086369590136941,-0.00395981228974322,-0.00674256897419721));
#6620=CARTESIAN_POINT('',(-0.0136369590124018,-0.00395992596729746,-0.00674256897419722));
#6621=CARTESIAN_POINT('',(-0.0136369590124018,-0.00395992596729746,-0.00427031795366388));
#6622=CARTESIAN_POINT('',(-0.0136364277319379,-0.027327796053059,-0.00427031795366388));
#6623=CARTESIAN_POINT('',(-0.0136369506486874,-0.0043277960590034,-0.00427031795366388));
#6624=CARTESIAN_POINT('',(-0.0136369506486874,-0.0043277960590034,-0.00674256897419722));
#6625=CARTESIAN_POINT('',(-0.0136364277319379,-0.027327796053059,-0.00427031795366388));
#6626=CARTESIAN_POINT('',(-0.0136363936286716,-0.0288277960526713,-0.00777031795366389));
#6627=CARTESIAN_POINT('',(-0.0136363936286716,-0.0288277960526713,-0.00427031795366388));
#6628=CARTESIAN_POINT('',(-0.0121363936290593,-0.028827761949405,-0.00427031795366388));
#6629=CARTESIAN_POINT('',(-0.0121363936290593,-0.028827761949405,-0.0117425689741972));
#6630=CARTESIAN_POINT('',(-0.0136369847519536,-0.00282779605939107,-0.00777031795366388));
#6631=CARTESIAN_POINT('',(-0.0121369847523413,-0.00282776195612481,-0.00777031795366388));
#6632=CARTESIAN_POINT('',(-0.0121369847523413,-0.00282776195612481,-0.00427031795366388));
#6633=CARTESIAN_POINT('',(-0.0136369847519536,-0.00282779605939107,-0.00427031795366388));
#6634=CARTESIAN_POINT('',(-0.0136366891903126,-0.0158277960560312,-0.00277031795366389));
#6635=CARTESIAN_POINT('',(-0.0136369506486874,-0.0043277960590034,-0.00277031795366389));
#6636=CARTESIAN_POINT('',(-0.0121369506490751,-0.00432776195573713,-0.00277031795366389));
#6637=CARTESIAN_POINT('',(-0.0121366891907003,-0.015827761952765,-0.00277031795366389));
#6638=CARTESIAN_POINT('',(-0.0121364277323256,-0.0273277619497928,-0.00277031795366389));
#6639=CARTESIAN_POINT('',(-0.00868512758090621,-0.0273276834827207,-0.00277031795366389));
#6640=CARTESIAN_POINT('',(0.0268688554651955,0.0268725191109082,-0.0157425689741972));
#6641=CARTESIAN_POINT('',(0.0293383073567605,0.0295075886477935,-0.0157425689741972));
#6642=CARTESIAN_POINT('',(0.0293383073567605,0.0295075886477935,-0.0160067505269256));
#6643=CARTESIAN_POINT('',(0.0291952331323251,0.0293461125284734,-0.0165244123115703));
#6644=CARTESIAN_POINT('',(0.0288464571494744,0.0289547258719022,-0.0167425689741972));
#6645=CARTESIAN_POINT('',(0.0286726803449016,0.0287607240340648,-0.0167425689741972));
#6646=CARTESIAN_POINT('',(0.0303623192012309,0.0277876667678357,-0.0157425689741972));
#6647=CARTESIAN_POINT('',(0.0303623192012309,0.0277876667678357,-0.0160080045940119));
#6648=CARTESIAN_POINT('',(0.030143929664016,0.0277602307840178,-0.0165273117242738));
#6649=CARTESIAN_POINT('',(0.0296210199854134,0.027687498089615,-0.0167425689741972));
#6650=CARTESIAN_POINT('',(0.0293623223711762,0.027648228345905,-0.0167425689741972));
#6651=CARTESIAN_POINT('',(0.0293617491535097,0.0528606667301281,-0.0157425689741972));
#6652=CARTESIAN_POINT('',(0.0303637627512216,-0.0357055179774761,-0.0157425689741972));
#6653=CARTESIAN_POINT('',(0.0303637627512216,-0.0357055179774761,-0.0160083077859395));
#6654=CARTESIAN_POINT('',(0.0301447047477944,-0.0356760432123259,-0.0165280998159476));
#6655=CARTESIAN_POINT('',(0.0296219038206048,-0.0355960571061029,-0.0167425689741972));
#6656=CARTESIAN_POINT('',(0.02936375924977,-0.0355515212994612,-0.0167425689741972));
#6657=CARTESIAN_POINT('',(1.10609747363241E-5,0.0528300009980774,-0.0157425689741972));
#6658=CARTESIAN_POINT('',(0.00395918735676049,0.0508203086477935,-0.0157425689741972));
#6659=CARTESIAN_POINT('',(0.00395918735676048,0.0508203086477935,-0.0160067123222408));
#6660=CARTESIAN_POINT('',(0.0038220318491225,0.0506539137831266,-0.0165243408571257));
#6661=CARTESIAN_POINT('',(0.00348947888026299,0.050248984947568,-0.0167425689741972));
#6662=CARTESIAN_POINT('',(0.00332462420661459,0.0500473574169243,-0.0167425689741972));
#6663=CARTESIAN_POINT('',(0.0275908642376805,-0.0349199966407564,-0.0157425689741972));
#6664=CARTESIAN_POINT('',(0.0287219900637865,-0.0375707633793354,-0.0157425689741972));
#6665=CARTESIAN_POINT('',(0.0287219900637865,-0.0375707633793354,-0.0160067517695819));
#6666=CARTESIAN_POINT('',(0.028642848684663,-0.0373700626759011,-0.0165244180578151));
#6667=CARTESIAN_POINT('',(0.0284488020681262,-0.0368830461888085,-0.0167425689741972));
#6668=CARTESIAN_POINT('',(0.0283515309509721,-0.0366414397184487,-0.0167425689741972));
#6669=CARTESIAN_POINT('',(0.00263548241686094,0.0491811263603234,-0.0157425689741972));
#6670=CARTESIAN_POINT('',(0.00271798636914971,0.0502850747274165,-0.0167425689685037));
#6671=CARTESIAN_POINT('',(0.00273749564272182,0.05054612835229,-0.0167425410338812));
#6672=CARTESIAN_POINT('',(0.00277635615810846,0.051066134883782,-0.0165258302481711));
#6673=CARTESIAN_POINT('',(0.0027924996946907,0.0512821877382785,-0.0160043505770551));
#6674=CARTESIAN_POINT('',(0.00279249845153606,0.0512821878311816,-0.0157425689741972));
#6675=CARTESIAN_POINT('',(0.0321627048219042,-0.0352518480214999,-0.0157425689741972));
#6676=CARTESIAN_POINT('',(0.00526843006378655,-0.0461221633793354,-0.0157425689741972));
#6677=CARTESIAN_POINT('',(0.00526843006378646,-0.0461221633793354,-0.0160067149873101));
#6678=CARTESIAN_POINT('',(0.00519195170156613,-0.0459205316520356,-0.016524343380942));
#6679=CARTESIAN_POINT('',(0.00500591478748428,-0.0454306729659068,-0.0167425689741971));
#6680=CARTESIAN_POINT('',(0.00491337771602719,-0.0451872222594922,-0.0167425689741972));
#6681=CARTESIAN_POINT('',(0.00263979952300342,0.049180919182716,-0.0157425689741972));
#6682=CARTESIAN_POINT('',(0.00273863563958739,0.0512855200383483,-0.0157425689741972));
#6683=CARTESIAN_POINT('',(0.00273863563958739,0.0512855200383483,-0.0160067432030525));
#6684=CARTESIAN_POINT('',(0.00273379702501197,0.0510698706696679,-0.0165244035637701));
#6685=CARTESIAN_POINT('',(0.0027198041574439,0.050545829496761,-0.0167425689741972));
#6686=CARTESIAN_POINT('',(0.00271142074570147,0.0502855200383483,-0.0167425689741972));
#6687=CARTESIAN_POINT('',(0.00112700871853549,-0.0356206723660374,-0.0157425689741972));
#6688=CARTESIAN_POINT('',(0.00208013690161465,-0.0468689713897965,-0.0157425689741972));
#6689=CARTESIAN_POINT('',(0.00208013690161465,-0.0468689713897965,-0.0160068141862418));
#6690=CARTESIAN_POINT('',(0.00207107995957603,-0.0466531777277965,-0.0165245406498389));
#6691=CARTESIAN_POINT('',(0.00204838676830805,-0.0461292243798414,-0.0167425689741972));
#6692=CARTESIAN_POINT('',(0.00203686264567787,-0.0458689713897965,-0.0167425689741972));
#6693=CARTESIAN_POINT('',(3.62533505261648E-5,0.0502855200383483,-0.0157425689741972));
#6694=CARTESIAN_POINT('',(-0.00157892436041261,0.0512855200383483,-0.0157425689741972));
#6695=CARTESIAN_POINT('',(-0.00157892436041261,0.0512855200383483,-0.0160067357576725));
#6696=CARTESIAN_POINT('',(-0.00157451936277218,0.0510698842404653,-0.0165243863833604));
#6697=CARTESIAN_POINT('',(-0.00156172359611527,0.0505458441434977,-0.0167425689741972));
#6698=CARTESIAN_POINT('',(-0.00155399411329283,0.0502855200383483,-0.0167425689741972));
#6699=CARTESIAN_POINT('',(3.62533505261648E-5,-0.0458689713897965,-0.0157425689741972));
#6700=CARTESIAN_POINT('',(-0.0015557030983853,-0.0458689713897965,-0.0157425689741972));
#6701=CARTESIAN_POINT('',(-0.0014911249103839,0.0492341909545219,-0.0157425689741972));
#6702=CARTESIAN_POINT('',(-0.00271999999999993,0.0508790392051818,-0.0157425689741972));
#6703=CARTESIAN_POINT('',(-0.00271999999999993,0.0508790392051818,-0.0160067654716339));
#6704=CARTESIAN_POINT('',(-0.00258582227971746,0.0507100627873277,-0.0165244580572431));
#6705=CARTESIAN_POINT('',(-0.00226192093800014,0.050297756501408,-0.0167425689741972));
#6706=CARTESIAN_POINT('',(-0.00210245684764649,0.0500918147891117,-0.0167425689741972));
#6707=CARTESIAN_POINT('',(-0.00155570309838525,-0.0392550406920833,-0.0157425689741972));
#6708=CARTESIAN_POINT('',(-0.00430650309838523,-0.0463546913897993,-0.0157425689741972));
#6709=CARTESIAN_POINT('',(-0.00430650309838535,-0.0463546913897993,-0.0160067153123525));
#6710=CARTESIAN_POINT('',(-0.00423059649686325,-0.0461528298738923,-0.0165243520129727));
#6711=CARTESIAN_POINT('',(-0.00404595238338231,-0.0456625125336584,-0.0167425689741972));
#6712=CARTESIAN_POINT('',(-0.00395407872110683,-0.0454187955255018,-0.0167425689741972));
#6713=CARTESIAN_POINT('',(0.000515754858619329,0.052288481008934,-0.0157425689741972));
#6714=CARTESIAN_POINT('',(-0.0284220399999981,0.0293151592051796,-0.0157425689741972));
#6715=CARTESIAN_POINT('',(-0.0284220399999981,0.0293151592051797,-0.0160067140592438));
#6716=CARTESIAN_POINT('',(-0.0282814440658043,0.0291516636813972,-0.0165243400313305));
#6717=CARTESIAN_POINT('',(-0.027939017165231,0.0287549871885621,-0.0167425689741971));
#6718=CARTESIAN_POINT('',(-0.0277684502300076,0.0285581777167971,-0.0167425689741972));
#6719=CARTESIAN_POINT('',(-0.0320849361519784,-0.0351520592368624,-0.0157425689741972));
#6720=CARTESIAN_POINT('',(-0.0272457830983853,-0.0379826913897993,-0.0157425689741972));
#6721=CARTESIAN_POINT('',(-0.0272457830983852,-0.0379826913897993,-0.0160067135040404));
#6722=CARTESIAN_POINT('',(-0.0271740973706195,-0.0377793163272514,-0.0165243413279509));
#6723=CARTESIAN_POINT('',(-0.0270006268325206,-0.0372848649462046,-0.0167425689741972));
#6724=CARTESIAN_POINT('',(-0.0269147436009111,-0.0370389908248431,-0.0167425689741972));
#6725=CARTESIAN_POINT('',(-0.0266997897070055,0.0273647037980097,-0.0157425689741972));
#6726=CARTESIAN_POINT('',(-0.0293015726428354,0.0273308228019304,-0.0157425689741972));
#6727=CARTESIAN_POINT('',(-0.0293015726428354,0.0273308228019304,-0.0160067180317796));
#6728=CARTESIAN_POINT('',(-0.0290858917375735,0.0273321744684518,-0.0165243675906287));
#6729=CARTESIAN_POINT('',(-0.0285620423868844,0.0273359803625352,-0.0167425689741971));
#6730=CARTESIAN_POINT('',(-0.0283015727713776,0.0273381270611948,-0.0167425689741972));
#6731=CARTESIAN_POINT('',(-0.026272133711963,-0.0351129312993729,-0.0157425689741972));
#6732=CARTESIAN_POINT('',(-0.0293004704334426,-0.0352255936516596,-0.0157425689741972));
#6733=CARTESIAN_POINT('',(-0.0293004704334426,-0.0352255936516597,-0.0160067239410907));
#6734=CARTESIAN_POINT('',(-0.0290848488175806,-0.0352217076697662,-0.0165243564743704));
#6735=CARTESIAN_POINT('',(-0.0285608381689802,-0.0352110302116547,-0.0167425689741972));
#6736=CARTESIAN_POINT('',(-0.0283004707937645,-0.0352051345944169,-0.0167425689741972));
#6737=CARTESIAN_POINT('',(-0.0283010215382942,-0.00394736780541879,-0.0157425689741972));
#6738=CARTESIAN_POINT('',(0.0288624676097702,0.021260040098648,-0.00255));
#6739=CARTESIAN_POINT('',(0.0303624050867276,0.0240100742012035,-0.00255));
#6740=CARTESIAN_POINT('',(0.0288624676097702,0.021260040098648,-0.0013));
#6741=CARTESIAN_POINT('',(0.0303630409762263,-0.00395892560482023,0.000200000000000006));
#6742=CARTESIAN_POINT('',(0.0288628413815685,0.00482004010289693,-0.0013));
#6743=CARTESIAN_POINT('',(0.0303624050867276,0.0240100742012035,-0.0117425689741972));
#6744=CARTESIAN_POINT('',(0.0303624050867276,0.0240100742012035,-0.00805));
#6745=CARTESIAN_POINT('',(0.0288628413815685,0.00482004010289693,-0.00255));
#6746=CARTESIAN_POINT('',(0.0288628698009571,0.00357004010322,-0.00255));
#6747=CARTESIAN_POINT('',(0.0288624676097702,0.021260040098648,-0.00805));
#6748=CARTESIAN_POINT('',(0.0303624676093825,0.0212600742019142,-0.0108));
#6749=CARTESIAN_POINT('',(0.0288628698009571,0.00357004010322,-0.0053));
#6750=CARTESIAN_POINT('',(0.0288628698009571,0.00357004010322,-0.00805));
#6751=CARTESIAN_POINT('',(0.0288626544956694,0.0130400401007725,-0.0093));
#6752=CARTESIAN_POINT('',(0.0303628413811808,0.0048200742061632,-0.0108));
#6753=CARTESIAN_POINT('',(0.0288628413815685,0.00482004010289693,-0.00805));
#6754=CARTESIAN_POINT('',(0.0303636039303513,-0.0287199317961811,-0.0117425689741972));
#6755=CARTESIAN_POINT('',(0.0273902224420293,-0.0257465503047852,-0.00579580599140518));
#6756=CARTESIAN_POINT('',(0.0221097475456783,-0.0204660754029751,-0.00301849991420395));
#6757=CARTESIAN_POINT('',(0.0303630409762263,-0.00395892560482023,-0.0112723562988767));
#6758=CARTESIAN_POINT('',(0.0279547791685067,-0.00540774658203186,-0.00886400679641586));
#6759=CARTESIAN_POINT('',(0.0288633797315638,-0.0158588448571156,-0.00432239040097999));
#6760=CARTESIAN_POINT('',(0.0279547791685067,-0.00540774658203185,-0.0052307740055441));
#6761=CARTESIAN_POINT('',(0.0288630873662247,-0.00449939708167309,-0.00704739040097997));
#6762=CARTESIAN_POINT('',(-0.00868509351281092,-0.0273269100012257,-0.00277033788956174));
#6763=CARTESIAN_POINT('',(-0.00649333268880749,-0.026231029589224,-0.00167445747756003));
#6764=CARTESIAN_POINT('',(-0.00863639364752423,-0.0288269100012258,-0.00427033788956174));
#6765=CARTESIAN_POINT('',(0.000484144425406011,-0.0319115289703343,-0.0073549568586702));
#6766=CARTESIAN_POINT('',(-0.00868509351281092,-0.0273269100012257,-0.00277033788956174));
#6767=CARTESIAN_POINT('',(-0.00868509351281092,-0.027327286773637,-0.00277071466197299));
#6768=CARTESIAN_POINT('',(-0.00868509350694909,-0.0278272867737015,-0.00327071466203754));
#6769=CARTESIAN_POINT('',(-0.00868509350108726,-0.0283272867737661,-0.00377071466210209));
#6770=CARTESIAN_POINT('',(-0.00868509349522543,-0.0288272867738306,-0.00427071466216663));
#6771=CARTESIAN_POINT('',(-0.0136364277319379,-0.027327796053059,-0.00277031795366389));
#6772=CARTESIAN_POINT('',(-0.0126364163644409,-0.027827773317419,-0.00327031795366389));
#6773=CARTESIAN_POINT('',(-0.0128864106804986,-0.028077779001232,-0.00352031795366389));
#6774=CARTESIAN_POINT('',(-0.0136364277319379,-0.027327796053059,-0.00277031795366389));
#6775=CARTESIAN_POINT('',(-0.0136369590124018,-0.00395992596729746,-0.00427031795366388));
#6776=CARTESIAN_POINT('',(-0.0132595995361343,-0.00320516411550926,-0.00389294131759756));
#6777=CARTESIAN_POINT('',(-0.0128869677005144,-0.0035777790075641,-0.00352031795366389));
#6778=CARTESIAN_POINT('',(-0.0135143300726902,-0.00420516990719659,-0.00414769458973021));
#6779=CARTESIAN_POINT('',(-0.0214258948540131,-0.0195386831179598,-0.0120596079842642));
#6780=CARTESIAN_POINT('',(-0.0136369847519536,-0.00282779605939107,-0.00427031795366388));
#6781=CARTESIAN_POINT('',(-0.0126369733844567,-0.003327773323751,-0.00377031795366389));
#6782=CARTESIAN_POINT('',(-0.00868509350424486,-0.00432728677066463,-0.0027707146590007));
#6783=CARTESIAN_POINT('',(-0.00868509350424486,-0.00382728677060002,-0.00327071465893609));
#6784=CARTESIAN_POINT('',(-0.00868509350424486,-0.00332728677053541,-0.00377071465887148));
#6785=CARTESIAN_POINT('',(-0.00868509350424486,-0.00282728677047079,-0.00427071465880686));
#6786=CARTESIAN_POINT('',(-0.00868509351281092,-0.00282691000122578,-0.00427033788956174));
#6787=CARTESIAN_POINT('',(-0.00863698477080638,-0.00282691000122578,-0.00427033788956174));
#6788=CARTESIAN_POINT('',(-0.00868509351281092,-0.00282691000122578,-0.00427033788956174));
#6789=CARTESIAN_POINT('',(-0.0136369506486874,-0.0043277960590034,-0.00674256897419722));
#6790=CARTESIAN_POINT('',(-0.0121363936290593,-0.028827761949405,-0.00777031795366389));
#6791=CARTESIAN_POINT('',(0.00506876339451446,-0.0158269100012257,-0.00277033788956174));
#6792=CARTESIAN_POINT('',(0.00232439411596109,-0.0247210392531785,-0.00551470716811512));
#6793=CARTESIAN_POINT('',(-0.000164344441145658,-0.0234766699746251,-0.00427033788956174));
#6794=CARTESIAN_POINT('',(-0.00306411894347245,-0.0243100033079585,-0.00510367122289508));
#6795=CARTESIAN_POINT('',(-0.00389745227680578,-0.0259766699746251,-0.00427033788956174));
#6796=CARTESIAN_POINT('',(0.0110035774047941,-0.0243609625293158,-0.0169925689741972));
#6797=CARTESIAN_POINT('',(0.0110035774047941,-0.0243609625293158,-0.0169925689741972));
#6798=CARTESIAN_POINT('',(0.00800357740479414,-0.0243609625293158,-0.0169925689741972));
#6799=CARTESIAN_POINT('',(0.0110035774047941,-0.0243609625293158,-0.0167425689741972));
#6800=CARTESIAN_POINT('',(0.00800357740479414,-0.0243609625293158,-0.0167425689741972));
#6801=CARTESIAN_POINT('',(0.0110035774047941,-0.0243609625293158,-0.0169925689741972));
#6802=CARTESIAN_POINT('',(0.0110035774047941,-0.0243609625293158,-0.0169925689741972));
#6803=CARTESIAN_POINT('',(3.57740479414205E-6,-0.0243609625293158,-0.0169925689741972));
#6804=CARTESIAN_POINT('',(0.000530983006676389,0.00222323913763179,-0.0169925689741972));
#6805=CARTESIAN_POINT('',(3.62533505261651E-5,0.05286,-0.0167425689741972));
#6806=CARTESIAN_POINT('',(0.00594550200630949,-0.00697066936552686,-0.0169925689741972));
#6807=CARTESIAN_POINT('',(0.0012605835630314,-0.0136024709311728,-0.0169925689741972));
#6808=CARTESIAN_POINT('',(0.0012605835630314,-0.0136024709311728,-0.0169925689741972));
#6809=CARTESIAN_POINT('',(0.00594550200630949,-0.00697066936552686,-0.0169925689741972));
#6810=CARTESIAN_POINT('',(-0.00141342996982978,-0.0104021957018423,-0.0169925689741972));
#6811=CARTESIAN_POINT('',(-0.00141342996982978,-0.0104021957018423,-0.0169925689741972));
#6812=CARTESIAN_POINT('',(0.000860355875633706,-0.00260975435162615,-0.0169925689741972));
#6813=CARTESIAN_POINT('',(-0.0080529796739599,0.00383636458773193,-0.0169925689741972));
#6814=CARTESIAN_POINT('',(-0.0080529796739599,0.00383636458773193,-0.0169925689741972));
#6815=CARTESIAN_POINT('',(0.000860355875633706,-0.00260975435162615,-0.0169925689741972));
#6816=CARTESIAN_POINT('',(-0.00473320482189484,-0.00328291555705518,-0.0169925689741972));
#6817=CARTESIAN_POINT('',(-0.00473320482189484,-0.00328291555705518,-0.0169925689741972));
#6818=CARTESIAN_POINT('',(0.000530983006676389,0.00222323913763179,-0.0169925689741972));
#6819=CARTESIAN_POINT('',(-0.0130321654692344,0.0237674494757751,-0.0169925689741972));
#6820=CARTESIAN_POINT('',(-0.00662773789806053,0.0267270321866178,-0.0169925689741972));
#6821=CARTESIAN_POINT('',(-0.00662773789806053,0.0267270321866178,-0.0169925689741972));
#6822=CARTESIAN_POINT('',(-0.00996358138875116,0.0301203711719505,-0.0117425689741972));
#6823=CARTESIAN_POINT('',(-0.00996358138875116,0.0301203711719505,-0.0169925689741972));
#6824=CARTESIAN_POINT('',(-0.00996358138875116,0.0301203711719505,-0.0169925689741972));
#6825=CARTESIAN_POINT('',(-0.0130321654692344,0.0237674494757751,-0.0169925689741972));
#6826=CARTESIAN_POINT('',(-0.00928286565352673,0.0191414538260635,-0.0169925689741972));
#6827=CARTESIAN_POINT('',(-0.000232835023911242,0.0128886987850418,-0.0169925689741972));
#6828=CARTESIAN_POINT('',(-0.000232835023911242,0.0128886987850418,-0.0169925689741972));
#6829=CARTESIAN_POINT('',(-0.00928286565352673,0.0191414538260635,-0.0169925689741972));
#6830=CARTESIAN_POINT('',(-0.00343028646098589,0.0198078654858298,-0.0169925689741972));
#6831=CARTESIAN_POINT('',(-0.000232835023911244,0.0128886987850418,-0.0117425689741972));
#6832=CARTESIAN_POINT('',(-0.00343028646098589,0.0198078654858298,-0.0169925689741972));
#6833=CARTESIAN_POINT('',(0.000530983006676389,0.00222323913763179,-0.0169925689741972));
#6834=CARTESIAN_POINT('',(-0.00153348367858575,-0.00372602006815303,-0.0169925689741972));
#6835=CARTESIAN_POINT('',(-0.00604627665678352,0.00595169570441904,-0.0169925689741972));
#6836=CARTESIAN_POINT('',(-0.00604627665678352,0.00595169570441904,-0.0169925689741972));
#6837=CARTESIAN_POINT('',(-0.00153348367858575,-0.00372602006815303,-0.0169925689741972));
#6838=CARTESIAN_POINT('',(0.00297930929961202,-0.0134037358407251,-0.0169925689741972));
#6839=CARTESIAN_POINT('',(0.00297930929961202,-0.0134037358407251,-0.0169925689741972));
#6840=CARTESIAN_POINT('',(0.000860355875633698,-0.00260975435162614,-0.0169925689741972));
#6841=CARTESIAN_POINT('',(-0.000962938315659523,0.00823808406402129,-0.0169925689741972));
#6842=CARTESIAN_POINT('',(-0.000962938315659523,0.00823808406402129,-0.0169925689741972));
#6843=CARTESIAN_POINT('',(0.000860355875633698,-0.00260975435162614,-0.0169925689741972));
#6844=CARTESIAN_POINT('',(0.00351767649157838,-0.001370625398238,-0.0169925689741972));
#6845=CARTESIAN_POINT('',(0.00799829129881628,-0.0109793348604973,-0.0169925689741972));
#6846=CARTESIAN_POINT('',(0.00799829129881628,-0.0109793348604973,-0.0169925689741972));
#6847=CARTESIAN_POINT('',(0.00351767649157838,-0.001370625398238,-0.0169925689741972));
#6848=CARTESIAN_POINT('',(0.000860355875633725,-0.00260975435162619,-0.0169925689741972));
#6849=CARTESIAN_POINT('',(0.000860355875633725,-0.00260975435162619,-0.0169925689741972));
#6850=CARTESIAN_POINT('',(0.000530983006676389,0.00222323913763179,-0.0169925689741972));
#6851=CARTESIAN_POINT('',(0.000860355875633706,-0.00260975435162615,-0.0169925689741972));
#6852=CARTESIAN_POINT('',(0.00994469312320065,-0.00881256152035773,-0.0169925689741972));
#6853=CARTESIAN_POINT('',(0.00994469312320065,-0.00881256152035773,-0.0169925689741972));
#6854=CARTESIAN_POINT('',(0.000860355875633706,-0.00260975435162615,-0.0169925689741972));
#6855=CARTESIAN_POINT('',(0.000164050035021159,0.00836818526272447,-0.0169925689741972));
#6856=CARTESIAN_POINT('',(0.000164050035021159,0.00836818526272447,-0.0169925689741972));
#6857=CARTESIAN_POINT('',(0.00672721264221916,-0.00191265236228849,-0.0169925689741972));
#6858=CARTESIAN_POINT('',(0.00350973216123767,0.00498725679578074,-0.0169925689741972));
#6859=CARTESIAN_POINT('',(0.00350973216123767,0.00498725679578074,-0.0169925689741972));
#6860=CARTESIAN_POINT('',(0.00672721264221916,-0.00191265236228849,-0.0169925689741972));
#6861=CARTESIAN_POINT('',(-0.00288444895117774,0.00200560117543138,-0.0169925689741972));
#6862=CARTESIAN_POINT('',(-0.00288444895117774,0.00200560117543138,-0.0169925689741972));
#6863=CARTESIAN_POINT('',(0.000530983006676389,0.00222323913763179,-0.0169925689741972));
#6864=CARTESIAN_POINT('',(-0.00928976166026594,0.0127075160119834,-0.0169925689741972));
#6865=CARTESIAN_POINT('',(-0.00724901205146562,0.00833111435288397,-0.0169925689741972));
#6866=CARTESIAN_POINT('',(-0.00724901205146562,0.00833111435288397,-0.0169925689741972));
#6867=CARTESIAN_POINT('',(-0.00724901205146562,0.00833111435288397,-0.0117425689741972));
#6868=CARTESIAN_POINT('',(-0.0113305112690663,0.0170839176710829,-0.0169925689741972));
#6869=CARTESIAN_POINT('',(-0.0113305112690663,0.0170839176710829,-0.0169925689741972));
#6870=CARTESIAN_POINT('',(-0.00928976166026594,0.0127075160119834,-0.0169925689741972));
#6871=CARTESIAN_POINT('',(-0.00873453860409166,0.0182944396051215,-0.0169925689741972));
#6872=CARTESIAN_POINT('',(-0.00613856593911707,0.0195049615391602,-0.0169925689741972));
#6873=CARTESIAN_POINT('',(-0.00613856593911707,0.0195049615391602,-0.0169925689741972));
#6874=CARTESIAN_POINT('',(-0.00873453860409166,0.0182944396051215,-0.0169925689741972));
#6875=CARTESIAN_POINT('',(-0.00411365972443373,0.015162536148389,-0.0169925689741972));
#6876=CARTESIAN_POINT('',(-0.00208875350975038,0.0108201107576178,-0.0117425689741972));
#6877=CARTESIAN_POINT('',(-0.00208875350975038,0.0108201107576178,-0.0169925689741972));
#6878=CARTESIAN_POINT('',(-0.00208875350975038,0.0108201107576178,-0.0169925689741972));
#6879=CARTESIAN_POINT('',(-0.00411365972443373,0.015162536148389,-0.0169925689741972));
#6880=CARTESIAN_POINT('',(-0.00928286565352673,0.0191414538260635,-0.0169925689741972));
#6881=CARTESIAN_POINT('',(-0.00928286565352673,0.0191414538260635,-0.0169925689741972));
#6882=CARTESIAN_POINT('',(0.000530983006676389,0.00222323913763179,-0.0169925689741972));
#6883=CARTESIAN_POINT('',(-0.0095702597962538,0.0200866494853298,-0.0169925689741972));
#6884=CARTESIAN_POINT('',(-0.00697428713127921,0.0212971714193684,-0.0169925689741972));
#6885=CARTESIAN_POINT('',(-0.00697428713127921,0.0212971714193684,-0.0169925689741972));
#6886=CARTESIAN_POINT('',(-0.0121662324612284,0.0188761275512911,-0.0169925689741972));
#6887=CARTESIAN_POINT('',(-0.0121662324612284,0.0188761275512911,-0.0169925689741972));
#6888=CARTESIAN_POINT('',(-0.0095702597962538,0.0200866494853298,-0.0169925689741972));
#6889=CARTESIAN_POINT('',(-0.0142114813505464,0.023262177948598,-0.0169925689741972));
#6890=CARTESIAN_POINT('',(-0.0162567302398644,0.027648228345905,-0.0117425689741972));
#6891=CARTESIAN_POINT('',(-0.0162567302398644,0.027648228345905,-0.0169925689741972));
#6892=CARTESIAN_POINT('',(-0.0162567302398644,0.027648228345905,-0.0169925689741972));
#6893=CARTESIAN_POINT('',(-0.0142114813505464,0.023262177948598,-0.0169925689741972));
#6894=CARTESIAN_POINT('',(-0.0092828656535267,0.0191414538260634,-0.0169925689741972));
#6895=CARTESIAN_POINT('',(-0.0110330981216813,0.030001319677326,-0.0169925689741972));
#6896=CARTESIAN_POINT('',(-0.0110330981216813,0.030001319677326,-0.0169925689741972));
#6897=CARTESIAN_POINT('',(-0.0092828656535267,0.0191414538260634,-0.0169925689741972));
#6898=CARTESIAN_POINT('',(-0.00900369262648025,0.0256492455483473,-0.0169925689741972));
#6899=CARTESIAN_POINT('',(-0.0110330981216813,0.030001319677326,-0.0117425689741972));
#6900=CARTESIAN_POINT('',(-0.00900369262648025,0.0256492455483473,-0.0169925689741972));
#6901=CARTESIAN_POINT('',(0.000530983006676389,0.00222323913763179,-0.0169925689741972));
#6902=CARTESIAN_POINT('',(-0.00928286565352673,0.0191414538260635,-0.0169925689741972));
#6903=CARTESIAN_POINT('',(-0.0181959175244394,0.0255879650023836,-0.0169925689741972));
#6904=CARTESIAN_POINT('',(-0.0181959175244394,0.0255879650023836,-0.0169925689741972));
#6905=CARTESIAN_POINT('',(-0.00928286565352673,0.0191414538260635,-0.0169925689741972));
#6906=CARTESIAN_POINT('',(-0.00888234039097799,0.00814874808479759,-0.0169925689741972));
#6907=CARTESIAN_POINT('',(-0.00888234039097799,0.00814874808479759,-0.0169925689741972));
#6908=CARTESIAN_POINT('',(-0.0148760134758422,0.0184684077947392,-0.0169925689741972));
#6909=CARTESIAN_POINT('',(-0.0181959175244394,0.0255879650023836,-0.0117425689741972));
#6910=CARTESIAN_POINT('',(-0.011556109427245,0.0113488505870948,-0.0169925689741972));
#6911=CARTESIAN_POINT('',(-0.011556109427245,0.0113488505870948,-0.0169925689741972));
#6912=CARTESIAN_POINT('',(-0.0148760134758422,0.0184684077947392,-0.0169925689741972));
#6913=CARTESIAN_POINT('',(-0.00419717745110574,0.0147803769234103,-0.0169925689741972));
#6914=CARTESIAN_POINT('',(-0.00888234039097799,0.00814874808479759,-0.0117425689741972));
#6915=CARTESIAN_POINT('',(-0.00419717745110574,0.0147803769234103,-0.0169925689741972));
#6916=CARTESIAN_POINT('',(0.000530983006676389,0.00222323913763179,-0.0169925689741972));
#6917=CARTESIAN_POINT('',(0.0394505004999992,0.0130399941675205,-0.00339));
#6918=CARTESIAN_POINT('',(0.0394505011732275,0.0164599941675204,-0.00339));
#6919=CARTESIAN_POINT('',(0.039450499826771,0.00961999416752052,-0.00339));
#6920=CARTESIAN_POINT('',(0.039450499826771,0.00961999416752052,-0.00464));
#6921=CARTESIAN_POINT('',(0.0394504995807081,0.00836999416752055,-0.00464));
#6922=CARTESIAN_POINT('',(0.0394504995807081,0.00836999416752055,-0.005195));
#6923=CARTESIAN_POINT('',(0.0394504995807081,0.00836999416752055,-0.00575));
#6924=CARTESIAN_POINT('',(0.039450499826771,0.00961999416752052,-0.00575));
#6925=CARTESIAN_POINT('',(0.039450499826771,0.00961999416752052,-0.007));
#6926=CARTESIAN_POINT('',(0.0394505004999992,0.0130399941675205,-0.007));
#6927=CARTESIAN_POINT('',(0.0394505011732275,0.0164599941675204,-0.007));
#6928=CARTESIAN_POINT('',(0.0394505011732275,0.0164599941675204,-0.00575));
#6929=CARTESIAN_POINT('',(0.0394505014192903,0.0177099941675203,-0.00575));
#6930=CARTESIAN_POINT('',(0.0394505014192903,0.0177099941675204,-0.005195));
#6931=CARTESIAN_POINT('',(0.0394505014192903,0.0177099941675204,-0.00464));
#6932=CARTESIAN_POINT('',(0.0394505011732275,0.0164599941675204,-0.00464));
#6933=CARTESIAN_POINT('',(-0.02890131414499,0.0126596586010886,-0.0136504461988807));
#6934=CARTESIAN_POINT('',(-0.0289012925596661,0.0114345733120847,-0.0136504461988807));
#6935=CARTESIAN_POINT('',(-0.0289012925596661,0.0114345733120847,-0.0136504461988807));
#6936=CARTESIAN_POINT('',(-0.02890131414499,0.0126596586010886,-0.0136504461988807));
#6937=CARTESIAN_POINT('',(-0.028901335730314,0.0138847438900924,-0.0136504461988807));
#6938=CARTESIAN_POINT('',(-0.028901335730314,0.0138847438900924,-0.0136504461988807));
#6939=CARTESIAN_POINT('',(-0.0289013371229156,0.0139637816506733,-0.00637897222430994));
#6940=CARTESIAN_POINT('',(-0.0289013816861649,0.0164929899892619,0.000892501750260816));
#6941=CARTESIAN_POINT('',(-0.0289013816861649,0.0164929899892619,0.000892501750260816));
#6942=CARTESIAN_POINT('',(-0.0289013371229156,0.0139637816506733,-0.00637897222430994));
#6943=CARTESIAN_POINT('',(-0.0289014024080759,0.0176690718667055,0.000892501750260814));
#6944=CARTESIAN_POINT('',(-0.0289014231299869,0.0188451537441492,0.000892501750260813));
#6945=CARTESIAN_POINT('',(-0.0289014231299869,0.0188451537441492,0.000892501750260813));
#6946=CARTESIAN_POINT('',(-0.0289014024080759,0.0176690718667055,0.000892501750260814));
#6947=CARTESIAN_POINT('',(-0.0289014680274606,0.0213933311452771,-0.00637897222430994));
#6948=CARTESIAN_POINT('',(-0.0289015129249343,0.0239415085464051,-0.0136504461988807));
#6949=CARTESIAN_POINT('',(-0.0289015129249343,0.0239415085464051,-0.0136504461988807));
#6950=CARTESIAN_POINT('',(-0.0289014680274606,0.0213933311452771,-0.00637897222430994));
#6951=CARTESIAN_POINT('',(-0.0289014911724982,0.0227069387261315,-0.0136504461988807));
#6952=CARTESIAN_POINT('',(-0.0289014694200622,0.0214723689058581,-0.0136504461988807));
#6953=CARTESIAN_POINT('',(-0.0289014694200622,0.0214723689058581,-0.0136504461988807));
#6954=CARTESIAN_POINT('',(-0.0289014911724982,0.0227069387261315,-0.0136504461988807));
#6955=CARTESIAN_POINT('',(-0.0289014358305129,0.0195659781206469,-0.00819684071795263));
#6956=CARTESIAN_POINT('',(-0.0289014022409637,0.0176595873354358,-0.00274323523702457));
#6957=CARTESIAN_POINT('',(-0.0289014022409637,0.0176595873354358,-0.00274323523702457));
#6958=CARTESIAN_POINT('',(-0.0289014358305129,0.0195659781206469,-0.00819684071795263));
#6959=CARTESIAN_POINT('',(-0.0289013689856388,0.0157721656127641,-0.00819684071795263));
#6960=CARTESIAN_POINT('',(-0.0289013689856388,0.0157721656127641,-0.00819684071795263));
#6961=CARTESIAN_POINT('',(-0.0289010215382011,-0.0039473783770863,-0.00624256897419722));
#6962=CARTESIAN_POINT('',(-0.0289013741939686,0.0160677668373366,-0.0098265993413836));
#6963=CARTESIAN_POINT('',(-0.0289013792351862,0.0163538835306394,-0.00902515644896895));
#6964=CARTESIAN_POINT('',(-0.0289013792351862,0.0163538835306394,-0.00902515644896895));
#6965=CARTESIAN_POINT('',(-0.0289013741939686,0.0160677668373366,-0.0098265993413836));
#6966=CARTESIAN_POINT('',(-0.0289013691527511,0.0157816501440338,-0.0106280422337982));
#6967=CARTESIAN_POINT('',(-0.0289013691527511,0.0157816501440338,-0.0106280422337982));
#6968=CARTESIAN_POINT('',(-0.028901402575188,0.0176785563979752,-0.00902515644896895));
#6969=CARTESIAN_POINT('',(-0.0289014259151899,0.019003229265311,-0.00902515644896895));
#6970=CARTESIAN_POINT('',(-0.0289014259151899,0.019003229265311,-0.00902515644896895));
#6971=CARTESIAN_POINT('',(-0.028901402575188,0.0176785563979752,-0.00902515644896895));
#6972=CARTESIAN_POINT('',(-0.0289014307892954,0.0192798614273441,-0.0098265993413836));
#6973=CARTESIAN_POINT('',(-0.0289014356634008,0.0195564935893772,-0.0106280422337982));
#6974=CARTESIAN_POINT('',(-0.0289014356634008,0.0195564935893772,-0.0106280422337982));
#6975=CARTESIAN_POINT('',(-0.0289014307892954,0.0192798614273441,-0.0098265993413836));
#6976=CARTESIAN_POINT('',(-0.0289014024080759,0.0176690718667055,-0.0106280422337982));
#6977=CARTESIAN_POINT('',(-0.0289014024080759,0.0176690718667055,-0.0106280422337982));
#6978=CARTESIAN_POINT('',(-0.0289010215382011,-0.0039473783770863,-0.00624256897419722));
#6979=CARTESIAN_POINT('',(-0.0289012183618559,0.00722344142833483,0.000911470812803176));
#6980=CARTESIAN_POINT('',(-0.0289012392508791,0.00840900783704821,0.000911470812803175));
#6981=CARTESIAN_POINT('',(-0.0289012392508791,0.00840900783704821,0.000911470812803175));
#6982=CARTESIAN_POINT('',(-0.0289012183618559,0.00722344142833483,0.000911470812803176));
#6983=CARTESIAN_POINT('',(-0.0289011974728327,0.00603787501962145,0.000911470812803176));
#6984=CARTESIAN_POINT('',(-0.0289011974728327,0.00603787501962145,0.000911470812803176));
#6985=CARTESIAN_POINT('',(-0.0289012392508791,0.00840900783704821,-0.00636948769303876));
#6986=CARTESIAN_POINT('',(-0.0289012392508791,0.00840900783704821,-0.0136504461988807));
#6987=CARTESIAN_POINT('',(-0.0289012392508791,0.00840900783704821,-0.0136504461988807));
#6988=CARTESIAN_POINT('',(-0.0289012392508791,0.00840900783704821,-0.00636948769303876));
#6989=CARTESIAN_POINT('',(-0.0289012183618559,0.00722344142833482,-0.0136504461988807));
#6990=CARTESIAN_POINT('',(-0.0289011974728327,0.00603787501962144,-0.0136504461988807));
#6991=CARTESIAN_POINT('',(-0.0289011974728327,0.00603787501962144,-0.0136504461988807));
#6992=CARTESIAN_POINT('',(-0.0289012183618559,0.00722344142833482,-0.0136504461988807));
#6993=CARTESIAN_POINT('',(-0.0289011974728327,0.00603787501962145,-0.00636948769303876));
#6994=CARTESIAN_POINT('',(-0.0289011974728327,0.00603787501962145,-0.00636948769303876));
#6995=CARTESIAN_POINT('',(-0.0289010215382011,-0.0039473783770863,-0.00624256897419722));
#6996=CARTESIAN_POINT('',(-0.0289010872901987,-0.000215592597538724,-0.0136504461988807));
#6997=CARTESIAN_POINT('',(-0.0289010651756861,-0.00147071223556329,-0.0136504461988807));
#6998=CARTESIAN_POINT('',(-0.0289010651756861,-0.00147071223556329,-0.0136504461988807));
#6999=CARTESIAN_POINT('',(-0.0289010872901987,-0.000215592597538724,-0.0136504461988807));
#7000=CARTESIAN_POINT('',(-0.0289011094047112,0.00103952704048584,-0.0136504461988807));
#7001=CARTESIAN_POINT('',(-0.0289011094047112,0.00103952704048584,-0.0136504461988807));
#7002=CARTESIAN_POINT('',(-0.0289010944203185,0.000189080736635444,-0.0107845369997727));
#7003=CARTESIAN_POINT('',(-0.0289011236649509,0.00184887370883417,-0.0079186278006647));
#7004=CARTESIAN_POINT('',(-0.0289011236649509,0.00184887370883417,-0.0079186278006647));
#7005=CARTESIAN_POINT('',(-0.0289010944203185,0.000189080736635444,-0.0107845369997727));
#7006=CARTESIAN_POINT('',(-0.0289010888777644,-0.000125489550476505,-0.00628096540117442));
#7007=CARTESIAN_POINT('',(-0.0293010888777023,-0.000125496598254848,-0.00628096540117442));
#7008=CARTESIAN_POINT('',(-0.0289010974747579,0.000362436891509536,-0.00701865116671058));
#7009=CARTESIAN_POINT('',(-0.0293010974746958,0.000362429843731193,-0.00701865116671058));
#7010=CARTESIAN_POINT('',(-0.0289011090704868,0.00102055797794643,-0.00756453863320734));
#7011=CARTESIAN_POINT('',(-0.0293011090704247,0.00102055093016809,-0.00756453863320734));
#7012=CARTESIAN_POINT('',(-0.0289011236649509,0.00184887370883417,-0.0079186278006647));
#7013=CARTESIAN_POINT('',(-0.0293011236648889,0.00184886666105583,-0.0079186278006647));
#7014=CARTESIAN_POINT('',(-0.0289010888777644,-0.000125489550476505,-0.00628096540117442));
#7015=CARTESIAN_POINT('',(-0.0289010888777644,-0.000125489550476505,-0.00628096540117442));
#7016=CARTESIAN_POINT('',(-0.0289010888777644,-0.000125489550476505,-0.00628096540117442));
#7017=CARTESIAN_POINT('',(-0.0289011017732547,0.000606400112502556,-0.00738749404947866));
#7018=CARTESIAN_POINT('',(-0.0289011236649509,0.00184887370883417,-0.0079186278006647));
#7019=CARTESIAN_POINT('',(-0.0289010759822741,-0.000857379213455563,-0.00359368154100696));
#7020=CARTESIAN_POINT('',(-0.0293010759822121,-0.000857386261233906,-0.00359368154100696));
#7021=CARTESIAN_POINT('',(-0.0289010759822741,-0.000857379213455563,-0.00464751834891577));
#7022=CARTESIAN_POINT('',(-0.0293010759822121,-0.000857386261233906,-0.00464751834891577));
#7023=CARTESIAN_POINT('',(-0.0289010802807709,-0.000613415992462544,-0.00554327963563825));
#7024=CARTESIAN_POINT('',(-0.0293010802807088,-0.000613423040240886,-0.00554327963563825));
#7025=CARTESIAN_POINT('',(-0.0289010888777644,-0.000125489550476505,-0.00628096540117442));
#7026=CARTESIAN_POINT('',(-0.0293010888777024,-0.000125496598254848,-0.00628096540117442));
#7027=CARTESIAN_POINT('',(-0.0289010759822741,-0.000857379213455563,-0.00359368154100696));
#7028=CARTESIAN_POINT('',(-0.0289010759822741,-0.000857379213455563,-0.00359368154100696));
#7029=CARTESIAN_POINT('',(-0.0289010759822741,-0.000857379213455563,-0.00359368154100696));
#7030=CARTESIAN_POINT('',(-0.0289010759822741,-0.000857379213455563,-0.00517443675287017));
#7031=CARTESIAN_POINT('',(-0.0289010888777644,-0.000125489550476505,-0.00628096540117442));
#7032=CARTESIAN_POINT('',(-0.0289010838086948,-0.000413186998990951,-0.00170467906283043));
#7033=CARTESIAN_POINT('',(-0.0293010838086327,-0.000413194046769294,-0.00170467906283043));
#7034=CARTESIAN_POINT('',(-0.028901078591081,-0.000709315141967359,-0.00226426640783001));
#7035=CARTESIAN_POINT('',(-0.029301078591019,-0.000709322189745702,-0.00226426640783001));
#7036=CARTESIAN_POINT('',(-0.0289010759822741,-0.000857379213455563,-0.00289393390055552));
#7037=CARTESIAN_POINT('',(-0.0293010759822121,-0.000857386261233906,-0.00289393390055552));
#7038=CARTESIAN_POINT('',(-0.0289010759822741,-0.000857379213455563,-0.00359368154100696));
#7039=CARTESIAN_POINT('',(-0.0293010759822121,-0.000857386261233906,-0.00359368154100696));
#7040=CARTESIAN_POINT('',(-0.0289010838086948,-0.000413186998990951,-0.00170467906283043));
#7041=CARTESIAN_POINT('',(-0.0289010838086948,-0.000413186998990951,-0.00170467906283043));
#7042=CARTESIAN_POINT('',(-0.0289010838086948,-0.000413186998990951,-0.00170467906283043));
#7043=CARTESIAN_POINT('',(-0.0289010759822741,-0.000857379213455563,-0.00254406008032979));
#7044=CARTESIAN_POINT('',(-0.0289010759822741,-0.000857379213455563,-0.00359368154100696));
#7045=CARTESIAN_POINT('',(-0.0289011561722529,0.00369384102389918,-0.00385722635929842));
#7046=CARTESIAN_POINT('',(-0.0289011043634936,0.000753410347183014,-0.000272514840882366));
#7047=CARTESIAN_POINT('',(-0.0289011043622666,0.000753340710732883,-0.000272429894015588));
#7048=CARTESIAN_POINT('',(-0.0289011561722527,0.00369384102389918,-0.00385722635929842));
#7049=CARTESIAN_POINT('',(-0.0289011598300878,0.00390144326950779,-0.00411508225698442));
#7050=CARTESIAN_POINT('',(-0.0289011331159777,0.00238527121420467,0.000615545661597012));
#7051=CARTESIAN_POINT('',(-0.0289011331159777,0.00238527121420467,0.000615545661597012));
#7052=CARTESIAN_POINT('',(-0.0289011598300892,0.00390144326950779,-0.00411508225698442));
#7053=CARTESIAN_POINT('',(-0.0289011656421413,0.00423130902457919,-0.00498774306694278));
#7054=CARTESIAN_POINT('',(-0.0289011654429973,0.00422000652626094,0.000911470812803176));
#7055=CARTESIAN_POINT('',(-0.0289011656929918,0.00422000621382789,0.00091163388147231));
#7056=CARTESIAN_POINT('',(-0.028901165642141,0.00423130902457919,-0.00498774306694278));
#7057=CARTESIAN_POINT('',(-0.0289011743277951,0.00472426743876703,0.000911470812803176));
#7058=CARTESIAN_POINT('',(-0.028901183212593,0.00522852835127311,0.000911470812803176));
#7059=CARTESIAN_POINT('',(-0.028901183212593,0.00522852835127311,0.000911470812803176));
#7060=CARTESIAN_POINT('',(-0.0289011743277951,0.00472426743876703,0.000911470812803176));
#7061=CARTESIAN_POINT('',(-0.028901183212593,0.00522852835127311,1.36018524648737E-5));
#7062=CARTESIAN_POINT('',(-0.028901183212593,0.00522852835127311,-0.000884267107873429));
#7063=CARTESIAN_POINT('',(-0.028901183212593,0.00522852835127311,-0.000884267107873429));
#7064=CARTESIAN_POINT('',(-0.028901183212593,0.00522852835127311,1.36018524648737E-5));
#7065=CARTESIAN_POINT('',(-0.0289011746898715,0.00474481725651806,-0.000884267107873429));
#7066=CARTESIAN_POINT('',(-0.02890116616715,0.004261106161763,-0.000884267107873429));
#7067=CARTESIAN_POINT('',(-0.02890116616715,0.004261106161763,-0.000884267107873429));
#7068=CARTESIAN_POINT('',(-0.0289011746898715,0.00474481725651806,-0.000884267107873429));
#7069=CARTESIAN_POINT('',(-0.0289011403761695,0.00279732683580488,-0.00117196455643253));
#7070=CARTESIAN_POINT('',(-0.0293011403761074,0.00279731978802654,-0.00117196455643253));
#7071=CARTESIAN_POINT('',(-0.0289011468749767,0.00316616971851571,-0.000980166257393129));
#7072=CARTESIAN_POINT('',(-0.0293011468749146,0.00316616267073736,-0.00098016625739313));
#7073=CARTESIAN_POINT('',(-0.0289011554719702,0.00365409616050174,-0.000884267107873429));
#7074=CARTESIAN_POINT('',(-0.0293011554719081,0.0036540891127234,-0.000884267107873429));
#7075=CARTESIAN_POINT('',(-0.02890116616715,0.004261106161763,-0.000884267107873429));
#7076=CARTESIAN_POINT('',(-0.029301166167088,0.00426109911398465,-0.000884267107873429));
#7077=CARTESIAN_POINT('',(-0.0289011403761695,0.00279732683580488,-0.00117196455643253));
#7078=CARTESIAN_POINT('',(-0.0289011403761695,0.00279732683580488,-0.00117196455643253));
#7079=CARTESIAN_POINT('',(-0.0289011403761695,0.00279732683580488,-0.00117196455643253));
#7080=CARTESIAN_POINT('',(-0.0289011501243803,0.00335059115987112,-0.000884267107873429));
#7081=CARTESIAN_POINT('',(-0.02890116616715,0.004261106161763,-0.000884267107873429));
#7082=CARTESIAN_POINT('',(-0.0289011252525167,0.00193897675589639,-0.00188330440177098));
#7083=CARTESIAN_POINT('',(-0.0293011252524547,0.00193896970811805,-0.00188330440177098));
#7084=CARTESIAN_POINT('',(-0.0289011288361447,0.00214236725979122,-0.00160087613725141));
#7085=CARTESIAN_POINT('',(-0.0293011288360827,0.00214236021201288,-0.00160087613725141));
#7086=CARTESIAN_POINT('',(-0.0289011338773623,0.00242848395309405,-0.00136376285547193));
#7087=CARTESIAN_POINT('',(-0.0293011338773003,0.00242847690531571,-0.00136376285547193));
#7088=CARTESIAN_POINT('',(-0.0289011403761695,0.00279732683580488,-0.00117196455643253));
#7089=CARTESIAN_POINT('',(-0.0293011403761075,0.00279731978802654,-0.00117196455643253));
#7090=CARTESIAN_POINT('',(-0.0289011252525167,0.00193897675589639,-0.00188330440177098));
#7091=CARTESIAN_POINT('',(-0.0289011252525167,0.00193897675589639,-0.00188330440177098));
#7092=CARTESIAN_POINT('',(-0.0289011252525167,0.00193897675589639,-0.00188330440177098));
#7093=CARTESIAN_POINT('',(-0.0289011306279587,0.00224406251173863,-0.00145966200499163));
#7094=CARTESIAN_POINT('',(-0.0289011403761695,0.00279732683580488,-0.00117196455643253));
#7095=CARTESIAN_POINT('',(-0.0289011586837513,0.00383638232796785,-0.00328841509211642));
#7096=CARTESIAN_POINT('',(-0.0289011181223968,0.00153430342172222,-0.00277168883083809));
#7097=CARTESIAN_POINT('',(-0.0289011181223968,0.00153430342172222,-0.00277168883083809));
#7098=CARTESIAN_POINT('',(-0.0289011586837515,0.00383638232796785,-0.00328841509211642));
#7099=CARTESIAN_POINT('',(-0.0289011163677189,0.0014347158433903,-0.00359368154100696));
#7100=CARTESIAN_POINT('',(-0.0293011163676568,0.00143470879561196,-0.00359368154100696));
#7101=CARTESIAN_POINT('',(-0.0289011163677188,0.0014347158433903,-0.00335551442241958));
#7102=CARTESIAN_POINT('',(-0.0293011163676568,0.00143470879561196,-0.00335551442241958));
#7103=CARTESIAN_POINT('',(-0.0289011169526115,0.00146791170283428,-0.00308151685236329));
#7104=CARTESIAN_POINT('',(-0.0293011169525495,0.00146790465505593,-0.00308151685236329));
#7105=CARTESIAN_POINT('',(-0.0289011181223968,0.00153430342172222,-0.00277168883083809));
#7106=CARTESIAN_POINT('',(-0.0293011181223347,0.00153429637394388,-0.00277168883083809));
#7107=CARTESIAN_POINT('',(-0.0289011163677189,0.0014347158433903,-0.00359368154100696));
#7108=CARTESIAN_POINT('',(-0.0289011163677189,0.0014347158433903,-0.00359368154100696));
#7109=CARTESIAN_POINT('',(-0.0289011163677189,0.0014347158433903,-0.00359368154100696));
#7110=CARTESIAN_POINT('',(-0.0289011163677189,0.0014347158433903,-0.00323643086312588));
#7111=CARTESIAN_POINT('',(-0.0289011181223968,0.00153430342172222,-0.00277168883083809));
#7112=CARTESIAN_POINT('',(-0.0289011202112992,0.00165286006259357,-0.00508433370579397));
#7113=CARTESIAN_POINT('',(-0.0293011202112371,0.00165285301481522,-0.00508433370579397));
#7114=CARTESIAN_POINT('',(-0.0289011176489123,0.00150743058312472,-0.00468282188198071));
#7115=CARTESIAN_POINT('',(-0.0293011176488502,0.00150742353534638,-0.00468282188198071));
#7116=CARTESIAN_POINT('',(-0.0289011163677188,0.0014347158433903,-0.00418593782705171));
#7117=CARTESIAN_POINT('',(-0.0293011163676568,0.00143470879561196,-0.00418593782705171));
#7118=CARTESIAN_POINT('',(-0.0289011163677189,0.0014347158433903,-0.00359368154100696));
#7119=CARTESIAN_POINT('',(-0.0293011163676568,0.00143470879561196,-0.00359368154100696));
#7120=CARTESIAN_POINT('',(-0.0289011202112992,0.00165286006259357,-0.00508433370579397));
#7121=CARTESIAN_POINT('',(-0.0289011202112992,0.00165286006259357,-0.00508433370579397));
#7122=CARTESIAN_POINT('',(-0.0289011202112992,0.00165286006259357,-0.00508433370579397));
#7123=CARTESIAN_POINT('',(-0.0289011163677189,0.0014347158433903,-0.00448206597007408));
#7124=CARTESIAN_POINT('',(-0.0289011163677189,0.0014347158433903,-0.00359368154100696));
#7125=CARTESIAN_POINT('',(-0.0289011303215864,0.00222667420441084,-0.00602330230164072));
#7126=CARTESIAN_POINT('',(-0.0293011303215242,0.0022266671566325,-0.00602330230164072));
#7127=CARTESIAN_POINT('',(-0.0289011261437817,0.00198956092266817,-0.00579883506155614));
#7128=CARTESIAN_POINT('',(-0.0293011261437196,0.00198955387488982,-0.00579883506155614));
#7129=CARTESIAN_POINT('',(-0.028901122773686,0.00179828954206241,-0.00548584552960722));
#7130=CARTESIAN_POINT('',(-0.0293011227736239,0.00179828249428407,-0.00548584552960722));
#7131=CARTESIAN_POINT('',(-0.0289011202112992,0.00165286006259357,-0.00508433370579397));
#7132=CARTESIAN_POINT('',(-0.029301120211237,0.00165285301481522,-0.00508433370579397));
#7133=CARTESIAN_POINT('',(-0.0289011303215864,0.00222667420441084,-0.00602330230164072));
#7134=CARTESIAN_POINT('',(-0.0289011303215864,0.00222667420441084,-0.00602330230164072));
#7135=CARTESIAN_POINT('',(-0.0289011303215864,0.00222667420441084,-0.00602330230164072));
#7136=CARTESIAN_POINT('',(-0.0289011240548794,0.00187100428179683,-0.00568660144151385));
#7137=CARTESIAN_POINT('',(-0.0289011202112992,0.00165286006259357,-0.00508433370579397));
#7138=CARTESIAN_POINT('',(-0.0289011565284433,0.00371405681756276,-0.00448566040324808));
#7139=CARTESIAN_POINT('',(-0.0289011442476017,0.00301705181021976,-0.00650701339647086));
#7140=CARTESIAN_POINT('',(-0.0289011442473356,0.00301703670637477,-0.00650705756833232));
#7141=CARTESIAN_POINT('',(-0.0289011565284437,0.00371405681756276,-0.00448566040324808));
#7142=CARTESIAN_POINT('',(-0.0289011597553905,0.00389720374070165,-0.00395954860980981));
#7143=CARTESIAN_POINT('',(-0.0289011595383667,0.00388488642139796,-0.00665402363117414));
#7144=CARTESIAN_POINT('',(-0.0289011597883536,0.00388488567582149,-0.00665418672878025));
#7145=CARTESIAN_POINT('',(-0.028901159755391,0.00389720374070165,-0.00395954860980981));
#7146=CARTESIAN_POINT('',(-0.0289011713754799,0.00455670738633553,-0.00665402363117414));
#7147=CARTESIAN_POINT('',(-0.028901183212593,0.00522852835127311,-0.00665402363117414));
#7148=CARTESIAN_POINT('',(-0.028901183212593,0.00522852835127311,-0.00665402363117414));
#7149=CARTESIAN_POINT('',(-0.0289011713754799,0.00455670738633553,-0.00665402363117414));
#7150=CARTESIAN_POINT('',(-0.028901183212593,0.00522852835127311,-0.0075234389976989));
#7151=CARTESIAN_POINT('',(-0.028901183212593,0.00522852835127311,-0.00839285436422366));
#7152=CARTESIAN_POINT('',(-0.028901183212593,0.00522852835127311,-0.00839285436422366));
#7153=CARTESIAN_POINT('',(-0.028901183212593,0.00522852835127311,-0.0075234389976989));
#7154=CARTESIAN_POINT('',(-0.0289011763122523,0.0048368962475948,-0.00839285436422366));
#7155=CARTESIAN_POINT('',(-0.0289011637161713,0.00412199970314063,-0.00839285436422366));
#7156=CARTESIAN_POINT('',(-0.0289011637161218,0.00412199689302099,-0.00839269667145193));
#7157=CARTESIAN_POINT('',(-0.0289011763122523,0.0048368962475948,-0.00839285436422366));
#7158=CARTESIAN_POINT('',(-0.028901163174121,0.00409123565617979,-0.00666649803134364));
#7159=CARTESIAN_POINT('',(-0.0289011600675553,0.00391492077041869,-0.00838336983295248));
#7160=CARTESIAN_POINT('',(-0.0289011600672338,0.00391490252208619,-0.00838357603622804));
#7161=CARTESIAN_POINT('',(-0.0289011631741259,0.00409123565617979,-0.00666649803134364));
#7162=CARTESIAN_POINT('',(-0.0289011577184937,0.00378159837798428,-0.00930434827517961));
#7163=CARTESIAN_POINT('',(-0.0289011578120084,0.00378690613711731,-0.0083738343312286));
#7164=CARTESIAN_POINT('',(-0.0289011578120084,0.00378690613711731,-0.0083738343312286));
#7165=CARTESIAN_POINT('',(-0.0289011577184886,0.00378159837798428,-0.00930434827517961));
#7166=CARTESIAN_POINT('',(-0.028901133608126,0.00241320331938174,-0.011012165750281));
#7167=CARTESIAN_POINT('',(-0.028901133608126,0.00241320331938174,-0.011012165750281));
#7168=CARTESIAN_POINT('',(-0.0289010215382011,-0.0039473783770863,-0.00624256897419722));
#7169=CARTESIAN_POINT('',(-0.0289009875520761,-0.0058762770103422,0.00091147081280318));
#7170=CARTESIAN_POINT('',(-0.0289010088031756,-0.00467016078387779,0.00091147081280318));
#7171=CARTESIAN_POINT('',(-0.0289010088031756,-0.00467016078387779,0.00091147081280318));
#7172=CARTESIAN_POINT('',(-0.0289009875520761,-0.0058762770103422,0.00091147081280318));
#7173=CARTESIAN_POINT('',(-0.0289009663009765,-0.00708239323680661,0.000911470812803181));
#7174=CARTESIAN_POINT('',(-0.0289009663009765,-0.00708239323680661,0.000911470812803181));
#7175=CARTESIAN_POINT('',(-0.0289010088031756,-0.00467016078387779,-0.00636948769303876));
#7176=CARTESIAN_POINT('',(-0.0289010088031756,-0.00467016078387779,-0.0136504461988807));
#7177=CARTESIAN_POINT('',(-0.0289010088031756,-0.00467016078387779,-0.0136504461988807));
#7178=CARTESIAN_POINT('',(-0.0289010088031756,-0.00467016078387779,-0.00636948769303876));
#7179=CARTESIAN_POINT('',(-0.0289009875520761,-0.00587627701034221,-0.0136504461988807));
#7180=CARTESIAN_POINT('',(-0.0289009663009765,-0.00708239323680662,-0.0136504461988807));
#7181=CARTESIAN_POINT('',(-0.0289009663009765,-0.00708239323680662,-0.0136504461988807));
#7182=CARTESIAN_POINT('',(-0.0289009875520761,-0.00587627701034221,-0.0136504461988807));
#7183=CARTESIAN_POINT('',(-0.0289009663009765,-0.00708239323680662,-0.00864103293248618));
#7184=CARTESIAN_POINT('',(-0.0289009663009765,-0.00708239323680662,-0.00363161966609168));
#7185=CARTESIAN_POINT('',(-0.0289009663009765,-0.00708239323680662,-0.00363161966609168));
#7186=CARTESIAN_POINT('',(-0.0289009663009765,-0.00708239323680662,-0.00864103293248618));
#7187=CARTESIAN_POINT('',(-0.0289009374184205,-0.00872163639125432,-0.00768309527409708));
#7188=CARTESIAN_POINT('',(-0.0289009085358646,-0.010360879545702,-0.0117345708821025));
#7189=CARTESIAN_POINT('',(-0.0289009085358646,-0.010360879545702,-0.0117345708821025));
#7190=CARTESIAN_POINT('',(-0.0289009374184205,-0.00872163639125432,-0.00768309527409708));
#7191=CARTESIAN_POINT('',(-0.0289009029654584,-0.0106770305880256,-0.0117345708821025));
#7192=CARTESIAN_POINT('',(-0.0289008973950522,-0.0109931816303491,-0.0117345708821025));
#7193=CARTESIAN_POINT('',(-0.0289008973950522,-0.0109931816303491,-0.0117345708821025));
#7194=CARTESIAN_POINT('',(-0.0289009029654584,-0.0106770305880256,-0.0117345708821025));
#7195=CARTESIAN_POINT('',(-0.0289008973950522,-0.0109931816303491,-0.00990563710197675));
#7196=CARTESIAN_POINT('',(-0.0289008973950522,-0.0109931816303491,-0.00807670332185102));
#7197=CARTESIAN_POINT('',(-0.0289008973950522,-0.0109931816303491,-0.00807670332185102));
#7198=CARTESIAN_POINT('',(-0.0289008973950522,-0.0109931816303491,-0.00990563710197675));
#7199=CARTESIAN_POINT('',(-0.0289009318480144,-0.00903778743357788,-0.00358261625452392));
#7200=CARTESIAN_POINT('',(-0.0289009318480144,-0.00903778743357788,-0.00358261625452392));
#7201=CARTESIAN_POINT('',(-0.0289010215382011,-0.0039473783770863,-0.00624256897419722));
#7202=CARTESIAN_POINT('',(-0.0289006538568943,-0.0248153052007355,-0.00192282328206755));
#7203=CARTESIAN_POINT('',(-0.0289006731862037,-0.0237182610838727,0.000911470812803187));
#7204=CARTESIAN_POINT('',(-0.0289006731862037,-0.0237182610838727,0.000911470812803187));
#7205=CARTESIAN_POINT('',(-0.0289006538568943,-0.0248153052007355,-0.00192282328206755));
#7206=CARTESIAN_POINT('',(-0.0289006345275849,-0.0259123493175983,-0.00475711737693827));
#7207=CARTESIAN_POINT('',(-0.0289006345275849,-0.0259123493175983,-0.00475711737693827));
#7208=CARTESIAN_POINT('',(-0.0289006970275421,-0.0223651346227279,0.000911470812803186));
#7209=CARTESIAN_POINT('',(-0.0289007208688806,-0.021012008161583,0.000911470812803186));
#7210=CARTESIAN_POINT('',(-0.0289007208688806,-0.021012008161583,0.000911470812803186));
#7211=CARTESIAN_POINT('',(-0.0289006970275421,-0.0223651346227279,0.000911470812803186));
#7212=CARTESIAN_POINT('',(-0.0289006871122191,-0.0229278834780639,-0.00321746180058351));
#7213=CARTESIAN_POINT('',(-0.0289006533555577,-0.0248437587945446,-0.00734639441397021));
#7214=CARTESIAN_POINT('',(-0.0289006533555577,-0.0248437587945446,-0.00734639441397021));
#7215=CARTESIAN_POINT('',(-0.0289006871122191,-0.0229278834780639,-0.00321746180058351));
#7216=CARTESIAN_POINT('',(-0.0289006439415713,-0.0253780540560715,-0.00605175589545424));
#7217=CARTESIAN_POINT('',(-0.0289006439415713,-0.0253780540560715,-0.00605175589545424));
#7218=CARTESIAN_POINT('',(-0.0289010215382011,-0.0039473783770863,-0.00624256897419722));
#7219=CARTESIAN_POINT('',(-0.0289005535895831,-0.0305060239625597,0.000911470812803188));
#7220=CARTESIAN_POINT('',(-0.0289005774309216,-0.0291528975014149,0.000911470812803185));
#7221=CARTESIAN_POINT('',(-0.0289005774309216,-0.0291528975014149,0.000911470812803185));
#7222=CARTESIAN_POINT('',(-0.0289005535895831,-0.0305060239625597,0.000911470812803188));
#7223=CARTESIAN_POINT('',(-0.0289005297482447,-0.0318591504237046,0.000911470812803195));
#7224=CARTESIAN_POINT('',(-0.0289005297482447,-0.0318591504237046,0.000911470812803195));
#7225=CARTESIAN_POINT('',(-0.028900612942261,-0.0271374346066021,-0.00393828617719314));
#7226=CARTESIAN_POINT('',(-0.0289006484536003,-0.0251219717117894,-0.00878804316718945));
#7227=CARTESIAN_POINT('',(-0.0289006484536003,-0.0251219717117894,-0.00878804316718945));
#7228=CARTESIAN_POINT('',(-0.028900612942261,-0.0271374346066021,-0.00393828617719314));
#7229=CARTESIAN_POINT('',(-0.0289006484536003,-0.0251219717117894,-0.0112192446830351));
#7230=CARTESIAN_POINT('',(-0.0289006484536003,-0.0251219717117894,-0.0136504461988807));
#7231=CARTESIAN_POINT('',(-0.0289006484536003,-0.0251219717117894,-0.0136504461988807));
#7232=CARTESIAN_POINT('',(-0.0289006484536003,-0.0251219717117894,-0.0112192446830351));
#7233=CARTESIAN_POINT('',(-0.0289006272303528,-0.0263265071830422,-0.0136504461988807));
#7234=CARTESIAN_POINT('',(-0.0289006060071052,-0.027531042654295,-0.0136504461988807));
#7235=CARTESIAN_POINT('',(-0.0289006060071052,-0.027531042654295,-0.0136504461988807));
#7236=CARTESIAN_POINT('',(-0.0289006272303528,-0.0263265071830422,-0.0136504461988807));
#7237=CARTESIAN_POINT('',(-0.0289006060071052,-0.027531042654295,-0.0106865301766372));
#7238=CARTESIAN_POINT('',(-0.0289006060071052,-0.027531042654295,-0.00772261415439365));
#7239=CARTESIAN_POINT('',(-0.0289006060071052,-0.027531042654295,-0.00772261415439365));
#7240=CARTESIAN_POINT('',(-0.0289006060071052,-0.027531042654295,-0.0106865301766372));
#7241=CARTESIAN_POINT('',(-0.028900567877675,-0.0296950965389998,-0.00340557167079523));
#7242=CARTESIAN_POINT('',(-0.028900567877675,-0.0296950965389998,-0.00340557167079523));
#7243=CARTESIAN_POINT('',(-0.0289010215382011,-0.0039473783770863,-0.00624256897419722));
#7244=CARTESIAN_POINT('',(-0.0289007929499365,-0.0169210136739161,0.000911470812803185));
#7245=CARTESIAN_POINT('',(-0.028900814173184,-0.0157164782026633,0.000911470812803181));
#7246=CARTESIAN_POINT('',(-0.028900814173184,-0.0157164782026633,0.000911470812803181));
#7247=CARTESIAN_POINT('',(-0.0289007929499365,-0.0169210136739161,0.000911470812803185));
#7248=CARTESIAN_POINT('',(-0.0289007717266889,-0.0181255491451689,0.000911470812803184));
#7249=CARTESIAN_POINT('',(-0.0289007717266889,-0.0181255491451689,0.000911470812803184));
#7250=CARTESIAN_POINT('',(-0.0289008486539982,-0.0137595032506804,-0.00360316607227814));
#7251=CARTESIAN_POINT('',(-0.0289008831348124,-0.0118025282986975,-0.00811780295735946));
#7252=CARTESIAN_POINT('',(-0.0289008831348124,-0.0118025282986975,-0.00811780295735946));
#7253=CARTESIAN_POINT('',(-0.0289008486539982,-0.0137595032506804,-0.00360316607227814));
#7254=CARTESIAN_POINT('',(-0.0289008831348124,-0.0118025282986975,-0.00992618691973097));
#7255=CARTESIAN_POINT('',(-0.0289008831348124,-0.0118025282986975,-0.0117345708821025));
#7256=CARTESIAN_POINT('',(-0.0289008831348124,-0.0118025282986975,-0.0117345708821025));
#7257=CARTESIAN_POINT('',(-0.0289008831348124,-0.0118025282986975,-0.00992618691973097));
#7258=CARTESIAN_POINT('',(-0.028900877369442,-0.0121297446275024,-0.0117345708821025));
#7259=CARTESIAN_POINT('',(-0.0289008716040716,-0.0124569609563073,-0.0117345708821025));
#7260=CARTESIAN_POINT('',(-0.0289008716040716,-0.0124569609563073,-0.0117345708821025));
#7261=CARTESIAN_POINT('',(-0.028900877369442,-0.0121297446275024,-0.0117345708821025));
#7262=CARTESIAN_POINT('',(-0.0289008428886278,-0.0140867195794853,-0.00768309527409708));
#7263=CARTESIAN_POINT('',(-0.028900814173184,-0.0157164782026633,-0.00363161966609168));
#7264=CARTESIAN_POINT('',(-0.028900814173184,-0.0157164782026633,-0.00363161966609168));
#7265=CARTESIAN_POINT('',(-0.0289008428886278,-0.0140867195794853,-0.00768309527409708));
#7266=CARTESIAN_POINT('',(-0.028900814173184,-0.0157164782026633,-0.00864103293248618));
#7267=CARTESIAN_POINT('',(-0.028900814173184,-0.0157164782026633,-0.0136504461988807));
#7268=CARTESIAN_POINT('',(-0.028900814173184,-0.0157164782026633,-0.0136504461988807));
#7269=CARTESIAN_POINT('',(-0.028900814173184,-0.0157164782026633,-0.00864103293248618));
#7270=CARTESIAN_POINT('',(-0.0289007929499365,-0.0169210136739161,-0.0136504461988807));
#7271=CARTESIAN_POINT('',(-0.0289007717266889,-0.0181255491451689,-0.0136504461988807));
#7272=CARTESIAN_POINT('',(-0.0289007717266889,-0.0181255491451689,-0.0136504461988807));
#7273=CARTESIAN_POINT('',(-0.0289007929499365,-0.0169210136739161,-0.0136504461988807));
#7274=CARTESIAN_POINT('',(-0.0289007717266889,-0.0181255491451689,-0.00636948769303875));
#7275=CARTESIAN_POINT('',(-0.0289007717266889,-0.0181255491451689,-0.00636948769303875));
#7276=CARTESIAN_POINT('',(-0.0289010215382011,-0.0039473783770863,-0.00624256897419722));
#7277=CARTESIAN_POINT('',(-0.00928286565352661,0.0191414538260634,-0.0117425689741972));
#7278=CARTESIAN_POINT('',(-0.00928286565352665,0.0191414538260631,-0.0117425689741972));
#7279=CARTESIAN_POINT('',(-0.00928286565352676,0.0191414538260635,-0.0117425689741972));
#7280=CARTESIAN_POINT('',(-0.00928286565352672,0.0191414538260634,-0.0117425689741972));
#7281=CARTESIAN_POINT('',(0.,0.,0.));
#7282=CARTESIAN_POINT('',(-1.99999999999367E-5,-0.03479,-0.01174));
#7283=CARTESIAN_POINT('',(-1.99999999999367E-5,-0.03479,-0.01174));
#7284=CARTESIAN_POINT('',(0.00156746200000006,-0.03479,-0.01174));
#7285=CARTESIAN_POINT('',(-1.99999999999367E-5,-0.03479,-9.E-5));
#7286=CARTESIAN_POINT('',(0.00156746200000006,-0.03479,-9.E-5));
#7287=CARTESIAN_POINT('',(-1.99999999999367E-5,-0.03479,-0.01174));
#7288=CARTESIAN_POINT('',(-1.99999999999367E-5,-0.03479,-0.00109));
#7289=CARTESIAN_POINT('',(0.00423000000000006,-0.03479,-0.00109));
#7290=CARTESIAN_POINT('',(-1.99999999999367E-5,-0.03479,-0.01174));
#7291=CARTESIAN_POINT('',(0.00423000000000006,-0.03479,-0.01174));
#7292=CARTESIAN_POINT('',(0.000510000000000066,0.001885,-0.01174));
#7293=CARTESIAN_POINT('',(0.000510000000000066,0.001885,-9.E-5));
#7294=CARTESIAN_POINT('',(-1.99999999999367E-5,-0.03479,-9.E-5));
#7295=CARTESIAN_POINT('',(0.00323000000000006,-0.03479,-9.E-5));
#7296=CARTESIAN_POINT('',(-1.99999999999367E-5,-0.03479,-0.00109));
#7297=CARTESIAN_POINT('',(0.,0.,0.));
#7298=CARTESIAN_POINT('',(5.55111512312578E-17,0.0374,-0.01174));
#7299=CARTESIAN_POINT('',(5.55111512312578E-17,0.0374,-0.01174));
#7300=CARTESIAN_POINT('',(0.00158746200000006,0.0374,-0.01174));
#7301=CARTESIAN_POINT('',(5.55111512312578E-17,0.0374,-9.E-5));
#7302=CARTESIAN_POINT('',(0.00158746200000006,0.0374,-9.E-5));
#7303=CARTESIAN_POINT('',(5.55111512312578E-17,0.0374,-0.01174));
#7304=CARTESIAN_POINT('',(5.55111512312578E-17,0.0374,-0.00109));
#7305=CARTESIAN_POINT('',(0.00425000000000006,0.0374,-0.00109));
#7306=CARTESIAN_POINT('',(5.55111512312578E-17,0.0374,-0.01174));
#7307=CARTESIAN_POINT('',(0.00425000000000006,0.0374,-0.01174));
#7308=CARTESIAN_POINT('',(0.000510000000000066,0.001885,-0.01174));
#7309=CARTESIAN_POINT('',(0.000510000000000066,0.001885,-9.E-5));
#7310=CARTESIAN_POINT('',(5.55111512312578E-17,0.0374,-9.E-5));
#7311=CARTESIAN_POINT('',(0.00325000000000006,0.0374,-9.E-5));
#7312=CARTESIAN_POINT('',(5.55111512312578E-17,0.0374,-0.00109));
#7313=MECHANICAL_DESIGN_GEOMETRIC_PRESENTATION_REPRESENTATION('',(#4296,
#24,#25,#26,#27,#28,#29,#30,#31),#7316);
#7314=MECHANICAL_DESIGN_GEOMETRIC_PRESENTATION_REPRESENTATION('',(#4297),
#7317);
#7315=MECHANICAL_DESIGN_GEOMETRIC_PRESENTATION_REPRESENTATION('',(#4298),
#7318);
#7316=(
GEOMETRIC_REPRESENTATION_CONTEXT(3)
GLOBAL_UNCERTAINTY_ASSIGNED_CONTEXT((#7319))
GLOBAL_UNIT_ASSIGNED_CONTEXT((#7328,#7325,#7322))
REPRESENTATION_CONTEXT('Part 1','TOP_LEVEL_ASSEMBLY_PART')
);
#7317=(
GEOMETRIC_REPRESENTATION_CONTEXT(3)
GLOBAL_UNCERTAINTY_ASSIGNED_CONTEXT((#7320))
GLOBAL_UNIT_ASSIGNED_CONTEXT((#7329,#7326,#7323))
REPRESENTATION_CONTEXT('Part 2','TOP_LEVEL_ASSEMBLY_PART')
);
#7318=(
GEOMETRIC_REPRESENTATION_CONTEXT(3)
GLOBAL_UNCERTAINTY_ASSIGNED_CONTEXT((#7321))
GLOBAL_UNIT_ASSIGNED_CONTEXT((#7330,#7327,#7324))
REPRESENTATION_CONTEXT('Part 3','TOP_LEVEL_ASSEMBLY_PART')
);
#7319=UNCERTAINTY_MEASURE_WITH_UNIT(LENGTH_MEASURE(2.49143985300258E-5),
#7328,'DISTANCE_ACCURACY_VALUE','Maximum Tolerance applied to model');
#7320=UNCERTAINTY_MEASURE_WITH_UNIT(LENGTH_MEASURE(1.E-8),#7329,
'DISTANCE_ACCURACY_VALUE','Maximum Tolerance applied to model');
#7321=UNCERTAINTY_MEASURE_WITH_UNIT(LENGTH_MEASURE(1.E-8),#7330,
'DISTANCE_ACCURACY_VALUE','Maximum Tolerance applied to model');
#7322=(
NAMED_UNIT(*)
SI_UNIT($,.STERADIAN.)
SOLID_ANGLE_UNIT()
);
#7323=(
NAMED_UNIT(*)
SI_UNIT($,.STERADIAN.)
SOLID_ANGLE_UNIT()
);
#7324=(
NAMED_UNIT(*)
SI_UNIT($,.STERADIAN.)
SOLID_ANGLE_UNIT()
);
#7325=(
NAMED_UNIT(*)
PLANE_ANGLE_UNIT()
SI_UNIT($,.RADIAN.)
);
#7326=(
NAMED_UNIT(*)
PLANE_ANGLE_UNIT()
SI_UNIT($,.RADIAN.)
);
#7327=(
NAMED_UNIT(*)
PLANE_ANGLE_UNIT()
SI_UNIT($,.RADIAN.)
);
#7328=(
LENGTH_UNIT()
NAMED_UNIT(*)
SI_UNIT($,.METRE.)
);
#7329=(
LENGTH_UNIT()
NAMED_UNIT(*)
SI_UNIT($,.METRE.)
);
#7330=(
LENGTH_UNIT()
NAMED_UNIT(*)
SI_UNIT($,.METRE.)
);
#7331=PRODUCT_DEFINITION_SHAPE('','',#7334);
#7332=PRODUCT_DEFINITION_SHAPE('','',#7335);
#7333=PRODUCT_DEFINITION_SHAPE('','',#7336);
#7334=PRODUCT_DEFINITION('','',#7340,#7337);
#7335=PRODUCT_DEFINITION('','',#7341,#7338);
#7336=PRODUCT_DEFINITION('','',#7342,#7339);
#7337=PRODUCT_DEFINITION_CONTEXT('',#7358,'design');
#7338=PRODUCT_DEFINITION_CONTEXT('',#7359,'design');
#7339=PRODUCT_DEFINITION_CONTEXT('',#7360,'design');
#7340=PRODUCT_DEFINITION_FORMATION_WITH_SPECIFIED_SOURCE('','',#7346,
 .NOT_KNOWN.);
#7341=PRODUCT_DEFINITION_FORMATION_WITH_SPECIFIED_SOURCE('','',#7347,
 .NOT_KNOWN.);
#7342=PRODUCT_DEFINITION_FORMATION_WITH_SPECIFIED_SOURCE('','',#7348,
 .NOT_KNOWN.);
#7343=PRODUCT_RELATED_PRODUCT_CATEGORY('','',(#7346));
#7344=PRODUCT_RELATED_PRODUCT_CATEGORY('','',(#7347));
#7345=PRODUCT_RELATED_PRODUCT_CATEGORY('','',(#7348));
#7346=PRODUCT('Part 1','Part 1','Part 1',(#7352));
#7347=PRODUCT('Part 2','Part 2','Part 2',(#7353));
#7348=PRODUCT('Part 3','Part 3','Part 3',(#7354));
#7349=PRODUCT_CATEGORY('','');
#7350=PRODUCT_CATEGORY('','');
#7351=PRODUCT_CATEGORY('','');
#7352=PRODUCT_CONTEXT('',#7358,'mechanical');
#7353=PRODUCT_CONTEXT('',#7359,'mechanical');
#7354=PRODUCT_CONTEXT('',#7360,'mechanical');
#7355=APPLICATION_PROTOCOL_DEFINITION('international standard',
'ap242_managed_model_based_3d_engineering',2020,#7358);
#7356=APPLICATION_PROTOCOL_DEFINITION('international standard',
'ap242_managed_model_based_3d_engineering',2020,#7359);
#7357=APPLICATION_PROTOCOL_DEFINITION('international standard',
'ap242_managed_model_based_3d_engineering',2020,#7360);
#7358=APPLICATION_CONTEXT('managed model based 3d engineering');
#7359=APPLICATION_CONTEXT('managed model based 3d engineering');
#7360=APPLICATION_CONTEXT('managed model based 3d engineering');
ENDSEC;
END-ISO-10303-21;
